CustomerID,first_order,last_order,orders,revenue,aov,purchase_freq_per_month,tenure_months,CLV_12m,CLV_12m_capped
12346.0,2011-01-18 10:01:00,2011-01-18 10:01:00,1,77183.6,77183.6,30.439999999999998,0.0328515111695138,28193625.408,535875.9878400022
12347.0,2010-12-07 14:57:00,2011-12-07 15:52:00,182,4310.0,23.681318681318682,15.178301369863016,11.990801576872535,4313.306301369864,4313.306301369864
12348.0,2010-12-16 19:09:00,2011-09-25 13:13:00,31,1797.24,57.97548387096774,3.346241134751773,9.264126149802891,2327.9993872340424,2327.9993872340424
12349.0,2011-11-21 09:51:00,2011-11-21 09:51:00,73,1757.55,24.076027397260273,2222.12,0.0328515111695138,641997.864,535875.9878400022
12350.0,2011-02-02 16:01:00,2011-02-02 16:01:00,17,334.40000000000003,19.67058823529412,517.48,0.0328515111695138,122149.63200000001,122149.63200000001
12352.0,2011-02-16 12:33:00,2011-11-03 14:37:00,85,2506.04,29.482823529411764,9.951538461538462,8.541392904073588,3520.7934276923074,3520.7934276923074
12353.0,2011-05-19 17:47:00,2011-05-19 17:47:00,4,89.0,22.25,121.75999999999999,0.0328515111695138,32509.92,32509.92
12354.0,2011-04-21 13:11:00,2011-04-21 13:11:00,58,1079.4,18.610344827586207,1765.52,0.0328515111695138,394283.232,394283.232
12355.0,2011-05-09 13:49:00,2011-05-09 13:49:00,13,459.40000000000003,35.338461538461544,395.71999999999997,0.0328515111695138,167809.632,167809.632
12356.0,2011-01-18 09:50:00,2011-11-17 08:40:00,59,2811.43,47.65135593220339,5.946887417218543,9.921156373193167,3400.52698807947,3400.52698807947
12357.0,2011-11-06 16:07:00,2011-11-06 16:07:00,131,6207.67,47.38679389312977,3987.64,0.0328515111695138,2267537.6976,535875.9878400022
12358.0,2011-07-12 10:04:00,2011-12-08 10:26:00,19,1168.06,61.47684210526315,3.8816107382550333,4.894875164257556,2863.5500456375835,2863.5500456375835
12359.0,2011-01-12 12:43:00,2011-10-13 12:47:00,248,6372.58,25.695887096774193,27.55153284671533,9.00131406044678,8495.532928467153,8495.532928467153
12360.0,2011-05-23 09:43:00,2011-10-18 15:22:00,129,2662.06,20.63612403100775,26.532162162162162,4.862023653088042,6570.251870270269,6570.251870270269
12361.0,2011-02-25 13:51:00,2011-02-25 13:51:00,10,189.9,18.990000000000002,304.4,0.0328515111695138,69366.672,69366.672
12362.0,2011-02-17 10:30:00,2011-12-06 15:40:00,266,5226.2300000000005,19.64748120300752,27.729589041095892,9.592641261498029,6537.798953424658,6537.798953424658
12363.0,2011-04-11 13:29:00,2011-08-22 10:18:00,23,552.0,24.0,5.303939393939394,4.336399474375821,1527.5345454545454,1527.5345454545454
12364.0,2011-08-19 15:24:00,2011-12-02 10:22:00,85,1313.1,15.448235294117646,24.878846153846155,3.416557161629435,4612.011230769231,4612.011230769231
12365.0,2011-02-21 13:51:00,2011-02-21 14:04:00,22,641.38,29.153636363636362,669.68,0.0328515111695138,234283.28639999998,234283.28639999998
12367.0,2011-12-05 16:48:00,2011-12-05 16:48:00,11,168.9,15.354545454545455,334.84,0.0328515111695138,61695.792,61695.792
12370.0,2010-12-14 12:58:00,2011-10-19 14:51:00,167,3545.69,21.231676646706585,16.45139158576052,10.151116951379763,4191.487518446602,4191.487518446602
12371.0,2011-10-11 10:43:00,2011-10-26 10:16:00,63,1887.96,29.96761904761905,136.98000000000002,0.45992115637319314,49259.573485714296,49259.573485714296
12372.0,2011-02-16 12:46:00,2011-09-29 12:12:00,52,1298.04,24.962307692307693,7.066428571428572,7.35873850197109,2116.7323714285717,2116.7323714285717
12373.0,2011-02-01 13:10:00,2011-02-01 13:10:00,14,364.6,26.042857142857144,426.15999999999997,0.0328515111695138,133181.088,133181.088
12374.0,2011-11-14 15:37:00,2011-11-14 15:37:00,33,742.9300000000001,22.513030303030305,1004.52,0.0328515111695138,271377.47040000005,271377.47040000005
12375.0,2011-09-02 14:23:00,2011-11-29 10:36:00,17,457.5,26.91176470588235,5.948045977011494,2.8580814717477003,1920.8689655172411,1920.8689655172411
12377.0,2010-12-20 09:37:00,2011-01-28 15:45:00,77,1628.1200000000001,21.144415584415587,60.09948717948718,1.281208935611038,15249.2224,15249.2224
12378.0,2011-08-02 10:34:00,2011-08-02 10:34:00,219,4008.62,18.30420091324201,6666.36,0.0328515111695138,1464268.7136,535875.9878400022
12379.0,2011-06-22 16:32:00,2011-09-19 10:09:00,40,852.24,21.306,13.836363636363636,2.890932982917214,3537.5707636363636,3537.5707636363636
12380.0,2011-06-07 09:49:00,2011-11-18 11:27:00,104,2724.81,26.200096153846154,19.303414634146343,5.387647831800263,6069.015834146342,6069.015834146342
12381.0,2011-08-12 09:57:00,2011-12-05 12:44:00,87,1845.31,21.21045977011494,23.028521739130436,3.7779237844940865,5861.346406956522,5861.346406956522
12383.0,2010-12-22 14:28:00,2011-06-08 08:02:00,99,1850.56,18.69252525252525,18.045269461077844,5.486202365308804,4047.7398610778437,4047.7398610778437
12384.0,2011-08-10 11:23:00,2011-11-11 08:39:00,27,585.27,21.676666666666666,8.933478260869565,3.0223390275952693,2323.7763652173912,2323.7763652173912
12386.0,2010-12-08 09:53:00,2011-01-06 12:37:00,10,401.9,40.19,10.496551724137932,0.9526938239159001,5062.2769655172415,5062.2769655172415
12388.0,2011-01-17 11:12:00,2011-11-24 12:30:00,100,2780.6600000000003,27.806600000000003,9.787781350482316,10.21681997371879,3265.979050803859,3265.979050803859
12390.0,2011-09-21 09:33:00,2011-09-21 09:33:00,32,549.84,17.1825,974.0799999999999,0.0328515111695138,200845.5552,200845.5552
12391.0,2011-11-18 12:07:00,2011-11-18 12:07:00,100,460.89,4.6089,3044.0,0.0328515111695138,168353.8992,168353.8992
12393.0,2011-01-11 09:47:00,2011-09-28 15:41:00,64,1582.6000000000001,24.728125000000002,7.492923076923077,8.541392904073588,2223.4312615384615,2223.4312615384615
12394.0,2011-05-06 14:01:00,2011-10-07 08:08:00,27,1272.48,47.12888888888889,5.371764705882353,5.026281208935611,3037.983623529412,3037.983623529412
12395.0,2010-12-03 16:35:00,2011-11-20 15:21:00,156,3018.63,19.350192307692307,13.52888888888889,11.530880420499342,3141.4392205128206,3141.4392205128206
12397.0,2011-07-27 14:21:00,2011-11-04 09:52:00,126,2409.9,19.126190476190477,38.74181818181818,3.252299605781866,8891.800727272728,8891.800727272728
12398.0,2011-10-25 10:27:00,2011-10-25 10:27:00,85,1635.6599999999999,19.24305882352941,2587.4,0.0328515111695138,597473.8847999999,535875.9878400022
12399.0,2011-03-23 09:42:00,2011-08-12 13:15:00,59,1108.65,18.790677966101697,12.647605633802817,4.664914586070959,2851.885014084507,2851.885014084507
12401.0,2011-02-09 13:50:00,2011-02-09 13:50:00,5,84.3,16.86,152.2,0.0328515111695138,30793.103999999996,30793.103999999996
12402.0,2011-01-20 13:49:00,2011-01-20 13:49:00,11,225.60000000000002,20.50909090909091,334.84,0.0328515111695138,82407.168,82407.168
12403.0,2011-10-21 10:51:00,2011-10-21 10:51:00,5,427.7,85.53999999999999,152.2,0.0328515111695138,156230.256,156230.256
12405.0,2011-07-14 08:52:00,2011-07-14 08:52:00,54,1710.39,31.67388888888889,1643.76,0.0328515111695138,624771.2592,535875.9878400022
12406.0,2011-06-09 10:23:00,2011-11-17 19:22:00,105,3415.3,32.52666666666667,19.85217391304348,5.289093298291721,7748.7005217391325,7748.7005217391325
12407.0,2011-03-20 13:21:00,2011-10-21 10:11:00,77,1708.12,22.18337662337662,10.952710280373832,7.030223390275952,2915.61716635514,2915.61716635514
12408.0,2011-03-24 14:46:00,2011-11-07 12:27:00,105,2888.55,27.51,14.080176211453745,7.457293035479632,4648.14777092511,4648.14777092511
12409.0,2011-06-10 12:19:00,2011-09-22 10:38:00,109,11072.67,101.58412844036697,32.21320388349515,3.383705650459921,39268.20288932039,39268.20288932039
12410.0,2011-02-04 10:38:00,2011-02-04 10:39:00,26,693.33,26.66653846153846,791.4399999999999,0.0328515111695138,253259.58239999998,253259.58239999998
12412.0,2011-06-23 13:51:00,2011-09-26 10:16:00,61,1226.88,20.112786885245903,19.753617021276597,3.088042049934297,4767.603472340426,4767.603472340426
12413.0,2011-01-06 16:12:00,2011-10-04 09:00:00,38,758.1,19.95,4.284148148148148,8.869908015768726,1025.6250666666665,1025.6250666666665
12414.0,2011-02-02 14:51:00,2011-05-06 14:51:00,18,562.4100000000001,31.245000000000005,5.891612903225806,3.055190538764783,2209.001341935484,2209.001341935484
12415.0,2011-01-06 11:12:00,2011-11-15 14:22:00,714,124914.53,174.95032212885152,69.43821086261981,10.282522996057818,145778.84830159743,145778.84830159743
12417.0,2010-12-17 11:51:00,2011-12-06 14:52:00,192,3649.1,19.005729166666665,16.509830508474575,11.629434954007884,3765.376406779661,3765.376406779661
12418.0,2011-08-19 11:08:00,2011-08-19 11:08:00,34,668.58,19.664117647058823,1034.96,0.0328515111695138,244218.9024,244218.9024
12420.0,2011-10-07 08:55:00,2011-10-07 08:55:00,29,600.39,20.70310344827586,882.76,0.0328515111695138,219310.45919999998,219310.45919999998
12421.0,2011-01-24 15:09:00,2011-11-24 09:07:00,45,807.04,17.93422222222222,4.520792079207921,9.95400788436268,972.9226772277227,972.9226772277227
12422.0,2011-01-19 09:13:00,2011-09-05 09:48:00,39,803.5600000000001,20.604102564102565,5.18410480349345,7.522996057818659,1281.7659248908299,1281.7659248908299
12423.0,2010-12-21 10:54:00,2011-12-09 10:10:00,125,1859.31,14.87448,10.809659090909092,11.563731931668856,1929.4566954545458,1929.4566954545458
12424.0,2011-06-30 12:06:00,2011-06-30 12:06:00,30,1760.96,58.69866666666667,913.1999999999999,0.0328515111695138,643243.4688,535875.9878400022
12425.0,2011-09-22 17:31:00,2011-09-22 17:31:00,36,777.2,21.58888888888889,1095.84,0.0328515111695138,283895.616,283895.616
12426.0,2011-05-29 12:26:00,2011-05-29 12:26:00,30,582.73,19.424333333333333,913.1999999999999,0.0328515111695138,212859.61439999996,212859.61439999996
12427.0,2010-12-03 10:44:00,2011-11-18 08:56:00,31,825.8000000000001,26.638709677419357,2.703839541547278,11.465177398160314,864.321558739255,864.321558739255
12428.0,2011-03-01 09:33:00,2011-11-14 08:22:00,294,7956.46,27.062789115646257,34.82241245136187,8.442838370565045,11308.699256031128,11308.699256031128
12429.0,2010-12-09 12:05:00,2011-11-30 17:22:00,97,3750.4,38.66391752577319,8.294044943820225,11.695137976346912,3848.163235955056,3848.163235955056
12430.0,2011-10-27 15:09:00,2011-10-27 15:09:00,11,256.4,23.30909090909091,334.84,0.0328515111695138,93657.79199999999,93657.79199999999
12431.0,2010-12-01 10:03:00,2011-11-04 11:55:00,235,6487.45,27.606170212765957,21.16390532544379,11.103810775295663,7011.052473372782,7011.052473372782
12432.0,2011-06-20 13:27:00,2011-10-28 11:43:00,108,5059.32,46.845555555555556,25.484651162790698,4.23784494086728,14326.111702325583,14326.111702325583
12433.0,2010-12-01 13:24:00,2011-12-09 10:02:00,420,13375.87,31.847309523809525,34.36774193548387,12.220762155059132,13134.241380645162,13134.241380645162
12434.0,2011-03-24 13:05:00,2011-09-16 12:38:00,50,806.14,16.122799999999998,8.697142857142858,5.7490144546649145,1682.6675382857143,1682.6675382857143
12435.0,2011-03-17 07:40:00,2011-09-21 09:06:00,36,7829.89,217.49694444444447,5.828936170212766,6.176084099868594,15213.309676595749,15213.309676595749
12436.0,2011-09-01 12:09:00,2011-09-01 12:09:00,16,509.01,31.813125,487.03999999999996,0.0328515111695138,185931.17279999997,185931.17279999997
12437.0,2011-01-12 14:13:00,2011-12-08 11:35:00,199,4951.41,24.88145728643216,18.412036474164136,10.808147174770038,5497.419589057751,5497.419589057751
12438.0,2011-07-22 13:29:00,2011-11-25 13:28:00,98,2906.85,29.66173469387755,23.86496,4.106438896189225,8494.513343999999,8494.513343999999
12441.0,2010-12-08 10:45:00,2010-12-08 10:45:00,11,173.55,15.77727272727273,334.84,0.0328515111695138,63394.344,63394.344
12442.0,2011-12-06 14:22:00,2011-12-06 14:22:00,12,172.06,14.338333333333333,365.28,0.0328515111695138,62850.076799999995,62850.076799999995
12444.0,2011-06-21 14:00:00,2011-11-18 13:23:00,176,5005.46,28.440113636363638,35.95597315436242,4.894875164257556,12271.10354899329,12271.10354899329
12445.0,2011-11-17 18:43:00,2011-11-17 18:43:00,4,133.4,33.35,121.75999999999999,0.0328515111695138,48728.352,48728.352
12446.0,2011-10-13 12:50:00,2011-10-13 12:50:00,57,1002.3100000000001,17.584385964912283,1735.08,0.0328515111695138,366123.7968,366123.7968
12447.0,2011-04-10 13:25:00,2011-04-10 13:25:00,26,476.49,18.326538461538462,791.4399999999999,0.0328515111695138,174052.2672,174052.2672
12448.0,2011-10-26 13:46:00,2011-10-26 13:46:00,22,449.45,20.429545454545455,669.68,0.0328515111695138,164175.096,164175.096
12449.0,2011-06-05 15:37:00,2011-11-17 13:46:00,191,4067.29,21.294712041884818,35.45146341463415,5.387647831800263,9059.144458536586,9059.144458536586
12450.0,2011-06-19 14:36:00,2011-07-06 14:41:00,8,197.88,24.735,14.32470588235294,0.5584756898817346,4251.8592,4251.8592
12451.0,2011-01-19 09:05:00,2011-11-29 08:40:00,354,9035.52,25.524067796610172,34.427348242811505,10.282522996057818,10544.711647284346,10544.711647284346
12452.0,2011-11-23 08:05:00,2011-11-23 10:28:00,22,430.57000000000005,19.57136363636364,669.68,0.0328515111695138,157278.60960000003,157278.60960000003
12453.0,2011-07-28 14:08:00,2011-07-28 14:08:00,43,707.09,16.443953488372095,1308.9199999999998,0.0328515111695138,258285.83519999997,258285.83519999997
12454.0,2011-10-14 17:13:00,2011-10-14 17:13:00,15,3528.34,235.22266666666667,456.59999999999997,0.0328515111695138,1288832.0351999998,535875.9878400022
12455.0,2011-02-16 09:56:00,2011-09-27 15:31:00,90,2466.86,27.409555555555556,12.285201793721974,7.3258869908015765,4040.7830529147986,4040.7830529147986
12456.0,2011-03-30 09:12:00,2011-10-26 14:41:00,125,3181.04,25.44832,18.11904761904762,6.898817345597897,5533.191862857143,5533.191862857143
12457.0,2011-04-14 18:57:00,2011-10-04 13:13:00,62,2363.23,38.11661290322581,10.972558139534884,5.650459921156373,5018.841013953488,5018.841013953488
12458.0,2011-02-28 10:55:00,2011-09-29 15:25:00,38,947.4,24.931578947368422,5.430610328638498,6.9973718791064385,1624.724281690141,1624.724281690141
12461.0,2011-07-08 10:23:00,2011-09-06 16:57:00,35,826.88,23.62514285714286,17.756666666666668,1.9710906701708277,5034.045440000001,5034.045440000001
12462.0,2011-02-09 14:44:00,2011-11-21 09:11:00,62,1189.59,19.186935483870965,6.645352112676056,9.329829172141919,1530.0473070422531,1530.0473070422531
12463.0,2011-04-12 12:47:00,2011-10-17 13:44:00,83,1344.78,16.202168674698793,13.438936170212767,6.176084099868594,2612.8789276595744,2612.8789276595744
12464.0,2011-02-03 13:30:00,2011-11-29 13:33:00,29,1212.05,41.79482758620689,2.9523745819397997,9.822601839684625,1480.727839464883,1480.727839464883
12465.0,2011-06-23 13:37:00,2011-11-22 16:34:00,47,742.19,15.791276595744682,9.412368421052632,4.993429697766097,1783.599757894737,1783.599757894737
12468.0,2011-01-27 13:29:00,2011-06-05 11:36:00,38,729.54,19.198421052631577,9.036875,4.204993429697766,2081.924775,2081.924775
12471.0,2010-12-10 09:35:00,2011-12-07 15:43:00,460,19824.05,43.09576086956522,38.680662983425414,11.892247043363994,20003.67122651934,20003.67122651934
12472.0,2010-12-05 14:19:00,2011-11-07 14:01:00,339,6572.11,19.386755162241887,30.711785714285714,11.038107752956636,7144.822442857142,7144.822442857142
12473.0,2011-06-01 10:15:00,2011-11-10 13:46:00,168,3938.55,23.44375,31.56740740740741,5.321944809461235,8880.700888888889,8880.700888888889
12474.0,2011-01-14 10:06:00,2011-11-22 14:39:00,424,7375.79,17.395731132075472,41.367179487179484,10.249671484888305,8635.347984615384,8635.347984615384
12475.0,2011-10-17 10:10:00,2011-10-17 10:10:00,36,723.38,20.093888888888888,1095.84,0.0328515111695138,264236.24639999995,264236.24639999995
12476.0,2010-12-13 14:39:00,2011-11-24 12:40:00,233,6816.42,29.255021459227468,20.55802898550725,11.333771353482259,7217.106949565217,7217.106949565217
12477.0,2011-02-11 12:45:00,2011-11-17 09:51:00,300,13219.74,44.065799999999996,32.84892086330935,9.132720105124836,17370.167723741004,17370.167723741004
12478.0,2011-12-06 09:56:00,2011-12-06 09:56:00,36,680.99,18.91638888888889,1095.84,0.0328515111695138,248752.02719999998,248752.02719999998
12479.0,2011-11-28 13:26:00,2011-11-28 13:26:00,31,527.2,17.006451612903227,943.64,0.0328515111695138,192575.616,192575.616
12480.0,2011-01-07 15:27:00,2011-11-11 14:52:00,154,3281.63,21.309285714285714,15.269576547231273,10.085413929040735,3904.6052325732903,3904.6052325732903
12481.0,2010-12-09 10:13:00,2011-11-17 08:29:00,217,5596.32,25.789493087557602,19.314269005847954,11.235216819973719,5977.262484210527,5977.262484210527
12483.0,2011-01-04 14:20:00,2011-11-22 17:02:00,75,2484.98,33.133066666666664,7.090062111801243,10.578186596583443,2818.9860074534163,2818.9860074534163
12484.0,2011-01-07 14:04:00,2011-11-07 11:37:00,346,4541.72,13.126358381502891,34.75986798679868,9.95400788436268,5475.245813861387,5475.245813861387
12488.0,2011-09-25 10:34:00,2011-11-30 08:50:00,55,1298.66,23.612000000000002,25.756923076923076,2.135348226018397,7298.069612307692,7298.069612307692
12489.0,2011-01-07 13:13:00,2011-01-07 13:13:00,15,334.93,22.328666666666667,456.59999999999997,0.0328515111695138,122343.23039999999,122343.23039999999
12490.0,2011-01-14 09:13:00,2011-12-04 16:07:00,245,5417.93,22.114,23.0179012345679,10.64388961892247,6108.2144148148145,6108.2144148148145
12491.0,2011-11-01 12:18:00,2011-11-01 12:18:00,26,460.40000000000003,17.70769230769231,791.4399999999999,0.0328515111695138,168174.91199999998,168174.91199999998
12492.0,2011-08-26 14:51:00,2011-10-07 15:15:00,20,263.21000000000004,13.160500000000003,14.495238095238095,1.3797634691195795,2289.1749714285716,2289.1749714285716
12493.0,2011-05-26 14:53:00,2011-06-27 10:17:00,22,433.74,19.715454545454545,21.60258064516129,1.0183968462549278,5110.856361290322,5110.856361290322
12494.0,2010-12-09 11:31:00,2011-11-24 09:34:00,77,1246.1,16.18311688311688,6.715988538681949,11.465177398160314,1304.2275300859599,1304.2275300859599
12497.0,2011-09-19 12:29:00,2011-09-19 12:29:00,14,1043.1,74.50714285714285,426.15999999999997,0.0328515111695138,381023.56799999997,381023.56799999997
12498.0,2011-10-13 09:30:00,2011-11-18 12:53:00,23,403.70000000000005,17.55217391304348,19.447777777777777,1.1826544021024967,4096.209333333333,4096.209333333333
12500.0,2011-01-10 09:48:00,2011-11-16 16:20:00,61,4257.82,69.80032786885245,5.989806451612903,10.183968462549277,5017.08545032258,5017.08545032258
12501.0,2011-01-07 12:28:00,2011-01-07 12:28:00,149,2169.39,14.559664429530201,4535.5599999999995,0.0328515111695138,792434.7792,535875.9878400022
12502.0,2011-02-03 10:41:00,2011-09-05 11:52:00,147,3723.87,25.332448979591835,20.909719626168226,7.030223390275952,6356.332867289719,6356.332867289719
12504.0,2011-11-09 14:56:00,2011-11-21 16:02:00,9,482.04999999999995,53.5611111111111,22.830000000000002,0.39421813403416556,14673.601999999999,14673.601999999999
12506.0,2011-04-21 08:54:00,2011-04-21 08:54:00,23,73.5,3.1956521739130435,700.12,0.0328515111695138,26848.08,26848.08
12507.0,2011-02-14 09:24:00,2011-07-28 17:09:00,21,1304.81,62.13380952380952,3.8978048780487806,5.387647831800263,2906.225590243902,2906.225590243902
12508.0,2011-11-10 16:27:00,2011-11-13 15:37:00,69,398.27,5.772028985507246,1050.18,0.0657030223390276,72740.0328,72740.0328
12509.0,2011-02-28 14:45:00,2011-02-28 14:45:00,7,176.5,25.214285714285715,213.07999999999998,0.0328515111695138,64471.92,64471.92
12510.0,2011-01-18 14:04:00,2011-07-20 10:15:00,33,982.5699999999999,29.774848484848484,5.519340659340659,5.978975032851511,1972.0503824175823,1972.0503824175823
12512.0,2011-10-04 14:53:00,2011-10-04 14:55:00,34,138.03,4.059705882352941,1034.96,0.0328515111695138,50419.5984,50419.5984
12513.0,2011-08-19 10:51:00,2011-08-19 10:51:00,35,612.29,17.494,1065.3999999999999,0.0328515111695138,223657.29119999995,223657.29119999995
12514.0,2011-03-17 16:38:00,2011-03-17 16:38:00,51,1017.6800000000001,19.95450980392157,1552.44,0.0328515111695138,371738.15040000004,371738.15040000004
12515.0,2010-12-21 15:43:00,2010-12-21 15:43:00,16,383.7,23.98125,487.03999999999996,0.0328515111695138,140157.936,140157.936
12516.0,2011-06-12 11:37:00,2011-09-23 09:13:00,26,1312.06,50.46384615384615,7.75921568627451,3.350854139290407,4698.7184,4698.7184
12517.0,2011-06-02 15:13:00,2011-11-11 14:04:00,284,2502.84,8.812816901408452,53.69540372670807,5.289093298291721,5678.493137888199,5678.493137888199
12518.0,2011-08-21 13:18:00,2011-12-09 10:13:00,124,2056.89,16.58782258064516,34.62899082568808,3.5808147174770038,6893.034671559633,6893.034671559633
12519.0,2011-10-07 09:26:00,2011-10-07 09:26:00,18,340.84000000000003,18.935555555555556,547.92,0.0328515111695138,124502.03519999998,124502.03519999998
12520.0,2011-03-11 11:35:00,2011-09-21 15:23:00,152,2634.26,17.330657894736845,23.849896907216497,6.3731931668856765,4960.012849484538,4960.012849484538
12521.0,2011-07-20 10:51:00,2011-07-20 10:51:00,38,599.68,15.781052631578946,1156.72,0.0328515111695138,219051.1104,219051.1104
12522.0,2011-10-19 14:41:00,2011-10-31 15:30:00,12,192.72,16.06,30.44,0.39421813403416556,5866.3968,5866.3968
12523.0,2011-01-12 09:43:00,2011-11-20 12:55:00,106,1789.77,16.884622641509434,10.341794871794871,10.249671484888305,2095.407646153846,2095.407646153846
12524.0,2011-01-10 10:35:00,2011-11-30 15:31:00,144,4485.72,31.150833333333335,13.52888888888889,10.64388961892247,5057.233955555556,5057.233955555556
12526.0,2011-09-06 14:19:00,2011-12-09 12:09:00,71,1316.66,18.54450704225352,23.239139784946236,3.055190538764783,5171.500696774193,5171.500696774193
12527.0,2011-01-18 12:05:00,2011-09-19 11:55:00,18,348.71000000000004,19.37277777777778,2.254814814814815,7.982917214191852,524.1843160493828,524.1843160493828
12528.0,2011-01-31 09:05:00,2011-11-30 14:40:00,92,1933.48,21.01608695652174,9.242508250825084,9.95400788436268,2330.8962851485153,2330.8962851485153
12530.0,2011-01-07 10:04:00,2011-10-11 12:34:00,66,1662.28,25.186060606060607,7.252851985559567,9.099868593955321,2192.0492361010834,2192.0492361010834
12531.0,2011-11-25 11:12:00,2011-11-25 11:12:00,17,125.22,7.365882352941177,517.48,0.0328515111695138,45740.361600000004,45740.361600000004
12532.0,2011-11-09 13:47:00,2011-11-09 13:47:00,16,349.83000000000004,21.864375000000003,487.03999999999996,0.0328515111695138,127785.90240000002,127785.90240000002
12534.0,2011-08-01 10:26:00,2011-08-01 10:26:00,63,1089.18,17.28857142857143,1917.72,0.0328515111695138,397855.67040000006,397855.67040000006
12535.0,2011-06-06 12:47:00,2011-09-09 08:48:00,34,716.35,21.069117647058825,11.010212765957448,3.088042049934297,2783.7056170212772,2783.7056170212772
12536.0,2011-10-11 14:52:00,2011-10-27 14:20:00,261,12601.830000000002,48.282873563218395,529.6560000000001,0.49277266754270693,306879.7641600001,306879.7641600001
12538.0,2011-11-10 17:16:00,2011-11-10 17:16:00,21,363.95,17.33095238095238,639.24,0.0328515111695138,132943.656,132943.656
12539.0,2011-01-10 09:11:00,2011-11-17 13:30:00,273,5568.35,20.396886446886448,26.72064308681672,10.21681997371879,6540.215073954985,6540.215073954985
12540.0,2010-12-13 09:39:00,2011-11-20 11:31:00,478,13400.24,28.03397489539749,42.54479532163743,11.235216819973719,14312.3966877193,14312.3966877193
12541.0,2011-03-04 09:32:00,2011-11-10 10:40:00,52,981.18,18.868846153846153,6.306294820717132,8.245729303547963,1427.9100812749004,1427.9100812749004
12544.0,2011-11-03 16:15:00,2011-11-03 16:15:00,19,372.7,19.61578947368421,578.36,0.0328515111695138,136139.856,136139.856
12545.0,2011-03-25 12:04:00,2011-09-25 13:39:00,50,1000.39,20.0078,8.271739130434783,6.044678055190539,1985.9916260869563,1985.9916260869563
12546.0,2011-09-23 09:44:00,2011-10-24 12:09:00,69,1161.5,16.833333333333332,67.75354838709677,1.0183968462549278,13686.216774193545,13686.216774193545
12547.0,2011-03-04 12:46:00,2011-05-26 12:38:00,8,207.8,25.975,2.9697560975609756,2.6938239159001314,925.6729756097561,925.6729756097561
12548.0,2011-06-26 15:35:00,2011-06-26 15:35:00,5,95.19999999999999,19.04,152.2,0.0328515111695138,34774.655999999995,34774.655999999995
12550.0,2011-09-21 14:35:00,2011-09-21 14:35:00,57,964.83,16.92684210526316,1735.08,0.0328515111695138,352433.10240000003,352433.10240000003
12551.0,2010-12-17 11:23:00,2010-12-17 11:23:00,10,168.0,16.8,304.4,0.0328515111695138,61367.04,61367.04
12552.0,2011-10-31 12:11:00,2011-11-01 10:02:00,20,437.82,21.891,608.8,0.0328515111695138,159926.88959999997,159926.88959999997
12553.0,2011-01-14 10:42:00,2011-12-01 16:38:00,191,3692.28,19.33130890052356,18.112274143302184,10.545335085413928,4201.607596261682,4201.607596261682
12556.0,2011-07-11 13:35:00,2011-10-20 13:06:00,121,603.71,4.989338842975207,36.8324,3.2851511169513796,2205.2318880000003,2205.2318880000003
12557.0,2010-12-03 12:20:00,2011-11-23 16:59:00,33,11990.960000000001,363.36242424242425,2.8296338028169017,11.662286465177397,12338.191179718311,12338.191179718311
12558.0,2011-12-02 10:41:00,2011-12-02 10:41:00,11,269.96,24.54181818181818,334.84,0.0328515111695138,98610.98879999999,98610.98879999999
12559.0,2011-01-24 10:12:00,2011-02-02 09:49:00,21,561.71,26.74809523809524,79.905,0.2628120893561104,25647.678600000003,25647.678600000003
12560.0,2011-07-19 15:55:00,2011-12-04 13:54:00,105,2134.01,20.323904761904764,23.32992700729927,4.50065703022339,5689.862575182482,5689.862575182482
12561.0,2011-02-10 11:39:00,2011-02-10 11:39:00,16,238.85,14.928125,487.03999999999996,0.0328515111695138,87247.128,87247.128
12562.0,2011-05-25 12:44:00,2011-12-01 17:20:00,168,3781.7400000000002,22.510357142857146,26.915368421052634,6.241787122207621,7270.4946694736855,7270.4946694736855
12564.0,2011-03-23 14:55:00,2011-03-23 14:55:00,21,456.90000000000003,21.75714285714286,639.24,0.0328515111695138,166896.43200000003,166896.43200000003
12565.0,2011-02-24 10:34:00,2011-02-24 10:34:00,9,145.92000000000002,16.213333333333335,273.96,0.0328515111695138,53301.6576,53301.6576
12566.0,2011-09-14 14:30:00,2011-09-14 14:30:00,19,351.65,18.507894736842104,578.36,0.0328515111695138,128450.71199999998,128450.71199999998
12567.0,2010-12-05 11:57:00,2011-11-17 11:02:00,446,9401.28,21.079103139013455,39.237687861271674,11.366622864651774,9925.143232369941,9925.143232369941
12569.0,2011-04-01 13:47:00,2011-12-07 16:24:00,188,4124.6900000000005,21.93984042553192,22.89088,8.21287779237845,6026.667052800001,6026.667052800001
12571.0,2011-08-10 12:35:00,2011-10-31 10:19:00,34,519.61,15.28264705882353,12.777283950617283,2.6609724047306176,2343.2486518518517,2343.2486518518517
12572.0,2011-10-19 08:20:00,2011-12-01 09:20:00,60,1020.4200000000001,17.007,42.47441860465116,1.4126149802890933,8668.349246511629,8668.349246511629
12573.0,2011-04-26 15:52:00,2011-04-26 15:52:00,28,160.54000000000002,5.733571428571429,852.3199999999999,0.0328515111695138,58642.05120000001,58642.05120000001
12574.0,2011-01-28 09:20:00,2011-01-28 09:20:00,11,218.45000000000002,19.85909090909091,334.84,0.0328515111695138,79795.416,79795.416
12576.0,2011-02-08 11:31:00,2011-11-04 10:11:00,88,1315.83,14.952613636363635,9.995223880597015,8.804204993429698,1793.4566507462685,1793.4566507462685
12577.0,2010-12-15 16:21:00,2011-11-04 13:24:00,147,657.8,4.474829931972788,13.853498452012385,10.611038107752956,743.9045944272445,743.9045944272445
12578.0,2011-01-13 15:34:00,2011-11-18 13:30:00,114,2794.51,24.51324561403509,11.266753246753247,10.11826544021025,3314.2162753246757,3314.2162753246757
12579.0,2011-09-22 17:15:00,2011-09-22 17:15:00,29,440.42,15.18689655172414,882.76,0.0328515111695138,160876.61760000003,160876.61760000003
12580.0,2011-04-07 10:24:00,2011-04-07 10:24:00,24,415.7,17.320833333333333,730.56,0.0328515111695138,151846.896,151846.896
12581.0,2011-10-31 08:56:00,2011-10-31 08:56:00,15,197.71,13.180666666666667,456.59999999999997,0.0328515111695138,72219.5088,72219.5088
12582.0,2011-02-24 11:42:00,2011-04-15 08:45:00,22,511.36,23.243636363636366,13.666938775510205,1.609724047306176,3812.0322612244904,3812.0322612244904
12583.0,2010-12-01 08:45:00,2011-12-07 08:07:00,247,7281.38,29.47927125506073,20.320756756756758,12.155059132720105,7188.493206486487,7188.493206486487
12584.0,2011-03-04 15:15:00,2011-12-06 09:35:00,96,2338.15,24.355729166666666,10.587826086956522,9.067017082785808,3094.4906956521736,3094.4906956521736
12585.0,2010-12-23 12:58:00,2011-04-19 13:39:00,87,2040.1,23.44942528735632,22.634871794871795,3.843626806833114,6369.29682051282,6369.29682051282
12586.0,2011-11-22 16:24:00,2011-11-22 16:24:00,11,196.94000000000003,17.903636363636366,334.84,0.0328515111695138,71938.2432,71938.2432
12587.0,2011-12-02 12:47:00,2011-12-02 12:47:00,4,144.0,36.0,121.75999999999999,0.0328515111695138,52600.31999999999,52600.31999999999
12588.0,2011-10-31 15:01:00,2011-10-31 15:01:00,10,214.89999999999998,21.49,304.4,0.0328515111695138,78498.67199999999,78498.67199999999
12589.0,2011-07-18 12:05:00,2011-11-11 10:19:00,35,646.68,18.47657142857143,9.264347826086958,3.7779237844940865,2054.0806121739133,2054.0806121739133
12590.0,2011-05-12 14:46:00,2011-05-12 14:52:00,68,9864.26,145.06264705882353,2069.92,0.0328515111695138,3603216.8927999996,535875.9878400022
12591.0,2011-01-26 14:35:00,2011-01-26 14:35:00,26,452.84999999999997,17.41730769230769,791.4399999999999,0.0328515111695138,165417.04799999998,165417.04799999998
12592.0,2011-05-10 13:44:00,2011-09-08 15:04:00,18,437.6,24.311111111111114,4.528264462809918,3.9750328515111693,1321.0456859504134,1321.0456859504134
12593.0,2011-05-05 09:29:00,2011-08-23 12:43:00,21,418.1,19.90952380952381,5.811272727272728,3.6136662286465175,1388.3960727272731,1388.3960727272731
12594.0,2011-01-21 09:52:00,2011-11-02 12:20:00,118,3338.2200000000003,28.290000000000003,12.60322807017544,9.362680683311432,4278.543865263158,4278.543865263158
12596.0,2011-04-11 13:22:00,2011-10-19 13:02:00,27,618.27,22.898888888888887,4.325684210526316,6.241787122207621,1188.640345263158,1188.640345263158
12597.0,2011-03-16 14:00:00,2011-11-20 13:33:00,206,3811.22,18.50106796116505,25.28483870967742,8.147174770039422,5613.558232258065,5613.558232258065
12598.0,2011-02-28 11:58:00,2011-11-30 12:18:00,132,3023.08,22.902121212121212,14.611200000000002,9.034165571616294,4015.5296814545463,4015.5296814545463
12599.0,2011-02-08 13:28:00,2011-11-10 13:34:00,62,1032.58,16.654516129032256,6.862836363636364,9.034165571616294,1371.5666269090907,1371.5666269090907
12600.0,2010-12-03 12:57:00,2011-11-11 10:29:00,64,2599.04,40.61,5.696374269005848,11.235216819973719,2775.95710877193,2775.95710877193
12601.0,2011-01-11 10:38:00,2011-06-03 10:17:00,28,577.0600000000001,20.609285714285715,6.002253521126761,4.664914586070959,1484.4258929577468,1484.4258929577468
12602.0,2011-10-12 11:22:00,2011-10-12 11:22:00,12,153.12,12.76,365.28,0.0328515111695138,55931.673599999995,55931.673599999995
12603.0,2011-11-18 10:42:00,2011-11-18 10:42:00,2,739.1999999999999,369.59999999999997,60.879999999999995,0.0328515111695138,270014.97599999997,270014.97599999997
12604.0,2011-03-23 12:06:00,2011-09-21 14:08:00,16,254.18,15.88625,2.676043956043956,5.978975032851511,510.14763956043953,510.14763956043953
12607.0,2011-10-10 16:06:00,2011-10-10 16:06:00,101,1579.51,15.63871287128713,3074.44,0.0328515111695138,576963.4128,535875.9878400022
12609.0,2011-01-25 15:13:00,2011-09-22 16:34:00,60,1126.85,18.78083333333333,7.61,7.884362680683311,1715.0656999999997,1715.0656999999997
12610.0,2011-08-05 13:52:00,2011-11-17 09:34:00,106,2099.54,19.80698113207547,31.326601941747573,3.383705650459921,7445.824963106796,7445.824963106796
12611.0,2011-10-18 13:12:00,2011-10-18 13:12:00,65,1193.32,18.35876923076923,1978.6,0.0328515111695138,435895.9296,435895.9296
12612.0,2011-09-26 15:35:00,2011-09-26 15:35:00,19,704.04,37.054736842105264,578.36,0.0328515111695138,257171.73120000004,257171.73120000004
12613.0,2011-03-22 15:42:00,2011-10-13 14:59:00,153,3344.38,21.858692810457516,22.830000000000002,6.701708278580814,5988.407482352942,5988.407482352942
12614.0,2011-03-07 10:22:00,2011-03-07 10:22:00,20,315.6,15.780000000000001,608.8,0.0328515111695138,115282.36799999999,115282.36799999999
12615.0,2011-06-24 13:35:00,2011-12-07 15:02:00,105,2291.19,21.820857142857143,19.25421686746988,5.45335085413929,5041.722187951807,5041.722187951807
12616.0,2011-02-15 14:17:00,2011-09-05 15:17:00,32,713.3,22.290625,4.822178217821782,6.636005256241787,1289.8723960396037,1289.8723960396037
12617.0,2011-11-10 14:39:00,2011-11-10 14:39:00,42,355.53000000000003,8.465,1278.48,0.0328515111695138,129867.99839999998,129867.99839999998
12618.0,2011-11-18 11:10:00,2011-11-18 11:10:00,11,177.31,16.11909090909091,334.84,0.0328515111695138,64767.79680000001,64767.79680000001
12619.0,2011-03-31 13:10:00,2011-11-23 14:52:00,90,3641.24,40.45822222222222,11.559493670886077,7.7858081471747695,5612.118764556962,5612.118764556962
12620.0,2011-05-19 12:10:00,2011-11-25 10:20:00,92,1339.41,14.558804347826088,14.817354497354497,6.2089356110381075,2588.675580952381,2588.675580952381
12621.0,2010-12-09 10:16:00,2011-12-08 11:25:00,467,13689.67,29.31406852248394,39.05351648351648,11.957950065703022,13737.809498901099,13737.809498901099
12622.0,2011-04-21 16:39:00,2011-04-21 16:39:00,11,180.1,16.37272727272727,334.84,0.0328515111695138,65786.92799999999,65786.92799999999
12623.0,2011-03-08 13:50:00,2011-03-08 13:50:00,18,305.1,16.950000000000003,547.92,0.0328515111695138,111446.92800000001,111446.92800000001
12624.0,2011-06-15 12:34:00,2011-08-25 15:04:00,38,641.13,16.87184210526316,16.291830985915492,2.3324572930354797,3298.4784,3298.4784
12625.0,2011-01-24 13:27:00,2011-05-12 09:54:00,86,2683.82,31.207209302325584,24.465794392523367,3.515111695137976,9162.109996261685,9162.109996261685
12626.0,2011-01-17 11:01:00,2011-11-16 16:06:00,294,6620.4800000000005,22.518639455782314,29.53584158415842,9.95400788436268,7981.283611881188,7981.283611881188
12627.0,2011-07-22 13:59:00,2011-11-29 12:07:00,230,4478.53,19.47186956521739,54.27286821705426,4.23784494086728,12681.530530232554,12681.530530232554
12628.0,2011-10-06 09:28:00,2011-12-05 13:15:00,41,786.46,19.181951219512197,20.800666666666668,1.9710906701708277,4787.96848,4787.96848
12630.0,2011-10-27 10:41:00,2011-11-30 10:48:00,64,1270.88,19.8575,57.29882352941176,1.1169513797634691,13653.736658823529,13653.736658823529
12631.0,2011-10-13 13:53:00,2011-10-13 13:53:00,31,640.5,20.661290322580644,943.64,0.0328515111695138,233961.84,233961.84
12633.0,2011-02-25 08:44:00,2011-10-12 11:40:00,101,2163.98,21.425544554455445,13.425502183406115,7.522996057818659,3451.784342358079,3451.784342358079
12635.0,2011-07-08 08:43:00,2011-09-11 11:04:00,101,1689.18,16.724554455445546,47.299076923076925,2.135348226018397,9492.671852307692,9492.671852307692
12637.0,2011-01-20 10:47:00,2011-10-03 13:46:00,390,6021.9,15.440769230769229,46.3734375,8.409986859395532,8592.4985625,8592.4985625
12638.0,2011-11-06 13:11:00,2011-11-06 13:11:00,39,671.69,17.222820512820515,1187.1599999999999,0.0328515111695138,245354.92320000002,245354.92320000002
12639.0,2011-04-15 12:48:00,2011-04-15 12:48:00,22,486.1,22.095454545454547,669.68,0.0328515111695138,177562.608,177562.608
12640.0,2011-09-19 12:01:00,2011-11-16 11:52:00,53,1174.58,22.16188679245283,28.30385964912281,1.8725361366622864,7527.2032,7527.2032
12641.0,2011-08-16 13:26:00,2011-08-16 13:26:00,10,185.9,18.59,304.4,0.0328515111695138,67905.552,67905.552
12642.0,2011-08-24 09:23:00,2011-11-14 15:03:00,47,1013.26,21.558723404255318,17.447317073170733,2.6938239159001314,4513.702595121951,4513.702595121951
12643.0,2011-01-11 11:48:00,2011-08-03 12:56:00,24,3344.64,139.35999999999999,3.5811764705882356,6.701708278580814,5988.8730352941175,5988.8730352941175
12644.0,2011-08-02 10:33:00,2011-08-02 10:33:00,31,477.90999999999997,15.416451612903225,943.64,0.0328515111695138,174570.9648,174570.9648
12645.0,2011-01-27 13:08:00,2011-11-06 12:38:00,73,1775.18,24.31753424657534,7.8798581560283685,9.264126149802891,2299.4246468085103,2299.4246468085103
12646.0,2011-10-21 12:52:00,2011-12-05 10:14:00,45,1346.97,29.932666666666666,31.131818181818183,1.445466491458607,11182.300036363637,11182.300036363637
12647.0,2010-12-05 14:02:00,2011-11-17 12:56:00,121,3722.82,30.76710743801653,10.645202312138728,11.366622864651774,3930.264998843931,3930.264998843931
12648.0,2011-07-08 11:55:00,2011-07-08 11:55:00,21,318.05,15.145238095238096,639.24,0.0328515111695138,116177.304,116177.304
12649.0,2011-05-11 14:37:00,2011-08-24 14:41:00,31,623.51,20.113225806451613,8.987047619047619,3.4494086727989486,2169.102217142857,2169.102217142857
12650.0,2011-12-06 16:34:00,2011-12-06 16:34:00,20,314.44,15.722,608.8,0.0328515111695138,114858.64319999999,114858.64319999999
12651.0,2011-01-09 12:46:00,2011-01-09 12:46:00,9,114.0,12.666666666666666,273.96,0.0328515111695138,41641.91999999999,41641.91999999999
12652.0,2011-01-12 15:00:00,2011-01-12 15:00:00,48,919.98,19.16625,1461.12,0.0328515111695138,336050.2944,336050.2944
12653.0,2011-02-16 10:53:00,2011-07-14 10:41:00,43,2209.85,51.391860465116274,8.90421768707483,4.829172141918528,5491.25175510204,5491.25175510204
12654.0,2011-02-17 13:16:00,2011-11-29 10:10:00,38,601.98,15.841578947368422,4.072957746478873,9.329829172141919,774.2649802816902,774.2649802816902
12656.0,2011-04-20 09:20:00,2011-11-22 13:42:00,126,4051.17,32.152142857142856,17.756666666666668,7.09592641261498,6850.9786,6850.9786
12657.0,2011-09-22 11:40:00,2011-11-28 15:47:00,47,1643.18,34.961276595744685,21.353432835820897,2.2010512483574245,8958.519259701494,8958.519259701494
12658.0,2011-11-21 10:22:00,2011-11-21 10:22:00,36,686.05,19.056944444444444,1095.84,0.0328515111695138,250600.34399999998,250600.34399999998
12659.0,2011-11-10 11:53:00,2011-11-10 11:53:00,5,91.68,18.336000000000002,152.2,0.0328515111695138,33488.8704,33488.8704
12660.0,2011-11-28 13:26:00,2011-11-28 13:26:00,13,245.10000000000002,18.853846153846156,395.71999999999997,0.0328515111695138,89530.128,89530.128
12662.0,2010-12-01 13:04:00,2011-12-09 11:59:00,230,3849.78,16.73817391304348,18.82043010752688,12.220762155059132,3780.235587096774,3780.235587096774
12664.0,2011-01-21 11:42:00,2011-12-01 17:07:00,37,4881.88,131.94270270270272,3.58687898089172,10.315374507227332,5679.150084076434,5679.150084076434
12665.0,2011-01-19 08:34:00,2011-01-19 08:34:00,3,63.0,21.0,91.32,0.0328515111695138,23012.64,23012.64
12667.0,2011-10-12 17:00:00,2011-10-12 17:00:00,33,620.13,18.791818181818183,1004.52,0.0328515111695138,226521.0864,226521.0864
12668.0,2010-12-19 12:46:00,2011-11-28 10:56:00,161,3807.15,23.64689440993789,14.288163265306125,11.268068331143231,4054.4482565597673,4054.4482565597673
12669.0,2011-03-28 10:15:00,2011-07-12 09:54:00,101,2744.0299999999997,27.168613861386135,29.280380952380956,3.4494086727989486,9546.088365714286,9546.088365714286
12670.0,2011-04-21 10:16:00,2011-11-29 15:23:00,92,2996.05,32.56576086956522,12.614774774774775,7.293035479632063,4929.716864864865,4929.716864864865
12672.0,2011-01-14 09:20:00,2011-01-14 09:20:00,10,225.9,22.59,304.4,0.0328515111695138,82516.752,82516.752
12673.0,2011-01-17 11:46:00,2011-12-04 13:55:00,42,610.52,14.536190476190475,3.9828037383177572,10.545335085413928,694.7375252336449,694.7375252336449
12674.0,2011-05-16 09:10:00,2011-11-01 12:12:00,83,1970.6,23.742168674698792,14.9498224852071,5.551905387647832,4259.2944852071,4259.2944852071
12676.0,2011-02-01 15:41:00,2011-11-15 12:25:00,45,1331.39,29.586444444444446,4.78951048951049,9.395532194480946,1700.4550321678325,1700.4550321678325
12678.0,2010-12-21 11:00:00,2011-10-28 13:04:00,165,17628.46,106.83915151515151,16.14983922829582,10.21681997371879,20705.22144308682,20705.22144308682
12679.0,2011-03-01 12:26:00,2011-10-12 12:30:00,48,1113.02,23.187916666666666,6.493866666666667,7.391590013140604,1806.9508693333335,1806.9508693333335
12680.0,2011-08-18 15:44:00,2011-12-09 12:50:00,52,862.81,16.592499999999998,14.132857142857144,3.679369250985545,2813.9931857142856,2813.9931857142856
12681.0,2010-12-07 10:08:00,2011-11-25 11:33:00,638,13787.54,21.610564263322885,55.01620396600567,11.59658344283837,14267.17453597734,14267.17453597734
12682.0,2010-12-03 13:59:00,2011-12-06 10:00:00,525,12288.22,23.406133333333333,43.5449591280654,12.056504599211562,12230.62943215259,12230.62943215259
12683.0,2010-12-09 10:37:00,2011-12-05 16:31:00,344,8476.57,24.641191860465117,29.006537396121885,11.85939553219448,8577.067838227147,8577.067838227147
12684.0,2011-05-10 12:55:00,2011-12-02 09:53:00,105,2283.63,21.748857142857144,15.591219512195122,6.734559789750328,4069.094470243903,4069.094470243903
12685.0,2011-09-07 10:28:00,2011-11-11 13:46:00,157,2863.08,18.236178343949042,73.52430769230769,2.135348226018397,16089.628652307689,16089.628652307689
12686.0,2010-12-03 09:51:00,2010-12-03 09:51:00,7,89.14,12.734285714285715,213.07999999999998,0.0328515111695138,32561.059200000003,32561.059200000003
12688.0,2011-08-18 08:49:00,2011-08-18 08:49:00,171,4873.81,28.50181286549708,5205.24,0.0328515111695138,1780305.3168000001,535875.9878400022
12689.0,2011-08-04 10:04:00,2011-11-14 08:31:00,72,1247.6100000000001,17.327916666666667,21.69980198019802,3.3180026281208934,4512.148324752476,4512.148324752476
12690.0,2011-05-18 09:09:00,2011-05-18 09:09:00,16,389.01,24.313125,487.03999999999996,0.0328515111695138,142097.5728,142097.5728
12691.0,2010-12-17 14:46:00,2011-11-11 16:49:00,32,1035.8,32.36875,2.960729483282675,10.808147174770038,1150.021349544073,1150.021349544073
12693.0,2011-01-24 12:58:00,2011-08-04 17:51:00,39,855.91,21.946410256410257,6.183125,6.307490144546649,1628.3687750000004,1628.3687750000004
12694.0,2011-06-09 17:48:00,2011-09-30 13:06:00,37,869.67,23.504594594594593,10.056071428571428,3.679369250985545,2836.3665857142855,2836.3665857142855
12695.0,2011-05-13 13:15:00,2011-12-02 13:22:00,27,582.1,21.55925925925926,4.048669950738916,6.668856767411301,1047.4359014778327,1047.4359014778327
12697.0,2011-06-23 15:44:00,2011-11-11 08:47:00,41,957.59,23.355853658536585,8.914571428571428,4.599211563731932,2498.4891085714285,2498.4891085714285
12700.0,2011-05-08 16:10:00,2011-12-02 10:47:00,268,4939.99,18.432798507462685,39.41024154589372,6.800262812089356,8717.292498550723,8717.292498550723
12701.0,2011-04-11 13:02:00,2011-09-21 10:47:00,53,797.71,15.051132075471699,9.958765432098765,5.321944809461235,1798.6883259259262,1798.6883259259262
12702.0,2011-11-20 10:36:00,2011-11-20 10:36:00,12,219.0,18.25,365.28,0.0328515111695138,79996.31999999999,79996.31999999999
12703.0,2011-09-29 17:52:00,2011-09-29 17:52:00,21,283.55,13.502380952380953,639.24,0.0328515111695138,103575.144,103575.144
12704.0,2011-06-23 10:20:00,2011-12-02 13:15:00,88,2340.84,26.600454545454546,16.53530864197531,5.321944809461235,5278.160711111112,5278.160711111112
12705.0,2010-12-17 15:58:00,2011-11-24 13:17:00,334,6868.29,20.56374251497006,29.815131964809385,11.202365308804204,7357.328361290323,7357.328361290323
12707.0,2011-02-21 08:38:00,2011-02-21 08:38:00,33,603.42,18.285454545454545,1004.52,0.0328515111695138,220417.2576,220417.2576
12708.0,2010-12-06 10:43:00,2011-11-10 09:52:00,157,2712.91,17.27968152866242,14.139289940828403,11.103810775295663,2931.869126627219,2931.869126627219
12709.0,2010-12-08 09:49:00,2011-11-24 15:38:00,208,9736.52,46.81019230769231,18.03851851851852,11.530880420499342,10132.63824957265,10132.63824957265
12710.0,2011-05-22 14:05:00,2011-09-04 12:00:00,77,1149.02,14.922337662337663,22.537307692307692,3.416557161629435,4035.7117846153847,4035.7117846153847
12712.0,2010-12-03 14:30:00,2011-11-11 08:19:00,133,4396.13,33.053609022556394,11.837777777777777,11.235216819973719,4695.375340350877,4695.375340350877
12713.0,2011-12-09 12:16:00,2011-12-09 12:16:00,38,848.55,22.330263157894734,1156.72,0.0328515111695138,309958.344,309958.344
12714.0,2011-02-18 10:53:00,2011-11-30 15:43:00,259,4708.86,18.18092664092664,27.663017543859652,9.362680683311432,6035.271511578947,6035.271511578947
12715.0,2011-08-25 15:22:00,2011-08-25 15:22:00,21,353.86,16.85047619047619,639.24,0.0328515111695138,129257.9808,129257.9808
12716.0,2011-07-29 13:28:00,2011-12-06 08:55:00,69,1053.49,15.267971014492753,16.281860465116278,4.23784494086728,2983.0916837209297,2983.0916837209297
12717.0,2011-04-08 10:32:00,2011-07-11 14:47:00,55,1030.98,18.74509090909091,17.81063829787234,3.088042049934297,4006.3444085106385,4006.3444085106385
12718.0,2011-09-29 16:38:00,2011-09-29 16:38:00,19,238.25,12.539473684210526,578.36,0.0328515111695138,87027.95999999999,87027.95999999999
12719.0,2011-10-05 14:50:00,2011-12-04 13:45:00,39,644.95,16.53717948717949,20.12135593220339,1.938239159001314,3993.005694915255,3993.005694915255
12720.0,2010-12-05 15:21:00,2011-12-07 08:03:00,354,5781.7300000000005,16.33257062146893,29.441967213114754,12.02365308804205,5770.356104918033,5770.356104918033
12721.0,2010-12-20 11:38:00,2011-11-08 12:13:00,161,2656.13,16.497701863354038,15.172879256965945,10.611038107752956,3003.811660681115,3003.811660681115
12722.0,2011-07-12 11:55:00,2011-09-15 14:50:00,53,997.63,18.82320754716981,24.82030769230769,2.135348226018397,5606.373636923076,5606.373636923076
12723.0,2011-10-05 15:52:00,2011-12-06 10:19:00,69,725.07,10.508260869565218,34.43213114754098,2.0039421813403417,4341.861796721311,4341.861796721311
12724.0,2011-01-11 15:00:00,2011-12-04 16:02:00,53,1031.41,19.460566037735852,4.933700305810398,10.74244415243101,1152.15120733945,1152.15120733945
12725.0,2010-12-03 15:45:00,2010-12-03 15:45:00,24,427.8,17.825,730.56,0.0328515111695138,156266.78399999999,156266.78399999999
12726.0,2010-12-17 12:56:00,2011-11-11 13:35:00,124,2609.1,21.041129032258063,11.472826747720365,10.808147174770038,2896.81473556231,2896.81473556231
12727.0,2011-01-23 15:17:00,2011-11-29 11:46:00,139,3980.7000000000003,28.63812949640288,13.693074433656959,10.151116951379763,4705.728466019418,4705.728466019418
12728.0,2011-01-11 13:31:00,2011-09-29 15:31:00,46,836.33,18.18108695652174,5.364904214559387,8.5742444152431,1170.47748045977,1170.47748045977
12729.0,2011-08-18 11:40:00,2011-08-18 11:40:00,26,453.01,17.423461538461538,791.4399999999999,0.0328515111695138,165475.49279999998,165475.49279999998
12731.0,2010-12-10 10:56:00,2011-11-16 11:59:00,274,18895.91,68.96317518248175,24.459120234604107,11.202365308804204,20241.343122580645,20241.343122580645
12732.0,2011-06-13 11:33:00,2011-06-13 11:33:00,12,236.26000000000002,19.688333333333336,365.28,0.0328515111695138,86301.0528,86301.0528
12733.0,2011-04-19 16:19:00,2011-04-19 16:19:00,22,383.95,17.452272727272728,669.68,0.0328515111695138,140249.256,140249.256
12734.0,2010-12-22 12:47:00,2010-12-22 12:47:00,4,110.39999999999999,27.599999999999998,121.75999999999999,0.0328515111695138,40326.912,40326.912
12735.0,2011-01-06 14:26:00,2011-01-28 13:37:00,43,779.5699999999999,18.12953488372093,62.32952380952381,0.6898817345597897,13560.063314285715,13560.063314285715
12736.0,2011-01-11 07:57:00,2011-01-11 07:57:00,4,234.0,58.5,121.75999999999999,0.0328515111695138,85475.51999999999,85475.51999999999
12738.0,2010-12-02 18:27:00,2010-12-02 18:27:00,11,155.35,14.122727272727273,334.84,0.0328515111695138,56746.24799999999,56746.24799999999
12739.0,2011-09-01 17:45:00,2011-09-22 13:00:00,38,1013.04,26.658947368421053,57.836,0.657030223390276,18502.16256,18502.16256
12740.0,2011-10-07 10:44:00,2011-10-07 10:44:00,27,427.6,15.837037037037037,821.88,0.0328515111695138,156193.728,156193.728
12743.0,2011-07-28 16:06:00,2011-07-28 16:21:00,134,546.43,4.077835820895522,4078.96,0.0328515111695138,199599.95039999997,199599.95039999997
12744.0,2011-01-25 13:26:00,2011-10-19 11:18:00,222,21279.29,95.85265765765766,25.40481203007519,8.73850197109067,29221.42500451128,29221.42500451128
12747.0,2010-12-05 15:38:00,2011-12-07 14:34:00,103,4196.01,40.737961165048546,8.566448087431695,12.02365308804205,4187.755554098361,4187.755554098361
12748.0,2010-12-01 12:48:00,2011-12-09 12:20:00,4595,33719.73,7.338352557127313,375.9994623655914,12.220762155059132,33110.599393548386,33110.599393548386
12749.0,2011-05-10 15:25:00,2011-12-06 09:56:00,199,4090.88,20.55718592964824,28.98354066985646,6.865965834428383,7149.840413397129,7149.840413397129
12750.0,2011-08-03 09:13:00,2011-08-03 09:13:00,15,275.88,18.392,456.59999999999997,0.0328515111695138,100773.44639999999,100773.44639999999
12752.0,2011-09-19 13:32:00,2011-09-19 13:32:00,53,4366.78,82.3920754716981,1613.32,0.0328515111695138,1595097.3983999998,535875.9878400022
12753.0,2010-12-12 11:44:00,2011-11-17 10:52:00,197,21429.39,108.77862944162436,17.689321533923305,11.136662286465176,23090.64182654867,23090.64182654867
12754.0,2011-02-04 10:31:00,2011-04-18 09:00:00,63,3010.74,47.78952380952381,26.634999999999998,2.3653088042049935,15274.487599999999,15274.487599999999
12755.0,2010-12-09 10:44:00,2011-03-04 12:42:00,4,3811.9500000000003,952.9875000000001,1.4324705882352942,2.7923784494086727,16381.518776470588,16381.518776470588
12756.0,2011-09-14 09:31:00,2011-09-14 09:31:00,4,112.08,28.02,121.75999999999999,0.0328515111695138,40940.5824,40940.5824
12757.0,2011-05-12 19:01:00,2011-11-24 12:30:00,371,7857.1,21.178167115902966,57.91405128205128,6.40604467805519,14718.161476923076,14718.161476923076
12758.0,2011-03-08 12:05:00,2011-08-15 10:22:00,97,2791.59,28.779278350515465,18.570314465408806,5.223390275952694,6413.282988679246,6413.282988679246
12759.0,2011-03-09 08:09:00,2011-10-18 14:49:00,95,1531.44,16.12042105263158,12.967713004484306,7.3258869908015765,2508.5399246636775,2508.5399246636775
12762.0,2011-11-14 14:23:00,2011-12-02 10:23:00,69,1898.52,27.51478260869565,123.55058823529411,0.5584756898817346,40793.610917647056,40793.610917647056
12763.0,2010-12-05 15:46:00,2011-07-24 14:12:00,18,494.08,27.448888888888888,2.3822608695652177,7.555847568988173,784.6849669565219,784.6849669565219
12764.0,2011-01-27 10:19:00,2011-01-27 10:19:00,45,1693.88,37.64177777777778,1369.8,0.0328515111695138,618740.4864,535875.9878400022
12766.0,2010-12-08 13:53:00,2011-12-06 08:46:00,310,6989.63,22.547193548387096,26.06740331491713,11.892247043363994,7052.961454143646,7052.961454143646
12769.0,2011-04-15 10:25:00,2011-04-15 10:25:00,32,1143.6,35.7375,974.0799999999999,0.0328515111695138,417734.2079999999,417734.2079999999
12770.0,2011-05-13 09:33:00,2011-05-13 09:33:00,12,1351.45,112.62083333333334,365.28,0.0328515111695138,493657.65599999996,493657.65599999996
12772.0,2011-10-11 09:19:00,2011-10-11 09:19:00,55,892.47,16.226727272727274,1674.2,0.0328515111695138,326001.4416,326001.4416
12775.0,2011-02-01 13:45:00,2011-11-22 16:33:00,66,1386.04,21.00060606060606,6.833469387755102,9.658344283837057,1722.0839836734694,1722.0839836734694
12778.0,2011-01-31 14:35:00,2011-11-20 11:30:00,50,822.23,16.4446,5.212328767123288,9.592641261498029,1028.5759397260276,1028.5759397260276
12779.0,2010-12-03 13:40:00,2011-11-02 11:43:00,149,3981.36,26.72053691275168,13.620300300300302,10.939553219448094,4367.300843243243,4367.300843243243
12781.0,2011-02-28 08:43:00,2011-10-07 10:37:00,25,826.74,33.0696,3.4434389140271495,7.260183968462549,1366.4777701357466,1366.4777701357466
12782.0,2010-12-17 11:30:00,2011-12-05 09:16:00,103,2330.92,22.630291262135923,8.907159090909092,11.563731931668856,2418.859254545455,2418.859254545455
12783.0,2011-09-25 15:35:00,2011-12-07 15:56:00,84,2225.91,26.49892857142857,35.026849315068496,2.3981603153745072,11138.087736986303,11138.087736986303
12784.0,2011-11-24 12:53:00,2011-11-30 15:38:00,59,574.42,9.73593220338983,299.32666666666665,0.19710906701708278,34970.68959999999,34970.68959999999
12785.0,2010-12-10 13:48:00,2010-12-10 13:48:00,14,311.95,22.282142857142855,426.15999999999997,0.0328515111695138,113949.09599999998,113949.09599999998
12787.0,2011-05-31 09:36:00,2011-11-30 08:44:00,20,463.66,23.183,3.345054945054945,5.978975032851511,930.5809054945056,930.5809054945056
12789.0,2011-10-05 13:34:00,2011-10-05 13:34:00,4,91.85,22.9625,121.75999999999999,0.0328515111695138,33550.96799999999,33550.96799999999
12790.0,2011-05-31 14:14:00,2011-05-31 14:14:00,21,324.92,15.472380952380954,639.24,0.0328515111695138,118686.77760000003,118686.77760000003
12791.0,2010-12-01 11:27:00,2010-12-01 11:27:00,2,192.60000000000002,96.30000000000001,60.879999999999995,0.0328515111695138,70352.92800000001,70352.92800000001
12792.0,2011-03-28 11:36:00,2011-03-28 11:36:00,25,400.54,16.0216,761.0,0.0328515111695138,146309.2512,146309.2512
12793.0,2010-12-03 15:14:00,2011-01-09 12:12:00,24,545.48,22.728333333333335,20.293333333333333,1.1826544021024967,5534.803733333333,5534.803733333333
12794.0,2011-09-02 12:01:00,2011-10-17 14:54:00,45,860.41,19.12022222222222,30.44,1.4783180026281209,6984.234773333334,6984.234773333334
12795.0,2011-11-21 10:27:00,2011-11-21 10:27:00,14,430.48,30.74857142857143,426.15999999999997,0.0328515111695138,157245.73440000002,157245.73440000002
12797.0,2010-12-09 10:55:00,2010-12-09 10:55:00,13,254.03,19.540769230769232,395.71999999999997,0.0328515111695138,92792.0784,92792.0784
12798.0,2011-06-22 10:11:00,2011-11-29 15:52:00,8,6977.04,872.13,1.522,5.256241787122208,15928.58232,15928.58232
12802.0,2011-06-06 09:36:00,2011-06-06 09:36:00,25,427.58,17.1032,761.0,0.0328515111695138,156186.4224,156186.4224
12808.0,2010-12-06 10:27:00,2011-11-03 10:05:00,28,483.65000000000003,17.273214285714285,2.574984894259819,10.873850197109066,533.7391903323263,533.7391903323263
12809.0,2011-06-15 10:51:00,2011-06-15 10:51:00,25,489.31,19.572400000000002,761.0,0.0328515111695138,178735.15680000003,178735.15680000003
12811.0,2011-02-28 15:39:00,2011-03-24 09:42:00,31,514.85,16.608064516129033,41.02782608695652,0.7555847568988173,8176.713391304349,8176.713391304349
12812.0,2011-10-26 09:54:00,2011-10-26 09:54:00,15,229.64000000000001,15.309333333333335,456.59999999999997,0.0328515111695138,83882.8992,83882.8992
12814.0,2011-08-30 12:11:00,2011-08-30 12:11:00,2,125.92,62.96,60.879999999999995,0.0328515111695138,45996.0576,45996.0576
12815.0,2011-05-25 13:34:00,2011-07-15 10:21:00,47,1063.46,22.6268085106383,28.6136,1.6425755584756898,7769.2133760000015,7769.2133760000015
12816.0,2011-06-16 13:24:00,2011-09-05 12:41:00,29,572.2,19.731034482758623,11.0345,2.628120893561104,2612.6652000000004,2612.6652000000004
12817.0,2011-03-03 16:28:00,2011-03-03 16:28:00,4,166.04000000000002,41.510000000000005,121.75999999999999,0.0328515111695138,60651.091199999995,60651.091199999995
12818.0,2011-03-23 12:06:00,2011-03-23 12:06:00,14,1542.08,110.14857142857143,426.15999999999997,0.0328515111695138,563290.9824,535875.9878400022
12820.0,2011-01-17 12:34:00,2011-12-06 15:12:00,59,942.34,15.97186440677966,5.560247678018577,10.611038107752956,1065.69026377709,1065.69026377709
12821.0,2011-05-09 15:51:00,2011-05-09 15:51:00,6,92.72,15.453333333333333,182.64,0.0328515111695138,33868.7616,33868.7616
12822.0,2011-09-13 13:46:00,2011-09-30 10:04:00,46,948.88,20.62782608695652,87.515,0.5256241787122208,21662.930399999997,21662.930399999997
12823.0,2011-02-16 12:15:00,2011-09-26 07:35:00,5,1759.5,351.9,0.6886877828054299,7.260183968462549,2908.190769230769,2908.190769230769
12824.0,2011-10-11 12:49:00,2011-10-11 12:49:00,25,397.12,15.8848,761.0,0.0328515111695138,145059.9936,145059.9936
12826.0,2010-12-09 15:21:00,2011-12-07 10:25:00,91,1474.72,16.205714285714286,7.652044198895028,11.892247043363994,1488.0821038674035,1488.0821038674035
12827.0,2011-10-26 15:44:00,2011-12-04 12:17:00,25,430.15,17.206,20.026315789473685,1.2483574244415243,4134.873473684211,4134.873473684211
12828.0,2011-08-01 16:16:00,2011-12-07 08:45:00,56,1018.71,18.19125,13.42236220472441,4.1721419185282524,2930.034557480315,2930.034557480315
12829.0,2010-12-14 14:54:00,2011-01-07 11:13:00,11,293.0,26.636363636363637,14.558260869565219,0.7555847568988173,4653.3495652173915,4653.3495652173915
12830.0,2011-06-21 10:53:00,2011-11-02 11:54:00,38,6814.64,179.33263157894737,8.632238805970148,4.402102496714849,18576.505217910446,18576.505217910446
12831.0,2011-03-22 13:02:00,2011-03-22 13:02:00,9,215.05,23.894444444444446,273.96,0.0328515111695138,78553.464,78553.464
12832.0,2011-09-02 13:48:00,2011-11-07 13:30:00,27,383.03000000000003,14.186296296296298,12.644307692307692,2.135348226018397,2152.5107446153847,2152.5107446153847
12833.0,2011-07-17 13:46:00,2011-07-17 13:46:00,24,417.38,17.390833333333333,730.56,0.0328515111695138,152460.56639999998,152460.56639999998
12834.0,2011-03-02 09:49:00,2011-03-02 09:49:00,18,312.38,17.354444444444443,547.92,0.0328515111695138,114106.16639999999,114106.16639999999
12836.0,2011-02-01 11:19:00,2011-10-11 15:10:00,175,2612.86,14.930628571428572,21.13888888888889,8.278580814717477,3787.4027809523814,3787.4027809523814
12837.0,2011-06-19 16:07:00,2011-06-19 16:07:00,12,134.1,11.174999999999999,365.28,0.0328515111695138,48984.047999999995,48984.047999999995
12838.0,2010-12-01 11:57:00,2011-11-06 12:20:00,123,683.13,5.55390243902439,11.012117647058824,11.169513797634691,733.9227247058824,733.9227247058824
12839.0,2010-12-07 15:48:00,2011-12-07 12:33:00,314,5591.42,17.80707006369427,26.25868131868132,11.957950065703022,5611.082136263736,5611.082136263736
12840.0,2011-04-27 12:21:00,2011-07-19 09:29:00,113,2726.77,24.13070796460177,41.94780487804878,2.6938239159001314,12146.76275121951,12146.76275121951
12841.0,2010-12-03 10:43:00,2011-12-05 11:13:00,420,4022.35,9.577023809523808,34.83596730245232,12.056504599211562,4003.4986594005445,4003.4986594005445
12842.0,2011-02-04 12:36:00,2011-09-30 15:33:00,34,1118.99,32.9114705882353,4.348571428571429,7.818659658344283,1717.4145680672268,1717.4145680672268
12843.0,2011-03-20 14:38:00,2011-10-05 12:09:00,103,1702.26,16.526796116504855,15.834949494949496,6.504599211563732,3140.411781818182,3140.411781818182
12844.0,2011-08-01 13:11:00,2011-11-10 13:31:00,52,325.96000000000004,6.268461538461539,15.672079207920794,3.3180026281208934,1178.8779089108912,1178.8779089108912
12845.0,2011-02-22 14:10:00,2011-03-17 13:34:00,27,354.09000000000003,13.114444444444446,37.35818181818182,0.7227332457293035,5879.181600000001,5879.181600000001
12847.0,2011-11-17 13:16:00,2011-11-17 13:16:00,91,871.54,9.577362637362636,2770.04,0.0328515111695138,318356.13119999995,318356.13119999995
12849.0,2011-03-16 12:26:00,2011-11-08 13:41:00,51,1050.89,20.605686274509807,6.550379746835444,7.7858081471747695,1619.7008405063293,1619.7008405063293
12851.0,2011-09-04 12:41:00,2011-09-04 12:41:00,50,135.18,2.7036000000000002,1522.0,0.0328515111695138,49378.55040000001,49378.55040000001
12852.0,2011-02-18 08:47:00,2011-02-18 08:47:00,17,311.55,18.326470588235296,517.48,0.0328515111695138,113802.984,113802.984
12853.0,2011-01-28 10:28:00,2011-07-28 11:29:00,78,1957.1000000000001,25.09102564102564,13.11779005524862,5.946123521681997,3949.665679558011,3949.665679558011
12854.0,2011-01-25 13:35:00,2011-09-22 12:15:00,110,1324.5,12.040909090909091,14.010041841004185,7.851511169513797,2024.3236820083685,2024.3236820083685
12855.0,2010-12-02 09:37:00,2010-12-02 09:37:00,3,38.1,12.700000000000001,91.32,0.0328515111695138,13917.168000000001,13917.168000000001
12856.0,2011-10-07 12:38:00,2011-12-02 10:52:00,314,2179.93,6.942452229299363,173.78472727272728,1.8068331143232588,14477.906007272728,14477.906007272728
12857.0,2011-02-10 12:32:00,2011-05-13 10:20:00,46,1106.4,24.05217391304348,15.387252747252747,2.9894875164257555,4441.16254945055,4441.16254945055
12863.0,2011-10-18 14:15:00,2011-10-18 14:15:00,5,521.2,104.24000000000001,152.2,0.0328515111695138,190383.936,190383.936
12864.0,2011-07-24 13:03:00,2011-07-24 13:03:00,3,147.12,49.04,91.32,0.0328515111695138,53739.99359999999,53739.99359999999
12865.0,2011-08-08 10:11:00,2011-11-13 14:31:00,95,1568.23,16.507684210526318,29.81237113402062,3.1865965834428382,5905.598498969072,5905.598498969072
12866.0,2011-03-01 14:11:00,2011-03-01 14:11:00,26,559.12,21.504615384615384,791.4399999999999,0.0328515111695138,204235.35359999997,204235.35359999997
12867.0,2010-12-14 16:39:00,2011-11-13 15:30:00,538,4036.82,7.503382899628253,49.17933933933934,10.939553219448094,4428.136965765767,4428.136965765767
12868.0,2010-12-01 12:50:00,2011-06-07 10:42:00,107,1607.0600000000002,15.0192523364486,17.417540106951872,6.14323258869908,3139.1811593582893,3139.1811593582893
12871.0,2011-05-16 13:32:00,2011-09-16 15:07:00,11,380.64,34.60363636363636,2.7222764227642275,4.040735873850197,1130.4079609756095,1130.4079609756095
12872.0,2010-12-09 14:44:00,2011-01-17 10:52:00,66,599.97,9.090454545454547,52.869473684210526,1.2483574244415243,5767.290568421054,5767.290568421054
12873.0,2011-03-02 14:58:00,2011-03-02 14:58:00,4,374.0,93.5,121.75999999999999,0.0328515111695138,136614.72,136614.72
12875.0,2010-12-12 12:03:00,2011-07-19 15:30:00,2,343.2300000000001,171.61500000000004,0.2779908675799087,7.194480946123521,572.4888328767125,572.4888328767125
12876.0,2011-05-27 13:34:00,2011-10-13 12:26:00,85,2218.02,26.09435294117647,18.74927536231884,4.533508541392904,5871.002504347826,5871.002504347826
12877.0,2010-12-16 12:23:00,2011-12-06 10:30:00,154,1535.77,9.972532467532467,13.24225988700565,11.629434954007884,1584.7064,1584.7064
12878.0,2011-03-18 14:02:00,2011-04-17 13:07:00,47,854.99,18.191276595744682,49.33379310344828,0.9526938239159001,10769.33611034483,10769.33611034483
12879.0,2011-09-09 12:11:00,2011-10-26 12:24:00,10,573.22,57.322,6.476595744680851,1.5440210249671484,4455.017055319149,4455.017055319149
12881.0,2011-03-09 11:44:00,2011-03-09 11:44:00,7,298.0,42.57142857142857,213.07999999999998,0.0328515111695138,108853.43999999999,108853.43999999999
12882.0,2011-11-06 11:22:00,2011-11-30 16:18:00,13,1463.04,112.54153846153847,16.488333333333333,0.7884362680683311,22267.4688,22267.4688
12883.0,2011-09-11 15:18:00,2011-11-15 09:32:00,42,703.47,16.749285714285715,19.97625,2.102496714848883,4015.0550250000006,4015.0550250000006
12884.0,2011-09-12 13:10:00,2011-09-12 13:10:00,7,309.05,44.15,213.07999999999998,0.0328515111695138,112889.78399999999,112889.78399999999
12885.0,2011-08-08 11:45:00,2011-10-07 13:40:00,71,1175.22,16.552394366197184,36.02066666666667,1.9710906701708277,7154.739360000001,7154.739360000001
12886.0,2011-05-04 11:21:00,2011-10-03 10:09:00,82,1378.4,16.809756097560978,16.530331125827814,4.9605781865965834,3334.450013245033,3334.450013245033
12888.0,2011-03-29 14:31:00,2011-05-09 16:02:00,5,354.12,70.824,3.7121951219512197,1.3469119579500657,3154.950087804878,3154.950087804878
12890.0,2011-11-15 17:26:00,2011-11-15 17:26:00,82,380.46999999999997,4.639878048780488,2496.08,0.0328515111695138,138978.08159999998,138978.08159999998
12891.0,2011-02-20 11:28:00,2011-06-07 12:31:00,3,331.0,110.33333333333333,0.8534579439252337,3.515111695137976,1129.9783177570093,1129.9783177570093
12893.0,2011-11-09 12:34:00,2011-11-09 12:34:00,34,188.14,5.533529411764706,1034.96,0.0328515111695138,68723.7792,68723.7792
12895.0,2011-09-14 08:35:00,2011-10-28 13:51:00,22,372.8,16.945454545454545,15.22,1.445466491458607,3094.9178181818183,3094.9178181818183
12897.0,2011-02-11 11:40:00,2011-05-19 12:13:00,4,216.5,54.125,1.255257731958763,3.1865965834428382,815.2898969072166,815.2898969072166
12901.0,2011-03-14 10:41:00,2011-12-01 10:07:00,116,17654.54,152.19431034482758,13.52888888888889,8.5742444152431,24708.238970114944,24708.238970114944
12902.0,2011-03-20 12:06:00,2011-03-20 12:06:00,10,138.68,13.868,304.4,0.0328515111695138,50657.03039999999,50657.03039999999
12904.0,2011-06-20 13:18:00,2011-11-21 14:34:00,72,509.58,7.0775,14.23168831168831,5.059132720105125,1208.6972883116882,1208.6972883116882
12906.0,2011-09-22 15:03:00,2011-11-28 09:55:00,63,2919.81,46.34619047619047,29.056363636363635,2.1681997371879107,16159.821163636363,16159.821163636363
12908.0,2011-01-31 12:37:00,2011-06-16 15:39:00,2,750.0,375.0,0.4476470588235294,4.467805519053877,2014.4117647058824,2014.4117647058824
12909.0,2011-03-31 12:51:00,2011-10-31 12:43:00,91,2178.67,23.941428571428574,13.004882629107982,6.9973718791064385,3736.2656225352116,3736.2656225352116
12910.0,2011-04-12 10:01:00,2011-11-16 14:28:00,75,3075.04,41.00053333333333,10.472477064220184,7.1616294349540075,5152.525739449541,5152.525739449541
12912.0,2011-10-30 11:35:00,2011-12-07 08:55:00,24,1662.3,69.2625,19.744864864864866,1.2155059132720105,16410.944432432436,16410.944432432436
12913.0,2010-12-06 16:36:00,2011-12-05 12:11:00,50,2483.63,49.6726,4.192837465564739,11.925098554533507,2499.2296595041325,2499.2296595041325
12915.0,2010-12-02 12:33:00,2011-07-14 11:34:00,22,363.65,16.529545454545453,3.0030493273542604,7.3258869908015765,595.6684843049327,595.6684843049327
12916.0,2011-01-23 10:43:00,2011-07-24 10:35:00,107,3006.15,28.094859813084113,17.994917127071822,5.946123521681997,6066.77608839779,6066.77608839779
12917.0,2011-08-03 16:42:00,2011-08-03 16:42:00,2,594.0,297.0,60.879999999999995,0.0328515111695138,216976.31999999995,216976.31999999995
12919.0,2011-06-23 09:22:00,2011-12-01 13:47:00,50,1335.19,26.7038,9.453416149068323,5.289093298291721,3029.305609937888,3029.305609937888
12920.0,2011-11-22 15:05:00,2011-11-22 15:05:00,28,164.23,5.8653571428571425,852.3199999999999,0.0328515111695138,59989.9344,59989.9344
12921.0,2010-12-01 15:06:00,2011-11-30 16:22:00,720,16587.09,23.037625,60.21098901098901,11.957950065703022,16645.418228571427,16645.418228571427
12922.0,2011-07-01 15:35:00,2011-07-01 15:35:00,28,405.38,14.477857142857143,852.3199999999999,0.0328515111695138,148077.2064,148077.2064
12923.0,2011-10-06 16:20:00,2011-10-06 16:20:00,29,176.97,6.102413793103448,882.76,0.0328515111695138,64643.6016,64643.6016
12924.0,2011-01-16 11:49:00,2011-09-12 13:55:00,30,933.7,31.123333333333335,3.8209205020920503,7.851511169513797,1427.037389121339,1427.037389121339
12925.0,2011-09-26 11:05:00,2011-12-05 11:11:00,45,694.05,15.423333333333332,19.568571428571428,2.299605781865966,3621.7511999999997,3621.7511999999997
12928.0,2010-12-15 15:45:00,2011-11-04 14:24:00,84,2062.7,24.55595238095238,7.916284829721363,10.611038107752956,2332.702959752322,2332.702959752322
12929.0,2011-02-01 12:08:00,2011-02-01 12:08:00,8,117.85,14.73125,243.51999999999998,0.0328515111695138,43048.24799999999,43048.24799999999
12930.0,2011-06-21 13:25:00,2011-09-22 15:18:00,25,415.8,16.632,8.182795698924732,3.055190538764783,1633.1550967741937,1633.1550967741937
12931.0,2010-12-17 09:45:00,2011-11-18 12:39:00,82,42055.96,512.8775609756098,7.428809523809524,11.038107752956636,45720.836514285715,45720.836514285715
12933.0,2011-03-01 11:30:00,2011-11-15 16:38:00,106,607.53,5.7314150943396225,12.458069498069499,8.508541392904073,856.8284108108107,856.8284108108107
12935.0,2011-01-24 13:58:00,2011-12-07 17:25:00,129,2160.7,16.749612403100773,12.387255520504732,10.413929040735873,2489.780744479495,2489.780744479495
12936.0,2011-09-22 13:51:00,2011-11-22 17:32:00,62,1063.9,17.15967741935484,30.93901639344262,2.0039421813403417,6370.842491803278,6370.842491803278
12937.0,2011-03-17 14:19:00,2011-11-24 15:05:00,120,1504.27,12.535583333333333,14.495238095238095,8.278580814717477,2180.475180952381,2180.475180952381
12938.0,2011-11-14 11:21:00,2011-11-14 11:21:00,9,114.14,12.682222222222222,273.96,0.0328515111695138,41693.059199999996,41693.059199999996
12939.0,2011-01-09 11:20:00,2011-10-06 14:33:00,47,11581.8,246.42127659574467,5.298814814814815,8.869908015768726,15668.888533333333,15668.888533333333
12940.0,2011-09-13 10:16:00,2011-10-16 12:09:00,99,913.54,9.227676767676767,91.32,1.0840998685939554,10112.057309090907,10112.057309090907
12942.0,2010-12-09 09:34:00,2011-07-31 14:39:00,75,683.9,9.118666666666666,9.756410256410257,7.687253613666228,1067.585435897436,1067.585435897436
12944.0,2010-12-20 10:41:00,2011-11-04 11:04:00,30,604.51,20.150333333333332,2.8626959247648904,10.4796320630749,692.2113253918495,692.2113253918495
12945.0,2011-02-24 14:15:00,2011-02-24 14:15:00,23,462.95,20.128260869565217,700.12,0.0328515111695138,169106.376,169106.376
12947.0,2010-12-01 16:21:00,2011-07-19 10:06:00,97,1603.99,16.535979381443298,12.893799126637555,7.522996057818659,2558.5391580786027,2558.5391580786027
12948.0,2011-03-20 10:17:00,2011-11-23 17:10:00,116,2064.95,17.801293103448273,14.238064516129032,8.147174770039422,3041.471516129032,3041.471516129032
12949.0,2011-04-01 13:20:00,2011-11-09 11:25:00,215,4167.22,19.382418604651164,29.613574660633486,7.260183968462549,6887.7924054298655,6887.7924054298655
12950.0,2011-11-15 13:48:00,2011-12-07 13:17:00,23,1843.0,80.1304347826087,33.33904761904762,0.6898817345597897,32057.668571428574,32057.668571428574
12951.0,2011-01-13 10:33:00,2011-12-01 12:14:00,63,1064.07,16.89,5.955652173913044,10.578186596583443,1207.0915826086957,1207.0915826086957
12952.0,2011-09-22 16:37:00,2011-12-04 10:35:00,79,1387.79,17.566962025316457,33.39944444444444,2.3653088042049935,7040.7212666666655,7040.7212666666655
12953.0,2011-11-30 09:24:00,2011-11-30 09:24:00,17,329.85,19.40294117647059,517.48,0.0328515111695138,120487.60800000002,120487.60800000002
12955.0,2011-03-17 09:03:00,2011-12-08 16:29:00,180,4757.16,26.428666666666665,20.598496240601502,8.73850197109067,6532.689491729323,6532.689491729323
12956.0,2011-02-06 16:08:00,2011-02-06 16:08:00,19,108.07,5.687894736842105,578.36,0.0328515111695138,39475.8096,39475.8096
12957.0,2011-01-04 12:18:00,2011-11-30 09:53:00,238,4017.54,16.880420168067225,22.020425531914896,10.808147174770038,4460.568423100303,4460.568423100303
12962.0,2011-08-18 13:38:00,2011-12-02 15:55:00,16,266.39,16.649375,4.594716981132076,3.4822601839684624,917.9899924528304,917.9899924528304
12963.0,2010-12-09 09:14:00,2011-12-01 12:55:00,95,1856.63,19.54347368421053,8.10028011204482,11.727989487516425,1899.691334453782,1899.691334453782
12965.0,2011-09-11 15:31:00,2011-09-11 15:31:00,109,771.91,7.081743119266055,3317.96,0.0328515111695138,281963.2848,281963.2848
12966.0,2011-11-30 12:38:00,2011-11-30 12:38:00,10,160.18,16.018,304.4,0.0328515111695138,58510.55039999999,58510.55039999999
12967.0,2010-12-03 09:49:00,2010-12-16 19:10:00,19,1660.9,87.41578947368421,44.48923076923077,0.42706964520367935,46668.734769230774,46668.734769230774
12968.0,2011-08-19 15:44:00,2011-08-19 15:44:00,5,135.95,27.189999999999998,152.2,0.0328515111695138,49659.81599999999,49659.81599999999
12970.0,2011-01-21 14:04:00,2011-12-02 14:30:00,151,452.24,2.9949668874172186,14.591873015873016,10.348226018396845,524.4261180952382,524.4261180952382
12971.0,2010-12-02 16:42:00,2011-12-06 12:20:00,305,11189.91,36.68822950819672,25.228804347826088,12.089356110381077,11107.201969565218,11107.201969565218
12974.0,2011-05-26 09:33:00,2011-05-26 09:33:00,8,144.8,18.1,243.51999999999998,0.0328515111695138,52892.54400000001,52892.54400000001
12976.0,2011-05-12 09:55:00,2011-05-12 09:55:00,22,738.6,33.57272727272727,669.68,0.0328515111695138,269795.80799999996,269795.80799999996
12977.0,2011-07-06 16:40:00,2011-07-06 16:40:00,9,39.239999999999995,4.359999999999999,273.96,0.0328515111695138,14333.587199999998,14333.587199999998
12980.0,2010-12-16 11:36:00,2011-07-05 09:34:00,20,7374.900000000001,368.745,3.044,6.570302233902759,13469.517360000002,13469.517360000002
12981.0,2011-07-29 14:14:00,2011-11-10 12:00:00,20,372.21999999999997,18.610999999999997,5.910679611650486,3.383705650459921,1320.0438990291261,1320.0438990291261
12982.0,2011-04-11 11:51:00,2011-04-11 11:51:00,28,390.54,13.947857142857144,852.3199999999999,0.0328515111695138,142656.4512,142656.4512
12984.0,2011-11-21 12:37:00,2011-11-21 12:37:00,4,97.5,24.375,121.75999999999999,0.0328515111695138,35614.799999999996,35614.799999999996
12985.0,2011-11-11 12:44:00,2011-12-09 10:46:00,76,1239.38,16.30763157894737,85.68296296296296,0.8869908015768725,16767.434311111112,16767.434311111112
12987.0,2011-05-26 12:00:00,2011-09-27 12:03:00,28,558.7,19.95357142857143,6.873548387096774,4.073587385019711,1645.8220645161289,1645.8220645161289
12988.0,2011-02-20 14:31:00,2011-02-20 14:31:00,92,535.32,5.818695652173914,2800.48,0.0328515111695138,195541.68960000004,195541.68960000004
12989.0,2010-12-10 13:24:00,2011-12-06 15:28:00,64,6924.11,108.18921875,5.3965650969529095,11.85939553219448,7006.201941274239,7006.201941274239
12990.0,2011-02-02 15:39:00,2011-11-08 13:01:00,13,409.5,31.5,1.423453237410072,9.132720105124836,538.0653237410072,538.0653237410072
12991.0,2011-08-19 14:39:00,2011-11-16 15:34:00,31,503.76,16.25032258064516,10.602696629213483,2.923784494086728,2067.5668853932584,2067.5668853932584
12993.0,2011-02-14 14:29:00,2011-11-16 15:49:00,27,414.76,15.361481481481482,2.988654545454546,9.034165571616294,550.9219374545455,550.9219374545455
12994.0,2011-03-16 08:31:00,2011-12-05 15:43:00,61,974.42,15.974098360655738,7.033484848484848,8.672798948751643,1348.2429454545454,1348.2429454545454
12995.0,2011-09-15 15:44:00,2011-09-15 15:44:00,3,211.32,70.44,91.32,0.0328515111695138,77190.9696,77190.9696
12997.0,2011-01-26 15:49:00,2011-11-17 15:47:00,59,1226.89,20.794745762711866,6.108707482993197,9.658344283837057,1524.3482285714288,1524.3482285714288
12999.0,2011-04-08 10:26:00,2011-05-27 13:24:00,28,455.88,16.28142857142857,17.394285714285715,1.609724047306176,3398.4458448979594,3398.4458448979594
13000.0,2010-12-10 10:26:00,2011-08-25 10:43:00,31,534.85,17.253225806451614,3.657519379844961,8.47568988173456,757.2480930232558,757.2480930232558
13001.0,2011-01-17 12:45:00,2011-12-05 14:51:00,339,9818.82,28.964070796460177,32.04708074534162,10.578186596583443,11138.566986335405,11138.566986335405
13002.0,2011-01-25 15:18:00,2011-01-25 15:18:00,7,120.95,17.27857142857143,213.07999999999998,0.0328515111695138,44180.615999999995,44180.615999999995
13003.0,2011-05-09 08:23:00,2011-08-26 10:50:00,6,149.05,24.84166666666667,1.6755963302752295,3.5808147174770038,499.49526605504593,499.49526605504593
13004.0,2010-12-17 08:20:00,2011-11-28 11:27:00,404,5655.91,13.999777227722772,35.542658959537576,11.366622864651774,5971.071690173411,5971.071690173411
13005.0,2011-04-07 13:32:00,2011-06-19 10:53:00,26,513.7,19.75769230769231,10.992222222222223,2.3653088042049935,2606.1713333333337,2606.1713333333337
13006.0,2011-10-14 13:49:00,2011-10-14 13:49:00,4,81.57,20.3925,121.75999999999999,0.0328515111695138,29795.889599999995,29795.889599999995
13008.0,2011-01-20 14:24:00,2011-01-20 14:24:00,14,229.47,16.390714285714285,426.15999999999997,0.0328515111695138,83820.80159999999,83820.80159999999
13011.0,2010-12-02 17:22:00,2010-12-02 17:22:00,3,50.550000000000004,16.85,91.32,0.0328515111695138,18464.904,18464.904
13012.0,2011-02-18 09:43:00,2011-11-30 13:05:00,89,1661.8400000000001,18.6723595505618,9.505824561403509,9.362680683311432,2129.9540884210533,2129.9540884210533
13013.0,2010-12-03 12:28:00,2011-12-08 15:01:00,219,4810.9400000000005,21.967762557077627,18.01718918918919,12.155059132720105,4749.568008648649,4749.568008648649
13014.0,2011-03-03 18:28:00,2011-11-29 12:27:00,109,3466.28,31.800733944954132,12.28874074074074,8.869908015768726,4689.4916977777775,4689.4916977777775
13015.0,2011-04-04 14:28:00,2011-10-17 13:19:00,176,3346.28,19.012954545454548,27.474051282051285,6.40604467805519,6268.35465846154,6268.35465846154
13016.0,2011-08-08 15:00:00,2011-09-27 14:08:00,47,789.89,16.806170212765956,29.197551020408163,1.609724047306176,5888.388146938775,5888.388146938775
13017.0,2011-12-02 15:53:00,2011-12-02 15:53:00,1,204.0,204.0,30.439999999999998,0.0328515111695138,74517.12,74517.12
13018.0,2011-02-17 11:05:00,2011-11-23 13:28:00,458,7277.7,15.890174672489083,49.96960573476703,9.165571616294349,9528.309161290323,9528.309161290323
13021.0,2010-12-16 10:12:00,2011-12-05 16:37:00,131,2616.38,19.97236641221374,11.2645197740113,11.629434954007884,2699.7493966101697,2699.7493966101697
13023.0,2011-08-02 09:34:00,2011-10-06 16:27:00,40,689.9,17.2475,18.732307692307693,2.135348226018397,3877.025723076923,3877.025723076923
13026.0,2011-03-09 11:35:00,2011-12-08 16:58:00,40,975.36,24.384,4.443795620437956,9.00131406044678,1300.2901489051094,1300.2901489051094
13027.0,2010-12-20 12:45:00,2011-08-18 09:39:00,26,6912.0,265.84615384615387,3.2976666666666667,7.884362680683311,10520.064000000002,10520.064000000002
13028.0,2011-10-25 14:09:00,2011-11-17 11:10:00,45,661.3199999999999,14.695999999999998,62.263636363636365,0.7227332457293035,10980.316799999999,10980.316799999999
13029.0,2010-12-21 13:53:00,2011-11-09 09:13:00,10,1247.5,124.75,0.9453416149068323,10.578186596583443,1415.176397515528,1415.176397515528
13030.0,2010-12-06 14:31:00,2011-11-28 14:30:00,99,799.48,8.075555555555555,8.465056179775281,11.695137976346912,820.3203775280898,820.3203775280898
13032.0,2011-09-13 16:40:00,2011-10-18 15:54:00,71,1010.1800000000001,14.227887323943662,63.56588235294117,1.1169513797634691,10852.89854117647,10852.89854117647
13033.0,2010-12-17 14:23:00,2010-12-17 14:23:00,11,190.55,17.322727272727274,334.84,0.0328515111695138,69604.10399999999,69604.10399999999
13034.0,2010-12-05 14:52:00,2011-10-16 12:21:00,37,642.77,17.372162162162162,3.58687898089172,10.315374507227332,747.7421197452229,747.7421197452229
13035.0,2011-03-24 09:21:00,2011-09-27 08:57:00,27,921.88,34.1437037037037,4.418709677419355,6.110381077529566,1810.4533677419354,1810.4533677419354
13037.0,2011-03-28 15:42:00,2011-07-24 15:46:00,48,881.07,18.355625,12.382372881355932,3.876478318002628,2727.434318644068,2727.434318644068
13038.0,2011-02-22 11:43:00,2011-09-20 14:37:00,28,908.46,32.445,4.058666666666666,6.898817345597897,1580.2012799999998,1580.2012799999998
13040.0,2011-11-06 13:53:00,2011-12-01 10:38:00,43,676.99,15.743953488372092,54.538333333333334,0.7884362680683311,10303.787799999998,10303.787799999998
13043.0,2011-03-11 14:52:00,2011-03-11 14:52:00,13,516.42,39.72461538461538,395.71999999999997,0.0328515111695138,188637.89759999997,188637.89759999997
13044.0,2011-02-21 15:20:00,2011-02-21 15:20:00,33,560.47,16.983939393939394,1004.52,0.0328515111695138,204728.4816,204728.4816
13045.0,2011-09-01 15:04:00,2011-09-01 15:04:00,18,305.28000000000003,16.96,547.92,0.0328515111695138,111512.6784,111512.6784
13046.0,2011-03-18 15:43:00,2011-11-09 08:36:00,35,629.31,17.980285714285714,4.533617021276596,7.720105124835742,978.1887523404255,978.1887523404255
13047.0,2010-12-01 08:34:00,2011-11-08 12:06:00,172,3237.54,18.822906976744186,15.309005847953216,11.235216819973719,3457.9199157894736,3457.9199157894736
13048.0,2011-01-16 14:36:00,2011-11-25 13:23:00,136,1835.91,13.499338235294118,13.26871794871795,10.249671484888305,2149.4269384615386,2149.4269384615386
13049.0,2011-01-25 16:33:00,2011-10-06 15:31:00,14,656.6800000000001,46.90571428571429,1.684426877470356,8.31143232588699,948.1109501976287,948.1109501976287
13050.0,2010-12-08 09:30:00,2011-11-25 09:18:00,403,5836.86,14.483523573200992,34.949629629629634,11.530880420499342,6074.3254153846165,6074.3254153846165
13052.0,2011-05-11 14:12:00,2011-05-11 14:12:00,18,348.15000000000003,19.34166666666667,547.92,0.0328515111695138,127172.23199999999,127172.23199999999
13055.0,2011-05-10 08:58:00,2011-09-22 14:26:00,76,1214.41,15.979078947368421,17.136592592592592,4.434954007884363,3285.9235911111114,3285.9235911111114
13058.0,2011-07-11 12:01:00,2011-11-15 12:43:00,8,271.40000000000003,33.925000000000004,1.9174803149606299,4.1721419185282524,780.6062362204725,780.6062362204725
13059.0,2011-04-04 10:40:00,2011-04-04 10:40:00,8,183.4,22.925,243.51999999999998,0.0328515111695138,66992.352,66992.352
13060.0,2011-03-31 11:37:00,2011-03-31 11:37:00,15,307.53000000000003,20.502000000000002,456.59999999999997,0.0328515111695138,112334.55840000001,112334.55840000001
13061.0,2011-09-28 16:04:00,2011-09-28 16:04:00,10,248.61,24.861,304.4,0.0328515111695138,90812.2608,90812.2608
13062.0,2011-06-01 15:12:00,2011-06-01 15:12:00,11,346.98,31.543636363636367,334.84,0.0328515111695138,126744.85440000001,126744.85440000001
13064.0,2011-01-16 13:41:00,2011-11-27 12:31:00,69,1119.49,16.22449275362319,6.689044585987261,10.315374507227332,1302.3162649681528,1302.3162649681528
13065.0,2010-12-01 16:52:00,2010-12-01 16:52:00,14,205.86,14.704285714285716,426.15999999999997,0.0328515111695138,75196.54079999999,75196.54079999999
13066.0,2011-11-07 17:06:00,2011-11-15 12:57:00,48,470.8,9.808333333333334,208.73142857142858,0.22996057818659657,24567.689142857147,24567.689142857147
13067.0,2011-09-18 13:38:00,2011-09-18 13:38:00,15,115.46000000000001,7.697333333333334,456.59999999999997,0.0328515111695138,42175.2288,42175.2288
13068.0,2011-01-24 08:20:00,2011-11-29 15:00:00,2,344.0,172.0,0.19702265372168287,10.151116951379763,406.65475728155343,406.65475728155343
13069.0,2010-12-05 11:02:00,2011-12-09 08:39:00,425,4436.12,10.437929411764706,35.15489130434783,12.089356110381077,4403.331286956522,4403.331286956522
13070.0,2011-05-31 13:45:00,2011-05-31 13:45:00,9,228.8,25.422222222222224,273.96,0.0328515111695138,83576.06400000001,83576.06400000001
13072.0,2011-03-18 08:12:00,2011-03-18 08:12:00,7,177.15,25.307142857142857,213.07999999999998,0.0328515111695138,64709.352,64709.352
13075.0,2011-08-02 10:19:00,2011-08-02 10:19:00,22,919.61,41.80045454545455,669.68,0.0328515111695138,335915.1408,335915.1408
13077.0,2010-12-08 14:59:00,2011-12-08 19:24:00,112,729.27,6.5113392857142856,9.340493150684933,11.990801576872535,729.8294400000002,729.8294400000002
13078.0,2010-12-08 09:07:00,2011-12-06 15:36:00,358,12627.94,35.27357541899441,30.020716253443528,11.925098554533507,12707.255986776858,12707.255986776858
13079.0,2011-07-22 14:41:00,2011-12-05 16:53:00,6,220.10000000000002,36.68333333333334,1.3429411764705883,4.467805519053877,591.1627058823531,591.1627058823531
13080.0,2011-06-13 14:59:00,2011-06-13 14:59:00,6,58.08,9.68,182.64,0.0328515111695138,21215.462399999997,21215.462399999997
13081.0,2010-12-03 17:20:00,2011-11-28 10:54:00,1024,28337.38,27.67322265625,86.82607242339834,11.793692509855452,28833.086814484686,28833.086814484686
13082.0,2011-01-05 15:42:00,2011-08-05 16:16:00,73,3613.63,49.50178082191781,10.481698113207548,6.964520367936925,6226.352671698114,6226.352671698114
13083.0,2011-09-25 10:46:00,2011-12-05 15:01:00,18,303.75,16.875,7.7171830985915495,2.3324572930354797,1562.7295774647887,1562.7295774647887
13085.0,2011-02-17 13:57:00,2011-07-05 12:11:00,22,416.08,18.91272727272727,4.888175182481752,4.50065703022339,1109.3846890510947,1109.3846890510947
13089.0,2010-12-05 10:27:00,2011-12-07 09:02:00,1818,58825.83,32.35744224422442,151.20196721311476,12.02365308804205,58710.1070557377,58710.1070557377
13090.0,2010-12-02 07:48:00,2011-12-01 12:39:00,155,8910.82,57.48916129032258,12.962087912087913,11.957950065703022,8942.154751648352,8942.154751648352
13091.0,2011-11-11 15:54:00,2011-11-11 15:54:00,21,345.82,16.467619047619046,639.24,0.0328515111695138,126321.12959999999,126321.12959999999
13092.0,2010-12-15 12:27:00,2011-09-30 11:18:00,25,477.83,19.1132,2.642361111111111,9.461235216819974,606.0477166666667,606.0477166666667
13093.0,2010-12-01 15:00:00,2011-03-09 12:14:00,159,7832.47,49.260817610062894,49.89649484536083,3.1865965834428382,29495.305583505156,29495.305583505156
13094.0,2010-12-06 10:34:00,2011-11-18 14:07:00,24,1927.3200000000002,80.305,2.1053602305475505,11.399474375821287,2028.8514397694526,2028.8514397694526
13095.0,2011-09-30 12:03:00,2011-09-30 12:03:00,6,74.39999999999999,12.399999999999999,182.64,0.0328515111695138,27176.831999999995,27176.831999999995
13097.0,2010-12-14 15:13:00,2011-11-07 10:43:00,423,6010.42,14.209030732860521,39.37651376146789,10.74244415243101,6714.02513027523,6714.02513027523
13098.0,2011-01-26 13:46:00,2011-12-08 14:14:00,572,28882.44,50.49377622377622,55.10025316455696,10.38107752956636,33386.63823797468,33386.63823797468
13099.0,2011-09-01 17:40:00,2011-09-01 17:40:00,1,207.36,207.36,30.439999999999998,0.0328515111695138,75744.4608,75744.4608
13101.0,2011-04-19 14:37:00,2011-04-19 14:37:00,8,101.19,12.64875,243.51999999999998,0.0328515111695138,36962.6832,36962.6832
13102.0,2010-12-09 13:38:00,2011-12-08 12:52:00,304,6424.09,21.131875,25.492451790633613,11.925098554533507,6464.4396561983485,6464.4396561983485
13103.0,2011-10-31 09:38:00,2011-10-31 09:38:00,8,243.94,30.4925,243.51999999999998,0.0328515111695138,89106.4032,89106.4032
13104.0,2010-12-20 11:58:00,2011-12-06 13:10:00,20,1098.48,54.924,1.7344729344729346,11.530880420499342,1143.1702974358975,1143.1702974358975
13106.0,2011-07-29 15:12:00,2011-07-29 15:12:00,1,76.5,76.5,30.439999999999998,0.0328515111695138,27943.92,27943.92
13107.0,2011-01-10 12:28:00,2011-10-26 14:52:00,58,1531.6200000000001,26.407241379310346,6.109065743944637,9.494086727989487,1935.8828844290658,1935.8828844290658
13108.0,2010-12-02 10:35:00,2010-12-02 10:35:00,10,350.06,35.006,304.4,0.0328515111695138,127869.9168,127869.9168
13109.0,2011-07-05 14:56:00,2011-10-11 10:16:00,47,786.54,16.734893617021275,14.749278350515464,3.1865965834428382,2961.931249484536,2961.931249484536
13110.0,2011-02-01 15:24:00,2011-11-08 14:30:00,145,1488.67,10.266689655172414,15.820071684587814,9.165571616294349,1949.0371956989247,1949.0371956989247
13113.0,2010-12-08 13:21:00,2011-12-09 12:49:00,200,12245.960000000001,61.229800000000004,16.679452054794524,11.990801576872535,12255.354161095893,12255.354161095893
13115.0,2011-06-08 16:15:00,2011-11-28 12:38:00,120,2294.78,19.12316666666667,21.23720930232558,5.650459921156373,4873.472316279071,4873.472316279071
13116.0,2011-07-24 14:33:00,2011-07-24 14:33:00,30,501.14,16.704666666666665,913.1999999999999,0.0328515111695138,183056.41919999995,183056.41919999995
13117.0,2010-12-02 13:11:00,2011-11-18 12:02:00,76,984.91,12.959342105263158,6.609828571428571,11.498028909329829,1027.9083565714286,1027.9083565714286
13118.0,2011-02-24 12:32:00,2011-11-20 12:46:00,79,1197.81,15.162151898734177,8.939628252788104,8.83705650459921,1626.528017843866,1626.528017843866
13120.0,2011-04-15 10:19:00,2011-04-15 10:19:00,1,30.6,30.6,30.439999999999998,0.0328515111695138,11177.568,11177.568
13121.0,2011-03-15 16:47:00,2011-03-15 16:47:00,50,283.73,5.674600000000001,1522.0,0.0328515111695138,103640.8944,103640.8944
13122.0,2011-04-13 14:12:00,2011-09-06 15:53:00,55,922.39,16.77072727272727,11.467123287671233,4.7963206307490145,2307.7439671232873,2307.7439671232873
13124.0,2010-12-15 15:00:00,2011-09-11 12:45:00,235,3866.33,16.452468085106382,26.592565055762083,8.83705650459921,5250.159934572491,5250.159934572491
13126.0,2010-12-08 11:42:00,2011-12-05 10:00:00,140,2099.64,14.997428571428571,11.804986149584488,11.85939553219448,2124.5332387811636,2124.5332387811636
13127.0,2011-09-23 10:26:00,2011-09-23 10:26:00,15,259.17,17.278000000000002,456.59999999999997,0.0328515111695138,94669.61760000001,94669.61760000001
13130.0,2011-09-06 15:30:00,2011-09-06 15:30:00,2,64.0,32.0,60.879999999999995,0.0328515111695138,23377.92,23377.92
13131.0,2011-06-05 10:54:00,2011-11-16 13:21:00,44,1073.3,24.393181818181816,8.166829268292682,5.387647831800263,2390.579414634146,2390.579414634146
13132.0,2011-03-23 12:44:00,2011-03-23 12:44:00,3,77.3,25.766666666666666,91.32,0.0328515111695138,28236.143999999997,28236.143999999997
13133.0,2011-02-08 15:48:00,2011-03-11 10:31:00,7,109.8,15.685714285714285,7.102666666666667,0.9855453350854139,1336.9248,1336.9248
13134.0,2011-04-13 12:57:00,2011-09-15 10:35:00,98,1793.58,18.301836734693875,19.37090909090909,5.059132720105125,4254.2785870129865,4254.2785870129865
13135.0,2011-05-27 10:52:00,2011-05-27 10:52:00,1,3096.0,3096.0,30.439999999999998,0.0328515111695138,1130906.88,535875.9878400022
13136.0,2011-05-11 12:47:00,2011-10-14 13:41:00,127,2607.61,20.53236220472441,24.78128205128205,5.124835742444152,6105.8191076923085,6105.8191076923085
13137.0,2011-02-04 11:54:00,2011-11-29 12:09:00,704,3650.41,5.185241477272727,71.91194630872484,9.789750328515112,4474.5696805369125,4474.5696805369125
13138.0,2010-12-02 15:03:00,2011-11-17 16:51:00,63,962.39,15.276031746031746,5.4792000000000005,11.498028909329829,1004.4051977142858,1004.4051977142858
13139.0,2011-03-25 11:57:00,2011-11-23 13:54:00,170,5064.9400000000005,29.793764705882356,21.29547325102881,7.982917214191852,7613.6678320987685,7613.6678320987685
13140.0,2010-12-08 15:12:00,2011-08-23 15:33:00,46,423.72,9.211304347826088,5.427286821705426,8.47568988173456,599.9086883720931,599.9086883720931
13141.0,2011-01-28 13:04:00,2011-09-16 09:54:00,135,2388.75,17.694444444444443,17.86695652173913,7.555847568988173,3793.7504347826084,3793.7504347826084
13142.0,2011-11-20 16:07:00,2011-11-20 16:07:00,23,307.09000000000003,13.351739130434783,700.12,0.0328515111695138,112173.8352,112173.8352
13144.0,2011-01-11 11:15:00,2011-01-11 11:15:00,3,110.95,36.983333333333334,91.32,0.0328515111695138,40527.816,40527.816
13145.0,2010-12-02 18:06:00,2011-10-31 12:45:00,6,618.52,103.08666666666666,0.5501204819277109,10.90670170827858,680.5210409638555,680.5210409638555
13146.0,2011-11-13 15:29:00,2011-11-13 15:29:00,17,228.91,13.465294117647058,517.48,0.0328515111695138,83616.2448,83616.2448
13147.0,2011-09-01 12:28:00,2011-11-29 13:59:00,4,712.8,178.2,1.3680898876404495,2.923784494086728,2925.5234157303366,2925.5234157303366
13148.0,2010-12-10 13:06:00,2011-11-10 15:23:00,319,3707.12,11.621065830721003,28.986149253731345,11.005256241787121,4042.1993838805975,4042.1993838805975
13149.0,2011-02-23 13:57:00,2011-11-25 13:09:00,86,1676.06,19.48906976744186,9.554160583941606,9.00131406044678,2234.420426277372,2234.420426277372
13151.0,2011-02-17 12:29:00,2011-02-17 12:29:00,74,1257.8700000000001,16.998243243243245,2252.56,0.0328515111695138,459474.7536,459474.7536
13153.0,2011-12-04 12:14:00,2011-12-04 12:14:00,15,486.22,32.41466666666667,456.59999999999997,0.0328515111695138,177606.4416,177606.4416
13155.0,2010-12-06 12:44:00,2011-11-06 15:41:00,85,971.76,11.432470588235294,7.72358208955224,11.005256241787121,1059.5955008955225,1059.5955008955225
13157.0,2011-02-14 14:03:00,2011-10-21 13:50:00,87,1741.22,20.014022988505747,10.678548387096773,8.147174770039422,2564.6485548387095,2564.6485548387095
13158.0,2011-01-25 09:58:00,2011-09-06 11:58:00,79,1201.06,15.203291139240505,10.735535714285716,7.35873850197109,1958.5857,1958.5857
13159.0,2011-08-16 11:44:00,2011-12-01 11:20:00,121,1437.85,11.883057851239668,34.74754716981132,3.4822601839684624,4954.8853584905655,4954.8853584905655
13160.0,2011-11-17 13:07:00,2011-11-17 13:07:00,4,91.8,22.95,121.75999999999999,0.0328515111695138,33532.704,33532.704
13161.0,2011-01-30 14:03:00,2011-01-30 14:03:00,8,112.75,14.09375,243.51999999999998,0.0328515111695138,41185.31999999999,41185.31999999999
13162.0,2011-01-09 10:43:00,2011-08-09 15:59:00,79,1688.29,21.370759493670885,11.343207547169811,6.964520367936925,2908.955524528302,2908.955524528302
13165.0,2010-12-23 14:06:00,2011-10-24 15:05:00,42,1021.48,24.32095238095238,4.191737704918033,10.019710906701707,1223.3646373770493,1223.3646373770493
13166.0,2011-03-01 15:16:00,2011-03-01 15:16:00,41,417.2,10.175609756097561,1248.04,0.0328515111695138,152394.816,152394.816
13167.0,2011-07-19 12:13:00,2011-11-21 12:24:00,65,791.33,12.174307692307693,15.8288,4.106438896189225,2312.4561792,2312.4561792
13168.0,2011-01-25 13:55:00,2011-11-03 12:56:00,131,1319.19,10.070152671755725,14.190889679715303,9.231274638633376,1714.8531074733096,1714.8531074733096
13169.0,2011-04-01 14:24:00,2011-10-07 12:11:00,13,712.88,54.83692307692308,2.104893617021277,6.176084099868594,1385.1106723404257,1385.1106723404257
13170.0,2011-11-13 12:19:00,2011-11-13 12:19:00,32,116.00999999999999,3.6253124999999997,974.0799999999999,0.0328515111695138,42376.13279999999,42376.13279999999
13171.0,2011-02-13 14:16:00,2011-11-18 10:27:00,46,468.41,10.182826086956522,5.055018050541516,9.099868593955321,617.6924361010831,617.6924361010831
13173.0,2010-12-07 14:30:00,2011-12-05 15:51:00,43,353.65000000000003,8.224418604651163,3.605840220385675,11.925098554533507,355.87127272727275,355.87127272727275
13174.0,2010-12-05 16:24:00,2011-11-23 14:35:00,314,2817.03,8.971433121019109,27.15386363636364,11.563731931668856,2923.308859090909,2923.308859090909
13176.0,2011-10-24 15:43:00,2011-10-24 15:43:00,72,492.84,6.845,2191.68,0.0328515111695138,180024.59519999998,180024.59519999998
13177.0,2011-10-06 09:56:00,2011-10-06 09:56:00,17,282.45,16.61470588235294,517.48,0.0328515111695138,103173.33600000001,103173.33600000001
13178.0,2010-12-14 12:22:00,2011-11-13 16:14:00,265,5725.47,21.60554716981132,24.151497005988023,10.972404730617608,6261.675693413173,6261.675693413173
13182.0,2011-10-25 13:46:00,2011-10-25 13:46:00,11,121.18,11.016363636363637,334.84,0.0328515111695138,44264.6304,44264.6304
13183.0,2011-01-09 10:50:00,2011-12-02 10:30:00,94,3957.78,42.10404255319149,8.77717791411043,10.709592641261498,4434.656068711656,4434.656068711656
13184.0,2011-02-22 17:25:00,2011-11-25 12:02:00,181,1701.29,9.39939226519337,20.035054545454546,9.034165571616294,2259.808040727273,2259.808040727273
13185.0,2011-03-17 11:56:00,2011-03-17 11:56:00,1,71.4,71.4,30.439999999999998,0.0328515111695138,26080.992000000002,26080.992000000002
13186.0,2011-08-03 09:09:00,2011-10-31 11:40:00,79,1575.89,19.947974683544306,27.019775280898877,2.923784494086728,6467.877519101125,6467.877519101125
13187.0,2011-01-06 18:57:00,2011-01-06 18:57:00,37,236.02,6.378918918918919,1126.28,0.0328515111695138,86213.38560000001,86213.38560000001
13188.0,2011-11-28 15:28:00,2011-11-28 15:28:00,2,114.6,57.3,60.879999999999995,0.0328515111695138,41861.087999999996,41861.087999999996
13189.0,2011-08-16 13:12:00,2011-11-21 10:39:00,29,260.68,8.988965517241379,9.195416666666667,3.1537450722733245,991.8873999999998,991.8873999999998
13192.0,2011-05-18 14:57:00,2011-09-05 14:13:00,63,911.94,14.475238095238096,17.59376146788991,3.5808147174770038,3056.086634862386,3056.086634862386
13193.0,2011-10-09 14:30:00,2011-10-09 14:30:00,29,117.88,4.0648275862068965,882.76,0.0328515111695138,43059.206399999995,43059.206399999995
13194.0,2011-07-27 09:01:00,2011-07-27 09:01:00,3,60.7,20.233333333333334,91.32,0.0328515111695138,22172.496,22172.496
13196.0,2011-03-22 14:24:00,2011-11-28 13:54:00,110,1797.78,16.343454545454545,13.3936,8.21287779237845,2626.7723136,2626.7723136
13198.0,2010-12-13 09:29:00,2011-11-29 15:17:00,226,3401.2400000000002,15.049734513274338,19.599544159544163,11.530880420499342,3539.615234188035,3539.615234188035
13199.0,2010-12-08 10:51:00,2011-12-06 12:30:00,119,9817.12,82.49680672268909,9.978953168044079,11.925098554533507,9878.78124958678,9878.78124958678
13200.0,2011-08-05 14:50:00,2011-11-20 15:35:00,46,870.09,18.915,13.086355140186917,3.515111695137976,2970.3408897196264,2970.3408897196264
13203.0,2011-04-11 14:40:00,2011-11-30 10:45:00,57,869.46,15.253684210526316,7.478793103448276,7.621550591327201,1368.949779310345,1368.949779310345
13207.0,2011-07-12 11:35:00,2011-11-24 14:52:00,8,250.26000000000002,31.282500000000002,1.8038518518518518,4.434954007884363,677.1479466666667,677.1479466666667
13208.0,2011-02-03 19:32:00,2011-10-12 09:54:00,149,1223.9,8.214093959731544,18.14224,8.21287779237845,1788.2647680000005,1788.2647680000005
13209.0,2010-12-13 10:31:00,2011-11-09 13:54:00,321,5891.61,18.35392523364486,29.520362537764353,10.873850197109066,6501.77432265861,6501.77432265861
13210.0,2011-09-07 08:18:00,2011-09-07 08:18:00,22,353.48,16.067272727272726,669.68,0.0328515111695138,129119.17439999999,129119.17439999999
13211.0,2010-12-13 16:17:00,2011-11-29 14:43:00,56,1197.42,21.3825,4.8704,11.498028909329829,1249.695936,1249.695936
13212.0,2011-10-09 14:48:00,2011-11-20 12:40:00,142,788.08,5.549859154929578,105.42634146341463,1.3469119579500657,7021.216156097562,7021.216156097562
13213.0,2011-05-24 12:22:00,2011-10-14 11:42:00,90,1520.58,16.895333333333333,19.292957746478873,4.664914586070959,3911.531425352113,3911.531425352113
13216.0,2011-03-17 12:18:00,2011-03-17 12:18:00,5,333.74,66.748,152.2,0.0328515111695138,121908.5472,121908.5472
13217.0,2011-07-06 12:08:00,2011-08-09 15:32:00,4,533.98,133.495,3.581176470588235,1.1169513797634691,5736.829835294117,5736.829835294117
13218.0,2011-08-04 16:59:00,2011-08-04 16:59:00,5,62.64,12.528,152.2,0.0328515111695138,22881.139199999998,22881.139199999998
13220.0,2011-04-17 10:59:00,2011-09-22 13:38:00,21,819.2900000000001,39.01380952380953,4.0458227848101265,5.19053876478318,1894.1155139240507,1894.1155139240507
13221.0,2010-12-15 13:24:00,2011-04-13 16:58:00,66,847.41,12.839545454545455,16.882689075630253,3.9093298291721417,2601.1926453781516,2601.1926453781516
13223.0,2011-04-21 15:16:00,2011-05-23 13:03:00,5,163.2,32.64,4.909677419354838,1.0183968462549278,1923.022451612903,1923.022451612903
13224.0,2011-07-11 14:10:00,2011-10-10 14:55:00,108,2155.95,19.9625,36.12659340659341,2.9894875164257555,8654.12545054945,8654.12545054945
13225.0,2010-12-13 09:49:00,2011-12-06 13:29:00,32,6463.84,201.995,2.7208938547486032,11.76084099868594,6595.2834502793285,6595.2834502793285
13226.0,2011-03-11 14:35:00,2011-03-11 14:35:00,16,108.21000000000001,6.7631250000000005,487.03999999999996,0.0328515111695138,39526.9488,39526.9488
13227.0,2011-05-22 11:47:00,2011-05-22 11:47:00,9,257.7,28.633333333333333,273.96,0.0328515111695138,94132.65599999999,94132.65599999999
13228.0,2011-09-19 14:28:00,2011-09-19 14:28:00,2,358.0,179.0,60.879999999999995,0.0328515111695138,130770.23999999999,130770.23999999999
13229.0,2011-04-28 12:07:00,2011-04-28 12:07:00,10,160.95,16.095,304.4,0.0328515111695138,58791.81599999999,58791.81599999999
13230.0,2010-12-09 19:28:00,2011-12-05 16:03:00,611,2806.97,4.5940589198036,51.663444444444444,11.826544021024967,2848.138893333333,2848.138893333333
13232.0,2011-04-10 13:48:00,2011-11-27 10:39:00,207,1357.6,6.558454106280193,27.396,7.555847568988173,2156.104904347826,2156.104904347826
13233.0,2011-01-07 14:49:00,2011-09-26 13:25:00,43,605.12,14.072558139534884,5.015019157088123,8.5742444152431,846.8897839080461,846.8897839080461
13235.0,2011-05-11 17:13:00,2011-05-11 17:13:00,58,1031.07,17.77706896551724,1765.52,0.0328515111695138,376629.2496,376629.2496
13236.0,2011-08-25 08:58:00,2011-11-15 12:50:00,36,744.85,20.69027777777778,13.36390243902439,2.6938239159001314,3318.034243902439,3318.034243902439
13238.0,2010-12-14 14:37:00,2011-11-22 15:37:00,31,700.73,22.604193548387098,2.7511370262390673,11.268068331143231,746.2468058309039,746.2468058309039
13239.0,2011-03-23 10:25:00,2011-03-23 10:25:00,21,329.56,15.693333333333333,639.24,0.0328515111695138,120381.67679999999,120381.67679999999
13240.0,2010-12-09 12:49:00,2011-09-04 14:08:00,67,663.65,9.905223880597015,7.581710037174722,8.83705650459921,901.1824237918217,901.1824237918217
13242.0,2011-05-10 12:26:00,2011-08-19 12:53:00,13,270.40000000000003,20.800000000000004,3.9180198019801984,3.3180026281208934,977.9377425742578,977.9377425742578
13243.0,2011-05-20 13:14:00,2011-05-20 13:14:00,58,600.07,10.346034482758622,1765.52,0.0328515111695138,219193.56960000005,219193.56960000005
13244.0,2011-09-08 11:46:00,2011-09-08 11:46:00,27,121.74000000000001,4.508888888888889,821.88,0.0328515111695138,44469.1872,44469.1872
13245.0,2011-10-20 11:40:00,2011-10-20 11:40:00,16,430.5,26.90625,487.03999999999996,0.0328515111695138,157253.03999999998,157253.03999999998
13246.0,2011-01-13 13:36:00,2011-11-21 16:50:00,141,1987.3,14.094326241134752,13.756538461538462,10.249671484888305,2326.6696923076925,2326.6696923076925
13247.0,2011-09-18 11:31:00,2011-11-22 10:59:00,25,501.12,20.0448,11.890625,2.102496714848883,2860.1423999999997,2860.1423999999997
13248.0,2011-06-03 13:05:00,2011-08-07 12:40:00,26,465.68,17.91076923076923,12.366249999999999,2.102496714848883,2657.8686,2657.8686
13249.0,2011-03-23 15:26:00,2011-09-08 13:26:00,23,711.41,30.93086956521739,4.167380952380952,5.519053876478318,1546.8085999999998,1546.8085999999998
13253.0,2011-01-04 15:43:00,2011-07-06 10:09:00,36,1030.4,28.622222222222224,6.021098901098902,5.978975032851511,2068.0467692307693,2068.0467692307693
13255.0,2010-12-01 11:58:00,2011-11-30 13:14:00,13,399.51,30.73153846153846,1.0871428571428572,11.957950065703022,400.9148703296703,400.9148703296703
13258.0,2011-05-18 13:11:00,2011-11-28 09:31:00,38,698.5799999999999,18.383684210526315,5.993367875647668,6.340341655716163,1322.1621886010362,1322.1621886010362
13259.0,2011-10-09 10:48:00,2011-10-09 10:48:00,87,292.32,3.36,2648.2799999999997,0.0328515111695138,106778.64959999999,106778.64959999999
13260.0,2011-10-09 13:21:00,2011-10-09 13:21:00,8,557.62,69.7025,243.51999999999998,0.0328515111695138,203687.4336,203687.4336
13261.0,2011-02-27 10:41:00,2011-03-16 12:22:00,9,944.1,104.9,16.115294117647057,0.5584756898817346,20285.932235294116,20285.932235294116
13262.0,2011-03-21 15:06:00,2011-03-21 15:06:00,11,200.29,18.208181818181817,334.84,0.0328515111695138,73161.93119999999,73161.93119999999
13263.0,2011-01-18 16:31:00,2011-12-08 13:59:00,1677,7454.07,4.444883720930233,158.04297213622291,10.611038107752956,8429.791608668733,8429.791608668733
13265.0,2011-03-11 09:54:00,2011-10-17 15:02:00,91,2107.66,23.1610989010989,12.59109090909091,7.227332457293035,3499.4820218181817,3499.4820218181817
13266.0,2011-03-28 10:14:00,2011-11-28 14:39:00,187,3834.2599999999998,20.504064171122995,23.23379591836735,8.04862023653088,5716.646909387756,5716.646909387756
13267.0,2010-12-08 09:20:00,2011-12-07 11:12:00,211,4521.49,21.428862559241704,17.645164835164834,11.957950065703022,4537.389745054945,4537.389745054945
13268.0,2011-03-17 13:20:00,2011-11-22 11:51:00,440,3214.69,7.306113636363636,53.78955823293173,8.180026281208935,4715.911498795181,4715.911498795181
13269.0,2010-12-05 11:51:00,2011-12-08 14:53:00,316,5346.2300000000005,16.91844936708861,26.138695652173915,12.089356110381077,5306.7143869565225,5306.7143869565225
13270.0,2010-12-08 14:53:00,2010-12-08 14:53:00,1,590.0,590.0,30.439999999999998,0.0328515111695138,215515.19999999998,215515.19999999998
13271.0,2011-11-02 14:31:00,2011-11-02 14:31:00,96,217.38,2.264375,2922.24,0.0328515111695138,79404.56639999998,79404.56639999998
13272.0,2011-09-11 12:06:00,2011-11-08 14:00:00,15,276.56,18.437333333333335,7.872413793103449,1.9053876478318001,1741.755806896552,1741.755806896552
13273.0,2011-08-18 14:02:00,2011-08-18 14:02:00,16,138.98,8.68625,487.03999999999996,0.0328515111695138,50766.61439999999,50766.61439999999
13276.0,2011-09-01 10:03:00,2011-10-07 12:44:00,30,590.9300000000001,19.69766666666667,25.366666666666667,1.1826544021024967,5995.969733333335,5995.969733333335
13277.0,2011-07-29 10:06:00,2011-11-24 09:21:00,8,258.4,32.3,2.0813675213675213,3.843626806833114,806.7380512820512,806.7380512820512
13278.0,2011-10-30 11:49:00,2011-10-30 11:49:00,46,542.73,11.798478260869565,1400.24,0.0328515111695138,198248.4144,198248.4144
13279.0,2011-09-22 17:24:00,2011-09-22 17:24:00,9,137.75,15.305555555555555,273.96,0.0328515111695138,50317.31999999999,50317.31999999999
13280.0,2011-01-06 17:10:00,2011-08-09 13:14:00,85,814.86,9.586588235294117,12.090654205607477,7.030223390275952,1390.8974803738317,1390.8974803738317
13282.0,2011-05-03 12:03:00,2011-11-21 15:33:00,37,1132.14,30.59837837837838,5.575643564356436,6.636005256241787,2047.2678178217825,2047.2678178217825
13283.0,2011-06-07 12:39:00,2011-10-11 09:50:00,7,93.66,13.379999999999999,1.70464,4.106438896189225,273.6969984,273.6969984
13284.0,2011-01-13 09:23:00,2011-01-13 09:23:00,13,201.19,15.476153846153846,395.71999999999997,0.0328515111695138,73490.6832,73490.6832
13285.0,2011-02-22 17:13:00,2011-11-16 13:19:00,187,2709.12,14.487272727272726,21.39954887218045,8.73850197109067,3720.253209022556,3720.253209022556
13291.0,2011-07-07 10:36:00,2011-07-07 10:36:00,42,361.11,8.597857142857142,1278.48,0.0328515111695138,131906.2608,131906.2608
13292.0,2011-02-28 15:00:00,2011-11-01 10:04:00,31,578.94,18.675483870967742,3.851591836734694,8.04862023653088,863.1640946938776,863.1640946938776
13294.0,2011-04-04 12:37:00,2011-06-03 08:54:00,54,873.74,16.18037037037037,27.86033898305085,1.938239159001314,5409.487240677966,5409.487240677966
13295.0,2010-12-15 11:21:00,2010-12-15 11:21:00,10,201.20000000000002,20.12,304.4,0.0328515111695138,73494.33600000001,73494.33600000001
13296.0,2011-07-25 13:46:00,2011-07-25 13:46:00,5,87.4,17.48,152.2,0.0328515111695138,31925.471999999994,31925.471999999994
13297.0,2011-10-03 15:08:00,2011-12-02 09:32:00,59,2089.85,35.421186440677964,30.44,1.938239159001314,12938.650983050848,12938.650983050848
13298.0,2011-12-08 13:11:00,2011-12-08 13:11:00,2,360.0,180.0,60.879999999999995,0.0328515111695138,131500.8,131500.8
13299.0,2011-03-16 12:55:00,2011-03-16 12:55:00,5,142.5,28.5,152.2,0.0328515111695138,52052.399999999994,52052.399999999994
13300.0,2011-06-23 13:09:00,2011-06-23 13:09:00,20,371.89,18.5945,608.8,0.0328515111695138,135843.9792,135843.9792
13301.0,2011-02-20 13:13:00,2011-08-28 11:25:00,81,618.09,7.630740740740741,13.115106382978723,6.176084099868594,1200.9357191489362,1200.9357191489362
13302.0,2011-07-07 17:56:00,2011-07-07 17:56:00,1,63.75,63.75,30.439999999999998,0.0328515111695138,23286.6,23286.6
13304.0,2010-12-23 14:35:00,2010-12-23 14:35:00,21,300.42,14.305714285714286,639.24,0.0328515111695138,109737.41759999999,109737.41759999999
13305.0,2010-12-02 12:10:00,2011-12-05 15:15:00,81,2000.86,24.701975308641973,6.700108695652174,12.089356110381077,1986.0710347826089,1986.0710347826089
13307.0,2011-08-11 17:14:00,2011-08-11 17:14:00,1,15.0,15.0,30.439999999999998,0.0328515111695138,5479.2,5479.2
13308.0,2011-05-20 13:13:00,2011-11-17 09:31:00,54,1385.51,25.657592592592593,9.132,5.913272010512483,2811.6616266666665,2811.6616266666665
13309.0,2011-02-04 12:29:00,2011-12-02 16:34:00,107,1456.79,13.614859813084111,10.820863787375416,9.888304862023652,1767.894522259136,1767.894522259136
13310.0,2011-01-19 14:50:00,2011-11-11 17:23:00,72,1132.03,15.722638888888888,7.404324324324325,9.724047306176084,1396.9862108108107,1396.9862108108107
13311.0,2011-07-12 14:26:00,2011-12-05 12:55:00,26,598.57,23.02192307692308,5.458206896551724,4.763469119579501,1507.9010317241382,1507.9010317241382
13313.0,2011-01-04 10:00:00,2011-11-17 16:48:00,78,1555.3200000000002,19.94,7.489968454258676,10.413929040735873,1792.1996517350162,1792.1996517350162
13314.0,2011-09-27 10:20:00,2011-12-08 12:29:00,62,775.94,12.515161290322581,26.212222222222223,2.3653088042049935,3936.6022666666668,3936.6022666666668
13316.0,2011-03-30 13:01:00,2011-11-02 13:40:00,87,5977.73,68.70954022988505,12.20405529953917,7.128777923784494,10062.420342857142,10062.420342857142
13317.0,2010-12-16 09:22:00,2011-10-04 13:35:00,124,2273.68,18.336129032258064,12.926575342465753,9.592641261498029,2844.2802410958902,2844.2802410958902
13318.0,2011-11-02 13:26:00,2011-12-08 18:51:00,20,640.76,32.038,16.91111111111111,1.1826544021024967,6501.5781333333325,6501.5781333333325
13319.0,2010-12-09 10:04:00,2011-12-04 13:34:00,476,10845.550000000001,22.784768907563027,40.248444444444445,11.826544021024967,11004.618066666668,11004.618066666668
13320.0,2011-05-10 10:29:00,2011-09-22 18:07:00,106,1548.7,14.610377358490567,23.901037037037035,4.434954007884363,4190.438044444444,4190.438044444444
13321.0,2011-09-14 15:18:00,2011-09-28 15:24:00,11,567.36,51.57818181818182,23.91714285714286,0.45992115637319314,14803.232914285716,14803.232914285716
13322.0,2011-11-22 14:21:00,2011-11-22 14:21:00,25,199.48000000000002,7.9792000000000005,761.0,0.0328515111695138,72866.05440000001,72866.05440000001
13323.0,2011-09-16 13:23:00,2011-12-06 17:12:00,21,787.85,37.516666666666666,7.891851851851852,2.6609724047306176,3552.911703703704,3552.911703703704
13324.0,2010-12-14 09:50:00,2011-11-03 16:28:00,75,7121.95,94.95933333333333,7.046296296296297,10.64388961892247,8029.339185185187,8029.339185185187
13325.0,2011-09-19 10:36:00,2011-09-19 10:36:00,12,675.3,56.275,365.28,0.0328515111695138,246673.58399999997,246673.58399999997
13327.0,2010-12-09 15:32:00,2011-11-01 10:21:00,108,3627.77,33.59046296296296,10.08441717791411,10.709592641261498,4064.8829006134965,4064.8829006134965
13328.0,2011-01-27 15:22:00,2011-01-27 15:22:00,17,1308.48,76.96941176470588,517.48,0.0328515111695138,477961.57440000004,477961.57440000004
13329.0,2010-12-08 10:11:00,2011-11-08 10:29:00,17,789.0,46.411764705882355,1.544716417910448,11.005256241787121,860.3161791044778,860.3161791044778
13330.0,2011-01-28 10:08:00,2011-09-08 12:27:00,53,1140.93,21.526981132075473,7.234618834080718,7.3258869908015765,1868.8740376681617,1868.8740376681617
13332.0,2011-11-25 13:30:00,2011-11-25 13:30:00,21,350.90000000000003,16.709523809523812,639.24,0.0328515111695138,128176.75200000004,128176.75200000004
13334.0,2011-02-07 11:42:00,2011-09-18 15:21:00,268,3536.82,13.197089552238806,36.58260089686099,7.3258869908015765,5793.406321076233,5793.406321076233
13336.0,2011-09-23 14:05:00,2011-09-23 14:05:00,51,795.12,15.590588235294117,1552.44,0.0328515111695138,290441.4336,290441.4336
13338.0,2011-07-05 09:06:00,2011-07-05 09:06:00,19,487.02,25.632631578947368,578.36,0.0328515111695138,177898.6656,177898.6656
13339.0,2011-05-23 08:31:00,2011-05-23 08:31:00,54,860.12,15.928148148148148,1643.76,0.0328515111695138,314184.6336,314184.6336
13340.0,2011-03-08 11:39:00,2011-10-25 13:15:00,134,10736.48,80.12298507462687,17.6578354978355,7.588699080157687,16977.581880519483,16977.581880519483
13341.0,2011-03-24 09:50:00,2011-03-24 09:50:00,42,775.85,18.472619047619048,1278.48,0.0328515111695138,283402.488,283402.488
13343.0,2011-06-15 12:24:00,2011-06-15 12:24:00,19,353.43,18.60157894736842,578.36,0.0328515111695138,129100.9104,129100.9104
13344.0,2011-03-07 10:28:00,2011-10-03 09:45:00,119,2543.7200000000003,21.375798319327732,17.331866028708134,6.865965834428383,4445.789672727273,4445.789672727273
13345.0,2011-02-25 09:01:00,2011-02-25 09:01:00,20,389.5,19.475,608.8,0.0328515111695138,142276.56,142276.56
13347.0,2011-09-30 13:28:00,2011-09-30 13:28:00,8,341.36,42.67,243.51999999999998,0.0328515111695138,124691.9808,124691.9808
13348.0,2011-10-06 17:28:00,2011-10-06 17:28:00,14,233.76000000000002,16.697142857142858,426.15999999999997,0.0328515111695138,85387.8528,85387.8528
13349.0,2011-11-29 08:07:00,2011-11-29 08:07:00,16,247.32,15.4575,487.03999999999996,0.0328515111695138,90341.04959999998,90341.04959999998
13350.0,2011-09-21 13:33:00,2011-11-23 16:33:00,40,979.12,24.478,19.326984126984126,2.0696452036793693,5677.03100952381,5677.03100952381
13351.0,2011-10-04 12:55:00,2011-10-04 12:55:00,16,373.94,23.37125,487.03999999999996,0.0328515111695138,136592.8032,136592.8032
13352.0,2011-10-10 13:55:00,2011-10-10 13:55:00,24,397.98,16.5825,730.56,0.0328515111695138,145374.13439999998,145374.13439999998
13354.0,2011-09-29 13:17:00,2011-09-29 13:17:00,51,743.53,14.579019607843136,1552.44,0.0328515111695138,271596.6384,271596.6384
13355.0,2011-08-09 14:48:00,2011-08-09 14:48:00,32,674.7,21.084375,974.0799999999999,0.0328515111695138,246454.41599999997,246454.41599999997
13356.0,2011-09-20 14:33:00,2011-09-20 14:33:00,42,768.24,18.291428571428572,1278.48,0.0328515111695138,280622.7072,280622.7072
13357.0,2011-03-27 13:56:00,2011-03-27 13:56:00,90,609.95,6.777222222222223,2739.6,0.0328515111695138,222802.53600000002,222802.53600000002
13358.0,2011-03-16 11:52:00,2011-03-16 11:52:00,29,439.03000000000003,15.138965517241381,882.76,0.0328515111695138,160368.87840000002,160368.87840000002
13359.0,2011-10-07 09:30:00,2011-10-07 09:30:00,23,439.56,19.11130434782609,700.12,0.0328515111695138,160562.4768,160562.4768
13362.0,2011-02-25 11:33:00,2011-11-30 14:41:00,166,3090.7400000000002,18.618915662650604,18.176402877697843,9.132720105124836,4061.0989467625905,4061.0989467625905
13363.0,2011-10-27 10:46:00,2011-11-22 12:40:00,60,992.5,16.541666666666668,70.24615384615385,0.8541392904073587,13943.86153846154,13943.86153846154
13364.0,2011-09-29 18:13:00,2011-09-29 18:13:00,10,134.96,13.496,304.4,0.0328515111695138,49298.188799999996,49298.188799999996
13365.0,2011-05-06 12:00:00,2011-11-06 12:36:00,128,2225.37,17.385703125,21.175652173913043,6.044678055190539,4417.843226086957,4417.843226086957
13366.0,2011-10-20 13:37:00,2011-10-20 13:37:00,1,56.16,56.16,30.439999999999998,0.0328515111695138,20514.124799999998,20514.124799999998
13368.0,2011-01-06 12:32:00,2011-03-28 09:59:00,29,623.4,21.49655172413793,11.0345,2.628120893561104,2846.4443999999994,2846.4443999999994
13369.0,2010-12-09 11:30:00,2010-12-09 11:30:00,14,308.28000000000003,22.020000000000003,426.15999999999997,0.0328515111695138,112608.5184,112608.5184
13370.0,2010-12-03 10:26:00,2010-12-03 10:26:00,39,754.87,19.355641025641027,1187.1599999999999,0.0328515111695138,275738.91359999997,275738.91359999997
13372.0,2011-09-11 12:46:00,2011-09-11 12:46:00,23,378.64,16.46260869565217,700.12,0.0328515111695138,138309.6192,138309.6192
13373.0,2011-03-08 14:35:00,2011-10-10 10:51:00,158,3312.25,20.963607594936708,22.36986046511628,7.063074901445466,5627.4357209302325,5627.4357209302325
13375.0,2011-09-12 10:19:00,2011-09-12 10:19:00,37,778.65,21.044594594594592,1126.28,0.0328515111695138,284425.27199999994,284425.27199999994
13376.0,2011-04-19 13:03:00,2011-09-01 16:16:00,53,1019.76,19.240754716981133,11.950518518518518,4.434954007884363,2759.2439466666665,2759.2439466666665
13379.0,2011-07-26 12:26:00,2011-11-13 13:45:00,97,572.56,5.902680412371134,26.842545454545455,3.6136662286465175,1901.315607272727,1901.315607272727
13381.0,2011-02-14 10:10:00,2011-11-08 11:58:00,172,3639.31,21.15877906976744,19.60928838951311,8.771353482260183,4978.903208988764,4978.903208988764
13382.0,2011-03-04 10:03:00,2011-03-04 10:03:00,15,222.99,14.866000000000001,456.59999999999997,0.0328515111695138,81453.78719999999,81453.78719999999
13384.0,2011-06-14 12:47:00,2011-11-09 11:04:00,152,4151.93,27.315328947368425,31.475374149659864,4.829172141918528,10317.122383673472,10317.122383673472
13385.0,2011-01-14 09:52:00,2011-01-14 09:52:00,35,534.57,15.273428571428573,1065.3999999999999,0.0328515111695138,195267.7296,195267.7296
13388.0,2011-07-31 12:52:00,2011-07-31 12:52:00,35,677.1,19.345714285714287,1065.3999999999999,0.0328515111695138,247331.088,247331.088
13389.0,2011-04-21 12:12:00,2011-11-28 14:01:00,51,797.96,15.646274509803922,7.024615384615385,7.260183968462549,1318.90872760181,1318.90872760181
13390.0,2011-09-26 08:38:00,2011-09-26 08:38:00,13,544.08,41.8523076923077,395.71999999999997,0.0328515111695138,198741.5424,198741.5424
13391.0,2011-05-20 10:50:00,2011-05-20 10:50:00,1,59.8,59.8,30.439999999999998,0.0328515111695138,21843.743999999995,21843.743999999995
13394.0,2011-02-03 10:39:00,2011-12-08 11:36:00,155,2520.02,16.258193548387098,15.318831168831169,10.11826544021025,2988.6782649350653,2988.6782649350653
13395.0,2011-06-07 15:04:00,2011-06-07 15:04:00,21,307.72,14.653333333333334,639.24,0.0328515111695138,112403.96160000001,112403.96160000001
13396.0,2011-01-24 13:37:00,2011-11-10 16:59:00,43,1360.99,31.65093023255814,4.5135172413793105,9.526938239159001,1714.284231724138,1714.284231724138
13397.0,2011-01-04 13:50:00,2011-09-28 10:56:00,38,1544.13,40.635000000000005,4.348571428571429,8.73850197109067,2120.4504000000006,2120.4504000000006
13398.0,2011-05-31 13:17:00,2011-05-31 13:17:00,26,457.34000000000003,17.59,791.4399999999999,0.0328515111695138,167057.15519999998,167057.15519999998
13402.0,2010-12-02 17:12:00,2011-08-04 15:51:00,39,621.23,15.92897435897436,4.865409836065574,8.015768725361367,930.011862295082,930.011862295082
13403.0,2011-11-22 08:28:00,2011-11-22 08:28:00,3,75.0,25.0,91.32,0.0328515111695138,27396.0,27396.0
13404.0,2011-05-11 11:57:00,2011-12-08 15:37:00,11,252.49,22.953636363636363,1.5869194312796209,6.931668856767411,437.10685876777256,437.10685876777256
13405.0,2011-01-26 09:27:00,2011-09-26 17:01:00,27,572.451,21.201888888888888,3.3822222222222225,7.982917214191852,860.513997037037,860.513997037037
13408.0,2010-12-01 10:39:00,2011-12-08 09:05:00,478,28117.04,58.82225941422595,39.219191374663076,12.187910643889618,27683.53738867925,27683.53738867925
13410.0,2011-02-21 14:38:00,2011-11-15 15:33:00,28,1003.06,35.82357142857143,3.1922097378277154,8.771353482260183,1372.2762426966292,1372.2762426966292
13411.0,2011-08-24 13:57:00,2011-08-24 13:57:00,18,213.55,11.863888888888889,547.92,0.0328515111695138,78005.544,78005.544
13414.0,2011-02-16 12:13:00,2011-07-29 11:45:00,24,1390.5,57.9375,4.50962962962963,5.321944809461235,3135.3199999999997,3135.3199999999997
13416.0,2011-09-19 14:43:00,2011-10-27 08:56:00,19,712.5,37.5,15.631351351351352,1.2155059132720105,7034.108108108108,7034.108108108108
13417.0,2011-05-18 16:26:00,2011-12-05 08:49:00,28,640.83,22.886785714285715,4.2616000000000005,6.570302233902759,1170.411912,1170.411912
13418.0,2010-12-02 10:45:00,2011-11-28 10:23:00,304,6127.43,20.156019736842108,25.70488888888889,11.826544021024967,6217.298973333334,6217.298973333334
13419.0,2011-10-07 12:49:00,2011-10-07 12:49:00,16,221.06,13.81625,487.03999999999996,0.0328515111695138,80748.7968,80748.7968
13420.0,2011-06-22 11:35:00,2011-07-13 08:48:00,8,159.85,19.98125,12.176,0.657030223390276,2919.5004,2919.5004
13421.0,2011-02-22 15:46:00,2011-10-30 14:21:00,104,1851.08,17.798846153846153,12.713895582329318,8.180026281208935,2715.5120578313254,2715.5120578313254
13422.0,2011-10-06 13:42:00,2011-10-06 13:42:00,127,2626.3,20.67952755905512,3865.8799999999997,0.0328515111695138,959334.8640000001,535875.9878400022
13425.0,2011-02-18 08:34:00,2011-08-23 17:13:00,78,1624.21,20.823205128205128,12.765161290322581,6.110381077529566,3189.738864516129,3189.738864516129
13426.0,2010-12-15 12:43:00,2011-12-09 08:59:00,157,3641.32,23.193121019108283,13.349385474860336,11.76084099868594,3715.3669541899444,3715.3669541899444
13427.0,2011-05-08 15:58:00,2011-11-20 13:02:00,29,582.6,20.089655172413792,4.526974358974359,6.40604467805519,1091.3442461538461,1091.3442461538461
13428.0,2011-11-29 14:20:00,2011-11-29 14:20:00,74,218.47,2.952297297297297,2252.56,0.0328515111695138,79802.72159999999,79802.72159999999
13429.0,2011-09-25 15:59:00,2011-11-29 09:10:00,67,1006.8,15.02686567164179,31.866875,2.102496714848883,5746.311,5746.311
13430.0,2011-09-14 14:26:00,2011-11-21 08:19:00,49,679.45,13.866326530612247,22.262089552238805,2.2010512483574245,3704.320835820896,3704.320835820896
13431.0,2011-09-12 11:25:00,2011-10-03 13:49:00,46,1269.1,27.589130434782607,66.67809523809524,0.6898817345597897,22075.087999999996,22075.087999999996
13434.0,2011-09-04 10:35:00,2011-09-26 14:30:00,10,534.24,53.424,13.836363636363636,0.7227332457293035,8870.32669090909,8870.32669090909
13435.0,2011-06-03 17:07:00,2011-12-04 14:45:00,101,3809.89,37.72168316831683,16.800218579234972,6.011826544021025,7604.790268852457,7604.790268852457
13436.0,2011-12-08 10:33:00,2011-12-08 10:33:00,12,196.89,16.4075,365.28,0.0328515111695138,71919.9792,71919.9792
13437.0,2011-06-02 14:30:00,2011-11-25 14:00:00,167,3408.06,20.40754491017964,29.048457142857142,5.7490144546649145,7113.692324571429,7113.692324571429
13439.0,2011-03-29 14:20:00,2011-03-29 14:20:00,54,283.71,5.253888888888889,1643.76,0.0328515111695138,103633.58879999998,103633.58879999998
13441.0,2011-09-09 09:38:00,2011-09-09 09:38:00,13,296.64,22.818461538461538,395.71999999999997,0.0328515111695138,108356.6592,108356.6592
13447.0,2011-11-04 10:10:00,2011-11-16 13:38:00,59,1129.14,19.137966101694918,149.66333333333333,0.39421813403416556,34371.02160000001,34371.02160000001
13448.0,2010-12-01 10:52:00,2011-11-23 12:33:00,195,3539.3700000000003,18.150615384615385,16.626890756302522,11.727989487516425,3621.4595899159667,3621.4595899159667
13449.0,2011-11-16 08:28:00,2011-11-16 08:28:00,19,291.88,15.362105263157895,578.36,0.0328515111695138,106617.9264,106617.9264
13450.0,2011-05-05 19:48:00,2011-11-13 11:54:00,71,2043.72,28.784788732394368,11.315392670157069,6.274638633377135,3908.53424921466,3908.53424921466
13451.0,2011-01-09 15:35:00,2011-11-13 15:58:00,443,2976.15,6.718171557562077,43.78220779220779,10.11826544021025,3529.636597402598,3529.636597402598
13452.0,2011-03-14 11:38:00,2011-03-25 14:19:00,2,590.0,295.0,5.534545454545455,0.36136662286465177,19592.29090909091,19592.29090909091
13453.0,2011-02-23 09:44:00,2011-06-27 09:34:00,17,356.98,20.998823529411766,4.207154471544715,4.040735873850197,1060.1435317073172,1060.1435317073172
13455.0,2010-12-08 13:11:00,2011-11-15 11:21:00,46,1058.34,23.007391304347824,4.106275659824047,11.202365308804204,1133.6962909090907,1133.6962909090907
13456.0,2011-05-16 15:34:00,2011-11-22 09:18:00,63,1766.72,28.043174603174602,10.146666666666667,6.2089356110381075,3414.536939682539,3414.536939682539
13458.0,2010-12-15 12:05:00,2011-12-02 15:29:00,382,9646.57,25.252801047120418,33.034318181818186,11.563731931668856,10010.508777272727,10010.508777272727
13460.0,2011-10-21 09:50:00,2011-11-10 17:17:00,17,183.44,10.790588235294118,25.874,0.657030223390276,3350.3481599999996,3350.3481599999996
13461.0,2011-06-29 10:23:00,2011-11-01 09:01:00,27,1445.0,53.51851851851852,6.628064516129032,4.073587385019711,4256.690322580645,4256.690322580645
13462.0,2011-04-01 11:20:00,2011-04-01 11:20:00,9,151.5,16.833333333333332,273.96,0.0328515111695138,55339.919999999984,55339.919999999984
13464.0,2011-10-12 15:01:00,2011-10-12 15:01:00,41,674.68,16.45560975609756,1248.04,0.0328515111695138,246447.11039999995,246447.11039999995
13466.0,2011-06-08 16:39:00,2011-06-08 16:39:00,17,307.90000000000003,18.111764705882354,517.48,0.0328515111695138,112469.712,112469.712
13467.0,2011-11-03 16:56:00,2011-11-29 10:01:00,99,1083.71,10.946565656565657,120.5424,0.8212877792378449,15834.303552000001,15834.303552000001
13468.0,2010-12-01 15:08:00,2011-12-08 10:39:00,302,5704.97,18.89062913907285,24.778652291105125,12.187910643889618,5617.011971967657,5617.011971967657
13470.0,2011-08-16 17:06:00,2011-09-01 14:57:00,10,165.0,16.5,20.293333333333333,0.49277266754270693,4018.08,4018.08
13471.0,2011-10-23 13:10:00,2011-12-08 15:44:00,260,2531.58,9.736846153846153,172.05217391304348,1.5111695137976346,20102.946573913043,20102.946573913043
13473.0,2011-01-11 08:45:00,2011-10-10 11:20:00,21,422.64,20.125714285714285,2.3501470588235294,8.935611038107753,567.5806588235293,567.5806588235293
13474.0,2011-04-17 13:53:00,2011-04-17 13:53:00,64,229.59,3.58734375,1948.1599999999999,0.0328515111695138,83864.63519999999,83864.63519999999
13475.0,2011-02-14 12:36:00,2011-06-01 13:52:00,86,1431.78,16.648604651162792,24.465794392523367,3.515111695137976,4887.856059813084,4887.856059813084
13476.0,2011-03-03 14:43:00,2011-06-14 12:00:00,58,1238.47,21.352931034482758,17.309019607843137,3.350854139290407,4435.179623529411,4435.179623529411
13477.0,2011-02-21 12:29:00,2011-11-02 12:04:00,79,1454.58,18.41240506329114,9.50498023715415,8.31143232588699,2100.1145549407115,2100.1145549407115
13479.0,2011-04-19 11:27:00,2011-05-23 10:45:00,15,300.95,20.063333333333333,13.836363636363636,1.0840998685939554,3331.242909090909,3331.242909090909
13481.0,2011-03-28 09:07:00,2011-10-25 09:07:00,109,1804.56,16.55559633027523,15.724928909952608,6.931668856767411,3124.026904265403,3124.026904265403
13482.0,2011-04-21 17:03:00,2011-04-21 17:03:00,11,184.64000000000001,16.785454545454545,334.84,0.0328515111695138,67445.2992,67445.2992
13483.0,2011-10-05 11:53:00,2011-10-05 11:53:00,10,140.34,14.034,304.4,0.0328515111695138,51263.3952,51263.3952
13484.0,2011-04-12 16:30:00,2011-04-12 16:30:00,8,313.8,39.225,243.51999999999998,0.0328515111695138,114624.864,114624.864
13485.0,2011-04-20 13:58:00,2011-04-20 13:58:00,23,454.24,19.749565217391304,700.12,0.0328515111695138,165924.7872,165924.7872
13486.0,2011-07-07 17:19:00,2011-09-22 13:13:00,69,1122.41,16.2668115942029,27.636315789473684,2.4967148488830486,5394.6569052631585,5394.6569052631585
13487.0,2010-12-21 14:54:00,2011-10-13 12:07:00,34,575.4,16.923529411764704,3.5083389830508476,9.69119579500657,712.4817355932203,712.4817355932203
13488.0,2010-12-07 13:01:00,2011-11-22 14:41:00,422,8968.31,21.25191943127962,36.70194285714286,11.498028909329829,9359.840790857144,9359.840790857144
13489.0,2011-02-18 10:42:00,2011-08-26 13:16:00,14,449.52,32.10857142857143,2.254814814814815,6.2089356110381075,868.7865904761906,868.7865904761906
13491.0,2010-12-02 14:30:00,2011-10-19 08:32:00,86,1215.82,14.137441860465115,8.18075,10.512483574244415,1387.8585299999997,1387.8585299999997
13492.0,2011-05-09 10:06:00,2011-07-26 14:25:00,50,1269.84,25.3968,19.512820512820515,2.562417871222076,5946.7584,5946.7584
13493.0,2011-02-25 16:42:00,2011-03-09 15:35:00,8,618.63,77.32875,22.13818181818182,0.36136662286465177,20543.01512727273,20543.01512727273
13494.0,2011-02-01 11:58:00,2011-02-01 11:58:00,18,316.26000000000005,17.570000000000004,547.92,0.0328515111695138,115523.4528,115523.4528
13495.0,2010-12-06 15:14:00,2011-12-02 11:21:00,48,2044.8700000000001,42.60145833333333,4.058666666666666,11.826544021024967,2074.861426666667,2074.861426666667
13496.0,2010-12-15 10:17:00,2011-11-29 10:58:00,35,653.33,18.66657142857143,3.05272206303725,11.465177398160314,683.8062532951292,683.8062532951292
13497.0,2010-12-06 11:37:00,2011-03-02 09:04:00,19,348.05,18.318421052631578,6.804235294117647,2.7923784494086727,1495.7141647058822,1495.7141647058822
13499.0,2011-03-15 08:52:00,2011-11-22 11:21:00,42,1159.1100000000001,27.597857142857144,5.073333333333333,8.278580814717477,1680.157542857143,1680.157542857143
13500.0,2011-08-09 12:20:00,2011-11-16 15:35:00,65,1166.77,17.950307692307693,19.985858585858587,3.252299605781866,4305.027733333333,4305.027733333333
13501.0,2011-02-24 18:59:00,2011-02-24 18:59:00,52,1340.32,25.775384615384613,1582.8799999999999,0.0328515111695138,489592.0895999999,489592.0895999999
13502.0,2011-01-20 09:03:00,2011-11-23 10:39:00,18,292.0,16.22222222222222,1.784755700325733,10.085413929040735,347.4324429967427,347.4324429967427
13503.0,2011-09-29 13:23:00,2011-09-29 13:23:00,17,216.85,12.755882352941176,517.48,0.0328515111695138,79210.96800000001,79210.96800000001
13504.0,2011-10-06 13:20:00,2011-10-06 13:20:00,22,295.93,13.451363636363636,669.68,0.0328515111695138,108097.31039999999,108097.31039999999
13505.0,2011-04-21 12:07:00,2011-09-28 11:56:00,215,4393.63,20.435488372093022,41.161006289308176,5.223390275952694,10093.74318490566,10093.74318490566
13506.0,2010-12-05 12:15:00,2011-01-27 13:53:00,26,458.52,17.635384615384616,14.932830188679246,1.7411300919842312,3160.1544452830194,3160.1544452830194
13507.0,2011-07-17 11:50:00,2011-12-06 13:13:00,162,2479.16,15.303456790123455,34.72732394366197,4.664914586070959,6377.377216901407,6377.377216901407
13508.0,2011-04-10 11:58:00,2011-04-10 11:58:00,12,110.97,9.2475,365.28,0.0328515111695138,40535.1216,40535.1216
13509.0,2011-02-28 13:27:00,2011-12-01 10:10:00,44,979.72,22.266363636363636,4.8704,9.034165571616294,1301.3531694545454,1301.3531694545454
13510.0,2011-06-09 09:32:00,2011-12-08 13:46:00,115,1791.56,15.578782608695652,19.234065934065935,5.978975032851511,3595.7199824175827,3595.7199824175827
13512.0,2011-03-24 10:03:00,2011-03-24 10:03:00,15,251.21,16.747333333333334,456.59999999999997,0.0328515111695138,91761.98879999999,91761.98879999999
13513.0,2011-08-05 11:50:00,2011-08-05 11:50:00,10,205.1,20.509999999999998,304.4,0.0328515111695138,74918.92799999999,74918.92799999999
13514.0,2011-09-27 09:39:00,2011-09-27 09:39:00,4,152.20000000000002,38.050000000000004,121.75999999999999,0.0328515111695138,55595.615999999995,55595.615999999995
13515.0,2011-04-06 10:33:00,2011-09-28 11:26:00,59,891.12,15.103728813559322,10.262628571428571,5.7490144546649145,1860.0475062857145,1860.0475062857145
13516.0,2011-04-15 11:06:00,2011-11-18 13:15:00,44,1389.41,31.5775,6.172165898617512,7.128777923784494,2338.8188239631336,2338.8188239631336
13517.0,2011-06-13 08:44:00,2011-10-11 11:43:00,141,2128.42,15.09517730496454,35.767,3.9421813403416555,6478.9104800000005,6478.9104800000005
13518.0,2011-09-15 10:29:00,2011-09-15 10:29:00,38,659.44,17.353684210526318,1156.72,0.0328515111695138,240880.24320000003,240880.24320000003
13519.0,2011-09-22 18:24:00,2011-09-22 18:24:00,8,122.75,15.34375,243.51999999999998,0.0328515111695138,44838.119999999995,44838.119999999995
13520.0,2010-12-03 10:36:00,2011-10-12 10:20:00,93,3624.35,38.97150537634408,9.073461538461538,10.249671484888305,4243.277461538461,4243.277461538461
13521.0,2011-11-29 15:09:00,2011-12-08 13:50:00,436,1093.65,2.508371559633028,1658.98,0.2628120893561104,49936.05900000001,49936.05900000001
13522.0,2011-11-09 15:11:00,2011-11-09 15:11:00,5,125.80000000000001,25.160000000000004,152.2,0.0328515111695138,45952.224,45952.224
13523.0,2010-12-08 14:22:00,2011-11-06 15:11:00,172,3964.88,23.051627906976744,15.722762762762764,10.939553219448094,4349.223322522523,4349.223322522523
13524.0,2011-05-04 12:26:00,2011-10-30 12:34:00,27,680.1800000000001,25.191851851851855,4.5915083798882685,5.88042049934297,1388.0231865921792,1388.0231865921792
13525.0,2011-04-05 15:36:00,2011-11-25 12:01:00,6,628.78,104.79666666666667,0.7838626609442061,7.654402102496714,985.7543278969957,985.7543278969957
13527.0,2011-01-17 11:17:00,2011-11-06 12:04:00,223,2287.51,10.257892376681616,23.16764505119454,9.625492772667542,2851.8145146757684,2851.8145146757684
13529.0,2011-05-19 11:50:00,2011-09-22 09:15:00,15,307.76,20.517333333333333,3.6528,4.106438896189225,899.3485823999999,899.3485823999999
13531.0,2010-12-08 15:03:00,2011-05-18 16:56:00,22,483.8,21.990909090909092,4.159503105590062,5.289093298291721,1097.6550559006212,1097.6550559006212
13532.0,2011-11-06 12:25:00,2011-11-06 12:25:00,66,210.31,3.1865151515151515,2009.04,0.0328515111695138,76822.0368,76822.0368
13533.0,2011-03-17 12:47:00,2011-06-10 11:54:00,76,270.79,3.563026315789474,27.54095238095238,2.759526938239159,1177.5496571428573,1177.5496571428573
13534.0,2010-12-16 15:23:00,2011-12-07 14:52:00,296,5870.08,19.83135135135135,25.380957746478877,11.662286465177397,6040.064288450705,6040.064288450705
13536.0,2011-09-25 13:30:00,2011-12-08 16:38:00,179,3448.29,19.264189944134078,73.6318918918919,2.431011826544021,17021.505016216215,17021.505016216215
13538.0,2011-01-28 10:40:00,2011-10-27 16:34:00,25,1280.85,51.233999999999995,2.797794117647059,8.935611038107753,1720.106205882353,1720.106205882353
13539.0,2011-02-03 15:23:00,2011-09-15 10:18:00,37,631.34,17.063243243243242,5.050582959641256,7.3258869908015765,1034.1519067264574,1034.1519067264574
13544.0,2011-04-13 12:09:00,2011-10-31 11:57:00,87,291.41,3.349540229885058,13.2414,6.570302233902759,532.2312240000001,532.2312240000001
13546.0,2011-05-23 12:14:00,2011-11-27 14:50:00,98,626.99,6.397857142857143,15.867659574468085,6.176084099868594,1218.228229787234,1218.228229787234
13548.0,2011-04-10 11:35:00,2011-09-04 14:50:00,124,682.41,5.503306451612903,25.677278911564624,4.829172141918528,1695.7192163265304,1695.7192163265304
13549.0,2011-04-11 13:42:00,2011-11-14 09:20:00,51,918.2,18.00392156862745,7.187222222222222,7.09592641261498,1552.7782222222222,1552.7782222222222
13551.0,2011-01-24 14:46:00,2011-01-24 14:46:00,4,91.80000000000001,22.950000000000003,121.75999999999999,0.0328515111695138,33532.704000000005,33532.704000000005
13552.0,2011-01-28 10:10:00,2011-10-04 15:19:00,109,3740.07,34.31256880733945,13.325140562248997,8.180026281208935,5486.637628915663,5486.637628915663
13555.0,2011-05-22 11:06:00,2011-09-27 12:36:00,136,4149.28,30.50941176470588,32.3425,4.204993429697766,11841.0078,11841.0078
13557.0,2011-03-04 12:14:00,2011-11-11 15:24:00,34,584.0600000000001,17.17823529411765,4.106984126984127,8.278580814717477,846.6088761904762,846.6088761904762
13558.0,2011-10-02 13:01:00,2011-12-04 11:24:00,175,605.06,3.457485714285714,85.91935483870968,2.0367936925098555,3564.779303225806,3564.779303225806
13560.0,2011-12-02 13:11:00,2011-12-02 13:11:00,33,174.37,5.283939393939394,1004.52,0.0328515111695138,63693.8736,63693.8736
13561.0,2011-05-08 12:39:00,2011-05-08 12:39:00,14,141.85999999999999,10.132857142857143,426.15999999999997,0.0328515111695138,51818.6208,51818.6208
13562.0,2011-04-08 12:42:00,2011-09-19 10:51:00,82,1799.3300000000002,21.943048780487807,15.313374233128835,5.354796320630749,4032.2654134969325,4032.2654134969325
13563.0,2011-07-22 17:21:00,2011-09-16 14:45:00,49,777.53,15.867959183673468,27.11927272727273,1.8068331143232588,5163.930152727273,5163.930152727273
13564.0,2010-12-06 17:26:00,2011-07-18 14:33:00,83,1749.02,21.07253012048193,11.32968609865471,7.3258869908015765,2864.941818834081,2864.941818834081
13565.0,2011-01-09 14:28:00,2011-11-20 14:33:00,38,240.22,6.321578947368421,3.6721269841269844,10.348226018396845,278.56368761904764,278.56368761904764
13566.0,2011-09-18 12:40:00,2011-10-30 11:59:00,176,874.71,4.969943181818182,130.66926829268291,1.3469119579500657,7793.026068292682,7793.026068292682
13568.0,2011-06-19 14:42:00,2011-06-19 14:42:00,44,192.85,4.382954545454545,1339.36,0.0328515111695138,70444.24799999999,70444.24799999999
13569.0,2010-12-07 12:29:00,2011-11-22 13:07:00,85,373.75,4.397058823529412,7.392571428571428,11.498028909329829,390.06685714285715,390.06685714285715
13570.0,2011-04-10 13:36:00,2011-04-10 13:36:00,27,239.49,8.870000000000001,821.88,0.0328515111695138,87480.90720000002,87480.90720000002
13571.0,2011-03-31 12:43:00,2011-11-27 10:47:00,341,2092.32,6.1358357771261005,43.25016666666667,7.884362680683311,3184.511040000001,3184.511040000001
13572.0,2011-05-18 11:59:00,2011-05-18 11:59:00,33,1384.25,41.946969696969695,1004.52,0.0328515111695138,505638.83999999997,505638.83999999997
13573.0,2011-03-31 14:47:00,2011-10-20 14:33:00,26,294.40000000000003,11.323076923076924,3.9180198019801984,6.636005256241787,532.3684752475248,532.3684752475248
13575.0,2011-06-16 14:24:00,2011-11-16 13:14:00,46,732.07,15.914565217391305,9.212105263157895,4.993429697766097,1759.2798,1759.2798
13576.0,2010-12-01 17:24:00,2011-11-29 15:34:00,126,6717.34,53.312222222222225,10.595138121546961,11.892247043363994,6778.204296132597,6778.204296132597
13577.0,2011-04-12 10:33:00,2011-11-14 15:19:00,83,1687.6000000000001,20.33253012048193,11.696851851851852,7.09592641261498,2853.9191111111113,2853.9191111111113
13579.0,2010-12-05 16:10:00,2011-11-25 08:41:00,23,467.04,20.30608695652174,1.9777401129943504,11.629434954007884,481.9219525423729,481.9219525423729
13581.0,2011-02-03 14:41:00,2011-02-03 14:41:00,10,118.0,11.8,304.4,0.0328515111695138,43103.04,43103.04
13583.0,2011-07-07 10:40:00,2011-07-07 10:40:00,53,781.03,14.736415094339621,1613.32,0.0328515111695138,285294.6384,285294.6384
13584.0,2011-02-06 12:49:00,2011-02-06 12:49:00,24,142.4,5.933333333333334,730.56,0.0328515111695138,52015.872,52015.872
13587.0,2011-10-07 12:31:00,2011-10-07 12:31:00,8,712.4,89.05,243.51999999999998,0.0328515111695138,260225.47199999998,260225.47199999998
13588.0,2011-03-29 15:53:00,2011-11-24 10:42:00,174,2478.95,14.246839080459768,22.161338912133893,7.851511169513797,3788.748351464435,3788.748351464435
13589.0,2011-06-13 12:44:00,2011-11-25 12:10:00,21,379.65,18.07857142857143,3.8978048780487806,5.387647831800263,845.6009268292685,845.6009268292685
13590.0,2011-02-09 13:25:00,2011-11-28 12:54:00,87,1981.92,22.780689655172413,9.100618556701031,9.559789750328514,2487.8204041237113,2487.8204041237113
13591.0,2011-03-18 12:18:00,2011-10-06 12:26:00,58,1117.13,19.26086206896552,8.74019801980198,6.636005256241787,2020.1249821782178,2020.1249821782178
13592.0,2011-03-20 14:01:00,2011-11-04 09:49:00,16,247.95999999999998,15.497499999999999,2.1361403508771932,7.490144546649145,397.25802105263165,397.25802105263165
13593.0,2011-01-07 16:32:00,2011-08-23 13:35:00,128,2037.0800000000002,15.914687500000001,17.164405286343612,7.457293035479632,3277.9937550660798,3277.9937550660798
13594.0,2011-10-18 10:19:00,2011-10-18 10:19:00,26,396.97,15.268076923076924,791.4399999999999,0.0328515111695138,145005.2016,145005.2016
13596.0,2011-11-27 11:57:00,2011-12-04 12:01:00,166,697.04,4.199036144578313,721.8628571428571,0.22996057818659657,36373.53874285714,36373.53874285714
13598.0,2011-10-23 14:28:00,2011-10-23 14:28:00,40,180.17000000000002,4.504250000000001,1217.6,0.0328515111695138,65812.4976,65812.4976
13599.0,2010-12-08 10:11:00,2011-12-08 16:10:00,247,5153.67,20.86506072874494,20.599123287671237,11.990801576872535,5157.623500273973,5157.623500273973
13600.0,2011-01-31 15:27:00,2011-01-31 15:27:00,19,219.52,11.553684210526317,578.36,0.0328515111695138,80186.26560000001,80186.26560000001
13601.0,2011-05-12 16:52:00,2011-10-25 17:31:00,99,693.32,7.003232323232324,18.15397590361446,5.45335085413929,1525.6381301204822,1525.6381301204822
13602.0,2011-10-06 11:47:00,2011-10-06 11:47:00,23,428.89,18.647391304347824,700.12,0.0328515111695138,156664.9392,156664.9392
13603.0,2011-11-13 15:57:00,2011-11-13 15:57:00,27,164.34,6.086666666666667,821.88,0.0328515111695138,60030.1152,60030.1152
13606.0,2011-02-01 11:42:00,2011-11-10 17:46:00,43,280.54,6.524186046511629,4.6415602836879435,9.264126149802891,363.38883404255324,363.38883404255324
13607.0,2011-10-30 16:17:00,2011-10-30 16:17:00,98,678.01,6.918469387755102,2983.12,0.0328515111695138,247663.49279999995,247663.49279999995
13610.0,2011-02-27 14:44:00,2011-11-27 15:38:00,226,1131.88,5.008318584070797,25.19941391941392,8.968462549277266,1514.4803164835166,1514.4803164835166
13611.0,2010-12-15 10:31:00,2011-09-11 14:51:00,74,1171.8,15.835135135135134,8.342814814814815,8.869908015768726,1585.3152,1585.3152
13614.0,2011-01-13 12:37:00,2011-11-15 14:47:00,201,1610.46,8.01223880597015,19.994901960784315,10.052562417871222,1922.4471529411765,1922.4471529411765
13615.0,2011-01-25 08:21:00,2011-01-25 08:21:00,23,417.69,18.160434782608696,700.12,0.0328515111695138,152573.80320000002,152573.80320000002
13617.0,2011-06-12 12:55:00,2011-10-30 13:50:00,44,544.18,12.367727272727272,9.566857142857142,4.599211563731932,1419.8433599999998,1419.8433599999998
13618.0,2011-06-19 11:09:00,2011-06-19 11:09:00,13,177.34,13.641538461538461,395.71999999999997,0.0328515111695138,64778.7552,64778.7552
13621.0,2011-08-15 08:26:00,2011-08-15 08:26:00,19,213.85,11.255263157894737,578.36,0.0328515111695138,78115.128,78115.128
13623.0,2011-02-15 13:08:00,2011-11-09 12:00:00,81,747.78,9.231851851851852,9.269323308270677,8.73850197109067,1026.8762345864661,1026.8762345864661
13626.0,2011-04-01 10:05:00,2011-04-01 10:05:00,19,257.23,13.53842105263158,578.36,0.0328515111695138,93960.97440000002,93960.97440000002
13627.0,2010-12-17 09:52:00,2011-10-11 14:20:00,92,1638.47,17.80945652173913,9.39758389261745,9.789750328515112,2008.390340939597,2008.390340939597
13629.0,2011-01-05 12:09:00,2011-11-16 13:21:00,59,7792.36,132.07389830508475,5.701460317460318,10.348226018396845,9036.169081904764,9036.169081904764
13630.0,2011-02-27 12:49:00,2011-12-04 15:16:00,71,2031.78,28.61661971830986,7.718714285714285,9.198423127463863,2650.602137142857,2650.602137142857
13631.0,2011-03-17 17:13:00,2011-09-01 09:57:00,11,3070.42,279.1290909090909,2.0050299401197607,5.486202365308804,6715.946213173654,6715.946213173654
13632.0,2011-04-10 15:07:00,2011-11-15 10:51:00,146,2121.27,14.529246575342466,20.386422018348625,7.1616294349540075,3554.392227522936,3554.392227522936
13634.0,2011-01-16 15:30:00,2011-11-06 13:40:00,188,1575.16,8.378510638297874,19.531467576791812,9.625492772667542,1963.7353064846423,1963.7353064846423
13635.0,2011-10-03 10:55:00,2011-10-03 10:55:00,62,1071.03,17.274677419354838,1887.28,0.0328515111695138,391225.83839999995,391225.83839999995
13636.0,2011-02-27 14:29:00,2011-11-03 10:30:00,63,949.12,15.065396825396826,7.732741935483871,8.147174770039422,1397.9619096774193,1397.9619096774193
13637.0,2011-04-27 13:06:00,2011-10-18 13:32:00,101,810.5,8.024752475247524,17.66919540229885,5.716162943495401,1701.4910344827586,1701.4910344827586
13638.0,2011-11-24 10:38:00,2011-11-24 10:38:00,8,122.64,15.33,243.51999999999998,0.0328515111695138,44797.9392,44797.9392
13639.0,2011-09-26 13:36:00,2011-09-26 13:36:00,40,1033.34,25.833499999999997,1217.6,0.0328515111695138,377458.43519999995,377458.43519999995
13642.0,2011-05-08 12:34:00,2011-05-08 12:34:00,66,354.8,5.375757575757576,2009.04,0.0328515111695138,129601.34400000001,129601.34400000001
13643.0,2011-06-07 11:40:00,2011-11-08 15:37:00,28,519.44,18.551428571428573,5.534545454545454,5.059132720105125,1232.084696103896,1232.084696103896
13644.0,2011-08-26 11:53:00,2011-11-23 14:07:00,146,2624.26,17.974383561643837,49.93528089887641,2.923784494086728,10770.670705617978,10770.670705617978
13645.0,2011-08-11 16:11:00,2011-08-11 16:11:00,5,252.1,50.42,152.2,0.0328515111695138,92087.088,92087.088
13647.0,2011-04-19 09:49:00,2011-11-30 12:00:00,79,1678.1200000000001,21.2420253164557,10.687822222222223,7.391590013140604,2724.3718826666673,2724.3718826666673
13649.0,2010-12-08 14:46:00,2011-03-28 11:51:00,23,346.6,15.069565217391306,6.423119266055046,3.5808147174770038,1161.5233761467894,1161.5233761467894
13650.0,2011-03-17 12:37:00,2011-11-23 12:22:00,96,1836.3400000000001,19.128541666666667,11.68896,8.21287779237845,2683.1131008,2683.1131008
13651.0,2011-10-31 12:11:00,2011-11-04 14:59:00,6,94.2,15.700000000000001,45.66,0.1314060446780552,8602.344,8602.344
13652.0,2010-12-06 09:21:00,2011-10-25 08:51:00,63,1095.08,17.38222222222222,5.955652173913044,10.578186596583443,1242.2696347826086,1242.2696347826086
13654.0,2011-03-11 12:54:00,2011-10-27 16:24:00,166,2707.33,16.30921686746988,21.969739130434785,7.555847568988173,4299.7108800000005,4299.7108800000005
13655.0,2011-04-12 09:53:00,2011-08-17 14:25:00,56,932.97,16.66017857142857,13.42236220472441,4.1721419185282524,2683.427414173228,2683.427414173228
13656.0,2011-01-06 15:42:00,2011-06-28 10:31:00,49,379.65,7.747959183673469,8.671860465116279,5.650459921156373,806.2706511627906,806.2706511627906
13657.0,2011-05-22 12:35:00,2011-11-29 12:32:00,16,382.14,23.88375,2.5633684210526315,6.241787122207621,734.6742063157894,734.6742063157894
13658.0,2011-05-19 17:15:00,2011-11-30 10:13:00,108,2639.17,24.43675925925926,16.9459793814433,6.3731931668856765,4969.2578226804135,4969.2578226804135
13659.0,2011-01-23 12:08:00,2011-05-18 12:37:00,104,1573.2,15.126923076923077,27.528347826086957,3.7779237844940865,4997.030400000001,4997.030400000001
13662.0,2011-03-25 13:23:00,2011-09-15 12:04:00,53,897.76,16.938867924528303,9.325549132947977,5.683311432325887,1895.5709410404625,1895.5709410404625
13663.0,2011-06-13 15:44:00,2011-06-13 15:44:00,13,189.47,14.574615384615385,395.71999999999997,0.0328515111695138,69209.6016,69209.6016
13666.0,2011-02-25 13:05:00,2011-10-10 15:39:00,12,84.65,7.054166666666667,1.6091629955947138,7.457293035479632,136.21564757709254,136.21564757709254
13667.0,2011-07-13 15:42:00,2011-07-13 15:42:00,87,305.02,3.505977011494253,2648.2799999999997,0.0328515111695138,111417.70559999999,111417.70559999999
13668.0,2010-12-12 12:35:00,2011-12-07 12:11:00,470,6363.59,13.539553191489363,39.85181058495822,11.793692509855452,6474.908510306408,6474.908510306408
13669.0,2011-07-13 11:44:00,2011-10-20 09:32:00,9,218.55,24.283333333333335,2.7955102040816326,3.219448094612352,814.6116734693878,814.6116734693878
13670.0,2011-09-25 15:25:00,2011-09-25 15:25:00,25,349.7,13.988,761.0,0.0328515111695138,127738.416,127738.416
13672.0,2011-01-11 13:54:00,2011-02-11 13:53:00,6,186.39000000000001,31.065,6.088,0.9855453350854139,2269.48464,2269.48464
13673.0,2011-11-07 15:40:00,2011-11-21 12:11:00,65,396.92,6.106461538461539,152.20000000000002,0.42706964520367935,11152.841353846155,11152.841353846155
13675.0,2011-02-28 12:14:00,2011-07-11 12:57:00,25,486.82000000000005,19.472800000000003,5.7218045112781954,4.369250985545335,1337.0346586466167,1337.0346586466167
13678.0,2011-07-11 10:14:00,2011-07-11 10:14:00,16,232.6,14.5375,487.03999999999996,0.0328515111695138,84964.128,84964.128
13680.0,2011-01-04 14:12:00,2011-12-08 13:47:00,195,3722.42,19.089333333333332,17.61364985163205,11.070959264126149,4034.7939988130574,4034.7939988130574
13681.0,2011-07-07 15:21:00,2011-11-22 11:13:00,57,827.83,14.523333333333333,12.664817518248174,4.50065703022339,2207.224397080292,2207.224397080292
13682.0,2011-06-05 14:06:00,2011-06-05 14:06:00,3,59.5,19.833333333333332,91.32,0.0328515111695138,21734.159999999996,21734.159999999996
13684.0,2011-02-27 10:13:00,2011-02-27 10:13:00,30,67.23,2.241,913.1999999999999,0.0328515111695138,24557.7744,24557.7744
13685.0,2011-10-10 12:59:00,2011-12-07 11:41:00,39,3119.44,79.98564102564103,20.827368421052633,1.8725361366622864,19990.684968421054,19990.684968421054
13686.0,2011-06-10 09:10:00,2011-06-10 09:10:00,8,72.0,9.0,243.51999999999998,0.0328515111695138,26300.159999999996,26300.159999999996
13689.0,2011-10-07 13:21:00,2011-10-07 13:21:00,6,910.0,151.66666666666666,182.64,0.0328515111695138,332404.8,332404.8
13690.0,2011-10-11 15:03:00,2011-10-11 15:03:00,9,172.25,19.13888888888889,273.96,0.0328515111695138,62919.479999999996,62919.479999999996
13692.0,2011-04-17 12:57:00,2011-11-15 11:17:00,53,1488.32,28.081509433962264,7.646066350710901,6.931668856767411,2576.557012322275,2576.557012322275
13694.0,2010-12-01 12:12:00,2011-12-06 09:32:00,568,65039.62,114.50637323943663,46.85615176151762,12.12220762155059,64383.93602601628,64383.93602601628
13695.0,2011-03-25 11:31:00,2011-11-08 14:26:00,90,2504.13,27.823666666666668,12.015789473684212,7.490144546649145,4011.8798526315795,4011.8798526315795
13697.0,2011-11-01 09:14:00,2011-11-01 09:14:00,12,151.3,12.608333333333334,365.28,0.0328515111695138,55266.864,55266.864
13699.0,2011-07-07 16:51:00,2011-07-07 16:51:00,14,308.58000000000004,22.041428571428575,426.15999999999997,0.0328515111695138,112718.10240000002,112718.10240000002
13700.0,2011-01-16 13:18:00,2011-11-13 13:00:00,197,2265.12,11.498071065989848,19.988933333333332,9.85545335085414,2758.010112,2758.010112
13703.0,2011-01-25 13:10:00,2011-01-25 13:10:00,1,99.5,99.5,30.439999999999998,0.0328515111695138,36345.36,36345.36
13704.0,2011-09-12 14:40:00,2011-12-04 15:13:00,134,2308.06,17.224328358208954,49.14409638554217,2.726675427069645,10157.688636144578,10157.688636144578
13705.0,2010-12-01 10:29:00,2011-12-02 12:32:00,28,711.86,25.423571428571428,2.328743169398907,12.02365308804205,710.4596196721311,710.4596196721311
13706.0,2011-02-10 09:21:00,2011-02-10 09:21:00,20,330.79,16.5395,608.8,0.0328515111695138,120830.97119999999,120830.97119999999
13707.0,2011-01-28 13:27:00,2011-03-17 18:03:00,48,806.41,16.800208333333334,30.44,1.5768725361366622,6136.7801,6136.7801
13708.0,2011-03-13 13:46:00,2011-03-13 13:46:00,51,296.88,5.821176470588235,1552.44,0.0328515111695138,108444.3264,108444.3264
13709.0,2011-01-28 14:57:00,2011-12-06 10:28:00,336,6328.05,18.833482142857143,32.88694533762058,10.21681997371879,7432.5083729903545,7432.5083729903545
13710.0,2011-11-08 08:16:00,2011-11-08 08:16:00,8,180.48,22.56,243.51999999999998,0.0328515111695138,65925.73439999999,65925.73439999999
13711.0,2011-05-05 10:29:00,2011-05-05 10:31:00,13,252.06,19.38923076923077,395.71999999999997,0.0328515111695138,92072.4768,92072.4768
13712.0,2011-04-07 12:33:00,2011-04-07 12:33:00,10,228.84,22.884,304.4,0.0328515111695138,83590.6752,83590.6752
13715.0,2010-12-02 08:52:00,2011-03-03 19:21:00,105,1079.34,10.279428571428571,35.12307692307692,2.9894875164257555,4332.541925274725,4332.541925274725
13716.0,2011-03-15 13:49:00,2011-03-15 13:49:00,21,138.28,6.584761904761905,639.24,0.0328515111695138,50510.918399999995,50510.918399999995
13717.0,2011-02-14 13:21:00,2011-11-07 14:13:00,102,1445.01,14.166764705882352,11.672481203007518,8.73850197109067,1984.3355368421048,1984.3355368421048
13718.0,2011-02-17 11:58:00,2011-04-07 13:24:00,12,306.55,25.545833333333334,7.454693877551021,1.609724047306176,2285.2364081632654,2285.2364081632654
13719.0,2011-04-19 13:56:00,2011-11-24 15:26:00,60,1041.68,17.361333333333334,8.33972602739726,7.194480946123521,1737.465161643836,1737.465161643836
13720.0,2011-03-30 09:17:00,2011-08-15 12:46:00,43,799.9,18.60232558139535,9.484927536231885,4.533508541392904,2117.30052173913,2117.30052173913
13721.0,2011-11-03 14:05:00,2011-11-03 14:05:00,28,524.14,18.719285714285714,852.3199999999999,0.0328515111695138,191457.8592,191457.8592
13722.0,2011-03-02 11:43:00,2011-07-31 12:44:00,85,2375.41,27.945999999999998,17.135099337748343,4.9605781865965834,5746.2898331125825,5746.2898331125825
13723.0,2011-05-06 17:04:00,2011-05-06 17:04:00,6,199.85000000000002,33.30833333333334,182.64,0.0328515111695138,73001.208,73001.208
13725.0,2011-02-04 12:18:00,2011-10-21 10:03:00,104,1980.56,19.043846153846154,12.270387596899225,8.47568988173456,2804.10448372093,2804.10448372093
13726.0,2011-08-31 11:06:00,2011-11-01 10:49:00,42,1079.66,25.70619047619048,20.958688524590162,2.0039421813403417,6465.216472131147,6465.216472131147
13727.0,2011-11-06 12:16:00,2011-11-11 09:46:00,20,333.48,16.674,152.2,0.1314060446780552,30453.3936,30453.3936
13728.0,2011-02-02 12:09:00,2011-11-03 10:49:00,63,1016.14,16.12920634920635,7.024615384615386,8.968462549277266,1359.617652747253,1359.617652747253
13730.0,2011-07-01 12:47:00,2011-07-27 08:35:00,43,752.6,17.50232558139535,52.3568,0.8212877792378449,10996.389120000002,10996.389120000002
13731.0,2011-04-07 10:10:00,2011-05-04 14:33:00,38,610.59,16.068157894736842,42.84148148148148,0.8869908015768725,8260.604266666665,8260.604266666665
13732.0,2011-11-11 15:49:00,2011-11-11 15:49:00,33,491.86,14.904848484848486,1004.52,0.0328515111695138,179666.62080000003,179666.62080000003
13735.0,2011-04-19 13:49:00,2011-11-15 11:14:00,196,2885.2400000000002,14.72061224489796,28.5466028708134,6.865965834428383,5042.68166124402,5042.68166124402
13736.0,2011-03-24 13:04:00,2011-12-04 15:19:00,191,731.9,3.831937172774869,22.800156862745098,8.377135348226018,1048.4252235294116,1048.4252235294116
13737.0,2011-05-23 16:32:00,2011-05-23 16:32:00,30,339.6,11.32,913.1999999999999,0.0328515111695138,124049.08799999999,124049.08799999999
13739.0,2011-11-21 13:35:00,2011-11-21 13:35:00,3,216.9,72.3,91.32,0.0328515111695138,79229.23199999999,79229.23199999999
13740.0,2011-04-13 10:32:00,2011-04-13 10:32:00,23,350.75,15.25,700.12,0.0328515111695138,128121.95999999999,128121.95999999999
13741.0,2011-05-06 13:43:00,2011-09-29 09:19:00,34,668.4300000000001,19.65970588235294,7.137655172413793,4.763469119579501,1683.8904165517242,1683.8904165517242
13742.0,2011-01-23 14:59:00,2011-11-23 11:07:00,321,3131.02,9.753956386292835,32.24831683168317,9.95400788436268,3774.5841108910895,3774.5841108910895
13743.0,2011-03-25 14:46:00,2011-12-07 10:09:00,41,1341.6,32.72195121951219,4.87515625,8.409986859395532,1914.2954999999997,1914.2954999999997
13744.0,2011-02-20 14:08:00,2011-09-05 15:19:00,72,1156.36,16.060555555555553,11.12527918781726,6.471747700394218,2144.137973604061,2144.137973604061
13745.0,2011-06-30 16:43:00,2011-06-30 16:43:00,25,300.04,12.001600000000002,761.0,0.0328515111695138,109598.61120000001,109598.61120000001
13747.0,2010-12-01 10:37:00,2010-12-01 10:37:00,1,79.6,79.6,30.439999999999998,0.0328515111695138,29076.287999999993,29076.287999999993
13748.0,2010-12-01 09:00:00,2011-09-05 09:45:00,28,948.25,33.86607142857143,3.0658992805755396,9.132720105124836,1245.9595683453238,1245.9595683453238
13750.0,2011-01-07 11:49:00,2011-10-17 12:16:00,24,1647.26,68.63583333333334,2.5814840989399297,9.296977660972404,2126.187748409894,2126.187748409894
13751.0,2011-02-24 15:56:00,2011-02-24 15:56:00,9,296.25,32.916666666666664,273.96,0.0328515111695138,108214.19999999998,108214.19999999998
13752.0,2011-04-07 12:04:00,2011-08-07 14:16:00,76,1186.28,15.608947368421052,18.96262295081967,4.0078843626806835,3551.8390032786883,3551.8390032786883
13753.0,2011-02-25 12:48:00,2011-02-25 12:48:00,35,741.26,21.178857142857144,1065.3999999999999,0.0328515111695138,270767.45279999997,270767.45279999997
13754.0,2011-01-26 14:58:00,2011-07-11 11:51:00,12,282.6,23.55,2.2138181818181817,5.4204993429697765,625.6250181818182,625.6250181818182
13755.0,2011-10-07 15:45:00,2011-12-06 12:26:00,342,2161.35,6.319736842105263,176.44881355932205,1.938239159001314,13381.320813559321,13381.320813559321
13756.0,2010-12-07 11:41:00,2011-12-07 16:44:00,142,5189.52,36.54591549295775,11.84241095890411,11.990801576872535,5193.501001643836,5193.501001643836
13758.0,2010-12-01 12:08:00,2011-11-28 11:11:00,117,3190.55,27.26965811965812,9.865595567867038,11.85939553219448,3228.3770193905825,3228.3770193905825
13759.0,2011-09-29 15:40:00,2011-11-06 14:47:00,25,659.4100000000001,26.376400000000004,20.56756756756757,1.2155059132720105,6509.980670270272,6509.980670270272
13760.0,2011-03-28 12:52:00,2011-10-16 16:13:00,57,286.79,5.03140350877193,8.58950495049505,6.636005256241787,518.607184158416,518.607184158416
13761.0,2011-06-13 08:43:00,2011-10-20 14:01:00,70,1070.65,15.295000000000002,16.51782945736434,4.23784494086728,3031.682418604651,3031.682418604651
13762.0,2011-05-05 09:15:00,2011-05-05 09:15:00,7,306.72,43.81714285714286,213.07999999999998,0.0328515111695138,112038.68160000001,112038.68160000001
13763.0,2011-10-07 15:13:00,2011-10-07 15:13:00,15,1714.96,114.33066666666667,456.59999999999997,0.0328515111695138,626440.5888,535875.9878400022
13764.0,2011-01-06 14:53:00,2011-09-30 12:03:00,208,1521.76,7.3161538461538465,23.802706766917293,8.73850197109067,2089.73117593985,2089.73117593985
13767.0,2010-12-01 10:47:00,2011-12-07 15:00:00,368,17220.36,46.79445652173913,30.193854447439357,12.187910643889618,16954.860109973048,16954.860109973048
13769.0,2010-12-07 13:28:00,2011-12-07 15:08:00,135,2796.51,20.71488888888889,11.258630136986303,11.990801576872535,2798.655267945206,2798.655267945206
13771.0,2011-04-06 15:47:00,2011-10-06 14:18:00,119,2634.45,22.138235294117646,19.903076923076924,5.978975032851511,5287.428,5287.428
13772.0,2011-04-14 12:31:00,2011-11-06 11:43:00,177,1132.13,6.396214689265538,26.282341463414635,6.734559789750328,2017.2899824390247,2017.2899824390247
13774.0,2011-09-19 12:06:00,2011-09-19 12:06:00,22,345.0,15.681818181818182,669.68,0.0328515111695138,126021.59999999999,126021.59999999999
13777.0,2010-12-01 16:01:00,2011-12-09 12:25:00,197,25977.16,131.86375634517768,16.12010752688172,12.220762155059132,25507.895174193553,25507.895174193553
13778.0,2011-08-28 15:25:00,2011-08-28 15:25:00,9,178.7,19.855555555555554,273.96,0.0328515111695138,65275.53599999999,65275.53599999999
13780.0,2011-06-22 11:43:00,2011-12-02 13:49:00,57,360.01,6.315964912280702,10.644662576687116,5.354796320630749,806.7757840490797,806.7757840490797
13781.0,2011-04-03 12:08:00,2011-04-03 12:08:00,17,127.84,7.5200000000000005,517.48,0.0328515111695138,46697.395200000006,46697.395200000006
13782.0,2011-01-16 11:08:00,2011-11-27 11:54:00,115,912.0,7.930434782608696,11.113015873015874,10.348226018396845,1057.5725714285716,1057.5725714285716
13784.0,2011-01-11 14:38:00,2011-11-30 09:33:00,31,2462.79,79.44483870967741,2.93055900621118,10.578186596583443,2793.813450931677,2793.813450931677
13786.0,2010-12-07 13:53:00,2010-12-07 13:53:00,7,230.4,32.91428571428572,213.07999999999998,0.0328515111695138,84160.512,84160.512
13787.0,2010-12-10 14:45:00,2011-09-25 12:06:00,31,309.04,9.969032258064518,3.276527777777778,9.461235216819974,391.9657333333334,391.9657333333334
13790.0,2011-12-05 15:48:00,2011-12-05 15:48:00,45,348.79999999999995,7.75111111111111,1369.8,0.0328515111695138,127409.66399999998,127409.66399999998
13791.0,2011-06-24 16:38:00,2011-08-04 11:44:00,11,1516.0,137.8181818181818,8.371,1.314060446780552,13844.112,13844.112
13792.0,2011-02-25 14:03:00,2011-10-04 14:31:00,13,195.55,15.042307692307693,1.7905882352941178,7.260183968462549,323.2149502262444,323.2149502262444
13798.0,2010-12-02 17:24:00,2011-12-08 15:51:00,349,37153.85,106.4580229226361,28.712324324324324,12.155059132720105,36679.887372972975,36679.887372972975
13799.0,2011-02-18 14:18:00,2011-08-15 12:07:00,39,688.86,17.663076923076922,6.707118644067797,5.814717477003942,1421.6202305084744,1421.6202305084744
13800.0,2011-02-03 12:27:00,2011-02-03 12:27:00,33,558.32,16.91878787878788,1004.52,0.0328515111695138,203943.12960000004,203943.12960000004
13801.0,2011-10-04 10:15:00,2011-10-04 10:15:00,23,324.8,14.121739130434783,700.12,0.0328515111695138,118642.944,118642.944
13802.0,2011-02-01 12:03:00,2011-07-24 10:54:00,60,4599.42,76.657,10.61860465116279,5.650459921156373,9767.884520930233,9767.884520930233
13803.0,2011-03-29 12:57:00,2011-03-29 12:57:00,17,277.07,16.298235294117646,517.48,0.0328515111695138,101208.1296,101208.1296
13804.0,2011-02-23 09:09:00,2011-11-09 12:32:00,137,2635.79,19.23934306569343,16.101467181467182,8.508541392904073,3717.3798115830114,3717.3798115830114
13805.0,2011-08-02 15:29:00,2011-10-18 14:50:00,13,924.5999999999999,71.12307692307692,5.206842105263158,2.4967148488830486,4443.919578947369,4443.919578947369
13806.0,2011-10-07 11:43:00,2011-10-07 11:43:00,10,256.38,25.637999999999998,304.4,0.0328515111695138,93650.4864,93650.4864
13807.0,2010-12-07 15:48:00,2010-12-07 15:48:00,7,112.6,16.085714285714285,213.07999999999998,0.0328515111695138,41130.528,41130.528
13808.0,2011-09-04 12:07:00,2011-12-04 12:18:00,76,1747.66,22.995526315789476,25.422417582417584,2.9894875164257555,7015.222470329672,7015.222470329672
13809.0,2011-02-07 13:15:00,2011-02-07 13:15:00,12,155.05,12.920833333333334,365.28,0.0328515111695138,56636.664,56636.664
13810.0,2011-10-14 12:57:00,2011-11-11 08:33:00,35,1499.01,42.828857142857146,39.45925925925926,0.8869908015768725,20279.939733333336,20279.939733333336
13811.0,2011-04-14 18:40:00,2011-06-09 09:54:00,13,814.5,62.65384615384615,7.194909090909091,1.8068331143232588,5409.464727272727,5409.464727272727
13812.0,2011-08-26 12:54:00,2011-10-28 14:27:00,36,539.0,14.972222222222221,17.394285714285715,2.0696452036793693,3125.1733333333336,3125.1733333333336
13813.0,2011-07-28 10:33:00,2011-10-31 10:38:00,69,1366.8600000000001,19.809565217391306,22.109052631578948,3.1208935611038107,5255.64864,5255.64864
13814.0,2011-07-25 13:54:00,2011-09-08 13:48:00,57,1579.12,27.703859649122805,39.43363636363637,1.445466491458607,13109.567127272727,13109.567127272727
13815.0,2011-01-25 12:16:00,2011-11-17 14:19:00,176,4027.36,22.882727272727273,18.09945945945946,9.724047306176084,4969.979935135135,4969.979935135135
13816.0,2011-10-06 14:37:00,2011-11-16 08:38:00,28,571.6700000000001,20.416785714285716,21.308,1.314060446780552,5220.4904400000005,5220.4904400000005
13817.0,2010-12-23 11:46:00,2011-11-10 17:49:00,24,382.98,15.957500000000001,2.2688198757763973,10.578186596583443,434.45631801242234,434.45631801242234
13819.0,2011-01-24 10:38:00,2011-02-11 10:38:00,36,1140.35,31.676388888888887,60.88,0.5913272010512484,23141.502666666667,23141.502666666667
13821.0,2011-03-23 11:30:00,2011-07-18 09:49:00,59,385.64,6.536271186440678,15.482413793103449,3.8107752956636003,1214.3670620689657,1214.3670620689657
13822.0,2011-10-30 15:55:00,2011-12-04 12:13:00,96,632.0,6.583333333333333,85.94823529411765,1.1169513797634691,6789.910588235294,6789.910588235294
13823.0,2011-09-09 10:42:00,2011-11-21 10:22:00,40,957.66,23.941499999999998,16.91111111111111,2.3653088042049935,4858.5284,4858.5284
13824.0,2011-02-02 13:07:00,2011-11-07 12:41:00,46,1698.94,36.93347826086956,5.055018050541516,9.099868593955321,2240.39279133574,2240.39279133574
13826.0,2011-06-16 13:48:00,2011-06-16 13:48:00,10,189.5,18.95,304.4,0.0328515111695138,69220.56,69220.56
13827.0,2011-07-19 15:38:00,2011-10-13 12:38:00,93,412.05,4.430645161290323,33.30494117647059,2.7923784494086727,1770.748517647059,1770.748517647059
13828.0,2011-11-17 16:02:00,2011-11-17 16:02:00,15,209.49,13.966000000000001,456.59999999999997,0.0328515111695138,76522.50720000001,76522.50720000001
13831.0,2010-12-05 12:13:00,2011-11-23 15:41:00,74,2202.99,29.77013513513513,6.381189801699717,11.59658344283837,2279.626592634561,2279.626592634561
13832.0,2011-11-20 15:36:00,2011-11-20 15:36:00,3,52.2,17.400000000000002,91.32,0.0328515111695138,19067.616,19067.616
13833.0,2011-07-03 13:27:00,2011-07-03 13:27:00,29,384.8,13.26896551724138,882.76,0.0328515111695138,140559.744,140559.744
13835.0,2011-05-08 15:22:00,2011-11-14 15:37:00,55,834.57,15.174000000000001,8.811578947368421,6.241787122207621,1604.4827873684212,1604.4827873684212
13837.0,2011-01-26 12:15:00,2011-05-12 12:10:00,19,271.24,14.275789473684211,5.508190476190476,3.4494086727989486,943.6052114285716,943.6052114285716
13838.0,2010-12-05 10:45:00,2011-12-04 11:00:00,174,691.73,3.975459770114943,14.550989010989012,11.957950065703022,694.1624571428572,694.1624571428572
13841.0,2011-04-01 12:10:00,2011-04-01 12:10:00,1,85.0,85.0,30.439999999999998,0.0328515111695138,31048.799999999996,31048.799999999996
13842.0,2010-12-08 10:39:00,2011-10-12 10:51:00,206,3385.62,16.43504854368932,20.35922077922078,10.11826544021025,4015.257381818182,4015.257381818182
13844.0,2011-11-28 13:21:00,2011-11-28 13:21:00,20,361.62,18.081,608.8,0.0328515111695138,132092.55359999998,132092.55359999998
13845.0,2011-10-06 08:25:00,2011-10-06 08:25:00,9,312.98,34.775555555555556,273.96,0.0328515111695138,114325.33439999999,114325.33439999999
13846.0,2010-12-14 16:07:00,2011-11-15 12:07:00,55,865.0600000000001,15.728363636363637,4.9976119402985075,11.005256241787121,943.2510949253733,943.2510949253733
13848.0,2010-12-08 15:10:00,2011-09-08 12:58:00,5,1255.0,251.0,0.5575091575091575,8.968462549277266,1679.2175824175824,1679.2175824175824
13849.0,2011-06-22 10:11:00,2011-10-19 10:59:00,101,1537.95,15.227227722772279,25.83563025210084,3.9093298291721417,4720.860302521009,4720.860302521009
13850.0,2011-08-02 14:04:00,2011-08-02 14:04:00,93,1595.48,17.155698924731183,2830.92,0.0328515111695138,582796.9344,535875.9878400022
13851.0,2011-02-24 17:18:00,2011-09-05 12:36:00,81,2651.46,32.73407407407407,12.841875,6.307490144546649,5044.40265,5044.40265
13853.0,2011-10-13 14:18:00,2011-10-13 14:18:00,23,1090.1399999999999,47.39739130434782,700.12,0.0328515111695138,398206.33919999993,398206.33919999993
13854.0,2010-12-09 10:48:00,2011-12-01 09:06:00,110,8109.5199999999995,73.72290909090908,9.40561797752809,11.695137976346912,8320.914229213482,8320.914229213482
13856.0,2011-05-20 13:13:00,2011-06-24 10:03:00,14,388.5,27.75,12.534117647058823,1.1169513797634691,4173.861176470588,4173.861176470588
13858.0,2011-10-13 16:17:00,2011-10-13 16:17:00,11,216.17000000000002,19.651818181818182,334.84,0.0328515111695138,78962.57759999999,78962.57759999999
13859.0,2011-01-17 16:14:00,2011-01-17 16:14:00,28,201.16,7.184285714285714,852.3199999999999,0.0328515111695138,73479.7248,73479.7248
13860.0,2011-09-14 09:27:00,2011-12-08 12:57:00,76,1245.9,16.39342105263158,27.216941176470588,2.7923784494086727,5354.1453176470595,5354.1453176470595
13862.0,2011-01-11 15:13:00,2011-11-21 16:24:00,139,2209.36,15.894676258992806,13.475031847133758,10.315374507227332,2570.1752254777075,2570.1752254777075
13863.0,2011-04-06 10:20:00,2011-04-06 10:20:00,20,305.78,15.288999999999998,608.8,0.0328515111695138,111695.31839999997,111695.31839999997
13865.0,2011-02-23 12:04:00,2011-10-12 13:31:00,30,501.56,16.718666666666667,3.9532467532467535,7.588699080157687,793.1161766233768,793.1161766233768
13866.0,2011-09-26 14:54:00,2011-09-26 14:54:00,7,145.67,20.81,213.07999999999998,0.0328515111695138,53210.33759999999,53210.33759999999
13867.0,2011-05-05 17:28:00,2011-11-08 15:48:00,61,1015.29,16.644098360655736,9.983010752688172,6.110381077529566,1993.8985548387093,1993.8985548387093
13868.0,2011-11-01 12:45:00,2011-12-02 16:32:00,33,3192.54,96.74363636363637,32.40387096774194,1.0183968462549278,37618.419716129036,37618.419716129036
13869.0,2010-12-17 15:14:00,2011-08-08 13:53:00,307,3104.9500000000003,10.11384364820847,40.10763948497854,7.654402102496714,4867.708738197425,4867.708738197425
13870.0,2011-02-25 09:09:00,2011-12-07 13:23:00,115,2770.94,24.095130434782607,12.282807017543862,9.362680683311432,3551.4700463157897,3551.4700463157897
13871.0,2011-02-04 09:30:00,2011-11-17 10:49:00,336,6403.25,19.057291666666668,35.761678321678325,9.395532194480946,8178.248811188812,8178.248811188812
13873.0,2011-02-03 09:37:00,2011-08-12 10:08:00,23,389.6,16.93913043478261,3.684842105263158,6.241787122207621,749.0162526315789,749.0162526315789
13874.0,2010-12-16 18:20:00,2010-12-16 18:20:00,18,540.45,30.025000000000002,547.92,0.0328515111695138,197415.576,197415.576
13875.0,2011-02-11 15:39:00,2011-10-17 09:36:00,104,1786.79,17.180673076923078,12.81684210526316,8.114323258869907,2642.423689068826,2642.423689068826
13876.0,2011-10-07 10:22:00,2011-10-07 10:22:00,7,122.7,17.52857142857143,213.07999999999998,0.0328515111695138,44819.856,44819.856
13877.0,2011-09-14 15:49:00,2011-09-14 15:49:00,3,117.24,39.08,91.32,0.0328515111695138,42825.4272,42825.4272
13878.0,2011-10-16 12:19:00,2011-10-16 12:19:00,36,1281.53,35.598055555555554,1095.84,0.0328515111695138,468117.27839999995,468117.27839999995
13880.0,2010-12-07 14:00:00,2011-11-18 13:44:00,165,3219.77,19.513757575757577,14.558260869565219,11.333771353482259,3409.0364800000007,3409.0364800000007
13881.0,2011-02-01 10:14:00,2011-12-06 12:50:00,178,17159.52,96.40179775280899,17.59194805194805,10.11826544021025,20350.745018181817,20350.745018181817
13882.0,2011-10-06 15:28:00,2011-12-07 11:16:00,65,1191.13,18.325076923076924,32.43606557377049,2.0039421813403417,7132.720760655739,7132.720760655739
13883.0,2011-03-31 17:17:00,2011-11-29 10:45:00,142,2674.48,18.834366197183098,17.861487603305786,7.9500657030223385,4036.917580165289,4036.917580165289
13884.0,2011-03-01 13:40:00,2011-12-02 16:30:00,59,787.6,13.349152542372881,6.507101449275362,9.067017082785808,1042.3714782608695,1042.3714782608695
13885.0,2011-05-23 08:52:00,2011-06-03 15:07:00,28,506.8,18.1,77.48363636363636,0.36136662286465177,16829.44581818182,16829.44581818182
13886.0,2011-09-29 13:17:00,2011-09-29 13:17:00,16,243.56,15.2225,487.03999999999996,0.0328515111695138,88967.5968,88967.5968
13887.0,2011-05-19 17:22:00,2011-05-19 17:22:00,19,349.55,18.397368421052633,578.36,0.0328515111695138,127683.62400000001,127683.62400000001
13888.0,2011-05-05 14:41:00,2011-08-12 10:13:00,40,605.63,15.14075,12.424489795918367,3.219448094612352,2257.3931265306123,2257.3931265306123
13889.0,2011-09-08 09:13:00,2011-09-08 09:13:00,15,416.90000000000003,27.793333333333337,456.59999999999997,0.0328515111695138,152285.232,152285.232
13890.0,2010-12-16 09:31:00,2011-12-08 15:36:00,110,1883.81,17.125545454545453,9.379271708683474,11.727989487516425,1927.5017277310922,1927.5017277310922
13892.0,2011-04-07 12:04:00,2011-11-13 11:50:00,27,632.97,23.443333333333335,3.752876712328767,7.194480946123521,1055.759276712329,1055.759276712329
13893.0,2011-02-15 11:30:00,2011-02-15 11:30:00,21,821.1,39.1,639.24,0.0328515111695138,299931.408,299931.408
13894.0,2011-02-02 12:54:00,2011-11-16 09:44:00,27,564.62,20.911851851851853,2.873706293706294,9.395532194480946,721.1342433566434,721.1342433566434
13895.0,2011-06-28 10:17:00,2011-11-11 16:57:00,118,2593.07,21.975169491525424,26.411176470588234,4.467805519053877,6964.680952941176,6964.680952941176
13897.0,2011-10-20 14:30:00,2011-10-20 14:30:00,17,311.16,18.303529411764707,517.48,0.0328515111695138,113660.52480000001,113660.52480000001
13898.0,2011-01-18 10:28:00,2011-01-18 10:28:00,12,155.93,12.994166666666667,365.28,0.0328515111695138,56958.11039999999,56958.11039999999
13899.0,2011-03-10 09:30:00,2011-11-23 13:40:00,19,388.52,20.448421052631577,2.241705426356589,8.47568988173456,550.0720372093023,550.0720372093023
13900.0,2011-03-22 10:13:00,2011-06-09 19:26:00,43,740.95,17.23139534883721,16.568607594936708,2.59526938239159,3426.0027341772147,3426.0027341772147
13901.0,2011-01-25 09:01:00,2011-09-28 14:48:00,149,2867.2000000000003,19.24295302013423,18.437235772357724,8.081471747700395,4257.442341463416,4257.442341463416
13904.0,2011-02-18 11:18:00,2011-11-02 13:41:00,26,332.64,12.793846153846154,3.0795330739299613,8.442838370565045,472.78886848249033,472.78886848249033
13908.0,2011-03-08 12:04:00,2011-09-21 11:49:00,122,2369.55,19.42254098360656,18.94734693877551,6.438896189224704,4416.067469387755,4416.067469387755
13911.0,2011-02-04 14:46:00,2011-10-13 15:43:00,148,2580.91,17.43858108108108,17.948685258964144,8.245729303547963,3755.9952382470115,3755.9952382470115
13914.0,2011-11-03 16:28:00,2011-11-28 10:35:00,33,626.45,18.983333333333334,41.855000000000004,0.7884362680683311,9534.569000000001,9534.569000000001
13917.0,2011-06-01 12:46:00,2011-10-21 09:56:00,18,272.04,15.113333333333335,3.8859574468085105,4.6320630749014455,704.7572425531915,704.7572425531915
13918.0,2011-03-31 18:05:00,2011-10-21 12:25:00,30,1212.8400000000001,40.428000000000004,4.4985221674876845,6.668856767411301,2182.395050246306,2182.395050246306
13919.0,2011-08-10 10:15:00,2011-10-11 14:24:00,28,384.81,13.743214285714286,13.747096774193547,2.0367936925098555,2267.1515612903227,2267.1515612903227
13922.0,2010-12-23 10:38:00,2010-12-23 10:38:00,7,172.25,24.607142857142858,213.07999999999998,0.0328515111695138,62919.479999999996,62919.479999999996
13923.0,2011-10-17 12:33:00,2011-10-17 12:33:00,20,351.13,17.5565,608.8,0.0328515111695138,128260.7664,128260.7664
13924.0,2011-09-28 15:07:00,2011-12-08 09:39:00,117,1838.8500000000001,15.716666666666669,50.87828571428572,2.299605781865966,9595.644685714287,9595.644685714287
13925.0,2011-07-28 12:09:00,2011-09-08 12:47:00,41,678.25,16.54268292682927,29.715238095238096,1.3797634691195795,5898.837142857144,5898.837142857144
13926.0,2011-11-16 13:16:00,2011-11-16 13:16:00,11,223.85000000000002,20.35,334.84,0.0328515111695138,81767.928,81767.928
13927.0,2011-09-26 12:00:00,2011-09-26 12:00:00,21,348.99,16.61857142857143,639.24,0.0328515111695138,127479.0672,127479.0672
13928.0,2011-07-29 15:59:00,2011-11-29 10:33:00,27,464.57,17.206296296296298,6.736721311475409,4.0078843626806835,1390.968275409836,1390.968275409836
13929.0,2011-01-17 15:11:00,2011-06-23 15:26:00,9,842.65,93.62777777777778,1.744968152866242,5.157687253613666,1960.5298853503186,1960.5298853503186
13930.0,2011-07-26 11:00:00,2011-10-13 09:45:00,17,337.34,19.843529411764706,6.634358974358975,2.562417871222076,1579.7891692307692,1579.7891692307692
13931.0,2011-03-04 08:43:00,2011-09-05 10:12:00,58,1237.53,21.336724137931036,9.543351351351351,6.077529566360052,2443.4862616216215,2443.4862616216215
13932.0,2011-02-18 12:02:00,2011-02-18 12:02:00,16,307.4,19.2125,487.03999999999996,0.0328515111695138,112287.07199999999,112287.07199999999
13933.0,2011-07-14 13:35:00,2011-08-22 14:03:00,23,608.79,26.469130434782606,17.95179487179487,1.281208935611038,5702.020799999998,5702.020799999998
13934.0,2011-03-21 08:39:00,2011-03-21 08:39:00,31,922.1,29.74516129032258,943.64,0.0328515111695138,336824.688,336824.688
13936.0,2011-06-13 08:47:00,2011-06-13 08:47:00,26,376.58,14.483846153846153,791.4399999999999,0.0328515111695138,137557.14239999998,137557.14239999998
13937.0,2011-06-23 16:35:00,2011-06-23 16:35:00,9,158.85,17.65,273.96,0.0328515111695138,58024.72799999999,58024.72799999999
13938.0,2011-11-04 14:37:00,2011-11-04 14:37:00,7,71.66,10.237142857142857,213.07999999999998,0.0328515111695138,26175.964799999998,26175.964799999998
13939.0,2011-02-01 11:30:00,2011-11-16 13:33:00,45,568.55,12.634444444444444,4.75625,9.461235216819974,721.1109166666665,721.1109166666665
13940.0,2011-07-18 16:05:00,2011-11-22 15:15:00,49,839.14,17.12530612244898,11.837777777777777,4.139290407358739,2432.706819047619,2432.706819047619
13941.0,2010-12-02 10:17:00,2011-11-18 09:43:00,45,5112.96,113.62133333333334,3.9137142857142857,11.498028909329829,5336.177225142857,5336.177225142857
13946.0,2011-03-17 10:02:00,2011-09-21 13:33:00,11,561.57,51.051818181818184,1.781063829787234,6.176084099868594,1091.1185617021279,1091.1185617021279
13947.0,2011-10-05 14:42:00,2011-10-05 14:42:00,5,90.60000000000001,18.12,152.2,0.0328515111695138,33094.368,33094.368
13948.0,2010-12-14 10:18:00,2010-12-14 10:18:00,3,102.0,34.0,91.32,0.0328515111695138,37258.56,37258.56
13949.0,2011-09-06 11:55:00,2011-12-07 09:35:00,160,2427.32,15.170750000000002,53.52087912087912,2.9894875164257555,9743.422523076924,9743.422523076924
13950.0,2011-04-07 11:29:00,2011-11-28 14:44:00,35,745.0600000000001,21.287428571428574,4.533617021276596,7.720105124835742,1158.10858212766,1158.10858212766
13951.0,2011-02-18 15:21:00,2011-06-16 16:43:00,39,674.45,17.293589743589745,10.060677966101695,3.876478318002628,2087.822847457627,2087.822847457627
13952.0,2011-04-15 09:27:00,2011-05-06 09:00:00,137,3251.071,23.730445255474454,208.514,0.657030223390276,59377.560744,59377.560744
13953.0,2010-12-22 10:29:00,2011-12-02 16:04:00,20,3515.68,175.784,1.7646376811594204,11.333771353482259,3722.340841739131,3722.340841739131
13954.0,2011-09-30 10:52:00,2011-12-08 12:50:00,25,439.92,17.5968,11.028985507246377,2.266754270696452,2328.8982260869566,2328.8982260869566
13955.0,2011-02-07 12:24:00,2011-07-08 17:19:00,33,322.96,9.786666666666665,6.652450331125828,4.9605781865965834,781.2637668874172,781.2637668874172
13956.0,2011-03-13 12:51:00,2011-12-04 13:20:00,152,1026.42,6.752763157894737,17.394285714285715,8.73850197109067,1409.5139007518799,1409.5139007518799
13959.0,2010-12-12 13:56:00,2011-09-21 15:06:00,92,598.2,6.502173913043479,9.895689045936397,9.296977660972404,772.1218939929331,772.1218939929331
13960.0,2011-09-29 12:39:00,2011-11-18 15:27:00,12,230.22,19.185,7.3056,1.6425755584756898,1681.895232,1681.895232
13962.0,2011-04-08 11:21:00,2011-11-18 08:47:00,11,169.54999999999998,15.413636363636362,1.5015246636771302,7.3258869908015765,277.72746188340807,277.72746188340807
13963.0,2010-12-07 09:21:00,2011-02-04 14:43:00,35,664.54,18.986857142857144,18.05762711864407,1.938239159001314,4114.291037288136,4114.291037288136
13967.0,2011-07-17 12:02:00,2011-07-17 12:02:00,2,80.7,40.35,60.879999999999995,0.0328515111695138,29478.095999999998,29478.095999999998
13969.0,2010-12-09 19:32:00,2011-12-02 15:11:00,626,9053.94,14.463162939297126,53.376582633053225,11.727989487516425,9263.930541176473,9263.930541176473
13971.0,2011-02-27 12:27:00,2011-11-21 12:06:00,149,2758.26,18.511812080536913,17.05097744360902,8.73850197109067,3787.733882706767,3787.733882706767
13972.0,2011-05-22 11:34:00,2011-09-30 11:54:00,15,190.25,12.683333333333334,3.4854961832061067,4.303547963206308,530.4925190839695,530.4925190839695
13973.0,2011-02-25 15:21:00,2011-02-25 15:21:00,11,264.7,24.063636363636363,334.84,0.0328515111695138,96689.61599999998,96689.61599999998
13974.0,2011-10-21 14:41:00,2011-10-21 14:41:00,28,413.59000000000003,14.77107142857143,852.3199999999999,0.0328515111695138,151076.15519999998,151076.15519999998
13975.0,2011-03-08 12:19:00,2011-11-08 13:19:00,338,2526.28,7.474201183431953,41.994775510204086,8.04862023653088,3766.528809795919,3766.528809795919
13976.0,2011-05-17 09:13:00,2011-05-17 09:13:00,10,357.98,35.798,304.4,0.0328515111695138,130762.9344,130762.9344
13978.0,2011-10-25 15:04:00,2011-11-25 11:36:00,15,196.79,13.119333333333334,15.22,0.9855453350854139,2396.11504,2396.11504
13979.0,2011-09-27 13:32:00,2011-09-27 13:32:00,54,869.87,16.108703703703704,1643.76,0.0328515111695138,317746.1136,317746.1136
13980.0,2011-10-10 13:34:00,2011-10-10 13:34:00,11,200.14,18.19454545454545,334.84,0.0328515111695138,73107.13919999999,73107.13919999999
13982.0,2010-12-09 13:57:00,2011-10-31 16:24:00,111,1871.81,16.863153153153153,10.364539877300613,10.709592641261498,2097.345879754601,2097.345879754601
13983.0,2010-12-08 10:38:00,2011-11-10 11:06:00,107,2603.43,24.3311214953271,9.66492581602374,11.070959264126149,2821.901811275964,2821.901811275964
13984.0,2010-12-08 15:58:00,2011-11-13 12:38:00,16,920.51,57.531875,1.4366961651917405,11.136662286465176,991.8698902654867,991.8698902654867
13985.0,2011-03-20 13:48:00,2011-12-05 17:06:00,349,7060.13,20.229598853868197,40.85984615384615,8.541392904073588,9918.939563076923,9918.939563076923
13986.0,2011-11-22 15:00:00,2011-11-22 15:00:00,13,320.46,24.650769230769228,395.71999999999997,0.0328515111695138,117057.62879999998,117057.62879999998
13988.0,2011-03-30 11:48:00,2011-11-20 10:15:00,234,4147.96,17.726324786324785,30.44,7.687253613666228,6475.071917948718,6475.071917948718
13989.0,2011-04-14 15:39:00,2011-10-05 09:47:00,41,1266.08,30.88,7.214104046242775,5.683311432325887,2673.2583953757226,2673.2583953757226
13990.0,2011-05-10 15:19:00,2011-05-10 15:19:00,16,311.3,19.45625,487.03999999999996,0.0328515111695138,113711.66399999999,113711.66399999999
13991.0,2011-07-19 12:58:00,2011-11-27 16:18:00,84,855.97,10.190119047619048,19.518778625954198,4.303547963206308,2386.784134351145,2386.784134351145
13992.0,2011-11-09 15:23:00,2011-11-09 15:23:00,5,76.8,15.36,152.2,0.0328515111695138,28053.504,28053.504
13993.0,2011-01-13 10:43:00,2011-10-28 09:06:00,121,3466.36,28.647603305785125,12.833588850174218,9.42838370565046,4411.818748432056,4411.818748432056
13994.0,2011-07-14 18:28:00,2011-12-06 11:05:00,155,2313.14,14.923483870967742,32.765277777777776,4.730617608409987,5867.665133333333,5867.665133333333
13995.0,2011-04-08 08:20:00,2011-11-24 14:22:00,86,1393.69,16.205697674418605,11.381913043478262,7.555847568988173,2213.4221008695654,2213.4221008695654
13999.0,2010-12-13 11:23:00,2011-11-29 13:40:00,208,3901.81,18.758701923076924,18.03851851851852,11.530880420499342,4060.5503042735045,4060.5503042735045
14000.0,2011-05-12 16:50:00,2011-05-12 16:50:00,15,635.66,42.37733333333333,456.59999999999997,0.0328515111695138,232193.8848,232193.8848
14001.0,2010-12-01 12:58:00,2011-10-25 10:31:00,39,2043.0800000000002,52.38666666666667,3.6304587155963306,10.74244415243101,2282.2515669724776,2282.2515669724776
14002.0,2011-07-06 14:59:00,2011-07-28 15:55:00,47,529.73,11.270851063829788,65.03090909090909,0.7227332457293035,8795.44429090909,8795.44429090909
14004.0,2011-02-24 09:28:00,2011-10-27 14:40:00,171,4582.64,26.799064327485382,21.24587755102041,8.04862023653088,6832.435670204083,6832.435670204083
14005.0,2011-05-08 10:33:00,2011-11-30 12:41:00,84,2874.72,34.22285714285714,12.41242718446602,6.767411300919842,5097.464667961165,5097.464667961165
14006.0,2011-01-31 15:11:00,2011-08-16 09:39:00,30,962.19,32.073,4.659183673469388,6.438896189224704,1793.2079755102045,1793.2079755102045
14009.0,2011-05-18 13:00:00,2011-05-25 15:47:00,42,695.61,16.562142857142856,182.64000000000001,0.22996057818659657,36298.91725714286,36298.91725714286
14012.0,2011-03-07 12:26:00,2011-03-07 12:26:00,11,328.8,29.89090909090909,334.84,0.0328515111695138,120104.06399999998,120104.06399999998
14013.0,2011-03-09 08:59:00,2011-08-21 15:01:00,34,473.02,13.91235294117647,6.272484848484849,5.4204993429697765,1047.1802763636365,1047.1802763636365
14014.0,2011-09-23 13:18:00,2011-09-23 13:18:00,39,505.18,12.953333333333333,1187.1599999999999,0.0328515111695138,184532.15039999998,184532.15039999998
14015.0,2011-10-18 10:02:00,2011-10-18 10:02:00,20,917.34,45.867000000000004,608.8,0.0328515111695138,335085.9552,335085.9552
14016.0,2010-12-17 14:21:00,2011-07-01 11:29:00,161,4341.21,26.964037267080744,25.132512820512822,6.40604467805519,8132.088147692308,8132.088147692308
14019.0,2011-07-24 15:39:00,2011-10-24 10:13:00,66,1421.6100000000001,21.539545454545458,22.077362637362636,2.9894875164257555,5706.436272527473,5706.436272527473
14020.0,2011-09-12 15:32:00,2011-11-23 09:22:00,39,642.8,16.48205128205128,16.72056338028169,2.3324572930354797,3307.0701971830977,3307.0701971830977
14021.0,2011-03-28 15:10:00,2011-07-07 15:46:00,22,631.9,28.722727272727273,6.630495049504951,3.3180026281208934,2285.3508118811883,2285.3508118811883
14022.0,2011-04-28 14:39:00,2011-04-28 14:39:00,28,440.0,15.714285714285714,852.3199999999999,0.0328515111695138,160723.19999999998,160723.19999999998
14023.0,2011-04-03 15:50:00,2011-12-02 13:58:00,31,584.07,18.840967741935486,3.8993388429752067,7.9500657030223385,881.6078082644631,881.6078082644631
14024.0,2011-08-07 13:31:00,2011-08-10 11:30:00,16,327.7,20.48125,243.51999999999998,0.0657030223390276,59851.12799999999,59851.12799999999
14027.0,2011-10-10 09:01:00,2011-10-10 09:01:00,6,104.82,17.47,182.64,0.0328515111695138,38288.6496,38288.6496
14029.0,2011-07-18 16:57:00,2011-10-07 14:46:00,15,467.66,31.177333333333333,5.7075000000000005,2.628120893561104,2135.3355600000004,2135.3355600000004
14030.0,2010-12-08 16:11:00,2011-11-21 16:48:00,243,2360.09,9.712304526748971,21.255517241379312,11.432325886990801,2477.280675862069,2477.280675862069
14031.0,2010-12-02 16:34:00,2011-12-02 17:13:00,250,17286.86,69.14744,20.84931506849315,11.990801576872535,17300.121152876716,17300.121152876716
14032.0,2010-12-08 10:53:00,2011-12-07 15:23:00,143,2975.59,20.80832167832168,11.958571428571428,11.957950065703022,2986.0536131868134,2986.0536131868134
14034.0,2011-07-05 13:06:00,2011-11-17 14:02:00,89,651.8199999999999,7.323820224719101,20.067851851851852,4.434954007884363,1763.6800711111111,1763.6800711111111
14035.0,2011-02-15 12:48:00,2011-11-11 10:03:00,66,1428.02,21.636666666666667,7.496417910447761,8.804204993429698,1946.3699462686563,1946.3699462686563
14036.0,2011-02-28 09:26:00,2011-02-28 09:26:00,38,626.65,16.49078947368421,1156.72,0.0328515111695138,228902.712,228902.712
14037.0,2010-12-10 11:39:00,2011-06-16 13:57:00,28,147.20000000000002,5.257142857142858,4.533617021276596,6.176084099868594,286.00646808510646,286.00646808510646
14038.0,2011-05-16 14:05:00,2011-09-22 13:37:00,92,1560.38,16.960652173913044,21.87875,4.204993429697766,4452.9344249999995,4452.9344249999995
14039.0,2011-11-06 13:48:00,2011-11-06 13:48:00,6,152.2,25.366666666666664,182.64,0.0328515111695138,55595.61599999999,55595.61599999999
14040.0,2011-01-12 14:57:00,2011-10-30 12:42:00,235,3614.92,15.38263829787234,24.666896551724136,9.526938239159001,4553.303371034483,4553.303371034483
14041.0,2011-03-18 13:25:00,2011-03-18 13:25:00,21,141.41,6.733809523809524,639.24,0.0328515111695138,51654.2448,51654.2448
14044.0,2011-02-03 11:39:00,2011-11-13 12:05:00,209,652.82,3.1235406698564594,22.480424028268555,9.296977660972404,842.6222247349825,842.6222247349825
14045.0,2010-12-01 11:32:00,2011-08-22 15:27:00,6,1659.75,276.625,0.6918181818181818,8.672798948751643,2296.4904545454547,2296.4904545454547
14046.0,2011-02-28 14:48:00,2011-02-28 14:48:00,14,154.99,11.070714285714287,426.15999999999997,0.0328515111695138,56614.7472,56614.7472
14047.0,2010-12-02 10:09:00,2011-12-01 11:43:00,32,1308.6100000000001,40.894062500000004,2.676043956043956,11.957950065703022,1313.2117054945056,1313.2117054945056
14048.0,2011-02-07 14:53:00,2011-02-07 14:53:00,85,409.93,4.822705882352941,2587.4,0.0328515111695138,149739.2304,149739.2304
14049.0,2011-01-26 11:27:00,2011-11-23 12:20:00,488,5681.72,11.642868852459017,49.3512292358804,9.888304862023652,6895.078676411961,6895.078676411961
14050.0,2011-08-25 13:46:00,2011-11-08 10:00:00,54,746.36,13.821481481481483,22.212972972972974,2.431011826544021,3684.1943351351356,3684.1943351351356
14051.0,2010-12-08 12:49:00,2011-12-09 10:20:00,210,15610.390000000001,74.33519047619048,17.513424657534248,11.990801576872535,15622.365093698632,15622.365093698632
14052.0,2011-11-20 12:30:00,2011-11-20 12:30:00,56,225.35999999999999,4.024285714285714,1704.6399999999999,0.0328515111695138,82319.50079999998,82319.50079999998
14053.0,2011-07-03 12:21:00,2011-08-07 14:27:00,4,260.25,65.0625,3.4788571428571426,1.149802890932983,2716.117714285714,2716.117714285714
14054.0,2011-10-05 15:49:00,2011-10-05 15:49:00,6,92.46000000000001,15.410000000000002,182.64,0.0328515111695138,33773.7888,33773.7888
14055.0,2011-08-25 15:04:00,2011-08-25 15:04:00,10,725.6400000000001,72.56400000000001,304.4,0.0328515111695138,265061.7792,265061.7792
14056.0,2011-02-28 15:19:00,2011-12-08 13:36:00,1106,8214.65,7.427350813743218,119.38524822695035,9.264126149802891,10640.59344680851,10640.59344680851
14057.0,2010-12-14 12:11:00,2011-11-16 10:32:00,284,6217.96,21.894225352112677,25.72904761904762,11.038107752956636,6759.810800000001,6759.810800000001
14059.0,2011-03-18 10:06:00,2011-03-18 10:06:00,8,183.6,22.95,243.51999999999998,0.0328515111695138,67065.408,67065.408
14060.0,2010-12-02 12:11:00,2011-12-05 12:29:00,202,6140.42,30.39811881188119,16.708913043478262,12.089356110381077,6095.034286956522,6095.034286956522
14062.0,2010-12-10 15:56:00,2011-11-30 10:04:00,111,10464.85,94.27792792792793,9.544745762711864,11.629434954007884,10798.306237288136,10798.306237288136
14064.0,2011-03-10 12:59:00,2011-11-10 13:14:00,80,1353.74,16.92175,9.939591836734694,8.04862023653088,2018.3434579591835,2018.3434579591835
14066.0,2011-03-18 12:21:00,2011-03-18 12:21:00,7,152.55,21.792857142857144,213.07999999999998,0.0328515111695138,55723.46400000001,55723.46400000001
14067.0,2011-09-04 12:00:00,2011-10-07 10:21:00,52,374.7,7.2057692307692305,49.464999999999996,1.0512483574244416,4277.200499999999,4277.200499999999
14068.0,2011-01-23 16:02:00,2011-01-23 16:02:00,24,265.85,11.077083333333334,730.56,0.0328515111695138,97109.688,97109.688
14071.0,2011-03-20 11:33:00,2011-12-06 12:27:00,324,1438.82,4.440802469135802,37.787586206896556,8.5742444152431,2013.6864735632182,2013.6864735632182
14073.0,2011-11-07 15:49:00,2011-11-07 15:49:00,13,151.04,11.618461538461538,395.71999999999997,0.0328515111695138,55171.8912,55171.8912
14075.0,2011-03-23 16:35:00,2011-12-05 08:38:00,43,942.26,21.913023255813954,5.112968749999999,8.409986859395532,1344.4872375,1344.4872375
14076.0,2011-08-02 15:19:00,2011-08-02 15:19:00,46,122.47,2.662391304347826,1400.24,0.0328515111695138,44735.8416,44735.8416
14077.0,2011-03-10 15:52:00,2011-10-30 12:35:00,42,499.42,11.890952380952381,5.487038626609443,7.654402102496714,782.9533802575108,782.9533802575108
14078.0,2010-12-01 12:54:00,2011-08-30 12:16:00,65,1049.37,16.144153846153845,7.301107011070111,8.902759526938238,1414.44233800738,1414.44233800738
14079.0,2011-08-07 12:10:00,2011-08-07 12:10:00,12,375.1,31.258333333333336,365.28,0.0328515111695138,137016.528,137016.528
14080.0,2011-11-07 11:09:00,2011-11-07 11:09:00,4,45.599999999999994,11.399999999999999,121.75999999999999,0.0328515111695138,16656.767999999996,16656.767999999996
14081.0,2010-12-05 15:47:00,2011-02-10 16:17:00,153,934.52,6.10797385620915,69.51223880597014,2.2010512483574245,5094.9472477611935,5094.9472477611935
14082.0,2010-12-10 11:02:00,2010-12-10 11:02:00,29,182.25,6.2844827586206895,882.76,0.0328515111695138,66572.28,66572.28
14083.0,2010-12-03 12:24:00,2011-12-05 13:14:00,181,1018.43,5.626685082872928,15.01264305177112,12.056504599211562,1013.6569765667577,1013.6569765667577
14085.0,2010-12-06 12:39:00,2011-12-07 13:46:00,450,4448.54,9.885644444444445,37.42622950819672,12.02365308804205,4439.788773770492,4439.788773770492
14087.0,2011-12-07 12:41:00,2011-12-07 12:41:00,69,194.42,2.8176811594202897,2100.36,0.0328515111695138,71017.7376,71017.7376
14088.0,2011-01-21 13:07:00,2011-11-29 16:16:00,589,50491.81,85.7246349745331,57.46525641025641,10.249671484888305,59114.25755384615,59114.25755384615
14089.0,2011-10-14 10:38:00,2011-10-14 10:38:00,14,161.0,11.5,426.15999999999997,0.0328515111695138,58810.07999999999,58810.07999999999
14090.0,2011-01-19 10:51:00,2011-01-19 10:51:00,1,76.32000000000001,76.32000000000001,30.439999999999998,0.0328515111695138,27878.1696,27878.1696
14092.0,2010-12-16 15:47:00,2011-12-02 12:13:00,214,4076.9100000000003,19.050981308411217,18.611885714285716,11.498028909329829,4254.896242285715,4254.896242285715
14093.0,2011-11-27 16:27:00,2011-11-27 16:27:00,105,442.85,4.217619047619048,3196.2,0.0328515111695138,161764.24800000002,161764.24800000002
14096.0,2011-08-30 10:49:00,2011-12-05 17:17:00,5111,65164.79,12.749909998043435,1603.9055670103094,3.1865965834428382,245395.81949690724,245395.81949690724
14098.0,2011-11-03 10:13:00,2011-11-03 10:13:00,21,147.35,7.016666666666667,639.24,0.0328515111695138,53824.008,53824.008
14099.0,2010-12-20 11:14:00,2011-11-23 13:53:00,250,3104.17,12.41668,22.514792899408285,11.103810775295663,3354.7077443786984,3354.7077443786984
14100.0,2011-07-25 11:01:00,2011-07-25 11:01:00,26,194.9,7.496153846153846,791.4399999999999,0.0328515111695138,71193.07199999999,71193.07199999999
14101.0,2011-01-17 13:09:00,2011-09-27 12:28:00,35,5976.79,170.76542857142857,4.227777777777778,8.278580814717477,8663.49940952381,8663.49940952381
14102.0,2011-10-26 12:46:00,2011-12-04 15:38:00,79,1360.28,17.21873417721519,61.66051282051282,1.281208935611038,12740.591753846154,12740.591753846154
14104.0,2011-06-27 12:49:00,2011-07-08 12:50:00,21,216.21,10.295714285714286,58.11272727272728,0.36136662286465177,7179.744436363638,7179.744436363638
14105.0,2011-04-14 17:58:00,2011-04-14 17:58:00,74,1266.23,17.111216216216217,2252.56,0.0328515111695138,462528.49439999997,462528.49439999997
14107.0,2010-12-10 13:29:00,2011-10-19 12:12:00,123,2703.23,21.977479674796747,12.000384615384615,10.249671484888305,3164.8585076923073,3164.8585076923073
14108.0,2011-08-30 11:32:00,2011-11-09 10:41:00,34,597.91,17.585588235294118,14.785142857142857,2.299605781865966,3120.0652114285713,3120.0652114285713
14109.0,2011-09-28 10:18:00,2011-09-28 10:18:00,9,144.2,16.022222222222222,273.96,0.0328515111695138,52673.37599999999,52673.37599999999
14110.0,2011-03-18 09:59:00,2011-12-06 12:26:00,155,5683.15,36.66548387096774,17.939923954372624,8.639947437582128,7893.311908745247,7893.311908745247
14111.0,2011-04-12 11:36:00,2011-11-25 13:44:00,10,692.85,69.285,1.3409691629955949,7.457293035479632,1114.9085814977975,1114.9085814977975
14112.0,2011-03-09 11:28:00,2011-11-17 12:30:00,160,2915.15,18.2196875,19.250592885375497,8.31143232588699,4208.877438735179,4208.877438735179
14113.0,2010-12-20 12:14:00,2011-12-06 12:18:00,34,1840.42,54.13,2.9486039886039888,11.530880420499342,1915.295206837607,1915.295206837607
14114.0,2011-01-13 11:05:00,2011-03-11 09:42:00,15,386.53,25.768666666666665,8.153571428571428,1.8396846254927726,2521.279971428571,2521.279971428571
14116.0,2011-08-10 12:44:00,2011-11-20 10:29:00,72,1382.74,19.204722222222223,21.69980198019802,3.3180026281208934,5000.864031683169,5000.864031683169
14117.0,2011-07-19 09:49:00,2011-07-19 09:49:00,3,90.0,30.0,91.32,0.0328515111695138,32875.2,32875.2
14121.0,2011-10-11 10:39:00,2011-12-06 12:19:00,159,2780.15,17.485220125786164,86.42785714285715,1.8396846254927726,18134.521285714287,18134.521285714287
14124.0,2011-09-16 13:32:00,2011-09-16 13:32:00,5,419.58,83.916,152.2,0.0328515111695138,153264.1824,153264.1824
14125.0,2011-09-22 15:40:00,2011-11-29 12:47:00,167,2740.43,16.409760479041914,75.87283582089552,2.2010512483574245,14940.660752238804,14940.660752238804
14126.0,2011-11-29 12:21:00,2011-12-02 11:45:00,15,706.1300000000001,47.07533333333334,228.29999999999998,0.0657030223390276,128967.5832,128967.5832
14127.0,2011-02-02 12:26:00,2011-08-09 10:49:00,44,709.71,16.129772727272726,7.162352941176471,6.14323258869908,1386.325501604278,1386.325501604278
14128.0,2011-03-29 10:49:00,2011-10-10 12:00:00,46,637.5,13.858695652173912,7.180717948717949,6.40604467805519,1194.1846153846154,1194.1846153846154
14129.0,2011-03-24 08:44:00,2011-12-08 11:02:00,52,1123.8600000000001,21.61269230769231,6.111505791505792,8.508541392904073,1585.0331305019306,1585.0331305019306
14130.0,2011-01-24 16:05:00,2011-01-24 16:05:00,67,483.86,7.221791044776119,2039.48,0.0328515111695138,176744.38079999998,176744.38079999998
14132.0,2011-06-09 12:04:00,2011-12-07 13:35:00,200,3586.03,17.93015,33.6353591160221,5.946123521681997,7237.044411049725,7237.044411049725
14133.0,2011-01-28 11:27:00,2011-08-02 11:34:00,28,605.64,21.63,4.58236559139785,6.110381077529566,1189.398812903226,1189.398812903226
14135.0,2010-12-02 10:27:00,2011-12-08 11:38:00,134,4690.31,35.00231343283583,10.994501347708896,12.187910643889618,4617.995786522912,4617.995786522912
14138.0,2011-10-07 09:38:00,2011-12-08 12:44:00,47,982.38,20.901702127659576,23.07548387096774,2.0367936925098555,5787.802683870968,5787.802683870968
14139.0,2011-10-24 13:34:00,2011-10-24 13:34:00,26,415.82,15.993076923076924,791.4399999999999,0.0328515111695138,151890.7296,151890.7296
14140.0,2011-11-08 11:20:00,2011-12-06 09:05:00,66,935.05,14.167424242424241,74.4088888888889,0.8869908015768725,12650.187555555556,12650.187555555556
14141.0,2011-08-26 14:40:00,2011-12-07 09:53:00,40,915.13,22.87825,11.937254901960785,3.350854139290407,3277.242023529412,3277.242023529412
14142.0,2010-12-01 16:33:00,2010-12-01 16:33:00,22,311.81,14.173181818181819,669.68,0.0328515111695138,113897.9568,113897.9568
14143.0,2011-07-29 09:48:00,2011-07-29 09:48:00,7,115.8,16.54285714285714,213.07999999999998,0.0328515111695138,42299.42399999999,42299.42399999999
14145.0,2011-05-06 13:01:00,2011-10-24 12:10:00,11,3742.2,340.2,1.9696470588235295,5.5847568988173455,8040.887152941177,8040.887152941177
14146.0,2010-12-17 15:52:00,2011-12-01 10:18:00,210,4191.0,19.957142857142856,18.36896551724138,11.432325886990801,4399.104827586207,4399.104827586207
14147.0,2011-02-27 11:42:00,2011-09-22 18:10:00,5,483.4,96.67999999999999,0.7352657004830918,6.800262812089356,853.0258550724637,853.0258550724637
14148.0,2011-04-20 12:02:00,2011-04-20 12:02:00,3,157.2,52.4,91.32,0.0328515111695138,57422.015999999996,57422.015999999996
14149.0,2011-05-03 09:44:00,2011-05-03 09:44:00,28,446.62,15.950714285714286,852.3199999999999,0.0328515111695138,163141.35359999997,163141.35359999997
14150.0,2010-12-15 10:04:00,2011-11-04 10:05:00,26,658.64,25.33230769230769,2.442716049382716,10.64388961892247,742.5556148148147,742.5556148148147
14152.0,2011-04-19 15:46:00,2011-09-25 12:54:00,49,621.29,12.67938775510204,9.440253164556962,5.19053876478318,1436.359564556962,1436.359564556962
14154.0,2011-04-14 15:58:00,2011-04-14 16:26:00,52,1345.62,25.87730769230769,1582.8799999999999,0.0328515111695138,491528.0735999999,491528.0735999999
14155.0,2011-03-18 14:13:00,2011-03-18 14:13:00,6,118.75,19.791666666666668,182.64,0.0328515111695138,43377.0,43377.0
14156.0,2010-12-03 11:48:00,2011-11-30 10:54:00,1400,117379.63,83.84259285714286,118.0498614958449,11.85939553219448,118771.27769085875,118771.27769085875
14157.0,2011-02-27 13:04:00,2011-11-20 11:32:00,48,432.88,9.018333333333333,5.513660377358491,8.705650459921156,596.6883260377358,596.6883260377358
14158.0,2011-10-30 15:08:00,2011-10-30 15:08:00,41,507.65999999999997,12.381951219512194,1248.04,0.0328515111695138,185438.04479999997,185438.04479999997
14159.0,2010-12-12 11:17:00,2011-11-20 12:36:00,1204,4693.01,3.8978488372093025,106.85061224489797,11.268068331143231,4997.850416326532,4997.850416326532
14161.0,2010-12-05 13:18:00,2011-05-08 11:41:00,108,1110.52,10.282592592592593,21.487058823529413,5.026281208935611,2651.3120627450985,2651.3120627450985
14162.0,2011-02-20 12:32:00,2011-06-19 11:36:00,25,289.36,11.5744,6.4491525423728815,3.876478318002628,895.7408542372882,895.7408542372882
14163.0,2011-04-14 17:33:00,2011-09-13 15:18:00,52,2445.91,47.036730769230765,10.482649006622516,4.9605781865965834,5916.834468874172,5916.834468874172
14164.0,2011-09-20 12:18:00,2011-09-30 12:24:00,29,1631.77,56.26793103448276,88.276,0.328515111695138,59605.294559999995,59605.294559999995
14165.0,2011-03-09 12:39:00,2011-03-09 12:39:00,25,122.53999999999999,4.901599999999999,761.0,0.0328515111695138,44761.411199999995,44761.411199999995
14167.0,2011-01-12 15:44:00,2011-10-31 14:29:00,52,574.84,11.054615384615385,5.439450171821306,9.559789750328514,721.5723546391753,721.5723546391753
14171.0,2011-09-02 16:43:00,2011-09-02 16:43:00,58,363.79,6.272241379310345,1765.52,0.0328515111695138,132885.21120000002,132885.21120000002
14173.0,2011-05-04 14:03:00,2011-11-29 11:54:00,29,450.84,15.546206896551723,4.244038461538461,6.83311432325887,791.7443999999998,791.7443999999998
14174.0,2011-11-06 13:17:00,2011-11-06 13:17:00,26,134.46,5.171538461538462,791.4399999999999,0.0328515111695138,49115.5488,49115.5488
14175.0,2011-01-14 12:22:00,2011-10-11 11:55:00,149,3222.3,21.626174496644296,16.860817843866172,8.83705650459921,4375.619866171004,4375.619866171004
14176.0,2010-12-07 11:45:00,2011-02-15 13:12:00,31,576.9000000000001,18.609677419354842,13.480571428571428,2.299605781865966,3010.4290285714287,3010.4290285714287
14177.0,2011-06-13 11:10:00,2011-09-14 15:11:00,42,559.41,13.319285714285714,13.74709677419355,3.055190538764783,2197.2181161290323,2197.2181161290323
14178.0,2011-06-10 12:51:00,2011-12-01 12:01:00,327,1620.93,4.9569724770642205,57.53687861271676,5.683311432325887,3422.5046843930636,3422.5046843930636
14179.0,2011-10-18 14:00:00,2011-10-30 12:07:00,165,719.78,4.36230303030303,456.6,0.36136662286465177,23901.930763636366,23901.930763636366
14180.0,2010-12-02 13:08:00,2011-11-29 10:56:00,240,4748.52,19.785500000000003,20.23711911357341,11.85939553219448,4804.818242659281,4804.818242659281
14184.0,2011-10-04 12:43:00,2011-10-04 12:43:00,24,452.89,18.870416666666667,730.56,0.0328515111695138,165431.6592,165431.6592
14185.0,2011-01-12 13:52:00,2011-01-12 13:52:00,3,197.65,65.88333333333334,91.32,0.0328515111695138,72197.592,72197.592
14188.0,2011-02-02 13:46:00,2011-11-09 12:45:00,65,2054.36,31.605538461538462,7.091756272401434,9.165571616294349,2689.665307526882,2689.665307526882
14189.0,2010-12-06 11:42:00,2011-12-07 15:55:00,265,4654.08,17.56256603773585,22.039890710382515,12.02365308804205,4644.9244327868855,4644.9244327868855
14191.0,2011-05-03 10:30:00,2011-12-08 09:23:00,259,4684.76,18.08787644787645,36.16495412844037,7.1616294349540075,7849.766664220186,7849.766664220186
14193.0,2011-03-15 11:38:00,2011-10-03 09:34:00,42,853.39,20.318809523809524,6.360597014925373,6.603153745072273,1550.8771104477612,1550.8771104477612
14194.0,2011-02-04 14:51:00,2011-12-05 10:38:00,579,11349.52,19.601934369602763,58.16752475247525,9.95400788436268,13682.352031683171,13682.352031683171
14195.0,2011-04-01 16:50:00,2011-05-22 10:29:00,7,1012.0,144.57142857142858,4.2616000000000005,1.6425755584756898,7393.267200000001,7393.267200000001
14196.0,2011-08-25 10:25:00,2011-08-25 10:25:00,6,335.52,55.919999999999995,182.64,0.0328515111695138,122558.7456,122558.7456
14198.0,2011-04-14 14:54:00,2011-11-21 16:35:00,39,701.4,17.984615384615385,5.371764705882353,7.260183968462549,1159.3094660633483,1159.3094660633483
14199.0,2011-05-05 13:44:00,2011-05-05 13:44:00,2,185.39999999999998,92.69999999999999,60.879999999999995,0.0328515111695138,67722.91199999998,67722.91199999998
14201.0,2010-12-15 13:25:00,2011-10-10 13:27:00,37,747.44,20.20108108108108,3.7668227424749166,9.822601839684625,913.126699665552,913.126699665552
14204.0,2011-12-07 13:38:00,2011-12-07 13:38:00,44,161.03,3.659772727272727,1339.36,0.0328515111695138,58821.03839999999,58821.03839999999
14205.0,2011-03-20 15:07:00,2011-11-23 10:55:00,24,466.7,19.445833333333333,2.9577327935222675,8.114323258869907,690.1869473684211,690.1869473684211
14206.0,2011-04-14 16:38:00,2011-04-14 16:38:00,20,328.15999999999997,16.407999999999998,608.8,0.0328515111695138,119870.28479999996,119870.28479999996
14208.0,2011-09-06 12:48:00,2011-09-06 12:48:00,10,151.74,15.174000000000001,304.4,0.0328515111695138,55427.58720000001,55427.58720000001
14209.0,2011-01-11 12:56:00,2011-11-29 10:18:00,87,2073.43,23.83252873563218,8.250093457943926,10.545335085413928,2359.447072897196,2359.447072897196
14210.0,2010-12-03 12:43:00,2011-08-26 12:36:00,102,1905.8400000000001,18.684705882352944,11.716528301886793,8.705650459921156,2627.038623396227,2627.038623396227
14211.0,2011-02-17 15:50:00,2011-10-17 13:23:00,112,2241.1,20.009821428571428,14.146390041493778,7.917214191852825,3396.80086307054,3396.80086307054
14212.0,2011-09-11 12:45:00,2011-09-11 12:45:00,9,1070.48,118.94222222222223,273.96,0.0328515111695138,391024.93439999997,391024.93439999997
14214.0,2011-03-07 12:26:00,2011-11-09 10:31:00,67,1004.38,14.990746268656716,8.290569105691057,8.081471747700395,1491.3818146341464,1491.3818146341464
14215.0,2010-12-06 15:34:00,2011-11-28 12:19:00,108,1789.72,16.57148148148148,9.234606741573034,11.695137976346912,1836.373375280899,1836.373375280899
14216.0,2011-11-02 10:51:00,2011-12-06 14:56:00,59,1839.3,31.17457627118644,52.82235294117647,1.1169513797634691,19760.573647058824,19760.573647058824
14217.0,2010-12-08 13:28:00,2011-12-08 11:53:00,100,2004.98,20.0498,8.362637362637363,11.957950065703022,2012.0304791208794,2012.0304791208794
14218.0,2011-10-28 10:00:00,2011-10-28 10:00:00,12,169.48000000000002,14.123333333333335,365.28,0.0328515111695138,61907.6544,61907.6544
14219.0,2011-12-05 16:23:00,2011-12-05 16:23:00,7,89.94,12.848571428571429,213.07999999999998,0.0328515111695138,32853.2832,32853.2832
14220.0,2010-12-16 18:18:00,2011-04-06 13:23:00,21,632.4000000000001,30.114285714285717,5.811272727272728,3.6136662286465175,2100.0279272727275,2100.0279272727275
14221.0,2011-01-04 15:33:00,2011-10-28 13:42:00,193,3432.8,17.78652849740933,19.8477027027027,9.724047306176084,4236.2607567567575,4236.2607567567575
14222.0,2011-06-15 16:42:00,2011-06-15 16:42:00,41,683.17,16.662682926829266,1248.04,0.0328515111695138,249548.33759999997,249548.33759999997
14223.0,2011-03-20 16:02:00,2011-09-08 13:38:00,60,991.13,16.518833333333333,10.680701754385964,5.617608409986859,2117.192785964912,2117.192785964912
14224.0,2011-01-23 13:58:00,2011-08-21 13:24:00,118,1050.1200000000001,8.899322033898306,17.18622009569378,6.865965834428383,1835.3484861244021,1835.3484861244021
14226.0,2011-03-15 15:36:00,2011-11-11 11:34:00,67,2232.19,33.31626865671642,8.497833333333334,7.884362680683311,3397.39318,3397.39318
14227.0,2011-02-28 12:27:00,2011-11-13 15:48:00,175,3350.96,19.148342857142858,20.647286821705425,8.47568988173456,4744.335925581395,4744.335925581395
14229.0,2011-01-10 12:03:00,2011-10-19 10:04:00,40,1547.2,38.68,4.333096085409253,9.231274638633376,2011.2498790035593,2011.2498790035593
14231.0,2011-02-24 11:55:00,2011-06-09 11:05:00,50,925.71,18.514200000000002,14.634615384615385,3.416557161629435,3251.3783538461544,3251.3783538461544
14232.0,2011-03-20 12:44:00,2011-10-28 11:09:00,115,2048.07,17.80930434782609,15.839819004524887,7.260183968462549,3385.1538895927606,3385.1538895927606
14233.0,2011-01-26 12:43:00,2011-10-21 15:54:00,35,1462.72,41.792,3.975373134328358,8.804204993429698,1993.665528358209,1993.665528358209
14234.0,2011-10-13 13:58:00,2011-11-17 17:53:00,159,775.46,4.877106918238994,138.28457142857144,1.149802890932983,8093.143680000001,8093.143680000001
14235.0,2011-03-24 13:23:00,2011-09-25 14:37:00,79,3144.86,39.80835443037975,12.998702702702703,6.077529566360052,6209.483571891893,6209.483571891893
14236.0,2010-12-02 18:49:00,2011-09-20 09:13:00,15,490.86,32.724000000000004,1.5690721649484538,9.559789750328514,616.1558103092785,616.1558103092785
14237.0,2010-12-01 13:20:00,2010-12-01 13:20:00,9,161.0,17.88888888888889,273.96,0.0328515111695138,58810.08,58810.08
14238.0,2011-01-17 14:40:00,2011-01-17 14:40:00,8,146.85,18.35625,243.51999999999998,0.0328515111695138,53641.367999999995,53641.367999999995
14239.0,2011-01-27 14:45:00,2011-10-27 14:40:00,112,2380.85,21.257589285714285,12.534117647058823,8.935611038107753,3197.3414999999995,3197.3414999999995
14240.0,2011-04-28 11:40:00,2011-11-09 13:45:00,42,890.34,21.19857142857143,6.556307692307692,6.40604467805519,1667.8122830769234,1667.8122830769234
14241.0,2011-06-09 11:46:00,2011-06-09 11:46:00,10,213.70000000000002,21.37,304.4,0.0328515111695138,78060.33600000001,78060.33600000001
14242.0,2011-01-18 08:53:00,2011-04-19 11:46:00,16,280.55,17.534375,5.352087912087912,2.9894875164257555,1126.146197802198,1126.146197802198
14243.0,2010-12-09 08:34:00,2011-12-01 11:12:00,141,2588.77,18.360070921985816,12.022521008403363,11.727989487516425,2648.8120605042022,2648.8120605042022
14245.0,2011-03-21 10:41:00,2011-05-04 08:40:00,108,1693.45,15.680092592592594,76.4539534883721,1.4126149802890933,14385.660837209303,14385.660837209303
14246.0,2011-04-08 08:25:00,2011-08-21 11:50:00,75,1474.06,19.654133333333334,16.91111111111111,4.434954007884363,3988.4787911111116,3988.4787911111116
14247.0,2011-03-06 15:21:00,2011-03-06 15:21:00,20,136.77,6.838500000000001,608.8,0.0328515111695138,49959.3456,49959.3456
14248.0,2011-01-25 14:45:00,2011-01-25 14:45:00,8,302.58,37.8225,243.51999999999998,0.0328515111695138,110526.42239999998,110526.42239999998
14250.0,2011-09-11 13:44:00,2011-12-02 14:30:00,111,1904.05,17.153603603603603,41.205365853658535,2.6938239159001314,8481.846146341462,8481.846146341462
14251.0,2011-10-13 12:46:00,2011-12-08 08:32:00,78,2879.7000000000003,36.91923076923077,43.16945454545455,1.8068331143232588,19125.39665454546,19125.39665454546
14256.0,2010-12-10 11:44:00,2011-03-24 13:17:00,53,969.0600000000001,18.284150943396227,15.512692307692308,3.416557161629435,3403.6368923076925,3403.6368923076925
14257.0,2011-01-25 10:49:00,2011-10-06 16:54:00,106,3099.7200000000003,29.242641509433966,12.703307086614172,8.344283837056505,4457.739061417324,4457.739061417324
14258.0,2011-01-06 12:18:00,2011-11-30 15:27:00,111,12669.98,114.14396396396396,10.301341463414634,10.775295663600525,14110.031385365852,14110.031385365852
14259.0,2011-07-21 10:44:00,2011-07-21 10:44:00,5,120.0,24.0,152.2,0.0328515111695138,43833.6,43833.6
14261.0,2011-09-22 10:47:00,2011-10-20 10:04:00,52,1163.45,22.37403846153846,58.62518518518519,0.8869908015768725,15740.185777777777,15740.185777777777
14262.0,2011-04-13 12:23:00,2011-12-01 14:17:00,143,2618.23,18.3093006993007,18.762586206896554,7.621550591327201,4122.357993103449,4122.357993103449
14264.0,2011-04-08 12:20:00,2011-07-08 10:20:00,17,333.97,19.64529411764706,5.749777777777778,2.9566360052562417,1355.4729066666669,1355.4729066666669
14265.0,2011-07-14 09:10:00,2011-08-22 13:32:00,31,530.18,17.10258064516129,24.195897435897436,1.281208935611038,4965.747446153846,4965.747446153846
14267.0,2011-03-24 11:38:00,2011-06-30 10:09:00,55,1516.24,27.568,17.25979381443299,3.1865965834428382,5709.815950515464,5709.815950515464
14270.0,2011-01-12 09:33:00,2011-01-12 09:33:00,29,492.65000000000003,16.98793103448276,882.76,0.0328515111695138,179955.192,179955.192
14271.0,2011-04-28 12:47:00,2011-04-28 12:47:00,10,112.32000000000001,11.232000000000001,304.4,0.0328515111695138,41028.2496,41028.2496
14272.0,2011-03-30 13:57:00,2011-09-27 10:08:00,33,437.96,13.271515151515151,5.580666666666667,5.913272010512483,888.7668266666667,888.7668266666667
14273.0,2011-04-11 13:24:00,2011-10-19 13:20:00,29,559.97,19.309310344827587,4.646105263157895,6.241787122207621,1076.5570610526318,1076.5570610526318
14276.0,2011-02-23 09:38:00,2011-09-02 09:45:00,64,1119.74,17.4959375,10.19979057591623,6.274638633377135,2141.458781151832,2141.458781151832
14277.0,2011-05-11 13:20:00,2011-11-24 15:01:00,225,4216.2,18.738666666666667,34.766497461928935,6.471747700394218,7817.733685279189,7817.733685279189
14280.0,2011-05-27 10:37:00,2011-05-27 10:37:00,8,134.04,16.755,243.51999999999998,0.0328515111695138,48962.131199999996,48962.131199999996
14282.0,2010-12-07 12:21:00,2011-12-06 17:04:00,156,3729.34,23.906025641025643,13.045714285714286,11.957950065703022,3742.454162637363,3742.454162637363
14284.0,2011-09-14 13:04:00,2011-11-09 08:11:00,32,595.25,18.6015625,17.710545454545457,1.8068331143232588,3953.325818181819,3953.325818181819
14285.0,2011-06-16 12:36:00,2011-11-18 14:50:00,27,1910.01,70.74111111111111,5.3024516129032255,5.091984231274639,4501.215824516129,4501.215824516129
14286.0,2011-04-11 08:16:00,2011-11-16 10:34:00,280,4628.75,16.53125,38.91872146118722,7.194480946123521,7720.501369863014,7720.501369863014
14287.0,2011-05-25 11:41:00,2011-12-01 13:25:00,9,176.63,19.625555555555554,1.4418947368421053,6.241787122207621,339.5758231578947,339.5758231578947
14288.0,2011-05-10 13:22:00,2011-05-10 13:22:00,16,426.6,26.6625,487.03999999999996,0.0328515111695138,155828.448,155828.448
14289.0,2011-02-23 12:33:00,2011-12-01 11:44:00,47,911.26,19.388510638297873,5.109571428571429,9.198423127463863,1188.8037600000002,1188.8037600000002
14290.0,2010-12-13 10:24:00,2011-11-28 14:02:00,101,2314.65,22.917326732673267,8.784114285714287,11.498028909329829,2415.701005714286,2415.701005714286
14291.0,2011-03-09 15:20:00,2011-12-08 10:26:00,237,3883.25,16.385021097046412,26.42593406593407,8.968462549277266,5195.873846153846,5195.873846153846
14292.0,2011-03-02 08:26:00,2011-12-02 11:50:00,100,4871.93,48.719300000000004,11.06909090909091,9.034165571616294,6471.340328727274,6471.340328727274
14293.0,2010-12-06 10:18:00,2011-12-06 15:17:00,61,1046.56,17.15672131147541,5.08723287671233,11.990801576872535,1047.3628405479453,1047.3628405479453
14295.0,2011-10-30 15:50:00,2011-10-30 15:50:00,5,166.20000000000002,33.24,152.2,0.0328515111695138,60709.53599999999,60709.53599999999
14297.0,2011-03-10 08:31:00,2011-11-22 09:06:00,62,1305.33,21.053709677419352,7.343501945525293,8.442838370565045,1855.2954957198444,1855.2954957198444
14298.0,2010-12-14 12:59:00,2011-12-01 13:12:00,1637,51527.3,31.476664630421503,141.56329545454545,11.563731931668856,53471.2845,53471.2845
14299.0,2010-12-09 10:30:00,2011-12-01 16:05:00,143,3965.62,27.73160839160839,12.193053221288517,11.727989487516425,4057.5957243697485,4057.5957243697485
14300.0,2011-11-21 08:57:00,2011-11-21 08:57:00,3,43.2,14.4,91.32,0.0328515111695138,15780.096000000001,15780.096000000001
14301.0,2011-08-14 15:33:00,2011-08-14 15:33:00,13,640.14,49.24153846153846,395.71999999999997,0.0328515111695138,233830.33919999996,233830.33919999996
14304.0,2011-05-01 11:50:00,2011-05-01 11:50:00,17,383.45,22.555882352941175,517.48,0.0328515111695138,140066.616,140066.616
14305.0,2011-07-27 14:14:00,2011-09-29 15:29:00,105,1858.96,17.70438095238095,49.940625,2.102496714848883,10610.0142,10610.0142
14306.0,2011-09-15 10:31:00,2011-10-19 13:23:00,33,2093.32,63.4339393939394,29.54470588235294,1.1169513797634691,22489.644988235294,22489.644988235294
14307.0,2010-12-01 11:41:00,2011-09-12 09:38:00,180,2995.7200000000003,16.64288888888889,19.292957746478873,9.329829172141919,3853.0866253521135,3853.0866253521135
14309.0,2010-12-16 13:05:00,2011-12-01 13:33:00,117,2352.53,20.10709401709402,10.175657142857142,11.498028909329829,2455.2347382857142,2455.2347382857142
14311.0,2011-04-11 10:14:00,2011-04-11 10:14:00,20,310.26,15.513,608.8,0.0328515111695138,113331.77279999999,113331.77279999999
14312.0,2011-01-06 16:35:00,2011-10-24 09:46:00,87,1611.5900000000001,18.52402298850575,9.132,9.526938239159001,2029.9365351724136,2029.9365351724136
14314.0,2011-08-25 10:39:00,2011-08-25 10:39:00,8,120.0,15.0,243.51999999999998,0.0328515111695138,43833.6,43833.6
14315.0,2011-03-18 12:59:00,2011-10-26 12:06:00,101,2481.13,24.565643564356435,13.911493212669685,7.260183968462549,4100.937404524887,4100.937404524887
14317.0,2011-10-06 10:44:00,2011-10-06 10:44:00,24,508.58,21.190833333333334,730.56,0.0328515111695138,185774.1024,185774.1024
14320.0,2011-01-11 09:12:00,2011-05-17 09:24:00,31,477.79,15.412580645161292,7.4892063492063485,4.139290407358739,1385.135961904762,1385.135961904762
14321.0,2011-01-10 11:35:00,2011-11-29 09:47:00,123,1530.75,12.445121951219512,11.627701863354037,10.578186596583443,1736.4980124223603,1736.4980124223603
14323.0,2011-04-15 11:44:00,2011-08-17 11:37:00,36,605.0600000000001,16.807222222222222,8.909268292682926,4.040735873850197,1796.8806243902436,1796.8806243902436
14326.0,2011-04-11 15:04:00,2011-04-11 15:04:00,8,183.85,22.98125,243.51999999999998,0.0328515111695138,67156.72799999999,67156.72799999999
14327.0,2011-06-29 13:58:00,2011-06-29 13:58:00,12,311.65000000000003,25.970833333333335,365.28,0.0328515111695138,113839.512,113839.512
14329.0,2011-01-14 13:42:00,2011-11-22 15:50:00,259,5014.84,19.362316602316604,25.269102564102564,10.249671484888305,5871.220369230769,5871.220369230769
14331.0,2011-07-27 15:14:00,2011-08-07 13:17:00,28,462.66,16.52357142857143,85.232,0.328515111695138,16900.04448,16900.04448
14332.0,2011-07-15 10:33:00,2011-11-17 11:54:00,26,866.3100000000001,33.31961538461539,6.331519999999999,4.106438896189225,2531.5657344,2531.5657344
14333.0,2011-10-03 10:38:00,2011-10-03 10:38:00,15,415.2,27.68,456.59999999999997,0.0328515111695138,151664.256,151664.256
14334.0,2010-12-16 17:37:00,2011-11-23 10:01:00,162,2552.21,15.754382716049383,14.461231671554254,11.202365308804204,2733.933339589443,2733.933339589443
14335.0,2011-09-04 13:07:00,2011-11-23 13:41:00,63,468.26,7.432698412698413,23.9715,2.628120893561104,2138.07516,2138.07516
14336.0,2011-03-08 16:48:00,2011-11-23 11:40:00,90,1614.91,17.943444444444445,10.577606177606178,8.508541392904073,2277.584265637066,2277.584265637066
14338.0,2011-05-27 13:30:00,2011-07-01 14:08:00,31,588.22,18.97483870967742,26.961142857142857,1.149802890932983,6139.000045714287,6139.000045714287
14339.0,2011-04-11 11:06:00,2011-04-11 11:06:00,14,309.52000000000004,22.10857142857143,426.15999999999997,0.0328515111695138,113061.4656,113061.4656
14340.0,2011-05-05 09:44:00,2011-05-05 09:44:00,6,134.7,22.45,182.64,0.0328515111695138,49203.215999999986,49203.215999999986
14341.0,2011-01-25 13:55:00,2011-10-25 15:48:00,129,2182.28,16.916899224806205,14.383736263736266,8.968462549277266,2919.938602197803,2919.938602197803
14342.0,2011-05-13 13:50:00,2011-11-18 13:21:00,21,668.5600000000001,31.836190476190477,3.400212765957447,6.176084099868594,1298.997855319149,1298.997855319149
14344.0,2010-12-06 11:58:00,2011-08-04 13:51:00,71,889.9300000000001,12.534225352112676,8.96780082987552,7.917214191852825,1348.853238174274,1348.853238174274
14345.0,2011-11-01 09:51:00,2011-11-01 09:51:00,6,108.98,18.163333333333334,182.64,0.0328515111695138,39808.2144,39808.2144
14346.0,2011-02-15 13:52:00,2011-08-11 09:47:00,60,1021.58,17.026333333333334,10.377272727272727,5.781865965834428,2120.2428545454545,2120.2428545454545
14348.0,2011-03-24 16:23:00,2011-03-24 16:23:00,18,409.57,22.753888888888888,547.92,0.0328515111695138,149607.7296,149607.7296
14349.0,2011-11-29 15:39:00,2011-11-29 15:39:00,31,133.5,4.306451612903226,943.64,0.0328515111695138,48764.880000000005,48764.880000000005
14350.0,2011-03-10 14:14:00,2011-03-10 14:14:00,18,282.93,15.718333333333334,547.92,0.0328515111695138,103348.6704,103348.6704
14351.0,2011-06-28 11:56:00,2011-06-28 11:56:00,1,51.0,51.0,30.439999999999998,0.0328515111695138,18629.28,18629.28
14352.0,2011-03-11 14:58:00,2011-07-05 15:41:00,47,1078.96,22.95659574468085,12.33344827586207,3.8107752956636003,3397.607834482759,3397.607834482759
14353.0,2011-05-08 16:06:00,2011-05-08 16:06:00,6,90.6,15.1,182.64,0.0328515111695138,33094.367999999995,33094.367999999995
14354.0,2011-11-09 15:36:00,2011-12-04 11:32:00,9,163.62,18.18,11.415000000000001,0.7884362680683311,2490.2964,2490.2964
14355.0,2010-12-09 12:16:00,2010-12-09 12:16:00,11,174.4,15.854545454545455,334.84,0.0328515111695138,63704.831999999995,63704.831999999995
14356.0,2011-09-19 14:43:00,2011-09-21 09:18:00,33,701.23,21.24939393939394,1004.52,0.0328515111695138,256145.2944,256145.2944
14357.0,2011-10-27 16:23:00,2011-10-27 16:23:00,41,225.77,5.506585365853659,1248.04,0.0328515111695138,82469.2656,82469.2656
14359.0,2011-09-13 09:03:00,2011-11-20 13:17:00,55,912.1800000000001,16.585090909090912,24.620588235294118,2.2339027595269383,4900.016329411766,4900.016329411766
14360.0,2011-09-06 11:58:00,2011-11-08 09:12:00,118,2128.23,18.035847457627117,57.93419354838709,2.0367936925098555,12538.707329032257,12538.707329032257
14362.0,2011-11-17 15:08:00,2011-11-17 15:08:00,41,161.2,3.9317073170731707,1248.04,0.0328515111695138,58883.136,58883.136
14364.0,2011-05-12 12:56:00,2011-08-23 11:01:00,69,3717.35,53.87463768115942,20.591764705882355,3.350854139290407,13312.486352941178,13312.486352941178
14367.0,2011-03-08 14:12:00,2011-12-01 13:19:00,524,9261.52,17.67465648854962,59.73992509363296,8.771353482260183,12670.591856179777,12670.591856179777
14368.0,2011-01-24 09:52:00,2011-01-24 09:52:00,8,155.0,19.375,243.51999999999998,0.0328515111695138,56618.399999999994,56618.399999999994
14371.0,2011-02-17 16:35:00,2011-02-17 16:35:00,4,100.5,25.125,121.75999999999999,0.0328515111695138,36710.64,36710.64
14373.0,2010-12-16 15:40:00,2010-12-16 15:40:00,4,76.55,19.1375,121.75999999999999,0.0328515111695138,27962.183999999997,27962.183999999997
14375.0,2011-06-07 13:44:00,2011-06-07 13:44:00,75,257.68,3.4357333333333333,2283.0,0.0328515111695138,94125.3504,94125.3504
14377.0,2011-03-22 13:38:00,2011-06-01 13:32:00,11,617.05,56.095454545454544,4.783428571428571,2.299605781865966,3219.9431999999993,3219.9431999999993
14379.0,2011-02-17 15:03:00,2011-10-26 16:43:00,46,348.1,7.567391304347827,5.578645418326694,8.245729303547963,506.5895139442232,506.5895139442232
14381.0,2011-10-18 17:10:00,2011-10-18 17:10:00,56,202.68,3.619285714285714,1704.6399999999999,0.0328515111695138,74034.95039999999,74034.95039999999
14382.0,2011-11-13 16:18:00,2011-11-13 16:18:00,131,626.07,4.779160305343511,3987.64,0.0328515111695138,228690.84959999996,228690.84959999996
14383.0,2011-06-29 10:18:00,2011-11-01 15:53:00,59,1247.69,21.14728813559322,14.36768,4.106438896189225,3646.0496256,3646.0496256
14385.0,2011-11-16 11:55:00,2011-11-30 15:36:00,14,202.10999999999999,14.43642857142857,30.44,0.45992115637319314,5273.338628571429,5273.338628571429
14386.0,2011-02-16 09:45:00,2011-02-16 09:45:00,7,142.4,20.342857142857145,213.07999999999998,0.0328515111695138,52015.872,52015.872
14387.0,2011-08-22 14:13:00,2011-11-07 12:29:00,140,1770.56,12.646857142857142,56.07368421052632,2.4967148488830486,8509.870484210525,8509.870484210525
14388.0,2010-12-02 11:02:00,2011-11-29 13:32:00,186,3212.84,17.273333333333333,15.640441988950277,11.892247043363994,3241.9508154696136,3241.9508154696136
14389.0,2011-06-02 12:04:00,2011-10-05 15:17:00,45,1043.46,23.188000000000002,10.9584,4.106438896189225,3049.2405504,3049.2405504
14390.0,2010-12-02 11:57:00,2011-11-29 13:49:00,286,4652.82,16.268601398601398,24.0492817679558,11.892247043363994,4694.978148066298,4694.978148066298
14393.0,2011-05-05 18:16:00,2011-05-05 18:16:00,5,67.95,13.59,152.2,0.0328515111695138,24820.775999999998,24820.775999999998
14395.0,2010-12-02 18:15:00,2011-12-07 14:34:00,350,3507.71,10.02202857142857,28.872628726287267,12.12220762155059,3472.3477203252037,3472.3477203252037
14396.0,2010-12-03 15:19:00,2011-10-05 16:09:00,73,487.99,6.684794520547945,7.261830065359477,10.052562417871222,582.5261019607843,582.5261019607843
14397.0,2011-05-10 12:25:00,2011-12-07 09:22:00,87,2612.96,30.034022988505747,12.610857142857144,6.898817345597897,4545.057280000001,4545.057280000001
14400.0,2011-07-13 15:50:00,2011-07-13 15:50:00,25,574.7,22.988000000000003,761.0,0.0328515111695138,209926.41600000003,209926.41600000003
14401.0,2010-12-15 09:07:00,2011-12-05 13:30:00,182,4051.48,22.26087912087912,15.605859154929579,11.662286465177397,4168.801730704226,4168.801730704226
14403.0,2011-04-06 14:23:00,2011-08-01 12:57:00,20,1475.81,73.7905,5.248275862068966,3.8107752956636003,4647.2748,4647.2748
14404.0,2010-12-05 16:00:00,2011-11-06 12:30:00,103,1474.32,14.31378640776699,9.359164179104479,11.005256241787121,1607.5809241791046,1607.5809241791046
14406.0,2011-08-12 16:54:00,2011-08-12 16:54:00,8,156.75,19.59375,243.51999999999998,0.0328515111695138,57257.63999999999,57257.63999999999
14407.0,2011-03-08 11:59:00,2011-08-24 14:02:00,73,2157.73,29.557945205479452,13.148639053254438,5.551905387647832,4663.761031952663,4663.761031952663
14408.0,2011-03-20 14:41:00,2011-11-29 11:41:00,107,2606.53,24.360093457943925,12.873833992094863,8.31143232588699,3763.2935905138343,3763.2935905138343
14409.0,2010-12-06 15:03:00,2011-09-29 18:18:00,54,2059.4500000000003,38.137962962962966,5.534545454545455,9.756898817345597,2532.915474747475,2532.915474747475
14410.0,2011-02-07 09:36:00,2011-09-08 15:08:00,193,1105.07,5.725751295336787,27.581784037558688,6.9973718791064385,1895.1172281690137,1895.1172281690137
14411.0,2011-02-02 10:56:00,2011-02-02 10:56:00,14,1063.0,75.92857142857143,426.15999999999997,0.0328515111695138,388292.63999999996,388292.63999999996
14412.0,2011-09-28 08:48:00,2011-10-28 10:45:00,43,770.03,17.90767441860465,43.63066666666667,0.9855453350854139,9375.885279999999,9375.885279999999
14413.0,2010-12-12 13:37:00,2010-12-12 13:37:00,23,122.7,5.334782608695653,700.12,0.0328515111695138,44819.856,44819.856
14414.0,2010-12-16 11:11:00,2011-09-09 12:09:00,97,1496.98,15.432783505154639,11.058726591760301,8.771353482260183,2048.0032,2048.0032
14415.0,2010-12-14 13:31:00,2011-12-08 14:38:00,590,5900.28,10.000474576271186,50.02674094707521,11.793692509855452,6003.493811699164,6003.493811699164
14416.0,2011-10-28 15:10:00,2011-11-17 15:22:00,14,490.22,35.01571428571429,21.308,0.657030223390276,8953.37808,8953.37808
14418.0,2011-08-23 17:18:00,2011-12-06 11:39:00,124,1937.25,15.622983870967742,36.293846153846154,3.416557161629435,6804.218076923076,6804.218076923076
14419.0,2010-12-10 10:56:00,2011-11-29 11:22:00,206,1058.06,5.13621359223301,17.71367231638418,11.629434954007884,1091.7744542372882,1091.7744542372882
14420.0,2011-09-01 18:07:00,2011-09-01 18:07:00,29,387.52,13.362758620689654,882.76,0.0328515111695138,141553.30559999996,141553.30559999996
14421.0,2011-05-12 10:49:00,2011-10-13 13:24:00,27,813.11,30.115185185185187,5.336883116883117,5.059132720105125,1928.6546805194807,1928.6546805194807
14422.0,2011-03-17 17:26:00,2011-12-09 11:26:00,222,4263.64,19.205585585585588,25.40481203007519,8.73850197109067,5854.971500751881,5854.971500751881
14423.0,2011-05-05 15:12:00,2011-05-05 15:12:00,3,265.2,88.39999999999999,91.32,0.0328515111695138,96872.25599999998,96872.25599999998
14424.0,2011-11-22 11:48:00,2011-11-22 11:48:00,1,322.08,322.08,30.439999999999998,0.0328515111695138,117649.38239999997,117649.38239999997
14426.0,2011-01-31 09:51:00,2011-11-16 12:25:00,224,4481.67,20.007455357142856,23.59363321799308,9.494086727989487,5664.5827598615915,5664.5827598615915
14427.0,2011-10-07 09:10:00,2011-10-20 14:23:00,17,363.34000000000003,21.37294117647059,39.80615384615385,0.42706964520367935,10209.295015384616,10209.295015384616
14428.0,2011-01-18 16:39:00,2011-12-02 13:17:00,144,1244.83,8.644652777777777,13.827634069400633,10.413929040735873,1434.4211432176658,1434.4211432176658
14431.0,2011-02-10 10:40:00,2011-02-10 10:40:00,17,470.36,27.668235294117647,517.48,0.0328515111695138,171813.10080000001,171813.10080000001
14432.0,2011-09-11 14:09:00,2011-11-30 08:04:00,382,2255.51,5.904476439790576,147.19088607594938,2.59526938239159,10429.021427848102,10429.021427848102
14434.0,2011-09-28 15:31:00,2011-11-18 08:56:00,12,1372.8,114.39999999999999,7.3056,1.6425755584756898,10029.12768,10029.12768
14436.0,2011-09-02 10:13:00,2011-09-02 10:13:00,9,89.06,9.895555555555555,273.96,0.0328515111695138,32531.836799999997,32531.836799999997
14437.0,2010-12-09 09:27:00,2010-12-09 09:27:00,5,63.0,12.6,152.2,0.0328515111695138,23012.64,23012.64
14438.0,2011-02-06 14:56:00,2011-02-06 14:56:00,9,131.9,14.655555555555557,273.96,0.0328515111695138,48180.432,48180.432
14439.0,2011-01-24 11:39:00,2011-01-24 11:39:00,32,2661.24,83.16375,974.0799999999999,0.0328515111695138,972097.7471999999,535875.9878400022
14440.0,2010-12-09 12:49:00,2011-12-01 15:42:00,55,2357.68,42.86690909090909,4.689635854341737,11.727989487516425,2412.36232605042,2412.36232605042
14441.0,2011-03-29 12:01:00,2011-12-09 09:07:00,51,1712.89,33.58607843137255,6.111968503937008,8.344283837056505,2463.324642519685,2463.324642519685
14442.0,2011-01-27 09:33:00,2011-05-19 11:36:00,63,1589.82,25.235238095238095,17.122500000000002,3.679369250985545,5185.084371428573,5185.084371428573
14443.0,2010-12-06 11:03:00,2011-10-17 10:10:00,93,1420.2,15.270967741935484,9.015668789808917,10.315374507227332,1652.1358471337578,1652.1358471337578
14446.0,2011-04-07 12:10:00,2011-12-09 11:34:00,293,1039.58,3.548054607508532,36.40375510204082,8.04862023653088,1549.9501322448978,1549.9501322448978
14447.0,2011-03-04 10:49:00,2011-11-21 08:28:00,70,1163.23,16.617571428571427,8.163984674329502,8.5742444152431,1627.9871816091954,1627.9871816091954
14448.0,2010-12-10 17:26:00,2011-11-30 13:50:00,20,375.35,18.767500000000002,1.719774011299435,11.629434954007884,387.31030508474583,387.31030508474583
14449.0,2010-12-02 14:09:00,2011-11-21 12:06:00,258,907.1,3.5158914728682173,22.247932011331446,11.59658344283837,938.6557733711049,938.6557733711049
14450.0,2011-01-23 11:53:00,2011-06-12 10:46:00,40,483.25,12.08125,8.759712230215827,4.566360052562418,1269.9392805755397,1269.9392805755397
14451.0,2011-05-29 12:35:00,2011-10-10 13:38:00,109,662.59,6.078807339449542,24.760895522388058,4.402102496714849,1806.20056119403,1806.20056119403
14452.0,2011-09-07 11:32:00,2011-11-29 12:06:00,62,264.44,4.26516129032258,22.73831325301205,2.726675427069645,1163.7908819277106,1163.7908819277106
14453.0,2011-06-02 14:15:00,2011-06-02 14:15:00,22,119.93,5.451363636363637,669.68,0.0328515111695138,43808.0304,43808.0304
14456.0,2011-07-20 13:06:00,2011-12-04 13:59:00,970,3062.4,3.1571134020618556,215.52408759124089,4.50065703022339,8165.2078248175185,8165.2078248175185
14457.0,2011-02-02 09:39:00,2011-02-02 09:39:00,4,113.64,28.41,121.75999999999999,0.0328515111695138,41510.4192,41510.4192
14459.0,2011-07-07 13:35:00,2011-07-07 13:35:00,37,1837.92,49.67351351351351,1126.28,0.0328515111695138,671355.4175999999,535875.9878400022
14460.0,2011-02-02 11:55:00,2011-08-21 14:19:00,16,434.34,27.14625,2.4352,6.570302233902759,793.278576,793.278576
14461.0,2011-03-23 12:15:00,2011-07-14 17:11:00,180,2103.06,11.683666666666666,48.48849557522124,3.712220762155059,6798.281033628318,6798.281033628318
14462.0,2011-01-04 12:45:00,2011-10-04 15:55:00,240,2004.02,8.350083333333334,26.76043956043956,8.968462549277266,2681.4228043956045,2681.4228043956045
14463.0,2011-05-18 14:42:00,2011-09-02 15:20:00,6,529.62,88.27,1.7069158878504673,3.515111695137976,1808.033585046729,1808.033585046729
14465.0,2011-02-10 12:13:00,2011-04-07 12:38:00,130,1058.6200000000001,8.14323076923077,70.66428571428573,1.8396846254927726,6905.227028571431,6905.227028571431
14466.0,2010-12-02 13:36:00,2011-11-10 14:07:00,72,2272.4,31.561111111111114,6.389737609329447,11.268068331143231,2420.006623906706,2420.006623906706
14467.0,2011-01-31 12:35:00,2011-11-22 12:48:00,90,598.76,6.652888888888889,9.28677966101695,9.69119579500657,741.4069586440678,741.4069586440678
14470.0,2011-02-25 11:56:00,2011-11-28 10:31:00,43,461.19,10.725348837209303,4.759709090909091,9.034165571616294,612.5944843636364,612.5944843636364
14472.0,2010-12-19 14:03:00,2011-08-28 11:01:00,281,1936.84,6.892669039145908,34.07824701195219,8.245729303547963,2818.680937051793,2818.680937051793
14473.0,2011-03-02 13:56:00,2011-09-26 15:10:00,7,234.34,33.47714285714286,1.0244230769230769,6.83311432325887,411.5370923076923,411.5370923076923
14474.0,2011-10-24 13:26:00,2011-10-24 13:26:00,29,547.66,18.884827586206896,882.76,0.0328515111695138,200049.2448,200049.2448
14475.0,2011-02-08 10:12:00,2011-09-29 10:46:00,42,925.85,22.04404761904762,5.487038626609443,7.654402102496714,1451.4784892703865,1451.4784892703865
14476.0,2011-03-27 15:39:00,2011-03-27 15:39:00,19,215.7,11.352631578947367,578.36,0.0328515111695138,78790.896,78790.896
14477.0,2011-02-15 15:44:00,2011-11-20 11:11:00,10,1309.6,130.95999999999998,1.0989169675090253,9.099868593955321,1726.9699927797833,1726.9699927797833
14479.0,2010-12-09 12:59:00,2011-03-31 09:07:00,18,316.25,17.569444444444443,4.936216216216216,3.6465177398160313,1040.718918918919,1040.718918918919
14480.0,2011-11-28 16:35:00,2011-11-28 16:35:00,13,279.05,21.465384615384615,395.71999999999997,0.0328515111695138,101931.38399999999,101931.38399999999
14481.0,2011-02-25 13:53:00,2011-06-28 10:38:00,30,636.51,21.217,7.485245901639344,4.0078843626806835,1905.7735475409831,1905.7735475409831
14482.0,2011-04-14 16:41:00,2011-11-21 13:14:00,144,2068.15,14.362152777777778,19.924363636363637,7.227332457293035,3433.8810545454553,3433.8810545454553
14483.0,2011-03-03 10:26:00,2011-03-03 10:26:00,9,137.1,15.233333333333333,273.96,0.0328515111695138,50079.88799999999,50079.88799999999
14484.0,2011-10-20 14:11:00,2011-10-20 14:11:00,14,321.92,22.994285714285716,426.15999999999997,0.0328515111695138,117590.9376,117590.9376
14485.0,2011-11-01 12:25:00,2011-11-01 12:25:00,47,165.75,3.526595744680851,1430.68,0.0328515111695138,60545.16,60545.16
14487.0,2010-12-06 13:22:00,2011-11-13 12:17:00,144,1196.33,8.307847222222222,12.85442815249267,11.202365308804204,1281.5115026392964,1281.5115026392964
14488.0,2011-10-03 09:30:00,2011-10-03 09:30:00,46,1064.28,23.136521739130433,1400.24,0.0328515111695138,388760.1984,388760.1984
14489.0,2011-05-16 14:51:00,2011-05-16 14:51:00,30,463.38,15.446,913.1999999999999,0.0328515111695138,169263.4464,169263.4464
14491.0,2010-12-02 12:10:00,2011-06-17 15:22:00,17,340.93,20.05470588235294,2.6268020304568527,6.471747700394218,632.1569055837563,632.1569055837563
14493.0,2011-07-07 16:59:00,2011-12-02 16:14:00,120,2383.2400000000002,19.860333333333337,24.848979591836734,4.829172141918528,5922.108212244899,5922.108212244899
14494.0,2011-11-14 09:21:00,2011-11-14 09:21:00,7,139.56,19.937142857142856,213.07999999999998,0.0328515111695138,50978.47679999999,50978.47679999999
14495.0,2011-08-10 14:13:00,2011-10-20 12:28:00,6,123.80000000000001,20.633333333333336,2.609142857142857,2.299605781865966,646.0237714285715,646.0237714285715
14496.0,2010-12-01 15:35:00,2011-02-01 09:01:00,19,538.8100000000001,28.35842105263158,9.481311475409836,2.0039421813403417,3226.5002754098364,3226.5002754098364
14497.0,2011-02-03 17:01:00,2011-02-03 17:01:00,29,475.37,16.392068965517243,882.76,0.0328515111695138,173643.15360000002,173643.15360000002
14498.0,2010-12-13 11:29:00,2011-10-28 12:09:00,193,1957.32,10.141554404145078,18.41667711598746,10.4796320630749,2241.2847949843263,2241.2847949843263
14499.0,2011-03-06 11:55:00,2011-11-13 13:01:00,194,815.32,4.2026804123711345,23.433968253968253,8.278580814717477,1181.8257523809525,1181.8257523809525
14500.0,2011-06-03 10:08:00,2011-09-12 16:45:00,7,356.85,50.978571428571435,2.10970297029703,3.3180026281208934,1290.5957227722774,1290.5957227722774
14501.0,2011-01-24 10:43:00,2011-06-09 12:02:00,10,251.21,25.121000000000002,2.238235294117647,4.467805519053877,674.7205058823531,674.7205058823531
14502.0,2011-01-30 15:52:00,2011-11-20 11:50:00,624,2470.67,3.9594070512820516,64.82784982935154,9.625492772667542,3080.1581488054608,3080.1581488054608
14503.0,2011-06-14 10:00:00,2011-12-06 13:30:00,164,3543.26,21.605243902439025,28.52662857142857,5.7490144546649145,7395.897215999999,7395.897215999999
14504.0,2011-03-06 14:38:00,2011-10-23 16:00:00,107,673.26,6.2921495327102805,14.09991341991342,7.588699080157687,1064.6251636363638,1064.6251636363638
14505.0,2010-12-12 16:14:00,2011-11-22 15:45:00,799,5905.64,7.391289111389237,70.70220930232558,11.300919842312746,6270.965637209303,6270.965637209303
14506.0,2010-12-05 14:25:00,2011-11-22 13:02:00,316,2012.17,6.367626582278481,27.40467236467237,11.530880420499342,2094.0326427350433,2094.0326427350433
14507.0,2011-03-08 17:23:00,2011-11-16 12:21:00,96,1383.18,14.408125,11.596190476190475,8.278580814717477,2004.9523428571429,2004.9523428571429
14508.0,2011-09-11 11:29:00,2011-11-17 19:48:00,57,276.42,4.849473684210526,25.896716417910447,2.2010512483574245,1507.0253373134328,1507.0253373134328
14511.0,2011-07-29 12:13:00,2011-11-28 17:05:00,68,1314.81,19.33544117647059,16.96655737704918,4.0078843626806835,3936.670465573771,3936.670465573771
14512.0,2011-04-21 19:05:00,2011-06-05 12:39:00,23,275.28,11.968695652173912,15.911818181818182,1.445466491458607,2285.3245090909086,2285.3245090909086
14513.0,2011-02-24 09:36:00,2011-08-31 11:25:00,12,455.59000000000003,37.965833333333336,1.9429787234042555,6.176084099868594,885.2016765957447,885.2016765957447
14514.0,2011-01-12 15:22:00,2011-10-09 16:05:00,73,1055.35,14.456849315068492,8.230074074074073,8.869908015768726,1427.7712888888886,1427.7712888888886
14515.0,2011-05-05 12:13:00,2011-11-22 11:37:00,101,2102.09,20.812772277227726,15.372200000000001,6.570302233902759,3839.257176000001,3839.257176000001
14517.0,2011-07-21 11:42:00,2011-11-06 14:20:00,18,330.45,18.358333333333334,5.073333333333333,3.54796320630749,1117.6553333333334,1117.6553333333334
14518.0,2011-10-06 14:43:00,2011-10-06 14:43:00,16,174.37,10.898125,487.03999999999996,0.0328515111695138,63693.8736,63693.8736
14520.0,2011-02-22 09:15:00,2011-12-08 09:46:00,4,270.6,67.65,0.4213148788927336,9.494086727989487,342.02341868512116,342.02341868512116
14522.0,2011-05-25 16:01:00,2011-11-15 13:24:00,17,974.54,57.32588235294117,2.99121387283237,5.683311432325887,2057.6876947976875,2057.6876947976875
14523.0,2011-08-23 13:13:00,2011-08-23 13:13:00,12,241.09,20.090833333333332,365.28,0.0328515111695138,88065.35519999999,88065.35519999999
14524.0,2010-12-14 11:01:00,2011-11-08 12:29:00,203,1867.68,9.20039408866995,18.78212765957447,10.808147174770038,2073.63571550152,2073.63571550152
14525.0,2010-12-13 17:40:00,2011-11-20 11:37:00,291,4332.2,14.887285223367696,25.976656891495605,11.202365308804204,4640.6628035190615,4640.6628035190615
14527.0,2010-12-05 13:17:00,2011-12-07 12:19:00,972,8508.82,8.753930041152262,80.84065573770492,12.02365308804205,8492.081337704918,8492.081337704918
14528.0,2011-11-02 17:09:00,2011-11-02 17:09:00,18,364.21999999999997,20.234444444444442,547.92,0.0328515111695138,133042.2816,133042.2816
14529.0,2011-08-21 14:10:00,2011-10-10 15:27:00,229,620.04,2.707598253275109,139.4152,1.6425755584756898,4529.764223999999,4529.764223999999
14530.0,2011-02-16 10:47:00,2011-11-14 10:38:00,216,2925.91,13.54587962962963,24.352,8.869908015768726,3958.431128888889,3958.431128888889
14532.0,2010-12-22 13:48:00,2011-04-17 13:05:00,64,932.85,14.57578125,16.940521739130435,3.7779237844940865,2963.0560695652175,2963.0560695652175
14533.0,2010-12-22 11:07:00,2011-11-15 12:05:00,62,1949.72,31.44709677419355,5.75390243902439,10.775295663600525,2171.3223219512197,2171.3223219512197
14534.0,2011-01-25 12:33:00,2011-12-07 12:19:00,519,4447.05,8.56849710982659,50.15352380952381,10.348226018396845,5156.8838857142855,5156.8838857142855
14535.0,2011-04-05 12:50:00,2011-10-10 15:39:00,330,2864.19,8.679363636363636,53.43191489361703,6.176084099868594,5565.060229787234,5565.060229787234
14536.0,2011-03-25 12:21:00,2011-03-25 12:21:00,19,171.8,9.042105263157895,578.36,0.0328515111695138,62755.10400000001,62755.10400000001
14537.0,2011-10-13 10:54:00,2011-10-13 10:54:00,10,355.56,35.556,304.4,0.0328515111695138,129878.95679999999,129878.95679999999
14538.0,2011-03-28 14:57:00,2011-10-06 10:31:00,19,388.25,20.43421052631579,3.028062827225131,6.274638633377135,742.5128795811519,742.5128795811519
14539.0,2011-10-26 12:03:00,2011-11-24 09:50:00,32,537.48,16.79625,34.78857142857143,0.9198423127463863,7011.810514285715,7011.810514285715
14540.0,2011-02-03 15:02:00,2011-11-30 10:15:00,76,996.26,13.108684210526315,7.737257525083613,9.822601839684625,1217.1031866220735,1217.1031866220735
14541.0,2011-01-24 14:16:00,2011-10-12 10:08:00,111,1461.65,13.168018018018019,12.99553846153846,8.541392904073588,2053.5058153846153,2053.5058153846153
14542.0,2011-06-07 08:19:00,2011-06-07 08:19:00,5,103.25,20.65,152.2,0.0328515111695138,37715.15999999999,37715.15999999999
14543.0,2010-12-10 11:51:00,2011-11-11 12:45:00,72,3630.33,50.42125,6.522857142857143,11.038107752956636,3946.687328571429,3946.687328571429
14544.0,2010-12-13 12:50:00,2011-11-15 15:06:00,114,2024.45,17.758333333333333,10.297210682492583,11.070959264126149,2194.3355964391694,2194.3355964391694
14546.0,2011-04-05 12:37:00,2011-12-04 13:00:00,399,2578.09,6.4613784461152886,49.98172839506173,7.982917214191852,3875.410350617284,3875.410350617284
14547.0,2011-10-16 14:35:00,2011-12-06 11:06:00,366,4007.54,10.949562841530055,222.82080000000002,1.6425755584756898,29277.484224000007,29277.484224000007
14548.0,2011-01-26 08:38:00,2011-07-12 12:19:00,4,652.8,163.2,0.7291017964071856,5.486202365308804,1427.8729580838324,1427.8729580838324
14549.0,2011-02-01 13:47:00,2011-02-01 13:47:00,56,289.24,5.165,1704.6399999999999,0.0328515111695138,105653.5872,105653.5872
14550.0,2011-10-26 12:14:00,2011-11-29 12:12:00,48,765.62,15.950416666666667,44.276363636363634,1.0840998685939554,8474.717381818182,8474.717381818182
14551.0,2011-05-19 18:21:00,2011-11-21 13:36:00,10,186.23,18.622999999999998,1.6454054054054055,6.077529566360052,367.70861837837833,367.70861837837833
14552.0,2011-07-11 12:49:00,2011-07-11 12:49:00,58,165.07,2.8460344827586206,1765.52,0.0328515111695138,60296.76959999999,60296.76959999999
14553.0,2011-01-04 15:40:00,2011-11-20 13:20:00,113,859.27,7.604159292035398,10.78282131661442,10.4796320630749,983.9314909090908,983.9314909090908
14554.0,2011-10-18 13:04:00,2011-11-29 16:44:00,216,2381.04,11.023333333333333,156.54857142857142,1.3797634691195795,20708.245028571426,20708.245028571426
14555.0,2011-02-10 17:19:00,2011-10-13 16:24:00,21,324.14,15.435238095238095,2.6198360655737702,8.015768725361367,485.25352131147537,485.25352131147537
14557.0,2011-09-15 15:48:00,2011-09-15 15:48:00,16,788.38,49.27375,487.03999999999996,0.0328515111695138,287979.4464,287979.4464
14560.0,2010-12-17 09:22:00,2011-12-02 15:22:00,74,2237.77,30.240135135135134,6.435885714285715,11.498028909329829,2335.464644571429,2335.464644571429
14561.0,2011-06-08 13:26:00,2011-09-25 12:39:00,69,1080.76,15.6631884057971,19.44777777777778,3.54796320630749,3655.370488888889,3655.370488888889
14562.0,2011-02-08 14:45:00,2011-12-06 11:05:00,423,5074.77,11.997092198581562,42.9204,9.85545335085414,6179.039952000001,6179.039952000001
14565.0,2010-12-13 13:25:00,2011-09-05 09:07:00,127,3099.12,24.40251968503937,14.58822641509434,8.705650459921156,4271.873787169811,4271.873787169811
14566.0,2011-08-21 11:05:00,2011-08-21 11:05:00,4,1432.0,358.0,121.75999999999999,0.0328515111695138,523080.95999999996,523080.95999999996
14567.0,2011-08-01 13:48:00,2011-10-14 10:21:00,33,1530.3600000000001,46.374545454545455,13.760547945205479,2.3981603153745072,7657.669873972602,7657.669873972602
14569.0,2011-12-08 14:58:00,2011-12-08 14:58:00,12,227.39,18.949166666666667,365.28,0.0328515111695138,83061.0192,83061.0192
14570.0,2011-03-04 10:39:00,2011-03-04 10:58:00,29,218.06,7.519310344827586,882.76,0.0328515111695138,79652.9568,79652.9568
14572.0,2011-01-19 17:23:00,2011-12-06 14:40:00,270,2832.84,10.492,25.68375,10.512483574244415,3233.68686,3233.68686
14573.0,2010-12-02 19:59:00,2011-06-13 11:15:00,235,1653.42,7.035829787234043,37.25729166666667,6.307490144546649,3145.63155,3145.63155
14576.0,2010-12-02 17:51:00,2010-12-02 17:51:00,1,35.400000000000006,35.400000000000006,30.439999999999998,0.0328515111695138,12930.912,12930.912
14577.0,2010-12-12 11:26:00,2011-11-27 12:47:00,123,859.71,6.989512195121952,10.697485714285715,11.498028909329829,897.2424822857145,897.2424822857145
14578.0,2011-12-06 17:18:00,2011-12-06 17:18:00,24,168.63,7.02625,730.56,0.0328515111695138,61597.16639999999,61597.16639999999
14581.0,2011-11-23 12:39:00,2011-11-23 12:39:00,17,138.6,8.152941176470588,517.48,0.0328515111695138,50627.80799999999,50627.80799999999
14582.0,2011-10-30 11:56:00,2011-10-30 11:56:00,6,114.11,19.018333333333334,182.64,0.0328515111695138,41682.1008,41682.1008
14583.0,2011-05-18 11:28:00,2011-12-04 12:32:00,330,1052.55,3.1895454545454545,50.226,6.570302233902759,1922.3773199999998,1922.3773199999998
14584.0,2011-05-25 17:31:00,2011-06-23 18:33:00,100,1042.26,10.4226,104.96551724137932,0.9526938239159001,13128.163199999999,13128.163199999999
14585.0,2011-10-20 14:33:00,2011-10-20 14:33:00,29,157.05,5.415517241379311,882.76,0.0328515111695138,57367.224,57367.224
14586.0,2011-03-08 10:04:00,2011-03-08 10:04:00,19,237.35999999999999,12.492631578947368,578.36,0.0328515111695138,86702.8608,86702.8608
14587.0,2011-01-12 13:16:00,2011-11-21 11:34:00,383,1601.14,4.180522193211488,37.367051282051285,10.249671484888305,1874.5654461538466,1874.5654461538466
14589.0,2010-12-03 11:42:00,2010-12-03 11:42:00,3,39.75,13.25,91.32,0.0328515111695138,14519.880000000001,14519.880000000001
14591.0,2011-05-10 14:09:00,2011-11-24 13:57:00,197,1447.14,7.345888324873097,30.44,6.471747700394218,2683.3060873096447,2683.3060873096447
14592.0,2011-10-06 18:08:00,2011-11-04 16:35:00,164,570.46,3.4784146341463416,178.29142857142858,0.9198423127463863,7442.058171428573,7442.058171428573
14593.0,2011-05-25 11:14:00,2011-11-18 12:48:00,152,617.99,4.065723684210527,26.140564971751413,5.814717477003942,1275.3637694915255,1275.3637694915255
14594.0,2010-12-01 13:54:00,2011-12-02 13:28:00,53,379.83,7.166603773584906,4.420054794520548,11.990801576872535,380.1213764383562,380.1213764383562
14595.0,2011-01-30 13:36:00,2011-11-20 12:12:00,102,1740.6000000000001,17.064705882352943,10.596860068259387,9.625492772667542,2169.9876040955633,2169.9876040955633
14597.0,2011-06-01 12:33:00,2011-11-28 13:13:00,55,883.15,16.05727272727273,9.301111111111112,5.913272010512483,1792.2057333333337,1792.2057333333337
14598.0,2011-10-26 13:19:00,2011-10-26 13:19:00,50,221.97,4.4394,1522.0,0.0328515111695138,81081.2016,81081.2016
14600.0,2011-02-07 09:48:00,2011-02-07 09:48:00,25,393.33000000000004,15.733200000000002,761.0,0.0328515111695138,143675.5824,143675.5824
14601.0,2011-11-29 09:48:00,2011-11-29 09:48:00,7,213.96,30.565714285714286,213.07999999999998,0.0328515111695138,78155.3088,78155.3088
14603.0,2011-03-10 10:27:00,2011-03-10 10:27:00,2,660.0,330.0,60.879999999999995,0.0328515111695138,241084.8,241084.8
14606.0,2010-12-01 16:57:00,2011-12-08 19:28:00,2700,12156.65,4.502462962962963,220.93548387096774,12.220762155059132,11937.046,11937.046
14607.0,2011-03-23 15:22:00,2011-11-24 10:35:00,86,16569.5,192.66860465116278,10.685061224489797,8.04862023653088,24704.110040816326,24704.110040816326
14608.0,2010-12-12 14:49:00,2011-12-05 16:52:00,20,1785.15,89.25750000000001,1.7005586592178772,11.76084099868594,1821.451374301676,1821.451374301676
14609.0,2011-02-16 12:10:00,2011-09-28 12:54:00,4,601.56,150.39,0.5435714285714286,7.35873850197109,980.9724857142857,980.9724857142857
14616.0,2011-01-26 12:42:00,2011-04-11 09:54:00,3,406.08000000000004,135.36,1.234054054054054,2.431011826544021,2004.4986810810815,2004.4986810810815
14618.0,2011-01-06 11:59:00,2011-11-30 13:45:00,16,553.44,34.59,1.4848780487804878,10.775295663600525,616.343180487805,616.343180487805
14619.0,2011-04-08 07:37:00,2011-04-08 07:37:00,20,394.44,19.722,608.8,0.0328515111695138,144081.04320000001,144081.04320000001
14620.0,2011-03-01 08:30:00,2011-05-18 11:58:00,26,412.78000000000003,15.876153846153848,10.146666666666667,2.562417871222076,1933.0804923076923,1933.0804923076923
14621.0,2010-12-16 13:00:00,2011-12-08 16:22:00,92,1788.3600000000001,19.438695652173916,7.844481792717088,11.727989487516425,1829.837929411765,1829.837929411765
14622.0,2011-06-08 12:42:00,2011-06-08 12:42:00,21,320.58000000000004,15.265714285714287,639.24,0.0328515111695138,117101.4624,117101.4624
14623.0,2011-04-18 13:54:00,2011-11-07 13:56:00,134,889.25,6.6361940298507465,20.093399014778328,6.668856767411301,1600.1243349753695,1600.1243349753695
14624.0,2011-10-11 14:39:00,2011-10-13 13:44:00,13,225.85,17.373076923076923,395.71999999999997,0.0328515111695138,82498.48799999998,82498.48799999998
14625.0,2010-12-13 15:36:00,2011-05-27 15:32:00,53,899.63,16.974150943396225,9.837317073170732,5.387647831800263,2003.761258536585,2003.761258536585
14626.0,2011-04-20 13:18:00,2011-11-16 10:37:00,122,2791.27,22.87926229508197,17.768803827751196,6.865965834428383,4878.445481339713,4878.445481339713
14628.0,2011-04-11 14:43:00,2011-09-09 14:58:00,24,671.96,27.998333333333335,4.838145695364238,4.9605781865965834,1625.5201907284768,1625.5201907284768
14629.0,2011-10-23 16:13:00,2011-12-05 16:55:00,152,959.01,6.309276315789473,107.60186046511627,1.4126149802890933,8146.6784372093025,8146.6784372093025
14631.0,2011-02-14 09:31:00,2011-10-20 11:17:00,41,1006.98,24.56048780487805,5.0324193548387095,8.147174770039422,1483.1840903225807,1483.1840903225807
14632.0,2011-03-22 08:49:00,2011-03-22 08:49:00,8,114.56,14.32,243.51999999999998,0.0328515111695138,41846.476800000004,41846.476800000004
14633.0,2011-03-18 17:07:00,2011-03-18 17:07:00,20,344.90000000000003,17.245,608.8,0.0328515111695138,125985.07199999999,125985.07199999999
14636.0,2011-03-16 09:52:00,2011-11-03 16:12:00,28,609.85,21.780357142857145,3.673793103448276,7.621550591327201,960.1983103448276,960.1983103448276
14638.0,2011-10-20 10:10:00,2011-10-20 10:10:00,16,443.6,27.725,487.03999999999996,0.0328515111695138,162038.20799999998,162038.20799999998
14639.0,2010-12-13 13:50:00,2011-10-18 15:06:00,172,2984.4900000000002,17.35168604651163,16.943948220064726,10.151116951379763,3528.0728388349526,3528.0728388349526
14640.0,2011-04-26 12:31:00,2011-11-15 13:07:00,106,2125.08,20.047924528301888,15.894778325123154,6.668856767411301,3823.8877950738924,3823.8877950738924
14641.0,2011-11-18 10:42:00,2011-11-18 10:42:00,7,110.46000000000001,15.780000000000001,213.07999999999998,0.0328515111695138,40348.8288,40348.8288
14642.0,2011-10-12 11:08:00,2011-10-12 11:08:00,2,96.12,48.06,60.879999999999995,0.0328515111695138,35110.7136,35110.7136
14643.0,2010-12-16 17:53:00,2011-06-22 14:41:00,31,693.8100000000001,22.380967741935486,5.0462032085561495,6.14323258869908,1355.2669347593583,1355.2669347593583
14644.0,2011-02-14 14:14:00,2011-10-03 08:30:00,26,830.76,31.95230769230769,3.4410434782608696,7.555847568988173,1319.39136,1319.39136
14645.0,2011-03-09 09:52:00,2011-07-06 09:15:00,30,597.09,19.903000000000002,7.738983050847458,3.876478318002628,1848.3477559322037,1848.3477559322037
14646.0,2010-12-20 10:09:00,2011-12-08 12:12:00,2076,280206.02,134.97399807321773,179.01824362606234,11.59658344283837,289953.6968430595,289953.6968430595
14647.0,2011-05-22 13:40:00,2011-05-22 13:40:00,30,243.22,8.107333333333333,913.1999999999999,0.0328515111695138,88843.40159999998,88843.40159999998
14649.0,2011-05-11 14:37:00,2011-12-05 12:30:00,199,1417.29,7.122060301507537,29.263574879227054,6.800262812089356,2501.003339130435,2501.003339130435
14651.0,2011-05-12 16:29:00,2011-10-03 15:52:00,102,654.6,6.41764705882353,21.712447552447554,4.697766097240473,1672.1139020979022,1672.1139020979022
14652.0,2011-09-23 14:21:00,2011-09-23 14:21:00,29,114.18,3.937241379310345,882.76,0.0328515111695138,41707.6704,41707.6704
14653.0,2011-01-05 13:40:00,2011-12-08 13:45:00,237,1947.55,8.217510548523206,21.407359050445105,11.070959264126149,2110.9823857566766,2110.9823857566766
14655.0,2011-05-01 14:59:00,2011-12-01 16:28:00,49,1932.23,39.43326530612245,6.9699065420560755,7.030223390275952,3298.1540859813085,3298.1540859813085
14656.0,2011-03-01 13:19:00,2011-06-23 13:51:00,80,291.05,3.638125,21.361403508771932,3.7450722733245727,932.5854736842106,932.5854736842106
14657.0,2011-01-17 15:19:00,2011-11-22 12:47:00,126,848.22,6.7319047619047625,12.452727272727273,10.11826544021025,1005.9668883116883,1005.9668883116883
14658.0,2011-08-14 15:42:00,2011-12-04 15:35:00,29,247.15,8.522413793103448,7.952792792792793,3.6465177398160313,813.3238918918919,813.3238918918919
14659.0,2011-01-28 12:43:00,2011-12-01 12:17:00,253,2529.93,9.999723320158102,25.167712418300653,10.052562417871222,3020.0419294117646,3020.0419294117646
14660.0,2011-08-31 10:40:00,2011-09-14 11:34:00,30,285.74,9.524666666666667,65.22857142857143,0.45992115637319314,7455.364799999999,7455.364799999999
14661.0,2011-11-13 11:51:00,2011-11-13 11:51:00,4,107.95,26.9875,121.75999999999999,0.0328515111695138,39431.976,39431.976
14662.0,2011-01-27 17:41:00,2011-11-11 12:13:00,168,771.17,4.590297619047619,17.818536585365855,9.42838370565046,981.5086327526134,981.5086327526134
14664.0,2011-11-06 14:56:00,2011-11-20 10:59:00,99,637.89,6.443333333333333,231.8123076923077,0.42706964520367935,17923.727630769234,17923.727630769234
14665.0,2011-02-02 09:08:00,2011-10-10 09:14:00,90,1835.7,20.39666666666667,10.9584,8.21287779237845,2682.177984,2682.177984
14666.0,2011-11-15 12:57:00,2011-11-15 12:57:00,14,195.25,13.946428571428571,426.15999999999997,0.0328515111695138,71320.92,71320.92
14667.0,2010-12-06 13:13:00,2011-11-29 11:30:00,573,9241.2,16.127748691099477,48.85747899159664,11.727989487516425,9455.533714285715,9455.533714285715
14669.0,2011-01-11 12:30:00,2011-04-12 11:43:00,170,1269.99,7.470529411764706,57.49777777777778,2.9566360052562417,5154.46608,5154.46608
14670.0,2011-03-04 13:58:00,2011-03-04 14:13:00,132,411.53,3.1176515151515147,4018.08,0.0328515111695138,150323.67839999998,150323.67839999998
14672.0,2011-01-07 15:48:00,2011-04-19 10:19:00,61,765.5500000000001,12.55,18.384554455445546,3.3180026281208934,2768.7139009900993,2768.7139009900993
14673.0,2010-12-07 12:49:00,2011-12-06 14:31:00,74,1736.4,23.464864864864865,6.188351648351649,11.957950065703022,1742.506021978022,1742.506021978022
14675.0,2011-11-23 12:58:00,2011-11-23 12:58:00,102,604.75,5.928921568627451,3104.88,0.0328515111695138,220903.08000000002,220903.08000000002
14676.0,2011-03-01 14:26:00,2011-11-08 13:29:00,42,2548.2400000000002,60.672380952380955,5.0935458167330685,8.245729303547963,3708.4506262948216,3708.4506262948216
14680.0,2010-12-03 12:05:00,2011-11-14 16:59:00,258,28754.11,111.45003875968993,22.698034682080927,11.366622864651774,30356.362141040467,30356.362141040467
14681.0,2011-05-12 10:45:00,2011-09-29 15:52:00,7,498.95,71.27857142857142,1.522,4.599211563731932,1301.8318285714286,1301.8318285714286
14682.0,2011-05-22 12:51:00,2011-06-05 12:12:00,2,52.0,26.0,4.683076923076923,0.42706964520367935,1461.1200000000001,1461.1200000000001
14684.0,2010-12-12 12:44:00,2011-11-14 11:33:00,421,1236.28,2.9365320665083137,38.14059523809524,11.038107752956636,1344.0129714285715,1344.0129714285715
14687.0,2011-08-25 11:59:00,2011-08-25 11:59:00,15,628.38,41.892,456.59999999999997,0.0328515111695138,229534.64640000003,229534.64640000003
14688.0,2010-12-01 09:37:00,2011-12-02 12:26:00,327,5630.87,17.219785932721713,27.196393442622952,12.02365308804205,5619.792878688525,5619.792878688525
14689.0,2011-05-15 11:22:00,2011-05-15 11:22:00,13,112.80000000000001,8.676923076923078,395.71999999999997,0.0328515111695138,41203.584,41203.584
14690.0,2011-07-11 11:58:00,2011-10-26 15:39:00,50,371.7,7.434,14.224299065420562,3.515111695137976,1268.9212710280376,1268.9212710280376
14691.0,2011-05-11 09:55:00,2011-11-09 12:30:00,71,2114.33,29.779295774647885,11.874945054945055,5.978975032851511,4243.5300131868125,4243.5300131868125
14692.0,2011-01-21 13:47:00,2011-07-25 15:08:00,68,591.55,8.699264705882353,11.188756756756757,6.077529566360052,1168.007481081081,1168.007481081081
14693.0,2011-03-20 12:50:00,2011-03-20 12:50:00,8,172.9,21.6125,243.51999999999998,0.0328515111695138,63156.912,63156.912
14696.0,2010-12-01 15:37:00,2011-12-05 13:43:00,130,2078.95,15.991923076923076,10.753260869565217,12.089356110381077,2063.5838478260866,2063.5838478260866
14697.0,2011-05-05 15:29:00,2011-05-05 15:39:00,22,188.61,8.57318181818182,669.68,0.0328515111695138,68895.4608,68895.4608
14698.0,2011-10-19 12:54:00,2011-12-08 12:26:00,210,1250.76,5.9559999999999995,130.45714285714286,1.609724047306176,9324.032914285714,9324.032914285714
14699.0,2011-05-09 14:54:00,2011-05-09 14:54:00,8,109.13000000000001,13.641250000000001,243.51999999999998,0.0328515111695138,39863.0064,39863.0064
14700.0,2011-04-15 13:16:00,2011-11-07 14:40:00,115,2235.3,19.437391304347827,16.993203883495145,6.767411300919842,3963.6426407766985,3963.6426407766985
14701.0,2011-01-27 12:40:00,2011-11-29 12:38:00,335,2549.37,7.610059701492537,33.43409836065574,10.019710906701707,3053.225815081967,3053.225815081967
14702.0,2010-12-09 19:23:00,2011-12-08 19:29:00,347,3292.14,9.487435158501441,29.01835164835165,11.957950065703022,3303.7167560439566,3303.7167560439566
14703.0,2011-11-25 09:23:00,2011-11-25 09:23:00,22,318.17,14.462272727272728,669.68,0.0328515111695138,116221.13759999999,116221.13759999999
14704.0,2011-06-12 13:59:00,2011-11-28 12:51:00,415,1546.91,3.7274939759036148,75.19404761904762,5.519053876478318,3363.424314285715,3363.424314285715
14705.0,2011-05-25 12:39:00,2011-05-25 12:39:00,1,179.0,179.0,30.439999999999998,0.0328515111695138,65385.119999999995,65385.119999999995
14708.0,2010-12-06 12:23:00,2011-12-07 08:21:00,28,1126.3700000000001,40.227500000000006,2.3351232876712333,11.990801576872535,1127.2340646575346,1127.2340646575346
14709.0,2010-12-16 13:43:00,2011-11-24 15:41:00,196,4921.04,25.10734693877551,17.394285714285715,11.268068331143231,5240.692394169097,5240.692394169097
14710.0,2011-10-11 13:49:00,2011-11-25 14:53:00,139,606.13,4.360647482014389,94.02577777777778,1.4783180026281209,4920.159253333333,4920.159253333333
14711.0,2011-03-22 13:32:00,2011-11-29 14:58:00,357,2868.8,8.035854341736695,43.123333333333335,8.278580814717477,4158.393904761904,4158.393904761904
14712.0,2011-08-19 13:33:00,2011-11-10 12:59:00,25,917.07,36.6828,9.28048780487805,2.6938239159001314,4085.2113365853666,4085.2113365853666
14713.0,2010-12-09 18:58:00,2011-11-30 16:26:00,339,2666.36,7.865368731563422,29.06805633802817,11.662286465177397,2743.571776901409,2743.571776901409
14714.0,2011-11-15 13:07:00,2011-11-15 13:07:00,10,160.19,16.019,304.4,0.0328515111695138,58514.20319999999,58514.20319999999
14715.0,2011-01-12 13:27:00,2011-11-15 12:10:00,71,867.38,12.21661971830986,7.062875816993464,10.052562417871222,1035.4136156862746,1035.4136156862746
14716.0,2011-07-14 12:42:00,2011-10-27 17:29:00,55,329.68,5.9941818181818185,15.944761904761906,3.4494086727989486,1146.909622857143,1146.909622857143
14719.0,2011-04-04 14:17:00,2011-12-08 12:43:00,237,1602.13,6.7600421940928275,29.20761133603239,8.114323258869907,2369.3362202429153,2369.3362202429153
14720.0,2011-08-05 12:06:00,2011-12-04 12:02:00,37,663.81,17.94081081081081,9.385666666666667,3.9421813403416555,2020.63764,2020.63764
14722.0,2011-07-15 14:58:00,2011-07-15 14:58:00,29,187.92,6.4799999999999995,882.76,0.0328515111695138,68643.41759999999,68643.41759999999
14723.0,2010-12-03 14:18:00,2011-11-29 15:23:00,278,1158.3,4.1665467625899275,23.4413296398892,11.85939553219448,1172.032753462604,1172.032753462604
14725.0,2011-11-15 12:42:00,2011-11-15 12:42:00,52,718.08,13.80923076923077,1582.8799999999999,0.0328515111695138,262300.2624,262300.2624
14727.0,2011-03-10 14:45:00,2011-03-10 14:45:00,10,268.58,26.857999999999997,304.4,0.0328515111695138,98106.90239999998,98106.90239999998
14729.0,2010-12-01 12:43:00,2010-12-01 12:43:00,71,313.49,4.415352112676056,2161.24,0.0328515111695138,114511.62719999999,114511.62719999999
14730.0,2011-03-08 12:49:00,2011-12-08 14:39:00,501,2005.06,4.0021157684630735,55.45614545454546,9.034165571616294,2663.3029701818177,2663.3029701818177
14731.0,2011-05-11 13:06:00,2011-10-23 15:54:00,45,380.02,8.444888888888888,8.301818181818183,5.4204993429697765,841.2951854545456,841.2951854545456
14732.0,2011-01-04 14:40:00,2011-12-01 14:34:00,147,2702.4900000000002,18.384285714285717,13.559636363636363,10.840998685939553,2991.4107490909096,2991.4107490909096
14733.0,2010-12-07 11:30:00,2011-11-23 15:39:00,202,9585.91,47.455,17.51817663817664,11.530880420499342,9975.90086837607,9975.90086837607
14735.0,2010-12-16 16:05:00,2011-12-06 12:09:00,194,6065.6900000000005,31.266443298969076,16.68180790960452,11.629434954007884,6258.969613559322,6258.969613559322
14737.0,2010-12-21 13:49:00,2011-12-06 10:16:00,17,1164.55,68.50294117647059,1.4827507163323783,11.465177398160314,1218.8734212034385,1218.8734212034385
14738.0,2011-01-27 14:10:00,2011-10-28 08:56:00,54,1314.45,24.34166666666667,6.021098901098902,8.968462549277266,1758.7629890109893,1758.7629890109893
14739.0,2010-12-07 14:58:00,2011-12-05 16:54:00,60,3902.28,65.038,5.031404958677687,11.925098554533507,3926.7901884297526,3926.7901884297526
14740.0,2011-03-01 08:35:00,2011-05-26 18:17:00,89,1448.21,16.272022471910113,31.50186046511628,2.8252299605781865,6151.187776744187,6151.187776744187
14741.0,2010-12-02 08:43:00,2011-11-28 08:48:00,59,1400.3400000000001,23.734576271186445,4.974958448753463,11.85939553219448,1416.9423689750695,1416.9423689750695
14744.0,2010-12-08 10:21:00,2011-11-23 12:51:00,26,1099.98,42.30692307692308,2.261257142857143,11.498028909329829,1148.0019840000002,1148.0019840000002
14745.0,2011-02-27 15:25:00,2011-08-19 10:05:00,69,1220.26,17.684927536231886,12.21139534883721,5.650459921156373,2591.4917023255816,2591.4917023255816
14747.0,2011-04-04 14:09:00,2011-04-04 14:09:00,18,328.2,18.233333333333334,547.92,0.0328515111695138,119884.896,119884.896
14748.0,2010-12-06 10:19:00,2011-11-10 18:33:00,89,1415.75,15.907303370786517,7.991622418879057,11.136662286465176,1525.5019469026552,1525.5019469026552
14752.0,2011-10-27 11:55:00,2011-10-27 11:55:00,5,389.64000000000004,77.92800000000001,152.2,0.0328515111695138,142327.6992,142327.6992
14753.0,2011-09-13 14:50:00,2011-09-13 14:50:00,30,563.15,18.771666666666665,913.1999999999999,0.0328515111695138,205707.43199999997,205707.43199999997
14754.0,2011-02-17 12:21:00,2011-10-26 12:01:00,41,638.05,15.562195121951218,4.99216,8.21287779237845,932.2676159999999,932.2676159999999
14755.0,2011-01-09 14:02:00,2011-11-30 11:24:00,235,5010.28,21.320340425531914,22.078395061728397,10.64388961892247,5648.626785185185,5648.626785185185
14756.0,2011-11-24 18:13:00,2011-11-24 18:13:00,38,738.96,19.446315789473687,1156.72,0.0328515111695138,269927.30880000006,269927.30880000006
14757.0,2011-09-25 14:36:00,2011-09-25 14:36:00,19,420.5,22.13157894736842,578.36,0.0328515111695138,153600.24,153600.24
14758.0,2011-03-25 12:10:00,2011-07-18 08:21:00,71,1484.06,20.90225352112676,18.95824561403509,3.7450722733245727,4755.240673684211,4755.240673684211
14759.0,2011-04-21 10:55:00,2011-12-05 12:03:00,102,1625.97,15.940882352941177,13.617894736842105,7.490144546649145,2604.975094736842,2604.975094736842
14760.0,2011-02-15 16:27:00,2011-02-15 16:27:00,5,89.2,17.84,152.2,0.0328515111695138,32582.975999999995,32582.975999999995
14761.0,2011-01-09 12:03:00,2011-10-12 12:10:00,11,255.9,23.263636363636365,1.2131884057971014,9.067017082785808,338.6780869565217,338.6780869565217
14762.0,2011-03-21 08:20:00,2011-03-21 08:20:00,21,300.52,14.310476190476189,639.24,0.0328515111695138,109773.94559999999,109773.94559999999
14764.0,2011-10-24 11:54:00,2011-10-24 11:54:00,6,278.3,46.38333333333333,182.64,0.0328515111695138,101657.424,101657.424
14765.0,2011-06-16 19:49:00,2011-11-10 19:53:00,39,254.11,6.515641025641026,8.075918367346938,4.829172141918528,631.4374204081632,631.4374204081632
14766.0,2010-12-08 15:33:00,2011-12-01 16:05:00,135,2473.37,18.321259259259257,11.478770949720671,11.76084099868594,2523.666462569832,2523.666462569832
14768.0,2011-08-04 13:25:00,2011-11-22 12:54:00,5,192.60000000000002,38.52,1.3963302752293578,3.5808147174770038,645.4397064220184,645.4397064220184
14769.0,2010-12-17 11:40:00,2011-12-07 10:24:00,1090,10674.75,9.79334862385321,93.72768361581922,11.629434954007884,11014.894576271186,11014.894576271186
14770.0,2011-01-20 15:00:00,2011-04-21 14:21:00,52,876.4200000000001,16.85423076923077,17.587555555555557,2.9566360052562417,3557.0966400000007,3557.0966400000007
14772.0,2011-08-19 15:04:00,2011-08-19 15:04:00,9,139.26,15.473333333333333,273.96,0.0328515111695138,50868.892799999994,50868.892799999994
14775.0,2010-12-02 16:38:00,2011-10-12 15:27:00,60,1011.9,16.865,5.8351437699680515,10.282522996057818,1180.9163961661343,1180.9163961661343
14776.0,2011-01-31 13:17:00,2011-10-19 15:34:00,117,2538.2999999999997,21.694871794871794,13.645517241379311,8.5742444152431,3552.4529655172414,3552.4529655172414
14778.0,2011-02-04 11:43:00,2011-08-04 15:23:00,35,730.86,20.881714285714285,5.886187845303867,5.946123521681997,1474.9643138121546,1474.9643138121546
14779.0,2011-01-20 12:04:00,2011-03-04 12:42:00,41,386.15,9.418292682926829,29.024186046511627,1.4126149802890933,3280.2993488372094,3280.2993488372094
14780.0,2011-09-21 15:15:00,2011-10-16 12:46:00,27,447.68,16.58074074074074,34.245000000000005,0.7884362680683311,6813.6896000000015,6813.6896000000015
14782.0,2011-01-24 11:12:00,2011-01-24 11:12:00,6,200.10000000000002,33.35,182.64,0.0328515111695138,73092.52799999999,73092.52799999999
14784.0,2011-01-20 09:25:00,2011-11-13 13:30:00,15,289.99,19.332666666666668,1.5373737373737375,9.756898817345597,356.65840808080816,356.65840808080816
14785.0,2011-11-24 13:40:00,2011-11-29 13:21:00,3,77.4,25.8,22.83,0.1314060446780552,7068.168,7068.168
14788.0,2011-11-13 15:52:00,2011-12-02 17:06:00,30,679.44,22.648000000000003,48.06315789473684,0.6241787122207622,13062.4128,13062.4128
14789.0,2011-11-11 08:59:00,2011-11-11 08:59:00,6,197.64,32.94,182.64,0.0328515111695138,72193.9392,72193.9392
14790.0,2011-03-31 11:49:00,2011-11-23 09:28:00,46,745.06,16.19695652173913,5.933220338983051,7.752956636005256,1153.2013423728813,1153.2013423728813
14792.0,2011-10-07 09:19:00,2011-10-07 09:19:00,2,6.2,3.1,60.879999999999995,0.0328515111695138,2264.736,2264.736
14793.0,2011-11-18 14:50:00,2011-11-18 14:50:00,14,228.99,16.356428571428573,426.15999999999997,0.0328515111695138,83645.4672,83645.4672
14794.0,2011-01-09 16:11:00,2011-12-07 10:11:00,80,1319.91,16.498875,7.3570996978851975,10.873850197109066,1456.6064193353477,1456.6064193353477
14795.0,2011-06-26 13:04:00,2011-06-26 13:04:00,6,131.45000000000002,21.908333333333335,182.64,0.0328515111695138,48016.056000000004,48016.056000000004
14796.0,2010-12-08 10:40:00,2011-12-08 15:31:00,1141,8022.49,7.031104294478528,95.15627397260275,11.990801576872535,8028.644238904111,8028.644238904111
14798.0,2011-02-02 15:26:00,2011-10-18 10:58:00,12,173.74,14.478333333333333,1.4213229571984436,8.442838370565045,246.9406505836576,246.9406505836576
14799.0,2011-10-19 16:16:00,2011-10-19 16:16:00,13,157.7,12.13076923076923,395.71999999999997,0.0328515111695138,57604.65599999999,57604.65599999999
14800.0,2010-12-05 11:10:00,2011-10-23 12:46:00,385,4339.74,11.272051948051947,36.39565217391304,10.578186596583443,4923.0441838509305,4923.0441838509305
14801.0,2011-10-09 15:24:00,2011-10-09 15:24:00,59,193.14,3.273559322033898,1795.96,0.0328515111695138,70550.17919999998,70550.17919999998
14803.0,2011-02-20 13:21:00,2011-06-30 13:58:00,44,845.5500000000001,19.217045454545456,10.302769230769231,4.270696452036794,2375.8654153846155,2375.8654153846155
14804.0,2011-12-01 11:20:00,2011-12-01 11:20:00,12,353.27,29.439166666666665,365.28,0.0328515111695138,129042.46559999998,129042.46559999998
14805.0,2011-01-30 10:43:00,2011-11-24 16:20:00,47,554.65,11.801063829787234,4.800939597315436,9.789750328515112,679.8743355704697,679.8743355704697
14806.0,2011-09-25 15:32:00,2011-09-25 15:32:00,11,193.39000000000001,17.580909090909092,334.84,0.0328515111695138,70641.49919999999,70641.49919999999
14808.0,2011-06-20 12:53:00,2011-10-31 12:21:00,235,2741.17,11.664553191489363,54.19242424242424,4.336399474375821,7585.564981818183,7585.564981818183
14810.0,2010-12-05 12:08:00,2011-10-30 11:19:00,255,2087.88,8.187764705882353,23.665243902439023,10.775295663600525,2325.1853853658536,2325.1853853658536
14813.0,2010-12-05 11:54:00,2010-12-05 11:57:00,30,155.43,5.181,913.1999999999999,0.0328515111695138,56775.47039999999,56775.47039999999
14815.0,2011-10-03 11:36:00,2011-11-03 11:36:00,53,778.5,14.68867924528302,52.04258064516129,1.0183968462549278,9173.24129032258,9173.24129032258
14816.0,2011-05-26 13:16:00,2011-05-26 13:16:00,4,271.85,67.9625,121.75999999999999,0.0328515111695138,99301.36799999999,99301.36799999999
14817.0,2011-03-07 13:51:00,2011-05-23 13:35:00,63,1110.34,17.624444444444443,25.23315789473684,2.4967148488830486,5336.64467368421,5336.64467368421
14818.0,2011-03-31 12:28:00,2011-09-27 11:01:00,48,657.8,13.704166666666666,8.16268156424581,5.88042049934297,1342.3529832402232,1342.3529832402232
14819.0,2011-05-31 13:50:00,2011-10-06 13:41:00,13,272.07,20.928461538461537,3.1159055118110235,4.1721419185282524,782.5333039370078,782.5333039370078
14820.0,2011-06-19 14:56:00,2011-11-18 15:41:00,29,507.29,17.492758620689656,5.807631578947368,4.993429697766097,1219.0979684210527,1219.0979684210527
14821.0,2010-12-08 08:43:00,2010-12-08 08:43:00,2,48.800000000000004,24.400000000000002,60.879999999999995,0.0328515111695138,17825.664,17825.664
14823.0,2011-05-29 12:48:00,2011-06-12 13:12:00,70,321.43,4.591857142857143,152.20000000000002,0.45992115637319314,8386.567885714287,8386.567885714287
14824.0,2011-09-09 14:12:00,2011-11-29 14:20:00,29,1127.71,38.88655172413793,10.898271604938271,2.6609724047306176,5085.554429629629,5085.554429629629
14825.0,2010-12-06 12:30:00,2011-12-06 11:38:00,121,2226.9100000000003,18.40421487603306,10.11879120879121,11.957950065703022,2234.740892307693,2234.740892307693
14828.0,2011-01-07 09:50:00,2011-05-27 10:16:00,17,2139.76,125.86823529411765,3.696285714285714,4.599211563731932,5582.93952,5582.93952
14829.0,2010-12-02 16:12:00,2011-11-10 16:16:00,42,697.55,16.60833333333333,3.7273469387755105,11.268068331143231,742.8602448979591,742.8602448979591
14830.0,2011-10-17 14:29:00,2011-10-17 14:29:00,40,197.13,4.92825,1217.6,0.0328515111695138,72007.6464,72007.6464
14834.0,2011-04-13 15:00:00,2011-11-22 10:30:00,67,1720.3,25.676119402985073,9.186846846846848,7.293035479632063,2830.5909189189188,2830.5909189189188
14836.0,2011-11-09 13:26:00,2011-11-29 16:45:00,6,102.45,17.075,9.132,0.657030223390276,1871.1468,1871.1468
14837.0,2011-05-22 12:49:00,2011-09-11 10:58:00,108,1649.5,15.273148148148149,29.6172972972973,3.6465177398160313,5428.192432432433,5428.192432432433
14840.0,2011-03-17 12:00:00,2011-03-17 12:00:00,4,62.85,15.7125,121.75999999999999,0.0328515111695138,22957.847999999998,22957.847999999998
14841.0,2010-12-16 10:28:00,2011-10-17 15:03:00,138,3295.76,23.88231884057971,13.772852459016395,10.019710906701707,3947.1318452459027,3947.1318452459027
14842.0,2011-02-04 15:32:00,2011-10-27 12:37:00,145,2824.69,19.480620689655172,16.718939393939394,8.672798948751643,3908.3437999999996,3908.3437999999996
14844.0,2011-04-12 13:10:00,2011-10-07 10:41:00,130,3189.81,24.537,22.357062146892655,5.814717477003942,6582.902806779661,6582.902806779661
14847.0,2011-07-14 10:52:00,2011-07-14 10:52:00,13,309.40000000000003,23.800000000000004,395.71999999999997,0.0328515111695138,113017.63200000001,113017.63200000001
14849.0,2010-12-01 12:22:00,2011-11-18 10:58:00,388,7930.54,20.439536082474227,33.648774928774934,11.530880420499342,8253.184191452992,8253.184191452992
14850.0,2011-02-01 11:21:00,2011-02-01 11:21:00,21,325.75,15.511904761904763,639.24,0.0328515111695138,118989.95999999999,118989.95999999999
14851.0,2011-03-28 14:59:00,2011-11-16 14:20:00,28,511.35,18.2625,3.673793103448276,7.621550591327201,805.1117586206897,805.1117586206897
14852.0,2011-04-01 13:22:00,2011-10-12 13:20:00,143,2836.69,19.83699300699301,22.5539896373057,6.340341655716163,5368.840016580311,5368.840016580311
14853.0,2011-05-12 15:17:00,2011-11-15 16:56:00,9,475.8,52.86666666666667,1.4650267379679145,6.14323258869908,929.412962566845,929.412962566845
14854.0,2011-03-10 12:22:00,2011-09-22 17:00:00,127,2759.83,21.730944881889762,19.723877551020408,6.438896189224704,5143.4219510204075,5143.4219510204075
14855.0,2011-07-28 12:06:00,2011-08-12 14:02:00,20,645.65,32.2825,40.586666666666666,0.49277266754270693,15722.868799999998,15722.868799999998
14856.0,2011-10-14 09:35:00,2011-11-03 14:53:00,66,1311.38,19.86939393939394,100.452,0.657030223390276,23951.04432,23951.04432
14857.0,2011-07-14 15:03:00,2011-10-11 09:23:00,60,1173.1200000000001,19.552000000000003,20.754545454545454,2.890932982917214,4869.514472727273,4869.514472727273
14859.0,2011-05-19 14:42:00,2011-11-27 11:18:00,58,1353.74,23.340344827586208,9.243560209424084,6.274638633377135,2588.974592670157,2588.974592670157
14860.0,2011-11-20 14:17:00,2011-11-20 14:17:00,11,170.32,15.483636363636363,334.84,0.0328515111695138,62214.489599999986,62214.489599999986
14861.0,2011-10-18 12:54:00,2011-10-18 12:54:00,6,125.79,20.965,182.64,0.0328515111695138,45948.5712,45948.5712
14862.0,2011-07-14 11:20:00,2011-11-14 10:01:00,48,841.2,17.525000000000002,11.97639344262295,4.0078843626806835,2518.6355409836065,2518.6355409836065
14863.0,2011-11-10 15:04:00,2011-11-10 15:04:00,11,266.76,24.25090909090909,334.84,0.0328515111695138,97442.09279999998,97442.09279999998
14865.0,2010-12-02 18:23:00,2011-12-02 16:25:00,4,52.2,13.05,0.3345054945054945,11.957950065703022,52.38356043956044,52.38356043956044
14866.0,2010-12-08 14:58:00,2011-11-29 11:45:00,99,14389.9,145.35252525252525,8.488901408450705,11.662286465177397,14806.59907605634,14806.59907605634
14867.0,2011-01-07 16:34:00,2011-06-07 11:39:00,36,710.28,19.73,7.3056,4.92772667542707,1729.673856,1729.673856
14868.0,2011-04-20 13:36:00,2011-12-06 14:49:00,144,2953.59,20.511041666666667,19.05808695652174,7.555847568988173,4690.8145878260875,4690.8145878260875
14869.0,2011-08-28 16:09:00,2011-12-01 12:36:00,71,725.7,10.221126760563381,22.99191489361702,3.088042049934297,2820.0393191489366,2820.0393191489366
14870.0,2011-03-23 10:51:00,2011-03-23 10:51:00,13,327.25,25.173076923076923,395.71999999999997,0.0328515111695138,119537.88,119537.88
14871.0,2010-12-14 12:18:00,2011-12-06 13:42:00,98,522.38,5.330408163265306,8.35607843137255,11.727989487516425,534.4957042016807,534.4957042016807
14873.0,2011-05-13 13:52:00,2011-05-13 13:52:00,28,519.68,18.56,852.3199999999999,0.0328515111695138,189828.71039999998,189828.71039999998
14875.0,2011-03-22 11:53:00,2011-08-24 12:20:00,47,1465.32,31.17702127659574,9.230193548387097,5.091984231274639,3453.239287741935,3453.239287741935
14878.0,2010-12-16 12:11:00,2011-11-27 11:15:00,124,1485.54,11.980161290322581,10.940753623188407,11.333771353482259,1572.8639165217392,1572.8639165217392
14880.0,2011-02-24 12:27:00,2011-09-23 13:42:00,47,706.19,15.025319148936171,6.780473933649289,6.931668856767411,1222.545418009479,1222.545418009479
14881.0,2011-11-20 11:06:00,2011-11-20 11:06:00,17,255.4,15.023529411764706,517.48,0.0328515111695138,93292.512,93292.512
14882.0,2011-11-06 10:15:00,2011-11-13 12:47:00,11,589.7,53.60909090909092,47.83428571428572,0.22996057818659657,30772.230857142866,30772.230857142866
14883.0,2011-05-12 09:49:00,2011-11-21 10:23:00,53,761.59,14.369622641509434,8.35917098445596,6.340341655716163,1441.4175917098446,1441.4175917098446
14885.0,2011-07-31 12:05:00,2011-07-31 12:05:00,15,765.3199999999999,51.02133333333333,456.59999999999997,0.0328515111695138,279556.08959999995,279556.08959999995
14886.0,2011-04-01 08:56:00,2011-04-01 08:56:00,18,364.8,20.266666666666666,547.92,0.0328515111695138,133254.14399999997,133254.14399999997
14887.0,2011-09-21 15:32:00,2011-09-21 15:32:00,6,1862.0,310.3333333333333,182.64,0.0328515111695138,680151.3599999999,535875.9878400022
14888.0,2011-05-16 14:58:00,2011-05-16 14:58:00,20,369.2,18.46,608.8,0.0328515111695138,134861.376,134861.376
14889.0,2011-01-07 15:19:00,2011-01-07 15:19:00,10,135.9,13.59,304.4,0.0328515111695138,49641.551999999996,49641.551999999996
14890.0,2011-03-31 11:57:00,2011-03-31 11:57:00,7,125.65,17.95,213.07999999999998,0.0328515111695138,45897.43199999999,45897.43199999999
14891.0,2011-06-05 10:58:00,2011-07-14 18:08:00,33,554.38,16.79939393939394,25.756923076923076,1.281208935611038,5192.4083692307695,5192.4083692307695
14893.0,2011-11-28 10:49:00,2011-11-30 12:31:00,73,1237.8500000000001,16.956849315068496,1111.06,0.0657030223390276,226080.924,226080.924
14894.0,2011-09-15 13:51:00,2011-09-15 13:51:00,23,655.75,28.51086956521739,700.12,0.0328515111695138,239532.36,239532.36
14895.0,2011-02-22 13:08:00,2011-12-02 09:23:00,498,11138.710000000001,22.366887550200804,53.755744680851066,9.264126149802891,14428.184357446811,14428.184357446811
14896.0,2010-12-09 12:24:00,2011-05-19 10:20:00,43,468.77000000000004,10.901627906976746,8.18075,5.256241787122208,1070.2019100000002,1070.2019100000002
14897.0,2011-02-16 08:37:00,2011-12-02 10:32:00,55,1366.38,24.84327272727273,5.793079584775087,9.494086727989487,1727.02867266436,1727.02867266436
14898.0,2010-12-03 15:25:00,2011-11-16 14:54:00,116,1303.52,11.237241379310344,10.175907780979829,11.399474375821287,1372.1895838616715,1372.1895838616715
14901.0,2010-12-02 11:20:00,2011-11-28 17:09:00,96,1421.29,14.805104166666666,8.094847645429363,11.85939553219448,1438.1407512465375,1438.1407512465375
14902.0,2011-11-14 10:34:00,2011-11-14 10:34:00,20,332.66,16.633000000000003,608.8,0.0328515111695138,121514.0448,121514.0448
14903.0,2011-03-06 11:50:00,2011-11-18 16:07:00,355,2810.63,7.917267605633803,42.047470817120626,8.442838370565045,3994.812943190662,3994.812943190662
14904.0,2011-11-14 09:13:00,2011-12-07 12:55:00,69,1025.44,14.86144927536232,91.32000000000001,0.7555847568988173,16285.770573913047,16285.770573913047
14905.0,2011-04-20 10:48:00,2011-07-05 12:41:00,17,616.15,36.24411764705882,6.808947368421053,2.4967148488830486,2961.4114736842103,2961.4114736842103
14907.0,2010-12-07 10:14:00,2011-12-06 14:14:00,165,3501.1,21.21878787878788,13.798351648351648,11.957950065703022,3513.4115604395606,3513.4115604395606
14908.0,2011-09-26 12:56:00,2011-09-26 12:56:00,9,277.8,30.866666666666667,273.96,0.0328515111695138,101474.784,101474.784
14910.0,2011-10-16 11:06:00,2011-12-07 10:06:00,30,434.35,14.478333333333333,17.905882352941177,1.6754270696452036,3110.9680000000003,3110.9680000000003
14911.0,2010-12-01 14:05:00,2011-12-08 15:54:00,5675,143825.06,25.343622907488985,464.3736559139785,12.220762155059132,141226.92988387097,141226.92988387097
14912.0,2011-04-07 11:06:00,2011-11-23 09:20:00,27,867.85,32.14259259259259,3.588995633187773,7.522996057818659,1384.3154934497816,1384.3154934497816
14913.0,2010-12-15 14:35:00,2011-11-04 08:29:00,87,1227.43,14.108390804597702,8.199009287925698,10.611038107752956,1388.0979269349848,1388.0979269349848
14915.0,2011-03-07 09:39:00,2011-09-09 13:34:00,12,307.48,25.623333333333335,1.9638709677419355,6.110381077529566,603.8510451612904,603.8510451612904
14916.0,2011-01-19 15:30:00,2011-09-30 09:20:00,77,1268.98,16.48025974025974,9.264347826086958,8.31143232588699,1832.146301976285,1832.146301976285
14918.0,2011-07-08 12:50:00,2011-08-16 11:50:00,45,1610.15,35.781111111111116,36.04736842105263,1.2483574244415243,15477.778736842107,15477.778736842107
14920.0,2011-05-11 10:31:00,2011-05-11 10:32:00,57,977.77,17.153859649122808,1735.08,0.0328515111695138,357159.8256,357159.8256
14921.0,2011-05-22 12:51:00,2011-11-09 13:17:00,78,1316.07,16.872692307692308,13.884912280701755,5.617608409986859,2811.3102315789474,2811.3102315789474
14923.0,2011-10-20 11:51:00,2011-10-20 11:51:00,44,749.1,17.025000000000002,1339.36,0.0328515111695138,273631.248,273631.248
14924.0,2011-04-08 09:25:00,2011-04-08 09:25:00,10,310.05,31.005000000000003,304.4,0.0328515111695138,113255.06400000001,113255.06400000001
14929.0,2011-11-07 17:21:00,2011-11-07 17:21:00,11,223.88,20.35272727272727,334.84,0.0328515111695138,81778.88639999999,81778.88639999999
14930.0,2011-03-10 14:42:00,2011-08-23 10:31:00,128,2372.86,18.53796875,23.614060606060605,5.4204993429697765,5253.080610909091,5253.080610909091
14931.0,2011-04-13 09:32:00,2011-12-05 10:19:00,41,1257.68,30.675121951219513,5.288305084745763,7.752956636005256,1946.6328406779662,1946.6328406779662
14932.0,2010-12-09 11:48:00,2010-12-09 11:48:00,17,363.53,21.384117647058822,517.48,0.0328515111695138,132790.2384,132790.2384
14934.0,2011-03-02 11:48:00,2011-09-19 10:10:00,87,1890.94,21.734942528735633,13.2414,6.570302233902759,3453.6128160000007,3453.6128160000007
14935.0,2011-02-15 14:44:00,2011-02-15 14:44:00,10,1784.71,178.471,304.4,0.0328515111695138,651918.8687999999,535875.9878400022
14936.0,2011-03-09 11:53:00,2011-11-06 10:30:00,364,8137.02,22.35445054945055,45.975767634854776,7.917214191852825,12333.156288796683,12333.156288796683
14937.0,2011-08-01 14:16:00,2011-10-14 12:29:00,34,1621.88,47.70235294117647,14.177534246575343,2.3981603153745072,8115.620909589042,8115.620909589042
14944.0,2011-02-16 12:47:00,2011-11-10 09:10:00,170,5900.25,34.707352941176474,19.454135338345864,8.73850197109067,8102.418496240602,8102.418496240602
14946.0,2011-11-25 13:33:00,2011-11-25 13:33:00,3,100.9,33.63333333333333,91.32,0.0328515111695138,36856.75199999999,36856.75199999999
14947.0,2011-08-01 09:31:00,2011-09-28 15:48:00,14,290.82,20.77285714285714,7.347586206896552,1.9053876478318001,1831.564303448276,1831.564303448276
14948.0,2011-05-04 14:52:00,2011-11-16 17:16:00,63,1101.97,17.491587301587302,9.784285714285714,6.438896189224704,2053.712253061224,2053.712253061224
14950.0,2011-11-20 13:48:00,2011-11-20 13:48:00,19,371.2,19.53684210526316,578.36,0.0328515111695138,135591.93600000002,135591.93600000002
14951.0,2011-09-21 15:15:00,2011-09-21 15:15:00,20,311.69,15.5845,608.8,0.0328515111695138,113854.1232,113854.1232
14952.0,2010-12-10 12:48:00,2011-10-11 10:33:00,138,8099.49,58.69195652173913,13.818157894736842,9.986859395532194,9732.176668421052,9732.176668421052
14953.0,2011-11-14 14:59:00,2011-11-14 14:59:00,55,289.82,5.269454545454545,1674.2,0.0328515111695138,105865.4496,105865.4496
14954.0,2011-11-27 14:30:00,2011-11-27 14:30:00,85,336.17,3.9549411764705886,2587.4,0.0328515111695138,122796.17760000001,122796.17760000001
14957.0,2011-03-31 17:59:00,2011-03-31 17:59:00,12,58.49,4.8741666666666665,365.28,0.0328515111695138,21365.227199999998,21365.227199999998
14958.0,2011-04-08 11:28:00,2011-07-15 14:20:00,42,499.68,11.897142857142857,13.045714285714286,3.219448094612352,1862.480718367347,1862.480718367347
14959.0,2011-02-16 13:00:00,2011-10-06 18:23:00,59,695.42,11.786779661016949,7.7412068965517244,7.621550591327201,1094.9268,1094.9268
14960.0,2011-06-21 13:38:00,2011-12-01 12:54:00,27,221.27,8.195185185185185,5.073333333333333,5.321944809461235,498.9228740740741,498.9228740740741
14961.0,2010-12-14 11:38:00,2011-11-29 09:42:00,312,7044.68,22.579102564102566,27.21283667621777,11.465177398160314,7373.2971644699155,7373.2971644699155
14962.0,2011-03-14 09:42:00,2011-03-14 09:42:00,5,126.7,25.34,152.2,0.0328515111695138,46280.975999999995,46280.975999999995
14963.0,2011-06-09 12:30:00,2011-11-30 12:16:00,198,1487.8,7.514141414141414,34.83884393063584,5.683311432325887,3141.408,3141.408
14964.0,2011-04-06 14:13:00,2011-04-06 14:13:00,13,206.21,15.862307692307693,395.71999999999997,0.0328515111695138,75324.3888,75324.3888
14965.0,2011-09-04 13:15:00,2011-09-04 13:20:00,83,599.0,7.216867469879518,2526.52,0.0328515111695138,218802.72000000003,218802.72000000003
14966.0,2011-11-25 12:20:00,2011-11-25 12:20:00,38,191.32,5.034736842105263,1156.72,0.0328515111695138,69885.3696,69885.3696
14967.0,2011-10-21 11:06:00,2011-10-21 11:06:00,6,463.8,77.3,182.64,0.0328515111695138,169416.86399999997,169416.86399999997
14968.0,2011-11-09 13:58:00,2011-11-09 13:58:00,37,147.59,3.988918918918919,1126.28,0.0328515111695138,53911.675200000005,53911.675200000005
14970.0,2011-01-27 12:23:00,2011-10-02 13:44:00,34,1592.06,46.825294117647054,4.173225806451613,8.147174770039422,2344.9503096774188,2344.9503096774188
14971.0,2011-10-27 13:33:00,2011-11-04 17:07:00,160,1116.57,6.9785625,608.8,0.2628120893561104,50982.58619999999,50982.58619999999
14972.0,2011-08-03 14:54:00,2011-08-03 14:54:00,18,114.77,6.376111111111111,547.92,0.0328515111695138,41923.1856,41923.1856
14973.0,2011-04-28 12:22:00,2011-08-24 15:51:00,32,1314.45,41.0765625,8.25491525423729,3.876478318002628,4069.002508474577,4069.002508474577
14974.0,2011-11-02 13:01:00,2011-11-02 13:01:00,21,114.39,5.4471428571428575,639.24,0.0328515111695138,41784.3792,41784.3792
14975.0,2011-10-13 14:08:00,2011-10-13 14:08:00,11,279.94,25.44909090909091,334.84,0.0328515111695138,102256.48319999999,102256.48319999999
14976.0,2011-01-17 11:09:00,2011-10-13 16:37:00,72,790.86,10.984166666666667,8.147509293680297,8.83705650459921,1073.9232,1073.9232
14978.0,2011-01-13 12:03:00,2011-09-28 13:07:00,216,1931.42,8.941759259259259,25.484651162790698,8.47568988173456,2734.531386046511,2734.531386046511
14981.0,2011-04-07 13:45:00,2011-04-07 13:45:00,8,102.12,12.765,243.51999999999998,0.0328515111695138,37302.393599999996,37302.393599999996
14984.0,2011-06-12 11:04:00,2011-11-20 14:28:00,41,213.27,5.201707317073171,7.7518012422360245,5.289093298291721,483.8712149068323,483.8712149068323
14985.0,2010-12-16 19:51:00,2011-05-25 14:29:00,87,296.75,3.410919540229885,16.655849056603774,5.223390275952694,681.7411320754717,681.7411320754717
14987.0,2010-12-09 12:13:00,2011-11-24 09:59:00,4,326.4,81.6,0.3488825214899714,11.465177398160314,341.62576504298,341.62576504298
14988.0,2011-05-12 12:05:00,2011-05-12 12:05:00,40,334.54,8.3635,1217.6,0.0328515111695138,122200.7712,122200.7712
14995.0,2011-03-04 13:14:00,2011-11-01 11:39:00,61,233.23000000000002,3.82344262295082,7.704730290456432,7.917214191852825,353.50313029045645,353.50313029045645
14997.0,2011-06-14 16:52:00,2011-10-24 13:28:00,26,546.1999999999999,21.007692307692306,6.041526717557252,4.303547963206308,1523.0224122137404,1523.0224122137404
14998.0,2011-04-12 16:28:00,2011-06-22 17:30:00,75,429.87,5.7316,32.15492957746479,2.3324572930354797,2211.5903323943667,2211.5903323943667
15000.0,2011-10-23 11:42:00,2011-10-23 11:42:00,77,490.52,6.37038961038961,2343.88,0.0328515111695138,179177.1456,179177.1456
15002.0,2010-12-07 13:16:00,2011-08-16 10:44:00,115,1641.76,14.276173913043479,13.946613545816733,8.245729303547963,2389.251365737052,2389.251365737052
15004.0,2011-07-15 14:05:00,2011-07-15 14:05:00,158,1246.32,7.888101265822784,4809.5199999999995,0.0328515111695138,455255.7695999999,455255.7695999999
15005.0,2010-12-08 14:36:00,2011-11-24 12:25:00,1119,6316.57,5.6448346738159065,97.32102857142857,11.498028909329829,6592.333398857142,6592.333398857142
15006.0,2011-10-19 15:08:00,2011-10-19 15:08:00,144,502.09,3.486736111111111,4383.36,0.0328515111695138,183403.43519999998,183403.43519999998
15007.0,2011-07-03 16:00:00,2011-07-03 16:00:00,12,156.91,13.075833333333334,365.28,0.0328515111695138,57316.0848,57316.0848
15009.0,2011-11-14 17:40:00,2011-11-27 13:35:00,182,1261.78,6.932857142857142,461.67333333333335,0.39421813403416556,38408.5832,38408.5832
15010.0,2011-11-04 12:42:00,2011-11-04 12:42:00,20,308.94,15.447,608.8,0.0328515111695138,112849.60319999998,112849.60319999998
15012.0,2010-12-01 12:49:00,2011-10-17 12:22:00,128,423.04,3.305,12.214169278996867,10.4796320630749,484.41395360501576,484.41395360501576
15014.0,2011-06-16 19:40:00,2011-10-27 20:07:00,35,260.17,7.433428571428572,8.010526315789473,4.369250985545335,714.5481022556392,714.5481022556392
15016.0,2011-06-20 12:06:00,2011-06-20 12:06:00,20,170.04,8.501999999999999,608.8,0.0328515111695138,62112.21119999999,62112.21119999999
15017.0,2011-11-06 10:33:00,2011-11-06 10:33:00,20,125.58,6.279,608.8,0.0328515111695138,45871.8624,45871.8624
15018.0,2010-12-07 10:47:00,2011-11-01 12:47:00,31,496.21,16.006774193548388,2.8682066869300913,10.808147174770038,550.9288413373861,550.9288413373861
15019.0,2011-03-18 12:35:00,2011-03-18 12:35:00,70,266.0,3.8,2130.7999999999997,0.0328515111695138,97164.47999999998,97164.47999999998
15021.0,2010-12-08 12:17:00,2011-12-01 11:53:00,472,1914.82,4.056822033898305,40.24560224089636,11.727989487516425,1959.2309512605043,1959.2309512605043
15022.0,2011-10-23 15:47:00,2011-11-28 12:35:00,135,905.04,6.704,117.41142857142857,1.149802890932983,9445.514605714287,9445.514605714287
15023.0,2010-12-05 13:49:00,2011-12-06 17:23:00,562,6802.76,12.104555160142349,46.74120218579235,12.02365308804205,6789.377521311477,6789.377521311477
15024.0,2010-12-07 13:20:00,2011-11-30 12:06:00,155,1661.33,10.718258064516128,13.21624649859944,11.727989487516425,1699.8616873949577,1699.8616873949577
15025.0,2011-11-06 15:20:00,2011-11-06 15:20:00,72,377.01,5.23625,2191.68,0.0328515111695138,137714.2128,137714.2128
15026.0,2011-03-07 13:45:00,2011-09-20 13:52:00,61,469.0,7.688524590163935,9.425583756345178,6.471747700394218,869.6259898477158,869.6259898477158
15027.0,2011-04-15 14:14:00,2011-11-09 10:16:00,35,1066.15,30.461428571428574,5.1468599033816425,6.800262812089356,1881.3684637681163,1881.3684637681163
15028.0,2010-12-06 12:47:00,2011-12-01 14:06:00,48,627.13,13.065208333333333,4.058666666666666,11.826544021024967,636.3279066666666,636.3279066666666
15030.0,2011-03-16 15:34:00,2011-09-29 10:50:00,7,518.28,74.03999999999999,1.0871428571428572,6.438896189224704,965.9046857142856,965.9046857142856
15031.0,2011-03-02 14:46:00,2011-12-05 14:19:00,111,668.14,6.019279279279279,12.19797833935018,9.099868593955321,881.0764592057762,881.0764592057762
15032.0,2010-12-08 12:57:00,2011-03-28 15:03:00,52,4959.1,95.3673076923077,14.389818181818182,3.6136662286465175,16467.81861818182,16467.81861818182
15033.0,2011-01-14 13:28:00,2011-12-05 12:40:00,510,2586.67,5.071901960784314,47.91481481481482,10.64388961892247,2916.230918518519,2916.230918518519
15034.0,2010-12-21 09:47:00,2011-11-24 12:11:00,394,4308.61,10.935558375634518,35.48331360946746,11.103810775295663,4656.358168047337,4656.358168047337
15035.0,2011-09-11 11:08:00,2011-09-11 11:08:00,27,252.73000000000002,9.36037037037037,821.88,0.0328515111695138,92317.2144,92317.2144
15036.0,2011-06-13 12:19:00,2011-09-28 15:42:00,127,465.55,3.665748031496063,36.129719626168225,3.515111695137976,1589.30938317757,1589.30938317757
15038.0,2010-12-05 10:54:00,2011-10-12 11:33:00,130,705.49,5.426846153846154,12.724115755627011,10.21681997371879,828.6218237942123,828.6218237942123
15039.0,2010-12-06 11:26:00,2011-11-30 11:31:00,1502,19914.44,13.25861517976032,127.35621169916436,11.793692509855452,20262.80402005571,20262.80402005571
15041.0,2011-06-22 16:16:00,2011-06-22 16:16:00,67,180.35,2.6917910447761195,2039.48,0.0328515111695138,65878.248,65878.248
15042.0,2011-05-24 16:25:00,2011-05-24 16:25:00,5,135.93,27.186,152.2,0.0328515111695138,49652.51039999999,49652.51039999999
15043.0,2011-11-08 14:26:00,2011-11-08 14:26:00,3,537.0,179.0,91.32,0.0328515111695138,196155.36,196155.36
15044.0,2010-12-12 14:27:00,2011-11-20 13:20:00,453,7700.2300000000005,16.998300220750554,40.31964912280702,11.235216819973719,8224.386007017547,8224.386007017547
15045.0,2011-03-27 11:44:00,2011-07-11 11:33:00,12,735.66,61.305,3.478857142857143,3.4494086727989486,2559.256045714286,2559.256045714286
15046.0,2011-01-05 15:30:00,2011-11-30 15:50:00,206,5213.7699999999995,25.309563106796116,19.05969604863222,10.808147174770038,5788.7109592705165,5788.7109592705165
15047.0,2011-03-15 10:49:00,2011-03-15 10:49:00,22,343.62,15.61909090909091,669.68,0.0328515111695138,125517.51359999999,125517.51359999999
15048.0,2010-12-06 12:15:00,2011-10-05 14:55:00,97,384.05,3.959278350515464,9.744818481848185,9.95400788436268,462.9893861386139,462.9893861386139
15049.0,2011-03-11 12:13:00,2011-03-11 12:13:00,3,121.17000000000002,40.39000000000001,91.32,0.0328515111695138,44260.977600000006,44260.977600000006
15050.0,2011-09-29 13:22:00,2011-11-14 16:17:00,78,1782.09,22.84730769230769,51.61565217391305,1.5111695137976346,14151.344243478263,14151.344243478263
15051.0,2011-07-12 15:29:00,2011-11-16 15:38:00,143,1391.61,9.731538461538461,34.27496062992126,4.1721419185282524,4002.577171653543,4002.577171653543
15052.0,2011-01-24 15:52:00,2011-01-24 15:52:00,30,215.78,7.192666666666667,913.1999999999999,0.0328515111695138,78820.11839999999,78820.11839999999
15053.0,2011-03-03 12:06:00,2011-12-05 12:08:00,71,697.79,9.828028169014084,7.80231046931408,9.099868593955321,920.1759249097473,920.1759249097473
15054.0,2011-10-30 14:33:00,2011-11-27 15:02:00,114,302.1,2.6500000000000004,123.93428571428572,0.9198423127463863,3941.110285714286,3941.110285714286
15057.0,2011-01-28 09:09:00,2011-03-09 15:17:00,25,1489.5,59.58,19.025,1.314060446780552,13602.113999999998,13602.113999999998
15058.0,2011-01-31 15:35:00,2011-11-14 14:57:00,276,2124.99,7.699239130434782,29.375664335664336,9.395532194480946,2714.0431720279717,2714.0431720279717
15059.0,2011-01-09 11:54:00,2011-10-30 11:35:00,237,1337.72,5.644388185654009,24.622116040955632,9.625492772667542,1667.7213706484645,1667.7213706484645
15060.0,2011-11-30 14:03:00,2011-12-01 13:47:00,121,303.09000000000003,2.5048760330578514,3683.24,0.0328515111695138,110712.7152,110712.7152
15061.0,2010-12-02 15:19:00,2011-12-06 12:06:00,403,54534.14,135.32044665012407,33.335108695652174,12.089356110381077,54131.061573913044,54131.061573913044
15062.0,2010-12-15 15:37:00,2011-09-29 16:51:00,57,987.86,17.330877192982456,6.024583333333333,9.461235216819974,1252.9357666666665,1252.9357666666665
15063.0,2011-05-10 13:25:00,2011-05-10 13:25:00,5,370.79999999999995,74.16,152.2,0.0328515111695138,135445.82399999996,135445.82399999996
15065.0,2011-02-21 12:54:00,2011-11-02 09:45:00,155,3158.13,20.37503225806452,18.64901185770751,8.31143232588699,4559.6906181818185,4559.6906181818185
15066.0,2011-10-17 13:25:00,2011-10-17 13:25:00,42,893.59,21.275952380952383,1278.48,0.0328515111695138,326410.55520000006,326410.55520000006
15067.0,2011-03-02 12:10:00,2011-09-22 13:20:00,82,1744.76,21.277560975609756,12.235686274509805,6.701708278580814,3124.146729411765,3124.146729411765
15068.0,2011-03-28 14:27:00,2011-10-24 14:47:00,104,553.36,5.320769230769231,15.07504761904762,6.898817345597897,962.5301942857143,962.5301942857143
15069.0,2011-06-13 14:16:00,2011-06-13 14:16:00,70,1109.53,15.850428571428571,2130.7999999999997,0.0328515111695138,405289.1183999999,405289.1183999999
15070.0,2010-12-02 11:23:00,2010-12-02 11:23:00,1,106.2,106.2,30.439999999999998,0.0328515111695138,38792.736000000004,38792.736000000004
15071.0,2011-03-09 10:19:00,2011-09-07 11:43:00,26,982.07,37.77192307692308,4.348571428571429,5.978975032851511,1971.0468659340663,1971.0468659340663
15073.0,2011-06-06 09:59:00,2011-11-30 10:44:00,54,1043.41,19.322407407407407,9.286779661016949,5.814717477003942,2153.315281355932,2153.315281355932
15074.0,2011-08-26 14:45:00,2011-08-26 14:45:00,42,748.87,17.830238095238094,1278.48,0.0328515111695138,273547.23360000004,273547.23360000004
15075.0,2011-09-23 12:27:00,2011-09-23 12:27:00,27,773.03,28.63074074074074,821.88,0.0328515111695138,282372.3984,282372.3984
15076.0,2011-06-20 08:23:00,2011-06-20 08:23:00,49,880.85,17.976530612244897,1491.56,0.0328515111695138,321756.888,321756.888
15078.0,2010-12-06 12:38:00,2011-12-02 15:41:00,440,9743.11,22.14343181818182,37.101385041551254,11.85939553219448,9858.623880332412,9858.623880332412
15079.0,2010-12-09 09:25:00,2011-05-11 12:45:00,47,895.61,19.055531914893617,9.350849673202614,5.026281208935611,2138.2249725490196,2138.2249725490196
15081.0,2010-12-07 16:20:00,2011-11-17 17:08:00,33,504.8,15.296969696969697,2.9116521739130437,11.333771353482259,534.4734608695653,534.4734608695653
15083.0,2011-03-28 12:18:00,2011-03-28 12:18:00,5,88.2,17.64,152.2,0.0328515111695138,32217.696,32217.696
15087.0,2011-03-03 10:34:00,2011-03-03 10:34:00,15,306.94,20.462666666666667,456.59999999999997,0.0328515111695138,112119.0432,112119.0432
15088.0,2011-10-03 14:05:00,2011-11-18 13:14:00,57,1160.07,20.352105263157895,38.55733333333333,1.4783180026281209,9416.674879999999,9416.674879999999
15089.0,2011-08-03 14:14:00,2011-11-29 16:31:00,145,2420.84,16.69544827586207,37.405084745762714,3.876478318002628,7493.935891525425,7493.935891525425
15090.0,2011-02-04 14:03:00,2011-02-04 14:03:00,23,381.32,16.57913043478261,700.12,0.0328515111695138,139288.56960000002,139288.56960000002
15091.0,2011-10-03 12:47:00,2011-10-03 12:47:00,30,480.71,16.023666666666667,913.1999999999999,0.0328515111695138,175593.7488,175593.7488
15092.0,2011-03-01 12:24:00,2011-05-08 14:10:00,26,457.81,17.608076923076922,11.638823529411765,2.2339027595269383,2459.2475999999997,2459.2475999999997
15093.0,2010-12-02 18:25:00,2011-11-21 13:09:00,108,4597.02,42.565000000000005,9.313087818696884,11.59658344283837,4756.938996033995,4756.938996033995
15095.0,2011-05-20 14:27:00,2011-08-28 12:01:00,47,1370.6000000000001,29.161702127659577,14.451313131313132,3.252299605781866,5057.098666666667,5057.098666666667
15096.0,2011-10-28 10:27:00,2011-10-28 10:27:00,11,219.39000000000001,19.944545454545455,334.84,0.0328515111695138,80138.7792,80138.7792
15097.0,2011-12-05 14:03:00,2011-12-05 14:03:00,25,248.08,9.923200000000001,761.0,0.0328515111695138,90618.6624,90618.6624
15098.0,2011-06-10 15:22:00,2011-06-10 15:33:00,3,39916.5,13305.5,91.32,0.0328515111695138,14580699.120000001,535875.9878400022
15099.0,2011-09-16 13:13:00,2011-09-16 13:13:00,23,410.48,17.84695652173913,700.12,0.0328515111695138,149940.1344,149940.1344
15100.0,2010-12-01 09:09:00,2011-01-10 10:35:00,3,876.0,292.0,2.283,1.314060446780552,7999.632,7999.632
15101.0,2010-12-15 12:54:00,2011-12-01 10:18:00,8,317.53000000000003,39.691250000000004,0.6957714285714286,11.498028909329829,331.39245257142863,331.39245257142863
15103.0,2011-09-14 13:54:00,2011-11-08 14:53:00,35,703.36,20.096,19.37090909090909,1.8068331143232588,4671.333469090909,4671.333469090909
15104.0,2011-03-02 14:16:00,2011-05-27 12:29:00,69,1027.44,14.890434782608697,24.710117647058823,2.7923784494086727,4415.332743529412,4415.332743529412
15105.0,2011-07-28 10:09:00,2011-11-21 16:54:00,101,2298.93,22.76168316831683,26.503793103448277,3.8107752956636003,7239.2512965517235,7239.2512965517235
15106.0,2011-03-15 12:52:00,2011-11-22 09:16:00,100,1422.52,14.2252,12.12749003984064,8.245729303547963,2070.1916557768927,2070.1916557768927
15107.0,2010-12-02 13:45:00,2011-02-01 14:46:00,16,319.5,19.96875,7.984262295081967,2.0039421813403417,1913.2288524590165,1913.2288524590165
15108.0,2011-04-26 10:54:00,2011-07-21 10:24:00,60,1300.25,21.670833333333334,21.487058823529413,2.7923784494086727,5587.709647058824,5587.709647058824
15109.0,2011-04-08 09:58:00,2011-04-08 09:58:00,28,484.95,17.319642857142856,852.3199999999999,0.0328515111695138,177142.536,177142.536
15110.0,2011-01-25 11:41:00,2011-11-16 11:16:00,35,996.1,28.46,3.623809523809524,9.658344283837057,1237.6034285714286,1237.6034285714286
15111.0,2010-12-02 11:45:00,2011-11-10 16:58:00,84,1567.48,18.660476190476192,7.454693877551021,11.268068331143231,1669.2976513119538,1669.2976513119538
15113.0,2011-10-16 15:27:00,2011-11-30 08:23:00,100,3609.33,36.0933,69.18181818181819,1.445466491458607,29964.00141818182,29964.00141818182
15114.0,2011-02-11 08:45:00,2011-11-09 15:05:00,197,2760.56,14.012994923857867,22.1279704797048,8.902759526938238,3720.949656088561,3720.949656088561
15115.0,2011-11-21 14:59:00,2011-11-21 14:59:00,21,340.11,16.195714285714285,639.24,0.0328515111695138,124235.38079999998,124235.38079999998
15116.0,2011-05-19 08:50:00,2011-11-22 12:25:00,45,1352.75,30.06111111111111,7.325133689839572,6.14323258869908,2642.419893048128,2642.419893048128
15117.0,2011-05-08 12:38:00,2011-11-25 08:12:00,79,1551.78,19.64278481012658,12.023800000000001,6.570302233902759,2834.1709920000003,2834.1709920000003
15118.0,2011-07-28 14:54:00,2011-07-28 14:54:00,1,244.8,244.8,30.439999999999998,0.0328515111695138,89420.544,89420.544
15119.0,2011-04-08 09:08:00,2011-04-08 09:08:00,14,266.4,19.02857142857143,426.15999999999997,0.0328515111695138,97310.59199999999,97310.59199999999
15120.0,2011-07-29 09:48:00,2011-07-29 09:48:00,21,358.82,17.086666666666666,639.24,0.0328515111695138,131069.7696,131069.7696
15121.0,2011-02-24 12:41:00,2011-10-20 14:51:00,28,457.72,16.34714285714286,3.5811764705882356,7.818659658344283,702.5040403361347,702.5040403361347
15122.0,2011-02-15 09:59:00,2011-08-17 16:48:00,82,1633.78,19.924146341463413,13.639781420765027,6.011826544021025,3261.132013114754,3261.132013114754
15123.0,2011-05-17 14:57:00,2011-12-02 13:12:00,106,2199.31,20.748207547169812,16.296161616161616,6.504599211563732,4057.393721212121,4057.393721212121
15124.0,2011-06-01 09:06:00,2011-11-17 10:09:00,15,184.19,12.279333333333334,2.701775147928994,5.551905387647832,398.1119715976331,398.1119715976331
15125.0,2011-03-14 09:59:00,2011-11-14 13:57:00,127,11528.48,90.77543307086614,15.779102040816328,8.04862023653088,17188.257854693882,17188.257854693882
15127.0,2011-10-05 10:30:00,2011-10-05 10:30:00,16,406.53000000000003,25.408125000000002,487.03999999999996,0.0328515111695138,148497.2784,148497.2784
15128.0,2011-05-04 12:32:00,2011-10-10 13:54:00,102,1471.0,14.42156862745098,19.52754716981132,5.223390275952694,3379.414339622642,3379.414339622642
15129.0,2011-02-21 09:09:00,2011-10-20 14:40:00,84,3447.4,41.04047619047619,10.609792531120332,7.917214191852825,5225.171253112034,5225.171253112034
15130.0,2011-06-23 10:15:00,2011-06-23 10:15:00,22,330.11,15.005,669.68,0.0328515111695138,120582.5808,120582.5808
15132.0,2011-03-22 12:02:00,2011-11-21 17:10:00,52,977.9300000000001,18.806346153846157,6.487213114754098,8.015768725361367,1464.009304918033,1464.009304918033
15133.0,2011-02-11 10:38:00,2011-08-04 10:44:00,29,982.42,33.87655172413793,5.073333333333333,5.716162943495401,2062.4044689655175,2062.4044689655175
15134.0,2011-04-13 11:05:00,2011-11-25 08:55:00,73,1387.99,19.013561643835615,9.876088888888889,7.391590013140604,2253.355498666667,2253.355498666667
15135.0,2011-04-14 19:16:00,2011-04-14 19:16:00,9,139.05,15.450000000000001,273.96,0.0328515111695138,50792.183999999994,50792.183999999994
15136.0,2011-09-04 16:05:00,2011-12-07 12:26:00,68,1286.7,18.92205882352941,22.25720430107527,3.055190538764783,5053.825548387097,5053.825548387097
15139.0,2011-01-07 12:44:00,2011-04-14 11:39:00,13,178.96,13.766153846153847,4.122083333333333,3.1537450722733245,680.9428,680.9428
15140.0,2011-03-20 14:37:00,2011-10-18 14:07:00,80,2354.25,29.428125,11.541232227488152,6.931668856767411,4075.6418957345977,4075.6418957345977
15142.0,2011-10-24 12:51:00,2011-10-24 12:51:00,26,498.74,19.182307692307692,791.4399999999999,0.0328515111695138,182179.74719999998,182179.74719999998
15143.0,2011-04-28 12:03:00,2011-04-28 12:03:00,14,259.45,18.532142857142855,426.15999999999997,0.0328515111695138,94771.89599999998,94771.89599999998
15144.0,2011-01-31 13:17:00,2011-12-01 15:12:00,217,6580.4400000000005,30.32460829493088,21.728552631578946,9.986859395532194,7906.9181684210525,7906.9181684210525
15145.0,2011-04-05 15:20:00,2011-12-05 17:21:00,67,1194.73,17.83179104477612,8.358524590163935,8.015768725361367,1788.569567213115,1788.569567213115
15146.0,2011-02-21 13:07:00,2011-06-28 12:09:00,91,1327.16,14.584175824175825,21.984444444444442,4.139290407358739,3847.500038095238,3847.500038095238
15147.0,2011-04-13 15:57:00,2011-04-13 15:57:00,28,623.5,22.267857142857142,852.3199999999999,0.0328515111695138,227752.07999999996,227752.07999999996
15148.0,2011-11-29 08:21:00,2011-11-29 08:21:00,20,301.29,15.0645,608.8,0.0328515111695138,110055.21119999999,110055.21119999999
15149.0,2011-07-29 10:58:00,2011-07-29 10:58:00,23,520.8000000000001,22.643478260869568,700.12,0.0328515111695138,190237.82400000002,190237.82400000002
15150.0,2011-03-15 14:21:00,2011-11-22 12:52:00,343,5314.47,15.494081632653062,41.59729083665339,8.245729303547963,7734.141839043827,7734.141839043827
15152.0,2011-06-05 15:36:00,2011-11-30 12:32:00,271,4745.69,17.511771217712177,46.60587570621469,5.814717477003942,9793.817193220339,9793.817193220339
15153.0,2011-11-08 17:09:00,2011-11-08 17:09:00,22,329.25,14.965909090909092,669.68,0.0328515111695138,120268.43999999999,120268.43999999999
15154.0,2011-09-25 16:05:00,2011-09-25 16:05:00,85,296.42,3.487294117647059,2587.4,0.0328515111695138,108276.29760000002,108276.29760000002
15156.0,2011-11-06 12:41:00,2011-12-08 18:22:00,55,961.49,17.481636363636365,52.31875,1.0512483574244416,10975.408350000002,10975.408350000002
15157.0,2010-12-16 13:44:00,2011-12-06 11:28:00,125,1936.07,15.48856,10.748587570621469,11.629434954007884,1997.7617220338984,1997.7617220338984
15158.0,2011-10-25 13:53:00,2011-10-25 13:53:00,7,401.40000000000003,57.34285714285715,213.07999999999998,0.0328515111695138,146623.392,146623.392
15159.0,2010-12-13 15:44:00,2011-12-08 12:05:00,710,18641.010000000002,26.254943661971833,60.20167130919221,11.793692509855452,18967.09786295265,18967.09786295265
15160.0,2010-12-17 14:15:00,2010-12-17 14:15:00,4,158.16,39.54,121.75999999999999,0.0328515111695138,57772.68479999999,57772.68479999999
15163.0,2011-05-31 15:22:00,2011-11-21 13:10:00,29,304.47,10.49896551724138,5.102658959537572,5.683311432325887,642.871685549133,642.871685549133
15164.0,2011-01-04 14:21:00,2011-10-02 12:05:00,103,843.05,8.18495145631068,11.612296296296297,8.869908015768726,1140.5529777777779,1140.5529777777779
15165.0,2010-12-01 14:03:00,2010-12-01 14:03:00,27,487.75,18.064814814814813,821.88,0.0328515111695138,178165.31999999998,178165.31999999998
15167.0,2011-01-23 12:41:00,2011-01-23 12:41:00,41,163.0,3.975609756097561,1248.04,0.0328515111695138,59540.64,59540.64
15168.0,2011-11-14 11:26:00,2011-11-14 11:26:00,5,106.56,21.312,152.2,0.0328515111695138,38924.2368,38924.2368
15171.0,2011-01-12 15:36:00,2011-01-12 15:36:00,5,1289.5,257.9,152.2,0.0328515111695138,471028.5599999999,471028.5599999999
15172.0,2011-04-17 11:56:00,2011-12-01 11:51:00,110,1624.05,14.764090909090909,14.750660792951543,7.457293035479632,2613.361162995595,2613.361162995595
15174.0,2011-01-21 09:06:00,2011-01-21 09:06:00,11,135.75,12.340909090909092,334.84,0.0328515111695138,49586.759999999995,49586.759999999995
15175.0,2011-09-29 11:31:00,2011-09-29 11:31:00,23,224.14,9.745217391304347,700.12,0.0328515111695138,81873.85919999999,81873.85919999999
15178.0,2011-03-24 15:12:00,2011-03-24 15:12:00,3,40.5,13.5,91.32,0.0328515111695138,14793.84,14793.84
15179.0,2011-01-24 13:48:00,2011-11-21 12:53:00,93,2206.9500000000003,23.730645161290326,9.4364,9.85545335085414,2687.182320000001,2687.182320000001
15180.0,2010-12-07 14:57:00,2010-12-07 14:57:00,6,87.5,14.583333333333334,182.64,0.0328515111695138,31962.0,31962.0
15181.0,2011-03-15 12:03:00,2011-10-04 13:58:00,16,689.48,43.0925,2.3992118226600985,6.668856767411301,1240.6564256157635,1240.6564256157635
15182.0,2011-03-16 12:42:00,2011-07-08 13:37:00,29,622.85,21.477586206896554,7.743508771929825,3.7450722733245727,1995.7425263157897,1995.7425263157897
15184.0,2011-06-02 12:06:00,2011-11-10 13:41:00,63,406.76,6.456507936507936,11.911304347826087,5.289093298291721,922.8651726708074,922.8651726708074
15185.0,2011-09-30 14:06:00,2011-09-30 14:06:00,21,310.62,14.791428571428572,639.24,0.0328515111695138,113463.27360000001,113463.27360000001
15186.0,2011-06-24 14:54:00,2011-11-25 14:58:00,19,411.41,21.653157894736843,3.7555844155844156,5.059132720105125,975.8431480519481,975.8431480519481
15187.0,2011-05-11 13:49:00,2011-12-08 11:56:00,91,4777.18,52.49648351648352,13.190666666666667,6.898817345597897,8309.563382857144,8309.563382857144
15189.0,2011-01-11 12:29:00,2011-12-08 13:22:00,212,16225.39,76.53485849056604,19.496314199395773,10.873850197109066,17905.771780060426,17905.771780060426
15192.0,2010-12-09 14:56:00,2011-08-12 11:41:00,51,1044.32,20.47686274509804,6.336489795918368,8.04862023653088,1557.0171820408164,1557.0171820408164
15193.0,2011-10-10 08:23:00,2011-10-10 08:23:00,19,499.32,26.28,578.36,0.0328515111695138,182391.60960000003,182391.60960000003
15194.0,2010-12-06 15:00:00,2011-12-06 15:10:00,310,7616.53,24.569451612903226,25.85315068493151,11.990801576872535,7622.372817534248,7622.372817534248
15195.0,2011-12-07 12:20:00,2011-12-07 12:20:00,1,3861.0,3861.0,30.439999999999998,0.0328515111695138,1410346.08,535875.9878400022
15197.0,2010-12-16 18:01:00,2011-11-29 10:00:00,32,1079.61,33.7378125,2.807146974063401,11.399474375821287,1136.4839792507205,1136.4839792507205
15198.0,2011-08-07 15:16:00,2011-09-08 14:42:00,10,193.64,19.363999999999997,9.819354838709677,1.0183968462549278,2281.70384516129,2281.70384516129
15199.0,2011-02-04 14:04:00,2011-10-11 15:12:00,13,1268.7,97.5923076923077,1.5892369477911648,8.180026281208935,1861.1676144578316,1861.1676144578316
15201.0,2011-04-06 14:02:00,2011-09-13 14:53:00,69,1236.54,17.92086956521739,13.12725,5.256241787122208,2823.0208199999997,2823.0208199999997
15203.0,2011-02-01 12:29:00,2011-11-14 08:16:00,142,1827.8,12.871830985915492,15.166596491228072,9.362680683311432,2342.6624,2342.6624
15204.0,2010-12-17 13:49:00,2010-12-17 13:49:00,9,316.58,35.175555555555555,273.96,0.0328515111695138,115640.34239999998,115640.34239999998
15205.0,2011-08-04 16:07:00,2011-09-15 19:36:00,37,653.24,17.655135135135136,26.816190476190478,1.3797634691195795,5681.321600000001,5681.321600000001
15206.0,2011-03-09 08:59:00,2011-11-29 13:41:00,9,420.3,46.7,1.033811320754717,8.705650459921156,579.3478641509435,579.3478641509435
15208.0,2010-12-21 13:03:00,2011-12-08 17:24:00,42,870.12,20.717142857142857,3.632045454545455,11.563731931668856,902.9472545454546,902.9472545454546
15210.0,2011-04-28 16:11:00,2011-04-28 16:11:00,20,331.18,16.559,608.8,0.0328515111695138,120973.43039999998,120973.43039999998
15211.0,2010-12-09 16:08:00,2011-10-10 13:31:00,52,894.4100000000001,17.20019230769231,5.206842105263158,9.986859395532194,1074.7042263157896,1074.7042263157896
15212.0,2011-04-12 13:45:00,2011-04-12 13:45:00,5,101.8,20.36,152.2,0.0328515111695138,37185.50399999999,37185.50399999999
15213.0,2011-01-14 11:05:00,2011-01-25 12:21:00,24,328.35,13.68125,66.41454545454546,0.36136662286465177,10903.608000000002,10903.608000000002
15214.0,2011-04-11 09:46:00,2011-12-08 12:07:00,110,1661.44,15.104000000000001,13.893775933609959,7.917214191852825,2518.219100414938,2518.219100414938
15215.0,2011-09-04 12:24:00,2011-10-24 11:41:00,35,734.94,20.998285714285714,21.742857142857144,1.609724047306176,5478.752718367347,5478.752718367347
15216.0,2011-09-13 11:41:00,2011-09-13 11:41:00,2,96.6,48.3,60.879999999999995,0.0328515111695138,35286.047999999995,35286.047999999995
15218.0,2011-01-25 11:20:00,2011-11-29 11:48:00,166,5756.89,34.680060240963854,16.405974025974025,10.11826544021025,6827.52201038961,6827.52201038961
15219.0,2011-06-16 16:57:00,2011-06-16 16:57:00,9,305.75,33.97222222222222,273.96,0.0328515111695138,111684.35999999999,111684.35999999999
15220.0,2011-03-04 10:24:00,2011-10-19 12:39:00,117,1778.96,15.204786324786324,15.552314410480351,7.522996057818659,2837.635409606987,2837.635409606987
15221.0,2010-12-08 13:08:00,2010-12-08 13:08:00,5,403.25,80.65,152.2,0.0328515111695138,147299.16,147299.16
15222.0,2011-01-25 08:03:00,2011-01-25 08:03:00,5,585.0,117.0,152.2,0.0328515111695138,213688.8,213688.8
15223.0,2011-04-04 12:17:00,2011-04-28 11:31:00,20,755.75,37.7875,26.469565217391306,0.7555847568988173,12002.624347826088,12002.624347826088
15224.0,2010-12-12 12:34:00,2010-12-16 15:02:00,14,322.08,23.005714285714284,106.53999999999999,0.1314060446780552,29412.345599999993,29412.345599999993
15225.0,2011-04-19 14:51:00,2011-04-19 14:51:00,23,409.40000000000003,17.8,700.12,0.0328515111695138,149545.632,149545.632
15226.0,2011-02-02 11:41:00,2011-02-02 11:41:00,8,154.41,19.30125,243.51999999999998,0.0328515111695138,56402.8848,56402.8848
15227.0,2011-01-26 15:31:00,2011-11-03 11:59:00,58,1219.4,21.024137931034485,6.305428571428571,9.198423127463863,1590.7944000000002,1590.7944000000002
15228.0,2011-02-18 09:04:00,2011-10-04 13:56:00,125,3386.71,27.09368,16.688596491228072,7.490144546649145,5425.8659157894745,5425.8659157894745
15230.0,2011-04-13 11:04:00,2011-04-14 14:39:00,23,429.6,18.678260869565218,700.12,0.0328515111695138,156924.288,156924.288
15232.0,2011-07-22 12:21:00,2011-08-18 16:27:00,31,612.06,19.743870967741934,34.949629629629634,0.8869908015768725,8280.491733333334,8280.491733333334
15234.0,2011-03-08 08:53:00,2011-03-08 08:53:00,14,197.0,14.071428571428571,426.15999999999997,0.0328515111695138,71960.15999999999,71960.15999999999
15235.0,2010-12-01 17:22:00,2011-05-06 09:44:00,143,2247.51,15.716853146853149,28.083354838709678,5.091984231274639,5296.5835664516135,5296.5835664516135
15236.0,2011-02-14 10:52:00,2011-02-14 10:52:00,15,321.05,21.403333333333332,456.59999999999997,0.0328515111695138,117273.14399999999,117273.14399999999
15237.0,2011-04-26 15:04:00,2011-12-08 09:46:00,99,1412.32,14.265858585858584,13.393600000000001,7.391590013140604,2292.8544426666667,2292.8544426666667
15238.0,2011-06-08 16:00:00,2011-11-10 14:28:00,50,1071.99,21.4398,9.883116883116884,5.059132720105125,2542.7045922077928,2542.7045922077928
15239.0,2011-09-22 09:53:00,2011-11-29 14:14:00,49,780.59,15.930408163265307,21.93470588235294,2.2339027595269383,4193.145811764706,4193.145811764706
15240.0,2011-02-01 08:23:00,2011-10-26 09:50:00,78,1706.57,21.879102564102563,8.892584269662922,8.771353482260183,2334.741159550562,2334.741159550562
15241.0,2011-03-01 11:02:00,2011-10-04 09:05:00,110,1756.44,15.967636363636364,15.501851851851853,7.09592641261498,2970.3352000000004,2970.3352000000004
15243.0,2011-09-26 14:12:00,2011-09-26 14:12:00,22,316.68,14.394545454545455,669.68,0.0328515111695138,115676.8704,115676.8704
15244.0,2011-04-05 15:12:00,2011-10-05 13:19:00,34,631.57,18.57558823529412,5.686593406593407,5.978975032851511,1267.5818109890113,1267.5818109890113
15245.0,2011-03-23 13:42:00,2011-07-28 18:56:00,89,2515.84,28.267865168539327,21.331968503937006,4.1721419185282524,7236.110513385826,7236.110513385826
15246.0,2010-12-16 09:46:00,2011-04-15 14:45:00,33,514.15,15.58030303030303,8.371,3.9421813403416555,1565.0726,1565.0726
15247.0,2011-08-09 12:52:00,2011-08-09 12:52:00,6,356.0,59.333333333333336,182.64,0.0328515111695138,130039.68,130039.68
15249.0,2011-03-28 12:49:00,2011-11-08 11:45:00,350,6688.46,19.109885714285713,47.5625,7.35873850197109,10906.967271428572,10906.967271428572
15251.0,2011-04-12 10:38:00,2011-11-30 15:02:00,111,10484.99,94.45936936936937,14.56396551724138,7.621550591327201,16508.435979310347,16508.435979310347
15252.0,2011-06-09 14:15:00,2011-11-03 13:30:00,44,740.78,16.83590909090909,9.173698630136986,4.7963206307490145,1853.3706739726028,1853.3706739726028
15253.0,2011-06-23 12:19:00,2011-11-23 16:22:00,53,918.2,17.324528301886794,10.544575163398692,5.026281208935611,2192.1574901960785,2192.1574901960785
15254.0,2011-08-04 15:04:00,2011-08-04 15:04:00,18,300.36,16.686666666666667,547.92,0.0328515111695138,109715.5008,109715.5008
15255.0,2011-10-04 12:43:00,2011-10-04 12:43:00,47,890.85,18.95425531914894,1430.68,0.0328515111695138,325409.6880000001,325409.6880000001
15256.0,2011-07-14 11:47:00,2011-07-14 11:47:00,6,98.45,16.408333333333335,182.64,0.0328515111695138,35961.816000000006,35961.816000000006
15257.0,2011-03-01 12:58:00,2011-03-01 12:58:00,7,317.15,45.30714285714286,213.07999999999998,0.0328515111695138,115848.55199999998,115848.55199999998
15258.0,2011-05-06 14:16:00,2011-06-24 12:30:00,34,623.16,18.328235294117647,21.561666666666667,1.5768725361366622,4742.2476,4742.2476
15260.0,2010-12-02 12:09:00,2011-08-31 13:55:00,77,1810.77,23.516493506493507,8.617205882352941,8.935611038107753,2431.7575941176474,2431.7575941176474
15261.0,2011-07-27 15:20:00,2011-07-27 15:20:00,19,254.82,13.41157894736842,578.36,0.0328515111695138,93080.6496,93080.6496
15262.0,2011-01-20 12:16:00,2011-01-20 12:16:00,10,178.95000000000002,17.895000000000003,304.4,0.0328515111695138,65366.856,65366.856
15263.0,2011-08-25 10:26:00,2011-08-25 10:26:00,12,156.51,13.042499999999999,365.28,0.0328515111695138,57169.97279999999,57169.97279999999
15264.0,2011-10-06 13:49:00,2011-10-06 13:49:00,23,393.74,17.11913043478261,700.12,0.0328515111695138,143825.3472,143825.3472
15265.0,2011-04-18 12:16:00,2011-07-11 14:46:00,82,1506.1200000000001,18.36731707317073,29.715238095238096,2.759526938239159,6549.4704,6549.4704
15266.0,2011-01-05 13:40:00,2011-01-05 13:40:00,6,119.3,19.883333333333333,182.64,0.0328515111695138,43577.903999999995,43577.903999999995
15267.0,2011-06-10 10:24:00,2011-11-17 15:59:00,11,1717.36,156.12363636363636,2.09275,5.256241787122208,3920.7328800000005,3920.7328800000005
15269.0,2011-11-16 09:32:00,2011-11-16 09:32:00,2,408.8,204.4,60.879999999999995,0.0328515111695138,149326.46399999998,149326.46399999998
15270.0,2011-02-02 13:25:00,2011-11-24 09:24:00,41,2379.49,58.03634146341463,4.2450340136054425,9.658344283837057,2956.3949224489797,2956.3949224489797
15271.0,2010-12-09 13:47:00,2011-12-02 14:11:00,274,2507.07,9.149890510948905,23.297653631284916,11.76084099868594,2558.0517586592177,2558.0517586592177
15272.0,2011-09-14 16:36:00,2011-10-13 12:59:00,63,721.94,11.45936507936508,68.49000000000001,0.9198423127463863,9418.222971428573,9418.222971428573
15274.0,2011-11-21 14:17:00,2011-12-05 16:57:00,47,716.57,15.246170212765959,102.19142857142857,0.45992115637319314,18696.334971428572,18696.334971428572
15275.0,2011-11-02 11:20:00,2011-11-02 11:20:00,41,615.14,15.003414634146342,1248.04,0.0328515111695138,224698.3392,224698.3392
15276.0,2011-10-04 16:39:00,2011-10-04 16:39:00,52,135.31,2.602115384615385,1582.8799999999999,0.0328515111695138,49426.0368,49426.0368
15277.0,2011-10-24 10:08:00,2011-10-24 10:08:00,12,255.89999999999998,21.325,365.28,0.0328515111695138,93475.152,93475.152
15279.0,2010-12-20 10:48:00,2010-12-20 10:48:00,19,290.51,15.29,578.36,0.0328515111695138,106117.4928,106117.4928
15280.0,2011-06-20 17:14:00,2011-06-20 17:14:00,16,113.12,7.07,487.03999999999996,0.0328515111695138,41320.4736,41320.4736
15281.0,2011-01-10 15:51:00,2011-10-12 09:10:00,139,2332.15,16.778057553956835,15.442189781021897,9.00131406044678,3109.0793868613137,3109.0793868613137
15286.0,2011-10-21 11:08:00,2011-10-21 11:08:00,3,240.55,80.18333333333334,91.32,0.0328515111695138,87868.10399999999,87868.10399999999
15287.0,2011-09-30 12:30:00,2011-11-17 15:34:00,20,486.69,24.3345,12.683333333333334,1.5768725361366622,3703.7108999999996,3703.7108999999996
15288.0,2010-12-09 13:59:00,2011-10-27 16:58:00,88,2306.52,26.210454545454546,8.319006211180124,10.578186596583443,2616.5392099378882,2616.5392099378882
15289.0,2011-04-04 12:44:00,2011-11-10 13:49:00,58,939.78,16.20310344827586,8.02509090909091,7.227332457293035,1560.3765381818182,1560.3765381818182
15290.0,2010-12-15 16:03:00,2011-12-05 11:39:00,204,7943.22,38.93735294117647,17.541694915254237,11.629434954007884,8196.325993220338,8196.325993220338
15291.0,2010-12-01 09:32:00,2011-11-14 11:02:00,103,4668.3,45.32330097087379,9.009540229885058,11.432325886990801,4900.105241379311,4900.105241379311
15292.0,2011-05-22 15:00:00,2011-05-22 15:00:00,25,180.94,7.2376,761.0,0.0328515111695138,66093.76319999999,66093.76319999999
15296.0,2011-01-17 11:57:00,2011-10-20 11:47:00,194,3672.86,18.932268041237116,21.474036363636365,9.034165571616294,4878.626548363637,4878.626548363637
15297.0,2011-10-07 09:42:00,2011-11-29 16:32:00,39,641.94,16.46,22.399245283018868,1.7411300919842312,4424.298928301887,4424.298928301887
15298.0,2010-12-08 13:55:00,2011-12-07 17:17:00,192,4799.9,24.999479166666664,16.056263736263737,11.957950065703022,4816.778769230768,4816.778769230768
15299.0,2010-12-02 16:48:00,2011-10-03 14:19:00,7,4507.01,643.8585714285715,0.700921052631579,9.986859395532194,5415.528331578948,5415.528331578948
15300.0,2011-10-06 17:08:00,2011-10-06 17:08:00,28,496.44,17.73,852.3199999999999,0.0328515111695138,181339.60319999998,181339.60319999998
15301.0,2010-12-06 12:21:00,2011-10-20 09:57:00,243,5070.35,20.865637860082305,23.334132492113568,10.413929040735873,5842.578700315458,5842.578700315458
15303.0,2011-02-22 13:59:00,2011-02-22 13:59:00,31,574.02,18.516774193548386,943.64,0.0328515111695138,209678.0256,209678.0256
15304.0,2010-12-06 11:42:00,2011-10-10 10:23:00,23,694.4,30.191304347826087,2.2805211726384367,10.085413929040735,826.2229055374593,826.2229055374593
15306.0,2011-07-14 15:22:00,2011-10-06 12:56:00,58,1174.3500000000001,20.24741379310345,21.27132530120482,2.726675427069645,5168.271903614458,5168.271903614458
15307.0,2011-09-05 11:38:00,2011-09-05 11:38:00,12,205.3,17.108333333333334,365.28,0.0328515111695138,74991.984,74991.984
15308.0,2011-03-10 13:08:00,2011-03-10 13:08:00,19,310.47,16.340526315789475,578.36,0.0328515111695138,113408.48160000003,113408.48160000003
15311.0,2010-12-01 09:41:00,2011-12-09 12:00:00,2379,60767.9,25.543463640184953,194.14680965147454,12.253613666228645,59510.183678284186,59510.183678284186
15312.0,2010-12-20 12:51:00,2011-09-25 13:10:00,47,924.85,19.677659574468084,5.1278853046594985,9.165571616294349,1210.857376344086,1210.857376344086
15313.0,2011-08-21 16:02:00,2011-08-21 16:02:00,1,52.0,52.0,30.439999999999998,0.0328515111695138,18994.559999999998,18994.559999999998
15314.0,2011-05-24 14:39:00,2011-05-24 14:39:00,24,327.97,13.665416666666667,730.56,0.0328515111695138,119800.8816,119800.8816
15315.0,2011-08-15 15:17:00,2011-10-06 12:51:00,37,570.5,15.41891891891892,22.083921568627453,1.6754270696452036,4086.1223529411773,4086.1223529411773
15316.0,2011-01-17 11:34:00,2011-01-17 11:34:00,1,165.0,165.0,30.439999999999998,0.0328515111695138,60271.2,60271.2
15318.0,2011-12-06 11:30:00,2011-12-06 11:30:00,33,312.62,9.473333333333333,1004.52,0.0328515111695138,114193.8336,114193.8336
15319.0,2011-03-01 12:48:00,2011-03-01 12:48:00,16,204.5,12.78125,487.03999999999996,0.0328515111695138,74699.76,74699.76
15320.0,2011-10-26 13:27:00,2011-10-26 13:27:00,36,267.13,7.420277777777778,1095.84,0.0328515111695138,97577.24639999999,97577.24639999999
15321.0,2011-02-21 11:10:00,2011-09-30 09:40:00,95,2748.31,28.92957894736842,13.144545454545455,7.227332457293035,4563.193985454545,4563.193985454545
15322.0,2011-09-15 09:34:00,2011-09-15 09:34:00,42,679.68,16.18285714285714,1278.48,0.0328515111695138,248273.51039999997,248273.51039999997
15325.0,2011-08-28 11:55:00,2011-08-28 11:55:00,49,162.29,3.3120408163265305,1491.56,0.0328515111695138,59281.29119999999,59281.29119999999
15326.0,2011-01-10 11:38:00,2011-01-10 11:38:00,29,311.71,10.748620689655171,882.76,0.0328515111695138,113861.42879999998,113861.42879999998
15327.0,2011-10-18 11:55:00,2011-10-18 11:55:00,10,208.75,20.875,304.4,0.0328515111695138,76252.2,76252.2
15329.0,2011-06-21 10:37:00,2011-10-31 15:36:00,57,1049.7,18.41578947368421,13.144545454545455,4.336399474375821,2904.806181818182,2904.806181818182
15330.0,2011-10-10 12:30:00,2011-11-07 17:50:00,13,714.9599999999999,54.99692307692307,14.132857142857144,0.9198423127463863,9327.163885714286,9327.163885714286
15332.0,2010-12-05 12:00:00,2010-12-08 14:43:00,35,1661.06,47.45885714285714,355.1333333333333,0.09855453350854139,202250.6656,202250.6656
15333.0,2011-05-15 13:27:00,2011-05-15 13:27:00,16,1028.56,64.285,487.03999999999996,0.0328515111695138,375712.39679999993,375712.39679999993
15334.0,2011-06-19 13:51:00,2011-07-06 11:22:00,99,351.67,3.5522222222222224,188.3475,0.5256241787122208,8028.6261,8028.6261
15335.0,2011-10-17 12:50:00,2011-10-17 12:50:00,36,173.97,4.8325,1095.84,0.0328515111695138,63547.7616,63547.7616
15339.0,2011-01-25 13:15:00,2011-10-04 12:51:00,86,574.07,6.675232558139536,10.42964143426295,8.245729303547963,835.4433848605579,835.4433848605579
15341.0,2011-09-20 09:40:00,2011-09-20 09:40:00,17,2020.52,118.85411764705883,517.48,0.0328515111695138,738055.5456000001,535875.9878400022
15342.0,2011-08-02 10:19:00,2011-08-02 10:19:00,24,406.09000000000003,16.920416666666668,730.56,0.0328515111695138,148336.5552,148336.5552
15343.0,2011-09-13 13:55:00,2011-09-13 13:55:00,21,364.5,17.357142857142858,639.24,0.0328515111695138,133144.56,133144.56
15344.0,2011-09-26 14:48:00,2011-12-09 10:45:00,26,563.94,21.69,10.841643835616438,2.3981603153745072,2821.8630575342468,2821.8630575342468
15345.0,2011-10-25 11:28:00,2011-10-25 11:28:00,20,393.54,19.677,608.8,0.0328515111695138,143752.29119999998,143752.29119999998
15346.0,2011-01-11 11:18:00,2011-01-11 11:18:00,17,252.42000000000002,14.848235294117648,517.48,0.0328515111695138,92203.97760000001,92203.97760000001
15347.0,2010-12-08 15:25:00,2010-12-08 15:25:00,5,201.60000000000002,40.32000000000001,152.2,0.0328515111695138,73640.448,73640.448
15348.0,2011-09-28 13:17:00,2011-09-28 13:17:00,9,158.04,17.56,273.96,0.0328515111695138,57728.85119999999,57728.85119999999
15349.0,2011-06-05 15:46:00,2011-07-04 16:06:00,72,473.81,6.580694444444444,75.57517241379311,0.9526938239159001,5968.045406896552,5968.045406896552
15350.0,2010-12-01 13:33:00,2010-12-01 13:33:00,5,115.65,23.130000000000003,152.2,0.0328515111695138,42244.632,42244.632
15351.0,2010-12-05 11:49:00,2011-11-27 12:52:00,225,1960.11,8.711599999999999,19.184873949579835,11.727989487516425,2005.5713747899163,2005.5713747899163
15353.0,2010-12-07 11:49:00,2011-03-30 12:15:00,63,777.02,12.333650793650794,16.970973451327435,3.712220762155059,2511.768722123894,2511.768722123894
15355.0,2011-10-17 15:22:00,2011-11-10 13:44:00,14,277.05,19.789285714285715,18.528695652173912,0.7555847568988173,4400.035826086956,4400.035826086956
15356.0,2010-12-06 14:05:00,2011-11-08 13:11:00,519,2766.5,5.330443159922929,47.018928571428575,11.038107752956636,3007.5807142857147,3007.5807142857147
15358.0,2010-12-09 10:04:00,2011-12-05 09:04:00,551,8347.2,15.149183303085302,46.59011111111111,11.826544021024967,8469.625600000001,8469.625600000001
15360.0,2011-10-31 09:35:00,2011-10-31 09:35:00,13,427.93,32.917692307692306,395.71999999999997,0.0328515111695138,156314.27039999998,156314.27039999998
15361.0,2010-12-13 09:52:00,2010-12-13 09:52:00,7,418.92,59.84571428571429,213.07999999999998,0.0328515111695138,153023.09759999998,153023.09759999998
15363.0,2010-12-02 12:28:00,2010-12-02 12:28:00,16,326.0,20.375,487.03999999999996,0.0328515111695138,119081.27999999998,119081.27999999998
15364.0,2011-03-30 13:39:00,2011-09-05 09:46:00,29,913.19,31.489310344827587,5.587088607594937,5.19053876478318,2111.202805063291,2111.202805063291
15365.0,2011-01-28 13:08:00,2011-11-14 08:29:00,114,2314.32,20.301052631578948,12.007474048442907,9.494086727989487,2925.1723515570934,2925.1723515570934
15366.0,2010-12-16 15:59:00,2011-09-25 15:01:00,44,602.51,13.69340909090909,4.749503546099291,9.264126149802891,780.4427404255321,780.4427404255321
15367.0,2011-03-09 13:53:00,2011-10-13 14:13:00,95,1877.5900000000001,19.764105263157898,13.265137614678899,7.1616294349540075,3146.0829137614687,3146.0829137614687
15368.0,2011-11-18 14:42:00,2011-11-18 14:42:00,4,446.94000000000005,111.73500000000001,121.75999999999999,0.0328515111695138,163258.2432,163258.2432
15370.0,2011-01-11 11:32:00,2011-10-30 10:58:00,94,2386.05,25.383510638297874,9.832852233676977,9.559789750328514,2995.107711340207,2995.107711340207
15372.0,2011-07-25 16:39:00,2011-07-25 16:39:00,27,2007.4,74.34814814814816,821.88,0.0328515111695138,733263.0720000002,535875.9878400022
15373.0,2010-12-03 14:40:00,2011-12-01 15:05:00,132,2415.91,18.302348484848483,11.06909090909091,11.925098554533507,2431.0843107438013,2431.0843107438013
15374.0,2011-08-03 09:59:00,2011-08-03 09:59:00,3,168.0,56.0,91.32,0.0328515111695138,61367.04,61367.04
15376.0,2011-05-01 13:45:00,2011-10-30 15:04:00,117,1233.3600000000001,10.541538461538462,19.568571428571428,5.978975032851511,2475.39418021978,2475.39418021978
15379.0,2010-12-16 13:02:00,2011-06-23 13:13:00,194,3703.29,19.089123711340207,31.245291005291005,6.2089356110381075,7157.342704761905,7157.342704761905
15380.0,2010-12-09 15:01:00,2011-12-01 12:13:00,36,1690.26,46.95166666666667,3.0782022471910113,11.695137976346912,1734.3207101123596,1734.3207101123596
15381.0,2011-03-16 13:44:00,2011-05-10 11:55:00,8,596.85,74.60625,4.50962962962963,1.773981603153745,4037.358666666667,4037.358666666667
15382.0,2011-02-17 12:01:00,2011-11-25 10:58:00,302,5955.71,19.7208940397351,32.831714285714284,9.198423127463863,7769.649102857142,7769.649102857142
15384.0,2010-12-15 11:34:00,2011-06-23 10:57:00,41,642.41,15.668536585365853,6.603386243386244,6.2089356110381075,1241.5847873015873,1241.5847873015873
15385.0,2011-10-30 15:11:00,2011-10-30 15:11:00,12,316.88,26.406666666666666,365.28,0.0328515111695138,115749.9264,115749.9264
15386.0,2011-06-06 13:47:00,2011-06-06 13:47:00,31,394.14,12.714193548387096,943.64,0.0328515111695138,143971.45919999998,143971.45919999998
15388.0,2011-03-14 13:53:00,2011-03-14 13:53:00,10,140.54,14.053999999999998,304.4,0.0328515111695138,51336.451199999996,51336.451199999996
15389.0,2011-06-20 16:18:00,2011-06-20 16:18:00,1,500.0,500.0,30.439999999999998,0.0328515111695138,182639.99999999997,182639.99999999997
15392.0,2010-12-14 15:50:00,2011-12-05 11:01:00,84,1535.53,18.280119047619046,7.202704225352114,11.662286465177397,1579.9954884507042,1579.9954884507042
15393.0,2011-03-03 16:58:00,2011-11-23 16:48:00,12,231.86,19.32166666666667,1.3836363636363636,8.672798948751643,320.8099272727273,320.8099272727273
15394.0,2010-12-16 12:46:00,2011-11-30 11:49:00,85,2183.54,25.68870588235294,7.435057471264368,11.432325886990801,2291.9640551724137,2291.9640551724137
15395.0,2011-01-18 12:40:00,2011-01-18 12:40:00,7,107.45,15.35,213.07999999999998,0.0328515111695138,39249.335999999996,39249.335999999996
15396.0,2011-08-19 10:56:00,2011-08-19 10:56:00,14,288.18,20.584285714285716,426.15999999999997,0.0328515111695138,105266.3904,105266.3904
15397.0,2011-02-23 09:25:00,2011-02-23 09:25:00,6,94.0,15.666666666666666,182.64,0.0328515111695138,34336.31999999999,34336.31999999999
15398.0,2011-09-22 14:56:00,2011-11-23 16:47:00,73,1345.53,18.43191780821918,35.84064516129032,2.0367936925098555,7927.341909677418,7927.341909677418
15399.0,2011-09-21 15:57:00,2011-12-08 13:04:00,50,815.77,16.3154,19.766233766233768,2.5295663600525624,3869.9281246753253,3869.9281246753253
15400.0,2011-03-06 11:27:00,2011-09-08 13:57:00,12,716.2,59.68333333333334,1.9638709677419355,6.110381077529566,1406.5243870967743,1406.5243870967743
15402.0,2011-05-27 13:32:00,2011-07-14 12:17:00,42,626.77,14.923095238095238,27.201702127659576,1.5440210249671484,4871.203097872341,4871.203097872341
15405.0,2011-06-03 14:44:00,2011-06-03 14:44:00,8,349.1,43.6375,243.51999999999998,0.0328515111695138,127519.24799999999,127519.24799999999
15406.0,2011-02-11 16:19:00,2011-11-08 13:22:00,53,510.71000000000004,9.636037735849058,5.9974721189591085,8.83705650459921,693.502411895911,693.502411895911
15407.0,2011-02-07 13:18:00,2011-11-06 11:55:00,153,1056.44,6.90483660130719,17.185682656826568,8.902759526938238,1423.9719675276754,1423.9719675276754
15408.0,2011-03-20 15:02:00,2011-03-20 15:02:00,34,267.18,7.858235294117647,1034.96,0.0328515111695138,97595.5104,97595.5104
15410.0,2011-03-23 10:15:00,2011-09-16 14:47:00,122,3450.84,28.285573770491805,20.981242937853107,5.814717477003942,7121.597938983052,7121.597938983052
15411.0,2011-06-10 12:30:00,2011-11-13 15:19:00,99,1358.88,13.726060606060607,19.317692307692308,5.124835742444152,3181.8697846153846,3181.8697846153846
15412.0,2011-06-21 15:24:00,2011-06-21 15:24:00,10,190.53,19.053,304.4,0.0328515111695138,69596.7984,69596.7984
15414.0,2011-04-11 13:45:00,2011-11-30 09:50:00,39,774.9000000000001,19.86923076923077,5.117068965517242,7.621550591327201,1220.0666896551727,1220.0666896551727
15415.0,2011-01-30 14:13:00,2011-01-30 14:13:00,48,572.8100000000001,11.933541666666668,1461.12,0.0328515111695138,209236.0368,209236.0368
15416.0,2011-03-02 08:41:00,2011-10-06 09:38:00,192,3984.32,20.75166666666667,26.80954128440367,7.1616294349540075,6676.111970642203,6676.111970642203
15417.0,2011-09-15 15:26:00,2011-09-15 15:26:00,28,508.8,18.17142857142857,852.3199999999999,0.0328515111695138,185854.46399999998,185854.46399999998
15419.0,2011-11-15 09:23:00,2011-11-15 09:23:00,8,135.86,16.9825,243.51999999999998,0.0328515111695138,49626.940800000004,49626.940800000004
15421.0,2011-02-02 14:36:00,2011-10-12 09:20:00,53,950.36,17.93132075471698,6.427569721115538,8.245729303547963,1383.0577721115537,1383.0577721115537
15422.0,2011-01-20 14:17:00,2011-01-20 16:17:00,6,97.7,16.283333333333335,182.64,0.0328515111695138,35687.856,35687.856
15423.0,2011-11-01 14:01:00,2011-11-01 14:01:00,2,43.5,21.75,60.879999999999995,0.0328515111695138,15889.679999999998,15889.679999999998
15424.0,2011-03-30 13:00:00,2011-03-30 13:02:00,17,383.34,22.54941176470588,517.48,0.0328515111695138,140026.4352,140026.4352
15426.0,2010-12-05 13:55:00,2011-11-20 15:36:00,292,1447.39,4.956815068493151,25.395657142857143,11.498028909329829,1510.5789120000004,1510.5789120000004
15427.0,2011-10-23 14:47:00,2011-11-06 14:29:00,306,1483.14,4.84686274509804,716.5107692307693,0.42706964520367935,41673.95224615385,41673.95224615385
15428.0,2011-11-24 16:54:00,2011-11-24 16:54:00,6,93.78,15.63,182.64,0.0328515111695138,34255.9584,34255.9584
15429.0,2011-09-25 13:42:00,2011-11-13 12:28:00,82,397.35,4.845731707317073,52.001666666666665,1.5768725361366622,3023.8334999999997,3023.8334999999997
15432.0,2011-11-16 16:30:00,2011-11-16 16:30:00,10,171.19000000000003,17.119000000000003,304.4,0.0328515111695138,62532.283200000005,62532.283200000005
15433.0,2011-03-17 14:12:00,2011-05-10 10:45:00,41,533.3,13.00731707317073,23.547924528301888,1.7411300919842312,3675.5438490566034,3675.5438490566034
15434.0,2011-05-23 14:18:00,2011-12-01 13:33:00,55,1041.48,18.936,8.76544502617801,6.274638633377135,1991.789604188482,1991.789604188482
15435.0,2011-11-17 16:39:00,2011-11-17 16:39:00,29,149.29,5.147931034482759,882.76,0.0328515111695138,54532.6512,54532.6512
15436.0,2011-04-19 16:52:00,2011-11-27 16:05:00,329,1122.53,3.4119452887537993,45.31565610859729,7.260183968462549,1855.3744723981904,1855.3744723981904
15437.0,2011-03-22 13:11:00,2011-03-22 13:11:00,45,200.16,4.4479999999999995,1369.8,0.0328515111695138,73114.44479999998,73114.44479999998
15438.0,2011-07-31 14:19:00,2011-07-31 14:19:00,25,156.57999999999998,6.263199999999999,761.0,0.0328515111695138,57195.54239999999,57195.54239999999
15440.0,2011-05-15 11:30:00,2011-10-16 12:16:00,62,383.68,6.188387096774194,12.255064935064935,5.059132720105125,910.0690285714286,910.0690285714286
15442.0,2011-04-05 12:24:00,2011-04-05 12:24:00,2,594.0,297.0,60.879999999999995,0.0328515111695138,216976.31999999995,216976.31999999995
15443.0,2011-01-23 13:25:00,2011-12-08 10:40:00,382,3236.91,8.473586387434555,36.5662893081761,10.446780551905388,3718.1713358490565,3718.1713358490565
15444.0,2011-10-30 16:12:00,2011-11-30 17:37:00,219,1418.26,6.476073059360731,215.04387096774192,1.0183968462549278,16711.677832258065,16711.677832258065
15445.0,2011-03-20 15:06:00,2011-03-20 15:06:00,5,113.5,22.7,152.2,0.0328515111695138,41459.28,41459.28
15447.0,2011-01-13 11:26:00,2011-01-13 11:26:00,9,155.17000000000002,17.241111111111113,273.96,0.0328515111695138,56680.4976,56680.4976
15448.0,2011-01-31 10:42:00,2011-01-31 10:42:00,28,494.64,17.665714285714284,852.3199999999999,0.0328515111695138,180682.09919999997,180682.09919999997
15449.0,2011-03-23 10:43:00,2011-11-13 15:02:00,60,974.52,16.242,7.771914893617022,7.720105124835742,1514.7773004255323,1514.7773004255323
15450.0,2011-11-09 17:11:00,2011-11-09 17:11:00,30,429.84,14.328,913.1999999999999,0.0328515111695138,157011.9552,157011.9552
15452.0,2011-03-20 15:21:00,2011-11-10 12:13:00,58,538.73,9.28844827586207,7.544957264957265,7.687253613666228,840.9713435897438,840.9713435897438
15453.0,2011-06-05 12:37:00,2011-12-08 10:59:00,286,1388.37,4.854440559440559,47.058594594594595,6.077529566360052,2741.317803243243,2741.317803243243
15454.0,2010-12-12 14:21:00,2010-12-12 14:21:00,25,179.1,7.164,761.0,0.0328515111695138,65421.648,65421.648
15456.0,2010-12-15 15:34:00,2011-03-01 13:51:00,60,447.22,7.453666666666667,24.352,2.463863337713535,2178.140288,2178.140288
15457.0,2011-03-22 15:31:00,2011-03-22 15:31:00,58,237.07,4.087413793103448,1765.52,0.0328515111695138,86596.9296,86596.9296
15458.0,2011-11-14 13:08:00,2011-11-14 13:08:00,7,161.64,23.09142857142857,213.07999999999998,0.0328515111695138,59043.85919999999,59043.85919999999
15460.0,2010-12-20 16:08:00,2010-12-20 16:08:00,58,216.76,3.7372413793103445,1765.52,0.0328515111695138,79178.09279999998,79178.09279999998
15462.0,2011-06-05 15:36:00,2011-09-06 13:11:00,11,234.6,21.327272727272728,3.6395652173913047,3.0223390275952693,931.4640000000002,931.4640000000002
15463.0,2011-11-10 12:57:00,2011-11-10 12:57:00,7,126.14,18.02,213.07999999999998,0.0328515111695138,46076.41919999999,46076.41919999999
15464.0,2011-01-05 15:56:00,2011-01-05 15:56:00,157,1048.85,6.680573248407643,4779.08,0.0328515111695138,383123.92799999996,383123.92799999996
15465.0,2010-12-05 10:12:00,2011-11-20 10:11:00,97,7354.62,75.82082474226804,8.460401146131806,11.465177398160314,7697.69511060172,7697.69511060172
15466.0,2011-09-15 14:08:00,2011-09-15 14:08:00,57,334.53,5.868947368421052,1735.08,0.0328515111695138,122197.11839999999,122197.11839999999
15467.0,2011-07-10 14:42:00,2011-11-30 14:17:00,52,524.88,10.093846153846155,11.147042253521127,4.664914586070959,1350.1983549295776,1350.1983549295776
15468.0,2011-10-19 13:38:00,2011-10-19 13:49:00,24,467.51,19.479583333333334,730.56,0.0328515111695138,170772.0528,170772.0528
15469.0,2011-08-11 16:54:00,2011-10-20 16:21:00,24,538.55,22.43958333333333,10.587826086956522,2.266754270696452,2851.0368695652173,2851.0368695652173
15471.0,2011-12-07 14:12:00,2011-12-07 14:12:00,77,469.48,6.097142857142857,2343.88,0.0328515111695138,171491.6544,171491.6544
15472.0,2011-08-18 15:17:00,2011-08-18 15:17:00,76,371.56,4.888947368421053,2313.44,0.0328515111695138,135723.43680000002,135723.43680000002
15473.0,2011-10-10 11:12:00,2011-11-25 15:15:00,11,1771.2,161.01818181818183,7.279130434782609,1.5111695137976346,14064.868173913048,14064.868173913048
15475.0,2011-09-23 15:20:00,2011-09-23 15:20:00,29,454.11,15.65896551724138,882.76,0.0328515111695138,165877.30080000003,165877.30080000003
15478.0,2011-10-14 11:09:00,2011-10-30 14:19:00,46,1441.42,31.33521739130435,87.515,0.5256241787122208,32907.6186,32907.6186
15480.0,2011-08-15 14:32:00,2011-08-15 14:32:00,45,905.5,20.122222222222224,1369.8,0.0328515111695138,330761.04000000004,330761.04000000004
15482.0,2010-12-16 10:08:00,2011-11-24 10:46:00,98,11054.96,112.80571428571427,8.697142857142858,11.268068331143231,11773.048946938776,11773.048946938776
15483.0,2011-03-18 12:26:00,2011-07-01 13:07:00,88,233.81,2.656931818181818,25.51161904761905,3.4494086727989486,813.3915885714285,813.3915885714285
15484.0,2011-09-22 13:31:00,2011-12-08 15:03:00,188,3594.31,19.118670212765956,74.32103896103897,2.5295663600525624,17051.033205194803,17051.033205194803
15485.0,2010-12-01 13:23:00,2011-11-09 14:31:00,86,2575.0,29.941860465116278,7.632186588921283,11.268068331143231,2742.262390670554,2742.262390670554
15488.0,2011-09-08 10:11:00,2011-09-08 10:11:00,2,91.32000000000001,45.660000000000004,60.879999999999995,0.0328515111695138,33357.3696,33357.3696
15489.0,2011-05-12 12:54:00,2011-11-17 08:53:00,50,1134.28,22.6856,8.095744680851064,6.176084099868594,2203.8819063829787,2203.8819063829787
15491.0,2011-04-18 10:04:00,2011-09-05 15:56:00,154,3100.09,20.130454545454548,33.484,4.599211563731932,8088.577680000001,8088.577680000001
15492.0,2011-09-26 14:02:00,2011-11-11 14:53:00,35,659.46,18.841714285714286,23.160869565217393,1.5111695137976346,5236.685843478262,5236.685843478262
15493.0,2011-03-14 11:44:00,2011-11-07 12:04:00,297,2001.8,6.74006734006734,37.98605042016807,7.818659658344283,3072.3424537815126,3072.3424537815126
15494.0,2011-08-10 15:29:00,2011-11-18 14:51:00,125,1299.23,10.39384,38.43434343434343,3.252299605781866,4793.764993939394,4793.764993939394
15497.0,2011-01-24 10:01:00,2011-11-22 11:51:00,15,1262.2,84.14666666666668,1.5119205298013245,9.921156373193167,1526.6768741721855,1526.6768741721855
15498.0,2010-12-08 12:29:00,2011-12-07 12:48:00,512,13316.4,26.00859375,42.816703296703295,11.957950065703022,13363.2269010989,13363.2269010989
15500.0,2011-09-19 13:47:00,2011-12-01 13:47:00,68,1131.56,16.640588235294118,28.355068493150686,2.3981603153745072,5662.140230136987,5662.140230136987
15502.0,2010-12-05 15:40:00,2011-11-24 12:48:00,213,10384.93,48.75553990610329,18.36747875354108,11.59658344283837,10746.196120113316,10746.196120113316
15503.0,2010-12-12 10:57:00,2010-12-12 10:57:00,70,147.09,2.1012857142857144,2130.7999999999997,0.0328515111695138,53729.0352,53729.0352
15504.0,2011-09-19 13:45:00,2011-09-19 13:45:00,13,52.83,4.063846153846153,395.71999999999997,0.0328515111695138,19297.742399999996,19297.742399999996
15505.0,2011-07-07 13:33:00,2011-10-18 07:56:00,97,3610.96,37.22639175257732,28.947843137254903,3.350854139290407,12931.484988235294,12931.484988235294
15506.0,2011-07-24 11:45:00,2011-11-17 12:11:00,164,979.26,5.971097560975609,43.03586206896552,3.8107752956636003,3083.6559724137933,3083.6559724137933
15507.0,2011-06-21 11:19:00,2011-06-21 11:19:00,46,492.36,10.703478260869565,1400.24,0.0328515111695138,179849.2608,179849.2608
15508.0,2011-04-18 15:31:00,2011-06-03 15:43:00,92,1000.27,10.8725,60.88,1.5111695137976346,7943.0136,7943.0136
15510.0,2011-01-13 12:10:00,2011-01-13 12:10:00,1,250.0,250.0,30.439999999999998,0.0328515111695138,91319.99999999999,91319.99999999999
15511.0,2011-09-15 15:05:00,2011-11-28 09:43:00,160,909.23,5.6826875,66.71780821917808,2.3981603153745072,4549.637457534247,4549.637457534247
15512.0,2010-12-15 12:01:00,2011-07-07 10:20:00,7,121.0,17.285714285714285,1.0496551724137932,6.668856767411301,217.72847290640394,217.72847290640394
15513.0,2010-12-01 11:22:00,2011-11-06 14:36:00,308,14758.22,47.9162987012987,27.575058823529414,11.169513797634691,15855.537063529413,15855.537063529413
15514.0,2010-12-10 13:50:00,2011-11-27 14:40:00,178,4139.46,23.255393258426967,15.392954545454545,11.563731931668856,4295.630536363637,4295.630536363637
15516.0,2011-10-24 11:33:00,2011-10-26 10:51:00,15,62.43,4.162,456.59999999999997,0.0328515111695138,22804.430399999997,22804.430399999997
15517.0,2011-04-20 14:02:00,2011-04-20 14:02:00,27,267.03,9.889999999999999,821.88,0.0328515111695138,97540.71839999998,97540.71839999998
15518.0,2011-01-11 12:55:00,2011-10-06 13:05:00,214,1942.45,9.076869158878505,24.306567164179103,8.804204993429698,2647.5303582089555,2647.5303582089555
15520.0,2011-12-08 10:58:00,2011-12-08 10:58:00,18,343.5,19.083333333333332,547.92,0.0328515111695138,125473.68,125473.68
15521.0,2011-03-30 09:15:00,2011-10-30 13:42:00,185,3000.2,16.217297297297296,26.31495327102804,7.030223390275952,5121.089046728972,5121.089046728972
15522.0,2011-09-13 12:26:00,2011-11-07 11:26:00,57,398.84,6.99719298245614,32.13111111111111,1.773981603153745,2697.9310222222216,2697.9310222222216
15523.0,2011-09-16 16:29:00,2011-09-16 16:29:00,10,412.01000000000005,41.20100000000001,304.4,0.0328515111695138,150499.01280000003,150499.01280000003
15524.0,2011-11-15 12:09:00,2011-11-15 12:09:00,1,440.0,440.0,30.439999999999998,0.0328515111695138,160723.19999999998,160723.19999999998
15525.0,2010-12-01 13:17:00,2011-12-07 14:43:00,178,825.92,4.64,14.604636118598384,12.187910643889618,813.1861390835579,813.1861390835579
15526.0,2011-11-06 15:01:00,2011-11-06 15:04:00,4,148.44,37.11,121.75999999999999,0.0328515111695138,54222.163199999995,54222.163199999995
15527.0,2010-12-20 14:15:00,2011-11-21 12:17:00,163,2429.78,14.906625766871167,14.811104477611941,11.005256241787121,2649.403099701493,2649.403099701493
15528.0,2011-03-30 16:14:00,2011-03-30 16:14:00,26,229.33,8.820384615384615,791.4399999999999,0.0328515111695138,83769.66239999999,83769.66239999999
15529.0,2010-12-08 12:24:00,2011-11-17 11:29:00,672,3995.23,5.945282738095238,59.63755102040817,11.268068331143231,4254.745231486881,4254.745231486881
15530.0,2011-04-07 11:16:00,2011-11-18 12:25:00,108,1502.3500000000001,13.91064814814815,14.6112,7.391590013140604,2439.0151466666666,2439.0151466666666
15531.0,2011-11-09 17:47:00,2011-12-01 18:43:00,228,2007.44,8.804561403508773,315.46909090909094,0.7227332457293035,33330.80378181819,33330.80378181819
15532.0,2010-12-16 16:45:00,2011-11-14 14:51:00,256,1580.93,6.1755078125,23.47180722891566,10.90670170827858,1739.4039469879517,1739.4039469879517
15533.0,2011-09-11 15:41:00,2011-11-20 15:35:00,83,807.57,9.729759036144578,36.61623188405797,2.266754270696452,4275.205356521738,4275.205356521738
15535.0,2011-01-16 12:35:00,2011-06-19 16:02:00,75,536.4,7.152,14.824675324675324,5.059132720105125,1272.3129350649351,1272.3129350649351
15537.0,2011-06-29 13:10:00,2011-06-29 13:10:00,24,110.92,4.621666666666667,730.56,0.0328515111695138,40516.857599999996,40516.857599999996
15539.0,2011-12-02 13:36:00,2011-12-02 13:36:00,41,538.46,13.133170731707319,1248.04,0.0328515111695138,196688.66880000004,196688.66880000004
15540.0,2011-11-28 13:51:00,2011-11-28 13:51:00,15,213.3,14.22,456.59999999999997,0.0328515111695138,77914.224,77914.224
15541.0,2011-08-17 14:58:00,2011-08-17 14:58:00,29,85.13000000000001,2.9355172413793107,882.76,0.0328515111695138,31096.286400000005,31096.286400000005
15543.0,2011-02-24 15:26:00,2011-02-24 15:26:00,28,127.86,4.566428571428571,852.3199999999999,0.0328515111695138,46704.70079999999,46704.70079999999
15544.0,2010-12-02 12:47:00,2011-11-30 16:43:00,259,3546.71,13.693861003861004,21.718898071625347,11.925098554533507,3568.9868561983476,3568.9868561983476
15545.0,2010-12-03 17:28:00,2011-10-16 13:24:00,81,292.71999999999997,3.613827160493827,7.802658227848101,10.38107752956636,338.36949873417717,338.36949873417717
15547.0,2010-12-12 13:26:00,2011-12-02 12:52:00,702,4954.84,7.058176638176638,60.36406779661017,11.629434954007884,5112.723037288136,5112.723037288136
15549.0,2011-01-27 15:38:00,2011-09-23 16:22:00,115,1693.26,14.724,14.646861924686194,7.851511169513797,2587.9247397489544,2587.9247397489544
15550.0,2011-02-11 12:49:00,2011-12-05 15:38:00,61,575.63,9.43655737704918,6.251986531986533,9.756898817345597,707.9667555555557,707.9667555555557
15551.0,2011-11-03 12:37:00,2011-11-03 12:37:00,29,436.06,15.036551724137931,882.76,0.0328515111695138,159283.9968,159283.9968
15552.0,2011-05-06 14:47:00,2011-05-06 14:47:00,17,90.12,5.301176470588236,517.48,0.0328515111695138,32919.0336,32919.0336
15553.0,2011-10-10 14:02:00,2011-10-10 14:02:00,56,437.23,7.807678571428572,1704.6399999999999,0.0328515111695138,159711.3744,159711.3744
15554.0,2011-03-07 09:00:00,2011-03-07 09:00:00,14,217.2,15.514285714285714,426.15999999999997,0.0328515111695138,79338.81599999999,79338.81599999999
15555.0,2010-12-05 14:45:00,2011-11-27 16:19:00,899,4805.17,5.345016685205784,76.65422969187676,11.727989487516425,4916.617640336135,4916.617640336135
15556.0,2011-11-15 16:08:00,2011-11-15 16:08:00,31,279.77,9.024838709677418,943.64,0.0328515111695138,102194.38559999998,102194.38559999998
15557.0,2011-11-11 12:46:00,2011-11-11 12:46:00,20,473.65000000000003,23.6825,608.8,0.0328515111695138,173014.87199999997,173014.87199999997
15561.0,2011-05-08 11:38:00,2011-11-28 11:07:00,27,800.5899999999999,29.65148148148148,4.048669950738916,6.668856767411301,1440.5887448275862,1440.5887448275862
15562.0,2010-12-23 09:55:00,2010-12-23 09:55:00,1,134.55,134.55,30.439999999999998,0.0328515111695138,49148.424,49148.424
15563.0,2010-12-16 11:27:00,2011-11-17 14:50:00,113,1400.44,12.393274336283186,10.237261904761905,11.038107752956636,1522.4783428571427,1522.4783428571427
15565.0,2011-09-30 10:44:00,2011-10-20 14:33:00,8,173.16000000000003,21.645000000000003,12.176,0.657030223390276,3162.5942400000004,3162.5942400000004
15567.0,2011-11-21 10:48:00,2011-11-21 10:48:00,7,186.01,26.572857142857142,213.07999999999998,0.0328515111695138,67945.7328,67945.7328
15568.0,2011-09-27 14:37:00,2011-12-07 11:27:00,53,758.29,14.307358490566036,23.047428571428572,2.299605781865966,3956.9738742857144,3956.9738742857144
15569.0,2011-01-11 13:26:00,2011-08-28 10:15:00,31,1375.71,44.377741935483876,4.1387719298245615,7.490144546649145,2204.0322315789476,2204.0322315789476
15570.0,2010-12-05 12:57:00,2011-12-02 14:47:00,323,4165.52,12.896346749226007,27.160552486187846,11.892247043363994,4203.2628331491715,4203.2628331491715
15571.0,2011-09-22 13:15:00,2011-11-28 10:02:00,57,650.4300000000001,11.411052631578949,26.28909090909091,2.1681997371879107,3599.8344000000006,3599.8344000000006
15572.0,2011-03-06 14:44:00,2011-12-05 10:09:00,215,2552.86,11.873767441860466,23.972893772893777,8.968462549277266,3415.782786813187,3415.782786813187
15573.0,2011-09-15 12:16:00,2011-11-08 11:38:00,104,607.45,5.840865384615385,59.73132075471698,1.7411300919842312,4186.59124528302,4186.59124528302
15574.0,2010-12-02 15:46:00,2011-06-15 12:01:00,168,702.25,4.180059523809524,26.36041237113402,6.3731931668856765,1322.2571134020618,1322.2571134020618
15576.0,2011-11-02 12:03:00,2011-11-02 12:03:00,45,940.67,20.903777777777776,1369.8,0.0328515111695138,343607.93759999995,343607.93759999995
15577.0,2011-02-07 13:32:00,2011-07-11 17:03:00,39,258.88,6.637948717948718,7.708831168831169,5.059132720105125,614.0499116883117,614.0499116883117
15578.0,2011-06-30 13:03:00,2011-06-30 13:03:00,13,127.1,9.776923076923076,395.71999999999997,0.0328515111695138,46427.087999999996,46427.087999999996
15579.0,2011-01-30 12:09:00,2011-10-02 12:45:00,51,348.6,6.835294117647059,6.336489795918368,8.04862023653088,519.7412571428572,519.7412571428572
15581.0,2010-12-08 14:38:00,2011-08-11 09:38:00,149,3679.9700000000003,24.69778523489933,18.51248979591837,8.04862023653088,5486.609965714288,5486.609965714288
15582.0,2011-05-03 13:36:00,2011-11-15 09:55:00,44,682.9100000000001,15.52068181818182,6.868512820512821,6.40604467805519,1279.248024615385,1279.248024615385
15584.0,2011-06-30 16:39:00,2011-11-16 10:55:00,123,725.11,5.895203252032521,27.131304347826088,4.533508541392904,1919.3346434782611,1919.3346434782611
15585.0,2011-06-16 08:38:00,2011-06-16 08:38:00,31,455.3,14.687096774193549,943.64,0.0328515111695138,166311.984,166311.984
15587.0,2010-12-23 09:59:00,2011-10-20 13:37:00,9,913.68,101.52,0.9101661129568107,9.888304862023652,1108.800765448505,1108.800765448505
15589.0,2011-02-02 10:46:00,2011-03-29 09:54:00,29,478.53,16.50103448275862,16.34740740740741,1.773981603153745,3236.9896000000003,3236.9896000000003
15592.0,2011-10-24 08:59:00,2011-10-24 08:59:00,24,388.58,16.190833333333334,730.56,0.0328515111695138,141940.5024,141940.5024
15593.0,2011-09-30 11:46:00,2011-09-30 11:46:00,5,199.8,39.96,152.2,0.0328515111695138,72982.94399999999,72982.94399999999
15594.0,2011-04-19 10:08:00,2011-11-24 08:53:00,103,1771.78,17.201747572815535,14.382201834862386,7.1616294349540075,2968.788066055046,2968.788066055046
15596.0,2010-12-09 16:10:00,2011-08-31 10:55:00,77,1406.59,18.267402597402597,8.878333333333334,8.672798948751643,1946.209072727273,1946.209072727273
15597.0,2011-11-04 13:26:00,2011-11-04 13:26:00,22,324.57,14.753181818181817,669.68,0.0328515111695138,118558.92959999997,118558.92959999997
15598.0,2011-10-17 16:04:00,2011-10-17 16:04:00,14,240.68,17.19142857142857,426.15999999999997,0.0328515111695138,87915.59039999999,87915.59039999999
15599.0,2011-05-19 13:05:00,2011-11-13 11:44:00,52,761.74,14.648846153846154,8.942824858757062,5.814717477003942,1572.0247864406779,1572.0247864406779
15601.0,2010-12-02 10:39:00,2011-11-28 15:15:00,410,6776.56,16.52819512195122,34.57174515235457,11.85939553219448,6856.902595013852,6856.902595013852
15602.0,2010-12-06 15:35:00,2011-12-01 14:14:00,46,1297.8700000000001,28.214565217391307,3.9003899721448474,11.793692509855452,1320.5736869080783,1320.5736869080783
15603.0,2011-09-22 10:04:00,2011-09-22 10:04:00,2,48.480000000000004,24.240000000000002,60.879999999999995,0.0328515111695138,17708.7744,17708.7744
15604.0,2011-10-18 14:47:00,2011-10-18 14:47:00,17,216.39000000000001,12.728823529411766,517.48,0.0328515111695138,79042.93920000002,79042.93920000002
15605.0,2010-12-01 13:38:00,2011-11-03 14:17:00,67,1198.23,17.88402985074627,6.051869436201781,11.070959264126149,1298.7817637982198,1298.7817637982198
15606.0,2011-01-19 12:07:00,2011-10-09 15:47:00,77,2920.16,37.92415584415584,8.912091254752852,8.639947437582128,4055.802451711026,4055.802451711026
15607.0,2011-01-07 12:44:00,2011-01-07 12:44:00,13,104.76,8.05846153846154,395.71999999999997,0.0328515111695138,38266.7328,38266.7328
15608.0,2011-08-11 09:56:00,2011-11-11 13:20:00,60,1093.68,18.228,19.85217391304348,3.0223390275952693,4342.385113043479,4342.385113043479
15609.0,2011-06-08 13:00:00,2011-06-08 13:00:00,16,298.48,18.655,487.03999999999996,0.0328515111695138,109028.7744,109028.7744
15610.0,2011-10-19 10:36:00,2011-10-19 10:36:00,6,112.46000000000001,18.743333333333336,182.64,0.0328515111695138,41079.3888,41079.3888
15611.0,2011-01-09 11:32:00,2011-11-30 12:36:00,43,1591.45,37.01046511627907,4.027446153846154,10.676741130091983,1788.691864615385,1788.691864615385
15612.0,2011-10-09 12:49:00,2011-11-03 14:52:00,6,195.15,32.525,7.3056,0.8212877792378449,2851.3756799999996,2851.3756799999996
15615.0,2010-12-15 16:21:00,2011-11-29 14:42:00,423,10399.74,24.585673758865248,37.00034482758621,11.432325886990801,10916.140882758622,10916.140882758622
15618.0,2011-07-26 10:13:00,2011-11-07 08:34:00,45,776.851,17.263355555555556,13.299029126213593,3.383705650459921,2755.030420194175,2755.030420194175
15619.0,2011-11-29 08:14:00,2011-11-29 08:14:00,3,336.4,112.13333333333333,91.32,0.0328515111695138,122880.19199999998,122880.19199999998
15620.0,2010-12-16 14:34:00,2011-10-14 12:41:00,100,1553.18,15.5318,10.11295681063123,9.888304862023652,1884.8690710963456,1884.8690710963456
15621.0,2011-11-18 11:49:00,2011-12-05 14:01:00,16,1293.03,80.814375,28.64941176470588,0.5584756898817346,27783.411670588233,27783.411670588233
15622.0,2011-03-02 13:42:00,2011-10-27 16:44:00,185,3709.56,20.051675675675675,23.56234309623431,7.851511169513797,5669.573543096234,5669.573543096234
15623.0,2011-07-21 17:26:00,2011-07-21 17:26:00,19,301.03000000000003,15.843684210526318,578.36,0.0328515111695138,109960.23840000002,109960.23840000002
15624.0,2011-03-28 13:32:00,2011-08-15 11:38:00,34,588.13,17.297941176470587,7.445755395683453,4.566360052562418,1545.5548661870503,1545.5548661870503
15625.0,2011-04-18 14:01:00,2011-08-28 10:21:00,64,1534.26,23.9728125,14.87145038167939,4.303547963206308,4278.125899236641,4278.125899236641
15626.0,2011-01-14 10:10:00,2011-09-26 10:03:00,49,675.8,13.791836734693877,5.872283464566929,8.344283837056505,971.8748976377954,971.8748976377954
15628.0,2010-12-08 09:51:00,2011-12-05 10:24:00,155,2870.2400000000002,18.51767741935484,13.033701657458565,11.892247043363994,2896.2465944751384,2896.2465944751384
15630.0,2011-05-19 10:16:00,2011-10-25 15:36:00,60,1186.35,19.772499999999997,11.486792452830189,5.223390275952694,2725.4712452830186,2725.4712452830186
15632.0,2011-03-10 08:29:00,2011-11-24 09:51:00,167,3285.31,19.67251497005988,19.627335907335908,8.508541392904073,4633.428713513513,4633.428713513513
15634.0,2011-11-22 16:28:00,2011-11-22 16:28:00,15,243.55,16.236666666666668,456.59999999999997,0.0328515111695138,88963.944,88963.944
15636.0,2011-03-02 14:50:00,2011-09-11 11:17:00,25,724.76,28.9904,3.963541666666667,6.307490144546649,1378.8559,1378.8559
15637.0,2011-10-18 08:28:00,2011-10-18 08:28:00,15,223.36,14.890666666666668,456.59999999999997,0.0328515111695138,81588.94080000001,81588.94080000001
15639.0,2011-07-28 14:30:00,2011-07-28 14:30:00,25,425.32,17.0128,761.0,0.0328515111695138,155360.8896,155360.8896
15640.0,2010-12-02 15:40:00,2011-12-05 14:35:00,484,12515.66,25.858801652892563,40.14430517711172,12.056504599211562,12457.00350081744,12457.00350081744
15641.0,2010-12-15 14:45:00,2011-08-26 14:04:00,119,1887.2,15.858823529411765,14.317628458498024,8.31143232588699,2724.7289169960477,2724.7289169960477
15643.0,2011-03-02 14:34:00,2011-06-01 07:38:00,33,664.0,20.12121212121212,11.161333333333333,2.9566360052562417,2694.9546666666665,2694.9546666666665
15644.0,2011-03-23 15:37:00,2011-06-26 14:54:00,238,813.0,3.4159663865546217,77.07148936170213,3.088042049934297,3159.2834042553195,3159.2834042553195
15645.0,2011-11-21 11:55:00,2011-11-21 11:55:00,52,612.01,11.769423076923077,1582.8799999999999,0.0328515111695138,223555.0128,223555.0128
15646.0,2010-12-02 16:59:00,2011-07-05 09:53:00,35,447.64000000000004,12.789714285714288,4.978504672897197,7.030223390275952,764.0838280373833,764.0838280373833
15648.0,2011-03-17 18:59:00,2011-05-19 15:53:00,25,657.35,26.294,12.274193548387096,2.0367936925098555,3872.8517419354835,3872.8517419354835
15649.0,2010-12-07 10:06:00,2011-01-07 13:34:00,2,816.0,408.0,1.9638709677419355,1.0183968462549278,9615.112258064517,9615.112258064517
15651.0,2011-03-24 08:56:00,2011-11-03 08:41:00,32,646.3,20.196875,4.368071748878924,7.3258869908015765,1058.6567892376681,1058.6567892376681
15652.0,2011-09-09 14:22:00,2011-09-09 14:22:00,21,337.74,16.082857142857144,639.24,0.0328515111695138,123369.66720000003,123369.66720000003
15653.0,2011-08-16 09:50:00,2011-09-08 10:49:00,6,877.44,146.24,7.940869565217391,0.7555847568988173,13935.273182608697,13935.273182608697
15654.0,2011-11-13 15:15:00,2011-11-30 13:08:00,21,922.53,43.93,39.9525,0.5256241787122208,21061.3599,21061.3599
15655.0,2011-04-10 15:25:00,2011-04-10 15:25:00,34,560.6700000000001,16.49029411764706,1034.96,0.0328515111695138,204801.53760000004,204801.53760000004
15656.0,2011-02-28 15:32:00,2011-10-25 14:56:00,47,748.5,15.925531914893616,6.011260504201681,7.818659658344283,1148.7902521008405,1148.7902521008405
15657.0,2011-11-17 12:19:00,2011-11-17 12:19:00,1,30.0,30.0,30.439999999999998,0.0328515111695138,10958.4,10958.4
15658.0,2010-12-02 10:53:00,2011-06-02 15:22:00,48,1024.1000000000001,21.33541666666667,8.028131868131869,5.978975032851511,2055.4024615384624,2055.4024615384624
15659.0,2011-10-27 09:23:00,2011-10-27 09:23:00,11,306.45,27.85909090909091,334.84,0.0328515111695138,111940.056,111940.056
15660.0,2010-12-09 09:49:00,2011-11-14 16:58:00,90,1600.86,17.787333333333333,8.05764705882353,11.169513797634691,1719.888649411765,1719.888649411765
15661.0,2011-01-05 12:32:00,2011-01-26 13:56:00,5,309.8,61.96,7.247619047619048,0.6898817345597897,5388.749714285715,5388.749714285715
15663.0,2011-08-25 15:50:00,2011-08-25 15:50:00,9,138.14,15.348888888888887,273.96,0.0328515111695138,50459.77919999999,50459.77919999999
15664.0,2011-10-20 10:57:00,2011-10-20 10:57:00,17,386.43,22.731176470588235,517.48,0.0328515111695138,141155.1504,141155.1504
15665.0,2011-04-10 15:09:00,2011-06-24 14:57:00,116,2242.01,19.327672413793106,47.71675675675676,2.431011826544021,11067.046118918921,11067.046118918921
15667.0,2011-10-31 10:56:00,2011-10-31 10:56:00,13,301.32000000000005,23.17846153846154,395.71999999999997,0.0328515111695138,110066.1696,110066.1696
15668.0,2011-05-06 10:39:00,2011-05-06 10:39:00,1,76.32000000000001,76.32000000000001,30.439999999999998,0.0328515111695138,27878.1696,27878.1696
15669.0,2011-03-21 09:13:00,2011-10-30 16:03:00,33,684.34,20.737575757575758,4.50457399103139,7.3258869908015765,1120.967332735426,1120.967332735426
15670.0,2011-02-16 10:50:00,2011-02-16 10:50:00,12,173.05,14.420833333333334,365.28,0.0328515111695138,63211.704,63211.704
15671.0,2011-03-14 09:37:00,2011-11-21 12:43:00,78,2657.13,34.065769230769234,9.421904761904761,8.278580814717477,3851.5732,3851.5732
15673.0,2011-01-16 16:25:00,2011-09-12 16:12:00,155,2881.02,18.587225806451613,19.824369747899162,7.818659658344283,4421.76044369748,4421.76044369748
15674.0,2011-03-30 09:19:00,2011-09-27 15:17:00,114,2446.6,21.46140350877193,19.172154696132598,5.946123521681997,4937.536176795581,4937.536176795581
15675.0,2011-03-04 14:21:00,2011-09-19 13:48:00,21,323.69,15.413809523809524,3.2284848484848485,6.504599211563732,597.1590060606061,597.1590060606061
15676.0,2011-03-01 10:19:00,2011-11-21 12:40:00,202,3435.76,17.00871287128713,23.203320754716984,8.705650459921156,4735.903444528303,4735.903444528303
15677.0,2011-10-21 15:36:00,2011-10-21 15:36:00,33,657.23,19.916060606060608,1004.52,0.0328515111695138,240072.9744,240072.9744
15678.0,2011-10-18 09:25:00,2011-10-18 09:25:00,12,352.7,29.391666666666666,365.28,0.0328515111695138,128834.25599999998,128834.25599999998
15679.0,2011-06-10 08:24:00,2011-11-15 16:19:00,110,781.28,7.102545454545455,21.19240506329114,5.19053876478318,1806.2402430379748,1806.2402430379748
15680.0,2010-12-08 14:43:00,2011-11-30 13:46:00,78,1333.68,17.09846153846154,6.669438202247191,11.695137976346912,1368.445591011236,1368.445591011236
15681.0,2011-03-04 13:46:00,2011-11-14 16:30:00,53,1426.16,26.90867924528302,6.326745098039216,8.377135348226018,2042.9322541176473,2042.9322541176473
15683.0,2011-08-14 12:56:00,2011-08-14 12:56:00,10,193.75,19.375,304.4,0.0328515111695138,70773.0,70773.0
15687.0,2011-01-13 15:13:00,2011-12-01 08:33:00,166,2993.1,18.030722891566263,15.741557632398756,10.545335085413928,3405.979962616823,3405.979962616823
15689.0,2010-12-13 09:57:00,2011-08-12 09:37:00,9,254.1,28.233333333333334,1.1367634854771784,7.917214191852825,385.13546887966805,385.13546887966805
15690.0,2011-08-31 11:40:00,2011-12-05 15:59:00,19,239.76,12.618947368421052,6.024583333333333,3.1537450722733245,912.2868,912.2868
15691.0,2011-04-01 15:13:00,2011-04-01 15:13:00,2,136.8,68.4,60.879999999999995,0.0328515111695138,49970.304000000004,49970.304000000004
15692.0,2011-11-11 14:12:00,2011-11-11 14:12:00,12,191.04,15.92,365.28,0.0328515111695138,69783.0912,69783.0912
15694.0,2010-12-02 07:49:00,2011-12-09 09:44:00,78,6479.4,83.06923076923077,6.3825806451612905,12.220762155059132,6362.352774193549,6362.352774193549
15695.0,2011-03-18 08:31:00,2011-03-18 08:32:00,22,409.98,18.635454545454547,669.68,0.0328515111695138,149757.4944,149757.4944
15696.0,2011-01-17 11:24:00,2011-11-06 14:02:00,171,2736.46,16.002690058479534,17.765324232081912,9.625492772667542,3411.5157296928337,3411.5157296928337
15699.0,2011-11-22 08:26:00,2011-11-22 08:26:00,18,309.65,17.202777777777776,547.92,0.0328515111695138,113108.95199999996,113108.95199999996
15700.0,2011-06-19 15:36:00,2011-06-20 16:53:00,86,696.68,8.10093023255814,2617.8399999999997,0.0328515111695138,254483.27039999998,254483.27039999998
15701.0,2011-08-21 12:36:00,2011-12-07 14:39:00,237,1542.14,6.506919831223629,66.7988888888889,3.54796320630749,5215.860177777779,5215.860177777779
15703.0,2011-03-20 10:51:00,2011-03-20 10:51:00,5,211.5,42.3,152.2,0.0328515111695138,77256.72,77256.72
15704.0,2011-05-08 12:42:00,2011-07-22 13:35:00,117,2293.62,19.603589743589744,47.4864,2.463863337713535,11170.846848000001,11170.846848000001
15705.0,2011-05-22 15:37:00,2011-05-22 15:37:00,6,143.1,23.849999999999998,182.64,0.0328515111695138,52271.567999999985,52271.567999999985
15706.0,2011-08-15 14:32:00,2011-10-07 10:09:00,55,1060.56,19.28290909090909,32.19615384615385,1.7082785808147174,7450.026092307693,7450.026092307693
15707.0,2011-09-14 14:19:00,2011-11-04 14:35:00,214,945.58,4.418598130841121,127.7286274509804,1.6754270696452036,6772.577694117646,6772.577694117646
15708.0,2010-12-05 11:12:00,2011-10-30 10:54:00,288,3364.2400000000002,11.68138888888889,26.72780487804878,10.775295663600525,3746.6145951219514,3746.6145951219514
15709.0,2011-03-01 10:38:00,2011-03-01 10:38:00,6,133.25,22.208333333333332,182.64,0.0328515111695138,48673.56,48673.56
15712.0,2011-02-25 11:32:00,2011-11-30 14:09:00,53,1072.3600000000001,20.233207547169815,5.803309352517985,9.132720105124836,1409.0347510791369,1409.0347510791369
15713.0,2010-12-08 15:16:00,2011-07-19 13:34:00,19,356.7,18.773684210526316,2.6052252252252255,7.293035479632063,586.9161081081081,586.9161081081081
15714.0,2011-09-23 11:25:00,2011-11-28 11:26:00,35,330.88,9.453714285714286,16.14242424242424,2.1681997371879107,1831.2703999999999,1831.2703999999999
15716.0,2010-12-05 12:26:00,2011-07-17 11:59:00,118,1118.81,9.481440677966102,16.10726457399103,7.3258869908015765,1832.640882511211,1832.640882511211
15717.0,2011-04-19 13:21:00,2011-04-19 13:21:00,7,150.3,21.47142857142857,213.07999999999998,0.0328515111695138,54901.583999999995,54901.583999999995
15719.0,2011-01-06 12:31:00,2011-11-07 12:29:00,937,5045.61,5.384855923159018,93.82328947368421,9.986859395532194,6062.698752631579,6062.698752631579
15720.0,2011-11-15 14:48:00,2011-11-15 14:48:00,128,598.73,4.677578125,3896.3199999999997,0.0328515111695138,218704.0944,218704.0944
15721.0,2011-11-28 12:14:00,2011-11-28 12:14:00,91,507.08000000000004,5.572307692307692,2770.04,0.0328515111695138,185226.1824,185226.1824
15722.0,2011-02-22 12:24:00,2011-11-04 11:43:00,69,2222.56,32.21101449275362,8.269133858267717,8.344283837056505,3196.286286614173,3196.286286614173
15723.0,2010-12-10 11:12:00,2010-12-10 11:12:00,41,203.10000000000002,4.953658536585366,1248.04,0.0328515111695138,74188.368,74188.368
15724.0,2011-02-28 10:40:00,2011-05-22 14:40:00,11,218.25,19.84090909090909,4.03421686746988,2.726675427069645,960.5103614457831,960.5103614457831
15725.0,2011-11-24 14:51:00,2011-11-24 14:51:00,32,415.25,12.9765625,974.0799999999999,0.0328515111695138,151682.52,151682.52
15727.0,2010-12-15 15:47:00,2011-11-23 12:36:00,302,5178.96,17.14887417218543,26.879766081871345,11.235216819973719,5531.492715789474,5531.492715789474
15729.0,2011-05-11 12:36:00,2011-05-11 12:36:00,5,85.0,17.0,152.2,0.0328515111695138,31048.799999999996,31048.799999999996
15730.0,2011-05-17 12:43:00,2011-10-05 12:31:00,70,1120.88,16.01257142857143,15.22,4.599211563731932,2924.536045714286,2924.536045714286
15732.0,2010-12-02 15:00:00,2011-05-11 14:24:00,14,294.12,21.00857142857143,2.680251572327044,5.223390275952694,675.699079245283,675.699079245283
15733.0,2011-03-02 09:05:00,2011-03-02 09:05:00,10,162.3,16.23,304.4,0.0328515111695138,59284.94399999999,59284.94399999999
15734.0,2011-05-23 14:59:00,2011-08-17 10:50:00,26,1339.45,51.517307692307696,9.311058823529413,2.7923784494086727,5756.168188235295,5756.168188235295
15737.0,2011-04-11 10:01:00,2011-11-25 11:21:00,72,1205.1200000000001,16.73777777777778,9.612631578947369,7.490144546649145,1930.7290947368422,1930.7290947368422
15738.0,2010-12-02 12:50:00,2011-11-21 08:26:00,173,4812.42,27.817456647398846,14.918186968838528,11.59658344283837,4979.832231161474,4979.832231161474
15739.0,2011-10-04 13:42:00,2011-10-04 13:42:00,8,449.12,56.14,243.51999999999998,0.0328515111695138,164054.55359999998,164054.55359999998
15740.0,2011-10-21 14:29:00,2011-10-21 14:29:00,9,154.88,17.20888888888889,273.96,0.0328515111695138,56574.566399999996,56574.566399999996
15743.0,2011-06-08 10:14:00,2011-11-23 17:19:00,88,784.46,8.914318181818182,15.944761904761904,5.519053876478318,1705.6401714285712,1705.6401714285712
15744.0,2011-09-23 09:52:00,2011-09-23 09:52:00,3,34.8,11.6,91.32,0.0328515111695138,12711.743999999999,12711.743999999999
15745.0,2011-04-17 13:04:00,2011-11-20 13:45:00,62,1094.5900000000001,17.65467741935484,8.697142857142858,7.128777923784494,1842.543019354839,1842.543019354839
15746.0,2011-07-28 15:21:00,2011-07-28 15:21:00,28,196.88,7.031428571428571,852.3199999999999,0.0328515111695138,71916.32639999999,71916.32639999999
15747.0,2011-06-20 11:30:00,2011-11-27 12:26:00,93,974.04,10.473548387096773,17.69325,5.256241787122208,2223.73332,2223.73332
15748.0,2011-10-30 12:51:00,2011-10-30 12:51:00,21,149.31,7.11,639.24,0.0328515111695138,54539.9568,54539.9568
15749.0,2011-01-11 12:55:00,2011-04-18 13:20:00,10,44534.3,4453.43,3.138144329896907,3.1865965834428382,167706.07323711342,167706.07323711342
15750.0,2010-12-08 10:36:00,2011-12-07 12:34:00,293,2465.48,8.414607508532423,24.502527472527472,11.957950065703022,2474.14981978022,2474.14981978022
15752.0,2010-12-02 09:43:00,2011-10-31 11:37:00,411,2637.38,6.41698296836983,37.57009009009009,10.939553219448094,2893.039538738739,2893.039538738739
15753.0,2011-02-08 12:41:00,2011-02-08 12:41:00,1,79.2,79.2,30.439999999999998,0.0328515111695138,28930.176,28930.176
15754.0,2011-04-07 12:24:00,2011-10-19 14:40:00,28,458.57,16.3775,4.370871794871795,6.40604467805519,859.0074338461541,859.0074338461541
15755.0,2011-02-18 11:53:00,2011-11-29 14:57:00,141,2364.25,16.7677304964539,15.11281690140845,9.329829172141919,3040.8916901408447,3040.8916901408447
15756.0,2011-04-04 14:00:00,2011-10-09 13:30:00,192,532.96,2.7758333333333334,31.253903743315508,6.14323258869908,1041.0675336898396,1041.0675336898396
15757.0,2011-05-06 11:40:00,2011-10-05 12:14:00,45,714.42,15.876,9.011842105263158,4.993429697766097,1716.8640631578946,1716.8640631578946
15758.0,2011-11-15 10:48:00,2011-11-15 10:48:00,9,205.25,22.805555555555557,273.96,0.0328515111695138,74973.72,74973.72
15759.0,2010-12-16 15:29:00,2011-05-05 15:13:00,7,253.04000000000002,36.14857142857143,1.5329496402877698,4.566360052562418,664.967274820144,664.967274820144
15762.0,2011-09-23 15:17:00,2011-10-05 16:15:00,37,583.75,15.777027027027026,93.85666666666667,0.39421813403416556,17769.35,17769.35
15763.0,2011-09-23 12:10:00,2011-11-08 09:44:00,61,1086.92,17.818360655737706,41.263111111111115,1.4783180026281209,8822.891946666667,8822.891946666667
15764.0,2011-03-08 09:23:00,2011-09-12 17:58:00,180,3279.9700000000003,18.222055555555556,29.144680851063832,6.176084099868594,6372.911923404256,6372.911923404256
15766.0,2011-10-06 17:03:00,2011-10-06 17:03:00,11,315.06,28.64181818181818,334.84,0.0328515111695138,115085.11679999999,115085.11679999999
15768.0,2011-04-28 09:20:00,2011-08-16 10:48:00,27,621.83,23.030740740740743,7.471636363636364,3.6136662286465175,2064.9278400000003,2064.9278400000003
15769.0,2010-12-03 15:16:00,2011-12-02 13:52:00,130,56252.72,432.7132307692308,10.90137741046832,11.925098554533507,56606.04286942149,56606.04286942149
15773.0,2011-12-04 12:48:00,2011-12-04 12:48:00,10,635.6800000000001,63.568000000000005,304.4,0.0328515111695138,232201.19040000002,232201.19040000002
15774.0,2011-10-02 12:04:00,2011-10-02 12:04:00,25,270.8,10.832,761.0,0.0328515111695138,98917.824,98917.824
15775.0,2011-04-08 12:56:00,2011-04-08 12:56:00,7,104.9,14.985714285714286,213.07999999999998,0.0328515111695138,38317.872,38317.872
15776.0,2011-07-29 13:46:00,2011-07-29 13:46:00,18,241.62,13.423333333333334,547.92,0.0328515111695138,88258.95360000001,88258.95360000001
15777.0,2010-12-13 16:38:00,2011-04-12 16:43:00,21,1047.1100000000001,49.86238095238096,5.327,3.9421813403416555,3187.4028400000007,3187.4028400000007
15780.0,2010-12-17 11:43:00,2011-06-09 12:01:00,29,475.28000000000003,16.38896551724138,5.073333333333333,5.716162943495401,997.7602206896553,997.7602206896553
15781.0,2011-02-07 09:15:00,2011-11-14 14:57:00,20,345.46000000000004,17.273000000000003,2.1742857142857144,9.198423127463863,450.6772457142858,450.6772457142858
15782.0,2011-09-11 14:29:00,2011-11-30 10:49:00,43,2614.74,60.80790697674418,16.568607594936708,2.59526938239159,12090.028192405061,12090.028192405061
15783.0,2011-11-29 09:50:00,2011-11-29 09:50:00,14,246.3,17.592857142857145,426.15999999999997,0.0328515111695138,89968.464,89968.464
15785.0,2011-02-17 14:17:00,2011-11-07 11:33:00,83,2328.9700000000003,28.059879518072293,9.64320610687023,8.607095926412615,3247.0464183206113,3247.0464183206113
15786.0,2011-08-17 13:33:00,2011-10-24 14:13:00,267,4932.2,18.47265917602996,119.52176470588235,2.2339027595269383,26494.617882352934,26494.617882352934
15787.0,2011-10-09 13:11:00,2011-11-13 14:55:00,206,948.05,4.602184466019417,179.16114285714286,1.149802890932983,9894.391542857142,9894.391542857142
15789.0,2010-12-16 14:35:00,2010-12-16 14:35:00,25,351.3,14.052,761.0,0.0328515111695138,128322.864,128322.864
15790.0,2011-11-29 14:53:00,2011-11-29 14:53:00,35,220.85,6.31,1065.3999999999999,0.0328515111695138,80672.08799999999,80672.08799999999
15791.0,2011-05-19 15:15:00,2011-10-27 10:14:00,75,1612.69,21.502533333333336,14.26875,5.256241787122208,3681.771270000001,3681.771270000001
15793.0,2011-03-16 10:45:00,2011-11-25 09:31:00,12,965.61,80.4675,1.4437944664031621,8.31143232588699,1394.1423747035574,1394.1423747035574
15795.0,2011-07-13 10:43:00,2011-07-13 10:43:00,42,610.01,14.524047619047618,1278.48,0.0328515111695138,222824.45279999997,222824.45279999997
15796.0,2011-02-10 15:40:00,2011-12-08 19:55:00,133,2711.56,20.38766917293233,13.450232558139536,9.888304862023652,3290.6267003322264,3290.6267003322264
15797.0,2011-01-24 15:47:00,2011-08-18 17:04:00,8,2207.4,275.925,1.1821359223300971,6.767411300919842,3914.1702524271846,3914.1702524271846
15799.0,2011-01-09 15:13:00,2011-09-25 12:46:00,98,884.14,9.021836734693878,11.56248062015504,8.47568988173456,1251.7777488372094,1251.7777488372094
15800.0,2011-04-07 12:39:00,2011-08-24 14:23:00,119,699.08,5.874621848739496,26.060143884892085,4.566360052562418,1837.1218877697843,1837.1218877697843
15801.0,2011-08-22 09:53:00,2011-10-24 13:52:00,64,1063.95,16.62421875,30.9231746031746,2.0696452036793693,6168.883428571427,6168.883428571427
15802.0,2011-07-20 11:38:00,2011-07-20 11:38:00,1,451.42,451.42,30.439999999999998,0.0328515111695138,164894.6976,164894.6976
15803.0,2011-10-19 14:56:00,2011-10-19 14:56:00,8,415.82000000000005,51.977500000000006,243.51999999999998,0.0328515111695138,151890.72960000002,151890.72960000002
15804.0,2011-05-25 10:12:00,2011-12-09 12:31:00,262,4206.39,16.05492366412214,40.27919191919192,6.504599211563732,7760.15221818182,7760.15221818182
15805.0,2010-12-10 09:33:00,2011-11-16 16:32:00,301,5528.4800000000005,18.367043189368772,26.869325513196483,11.202365308804204,5922.120746041056,5922.120746041056
15806.0,2011-03-08 09:24:00,2011-10-24 14:35:00,31,784.58,25.309032258064516,4.1027826086956525,7.555847568988173,1246.0494886956521,1246.0494886956521
15807.0,2011-09-23 14:43:00,2011-10-20 14:10:00,48,903.9,18.83125,56.19692307692308,0.8541392904073587,12699.099692307693,12699.099692307693
15808.0,2010-12-05 13:05:00,2011-02-06 14:33:00,208,3734.9700000000003,17.95658653846154,100.50031746031746,2.0696452036793693,21655.71177142857,21655.71177142857
15809.0,2011-02-10 11:16:00,2011-11-03 16:40:00,35,515.77,14.736285714285714,4.005263157894737,8.73850197109067,708.272427067669,708.272427067669
15810.0,2011-02-16 09:11:00,2011-09-22 09:38:00,89,1391.98,15.640224719101123,12.427339449541286,7.1616294349540075,2332.396579816514,2332.396579816514
15811.0,2010-12-09 15:29:00,2011-11-17 15:31:00,133,2218.62,16.681353383458646,11.80326530612245,11.268068331143231,2362.733275801749,2362.733275801749
15812.0,2011-01-26 12:12:00,2011-08-24 14:19:00,41,1801.14,43.930243902439024,5.943047619047619,6.898817345597897,3132.954377142857,3132.954377142857
15813.0,2011-04-14 09:09:00,2011-05-16 08:13:00,40,1303.9099999999999,32.59775,39.277419354838706,1.0183968462549278,15364.26596129032,15364.26596129032
15814.0,2011-10-20 09:04:00,2011-11-23 08:17:00,72,1945.3300000000002,27.018472222222226,66.41454545454545,1.0840998685939554,21533.03461818182,21533.03461818182
15815.0,2011-03-25 08:43:00,2011-10-07 12:42:00,49,2100.6,42.86938775510204,7.61,6.438896189224704,3914.8324897959183,3914.8324897959183
15819.0,2011-03-08 09:45:00,2011-10-21 14:50:00,123,1905.45,15.491463414634147,16.493920704845817,7.457293035479632,3066.179629955948,3066.179629955948
15820.0,2011-01-24 12:00:00,2011-01-24 12:00:00,17,206.98,12.175294117647057,517.48,0.0328515111695138,75605.6544,75605.6544
15821.0,2011-10-09 13:28:00,2011-10-26 15:48:00,62,570.96,9.209032258064516,111.0164705882353,0.5584756898817346,12268.251105882353,12268.251105882353
15822.0,2010-12-15 13:38:00,2011-12-06 14:50:00,33,885.47,26.832424242424242,2.821685393258427,11.695137976346912,908.5519146067415,908.5519146067415
15823.0,2010-12-02 15:08:00,2010-12-02 15:08:00,1,15.0,15.0,30.439999999999998,0.0328515111695138,5479.2,5479.2
15825.0,2011-06-20 13:27:00,2011-06-20 13:27:00,20,532.94,26.647000000000002,608.8,0.0328515111695138,194672.3232,194672.3232
15826.0,2011-05-13 10:44:00,2011-10-14 16:05:00,68,1654.31,24.328088235294118,13.441038961038961,5.059132720105125,3923.937381818182,3923.937381818182
15827.0,2010-12-02 13:06:00,2011-09-27 15:35:00,115,1836.09,15.966,11.707692307692309,9.822601839684625,2243.100184615385,2243.100184615385
15829.0,2011-07-22 10:23:00,2011-09-01 16:45:00,51,636.14,12.473333333333333,37.86439024390244,1.3469119579500657,5667.541931707317,5667.541931707317
15830.0,2011-11-02 10:40:00,2011-11-02 10:40:00,39,576.0,14.76923076923077,1187.1599999999999,0.0328515111695138,210401.27999999997,210401.27999999997
15831.0,2011-01-19 14:52:00,2011-10-12 13:14:00,68,801.76,11.790588235294118,7.8110188679245285,8.705650459921156,1105.158086037736,1105.158086037736
15832.0,2011-03-30 15:29:00,2011-03-30 15:29:00,54,836.79,15.49611111111111,1643.76,0.0328515111695138,305662.65119999996,305662.65119999996
15834.0,2011-03-07 17:52:00,2011-09-30 14:41:00,273,2233.75,8.182234432234432,40.34038834951456,6.767411300919842,3960.8941747572817,3960.8941747572817
15835.0,2011-01-13 10:35:00,2011-10-26 15:47:00,50,954.09,19.0818,5.321678321678322,9.395532194480946,1218.566416783217,1218.566416783217
15836.0,2011-10-20 17:13:00,2011-10-20 17:13:00,10,137.37,13.737,304.4,0.0328515111695138,50178.513600000006,50178.513600000006
15837.0,2011-10-06 09:01:00,2011-10-06 09:01:00,24,391.98,16.3325,730.56,0.0328515111695138,143182.4544,143182.4544
15838.0,2010-12-07 11:26:00,2011-11-28 14:00:00,167,33643.08,201.45556886227547,14.279438202247192,11.695137976346912,34520.06815280899,34520.06815280899
15839.0,2011-07-14 16:35:00,2011-11-06 13:54:00,62,1048.49,16.911129032258064,16.555087719298246,3.7450722733245727,3359.582694736842,3359.582694736842
15840.0,2011-06-20 11:42:00,2011-10-12 09:08:00,27,355.56,13.168888888888889,7.273274336283186,3.712220762155059,1149.3712991150442,1149.3712991150442
15841.0,2011-01-05 11:25:00,2011-09-28 12:15:00,47,1224.06,26.043829787234042,5.378496240601503,8.73850197109067,1680.919687218045,1680.919687218045
15843.0,2011-02-09 10:19:00,2011-02-09 10:19:00,8,118.95,14.86875,243.51999999999998,0.0328515111695138,43450.056,43450.056
15844.0,2011-10-24 15:19:00,2011-10-24 15:19:00,11,130.73999999999998,11.885454545454543,334.84,0.0328515111695138,47756.70719999999,47756.70719999999
15845.0,2011-01-06 17:19:00,2011-11-22 09:42:00,138,3711.77,26.896884057971015,13.168401253918496,10.4796320630749,4250.267541065831,4250.267541065831
15847.0,2011-02-24 16:46:00,2011-11-01 14:41:00,22,389.27,17.694090909090907,2.6894779116465863,8.180026281208935,571.0544,571.0544
15850.0,2011-06-24 14:16:00,2011-11-20 14:14:00,97,238.85,2.4623711340206187,19.95054054054054,4.862023653088042,589.5076216216216,589.5076216216216
15852.0,2011-05-26 13:26:00,2011-06-06 11:22:00,22,160.71,7.305000000000001,66.968,0.328515111695138,5870.41488,5870.41488
15853.0,2011-10-19 10:38:00,2011-10-19 10:38:00,30,110.8,3.6933333333333334,913.1999999999999,0.0328515111695138,40473.024,40473.024
15854.0,2010-12-13 11:47:00,2011-12-05 13:39:00,140,2974.65,21.247500000000002,11.937254901960786,11.727989487516425,3043.641882352942,3043.641882352942
15855.0,2011-03-21 12:32:00,2011-07-26 10:20:00,80,712.24,8.903,19.326984126984126,4.139290407358739,2064.817676190476,2064.817676190476
15856.0,2010-12-09 13:34:00,2011-12-05 17:09:00,645,16387.57,25.40708527131783,54.38725761772854,11.85939553219448,16581.860303601108,16581.860303601108
15857.0,2011-11-21 12:18:00,2011-11-21 12:18:00,14,297.0,21.214285714285715,426.15999999999997,0.0328515111695138,108488.16,108488.16
15858.0,2010-12-07 14:31:00,2011-11-24 12:48:00,191,1438.85,7.533246073298429,16.564216524216526,11.530880420499342,1497.387829059829,1497.387829059829
15860.0,2010-12-06 11:38:00,2011-10-30 11:25:00,142,977.21,6.881760563380282,13.218593272171255,10.74244415243101,1091.6063266055048,1091.6063266055048
15861.0,2011-03-17 20:12:00,2011-11-27 15:59:00,546,3165.36,5.797362637362638,65.4340157480315,8.344283837056505,4552.136617322835,4552.136617322835
15862.0,2010-12-01 11:21:00,2011-12-01 13:28:00,147,832.88,5.665850340136054,12.259397260273975,11.990801576872535,833.5189216438357,833.5189216438357
15863.0,2011-05-31 11:36:00,2011-11-14 12:49:00,18,68.84,3.8244444444444445,3.2809580838323353,5.486202365308804,150.57410299401198,150.57410299401198
15864.0,2011-01-27 16:43:00,2011-11-17 13:32:00,20,1936.32,96.816,2.077815699658703,9.625492772667542,2413.989657337884,2413.989657337884
15865.0,2011-05-10 11:44:00,2011-10-30 12:43:00,40,895.13,22.37825,7.0381502890173415,5.683311432325887,1890.017840462428,1890.017840462428
15866.0,2011-08-30 14:09:00,2011-08-30 14:09:00,45,230.53,5.122888888888889,1369.8,0.0328515111695138,84207.9984,84207.9984
15867.0,2010-12-05 14:17:00,2011-12-04 13:32:00,461,3812.64,8.270368763557483,38.657961432506895,11.925098554533507,3836.587160330579,3836.587160330579
15869.0,2011-03-07 17:19:00,2011-03-07 17:23:00,15,149.64,9.975999999999999,456.59999999999997,0.0328515111695138,54660.49919999999,54660.49919999999
15870.0,2011-11-07 10:58:00,2011-11-07 10:58:00,76,354.09000000000003,4.659078947368421,2313.44,0.0328515111695138,129341.9952,129341.9952
15872.0,2011-11-25 11:54:00,2011-11-25 11:55:00,128,360.93,2.819765625,3896.3199999999997,0.0328515111695138,131840.5104,131840.5104
15874.0,2011-02-28 13:28:00,2011-10-07 12:31:00,120,4405.88,36.71566666666667,16.603636363636365,7.227332457293035,7315.362938181819,7315.362938181819
15877.0,2011-11-22 11:18:00,2011-12-08 11:53:00,129,493.28,3.823875968992248,245.42249999999999,0.5256241787122208,11261.5824,11261.5824
15880.0,2010-12-05 13:00:00,2010-12-05 13:00:00,105,343.28,3.269333333333333,3196.2,0.0328515111695138,125393.31839999997,125393.31839999997
15881.0,2010-12-10 13:32:00,2011-01-31 16:59:00,29,501.39,17.289310344827587,16.976153846153846,1.7082785808147174,3522.071907692308,3522.071907692308
15882.0,2010-12-06 13:01:00,2011-05-25 11:35:00,23,516.36,22.450434782608696,4.1427218934911245,5.551905387647832,1116.0708923076925,1116.0708923076925
15883.0,2011-11-06 14:50:00,2011-12-07 17:05:00,49,396.48,8.091428571428573,48.114838709677414,1.0183968462549278,4671.8133677419355,4671.8133677419355
15885.0,2011-02-03 15:28:00,2011-09-08 10:43:00,18,379.35,21.075000000000003,2.5366666666666666,7.09592641261498,641.5230000000001,641.5230000000001
15886.0,2011-10-10 14:25:00,2011-10-10 14:25:00,12,181.09,15.090833333333334,365.28,0.0328515111695138,66148.5552,66148.5552
15888.0,2011-09-20 12:30:00,2011-09-20 12:30:00,12,168.31,14.025833333333333,365.28,0.0328515111695138,61480.27679999999,61480.27679999999
15889.0,2010-12-05 15:12:00,2011-07-06 11:10:00,93,446.87,4.80505376344086,13.353396226415095,6.964520367936925,769.965441509434,769.965441509434
15891.0,2011-04-27 12:35:00,2011-04-27 12:35:00,62,524.52,8.459999999999999,1887.28,0.0328515111695138,191596.66559999998,191596.66559999998
15894.0,2010-12-05 14:06:00,2011-03-31 13:50:00,41,263.55,6.4280487804878055,10.852521739130436,3.7779237844940865,837.1264695652176,837.1264695652176
15895.0,2011-07-13 10:27:00,2011-07-13 10:27:00,11,179.17,16.288181818181815,334.84,0.0328515111695138,65447.21759999999,65447.21759999999
15897.0,2011-05-29 13:32:00,2011-05-29 13:50:00,24,222.05,9.252083333333333,730.56,0.0328515111695138,81110.424,81110.424
15898.0,2010-12-06 11:01:00,2011-12-08 15:23:00,86,1388.88,16.149767441860465,7.13307901907357,12.056504599211562,1382.3708076294279,1382.3708076294279
15899.0,2010-12-06 10:36:00,2010-12-06 10:36:00,4,56.25,14.0625,121.75999999999999,0.0328515111695138,20546.999999999996,20546.999999999996
15900.0,2011-11-16 12:19:00,2011-11-16 12:19:00,51,351.11,6.884509803921569,1552.44,0.0328515111695138,128253.46080000002,128253.46080000002
15901.0,2011-07-08 12:18:00,2011-11-23 12:43:00,116,363.88,3.136896551724138,25.587246376811592,4.533508541392904,963.1745391304348,963.1745391304348
15903.0,2011-02-17 14:04:00,2011-11-30 08:08:00,74,5126.76,69.28054054054054,7.903719298245615,9.362680683311432,6570.887343157896,6570.887343157896
15904.0,2011-12-01 14:50:00,2011-12-01 14:50:00,30,164.68,5.489333333333334,913.1999999999999,0.0328515111695138,60154.3104,60154.3104
15906.0,2011-03-29 13:28:00,2011-11-20 12:24:00,150,1567.69,10.451266666666667,19.429787234042553,7.720105124835742,2436.7906519148937,2436.7906519148937
15907.0,2011-05-13 13:01:00,2011-12-06 12:21:00,249,967.45,3.8853413654618474,36.79398058252427,6.767411300919842,1715.4860970873783,1715.4860970873783
15909.0,2011-06-19 10:38:00,2011-06-19 10:38:00,7,191.94,27.419999999999998,213.07999999999998,0.0328515111695138,70111.84319999999,70111.84319999999
15910.0,2011-01-27 11:55:00,2011-12-09 10:51:00,267,1232.18,4.614906367041199,25.80152380952381,10.348226018396845,1428.8593980952382,1428.8593980952382
15912.0,2011-04-20 17:10:00,2011-06-14 14:29:00,19,264.62,13.927368421052632,10.71037037037037,1.773981603153745,1790.007288888889,1790.007288888889
15916.0,2010-12-08 13:07:00,2011-11-23 13:46:00,155,1528.09,9.858645161290323,13.480571428571428,11.498028909329829,1594.8020434285716,1594.8020434285716
15917.0,2011-04-06 10:40:00,2011-04-06 10:40:00,12,123.1,10.258333333333333,365.28,0.0328515111695138,44965.96799999999,44965.96799999999
15918.0,2011-03-13 15:55:00,2011-06-02 11:42:00,40,334.23,8.35575,15.22,2.628120893561104,1526.09418,1526.09418
15919.0,2010-12-06 11:26:00,2011-11-20 11:28:00,143,639.89,4.4747552447552446,12.472550143266476,11.465177398160314,669.7393100286533,669.7393100286533
15920.0,2011-07-08 15:16:00,2011-07-08 15:31:00,60,167.5,2.7916666666666665,1826.3999999999999,0.0328515111695138,61184.39999999999,61184.39999999999
15921.0,2011-06-20 11:03:00,2011-06-20 11:03:00,25,336.03000000000003,13.441200000000002,761.0,0.0328515111695138,122745.03840000002,122745.03840000002
15922.0,2010-12-01 13:51:00,2010-12-01 13:51:00,11,369.5,33.59090909090909,334.84,0.0328515111695138,134970.96,134970.96
15923.0,2010-12-02 12:16:00,2010-12-02 12:16:00,21,127.08,6.051428571428572,639.24,0.0328515111695138,46419.7824,46419.7824
15925.0,2011-05-29 15:35:00,2011-05-29 15:35:00,12,207.15,17.2625,365.28,0.0328515111695138,75667.75199999998,75667.75199999998
15930.0,2011-10-03 14:52:00,2011-10-03 14:52:00,21,426.63,20.315714285714286,639.24,0.0328515111695138,155839.4064,155839.4064
15932.0,2011-02-23 14:50:00,2011-12-05 17:13:00,115,2495.87,21.703217391304346,12.282807017543862,9.362680683311432,3198.917170526316,3198.917170526316
15933.0,2011-09-14 12:05:00,2011-11-18 13:14:00,74,1107.46,14.965675675675676,34.65476923076923,2.135348226018397,6223.584443076923,6223.584443076923
15935.0,2011-04-12 09:35:00,2011-04-14 13:27:00,12,416.86,34.73833333333334,182.64,0.0657030223390276,76135.3104,76135.3104
15937.0,2011-10-06 15:48:00,2011-10-06 15:48:00,7,145.35000000000002,20.764285714285716,213.07999999999998,0.0328515111695138,53093.448,53093.448
15938.0,2011-01-20 10:11:00,2011-08-19 12:56:00,18,404.58000000000004,22.47666666666667,2.596777251184834,6.931668856767411,700.4027601895735,700.4027601895735
15939.0,2011-01-12 12:43:00,2011-09-11 11:30:00,76,6115.01,80.46065789473684,9.599336099585063,7.917214191852825,9268.426775103735,9268.426775103735
15940.0,2011-02-01 16:18:00,2011-02-01 16:18:00,1,35.8,35.8,30.439999999999998,0.0328515111695138,13077.023999999998,13077.023999999998
15942.0,2011-07-29 09:01:00,2011-07-29 09:01:00,14,337.44,24.102857142857143,426.15999999999997,0.0328515111695138,123260.0832,123260.0832
15944.0,2011-03-08 10:33:00,2011-03-08 10:33:00,6,325.1,54.18333333333334,182.64,0.0328515111695138,118752.52799999999,118752.52799999999
15945.0,2010-12-09 13:14:00,2010-12-09 13:14:00,2,181.0,90.5,60.879999999999995,0.0328515111695138,66115.68,66115.68
15947.0,2011-09-18 10:46:00,2011-09-18 10:46:00,29,1708.24,58.9048275862069,882.76,0.0328515111695138,623985.9072,535875.9878400022
15948.0,2011-10-27 08:35:00,2011-12-01 15:32:00,60,955.24,15.920666666666667,52.182857142857145,1.149802890932983,9969.430491428573,9969.430491428573
15949.0,2011-09-29 17:34:00,2011-11-23 09:09:00,19,364.72,19.19578947368421,10.71037037037037,1.773981603153745,2467.1281777777776,2467.1281777777776
15950.0,2010-12-15 11:56:00,2011-11-08 11:09:00,98,1765.51,18.015408163265306,9.122691131498472,10.74244415243101,1972.188051376147,1972.188051376147
15951.0,2011-02-27 11:57:00,2011-12-01 08:34:00,41,708.22,17.273658536585366,4.521884057971015,9.067017082785808,937.3137739130436,937.3137739130436
15952.0,2011-04-28 12:55:00,2011-11-06 11:18:00,91,806.57,8.863406593406594,14.50282722513089,6.274638633377135,1542.5334534031413,1542.5334534031413
15953.0,2010-12-05 15:15:00,2011-11-24 15:32:00,98,1659.3799999999999,16.932448979591836,8.426892655367231,11.629434954007884,1712.2551593220337,1712.2551593220337
15955.0,2010-12-02 11:22:00,2011-11-15 14:15:00,183,4416.26,24.13256830601093,16.007241379310344,11.432325886990801,4635.550151724137,4635.550151724137
15957.0,2011-11-08 12:14:00,2011-11-08 12:14:00,42,428.89,10.211666666666666,1278.48,0.0328515111695138,156664.9392,156664.9392
15958.0,2011-09-26 13:41:00,2011-09-26 13:41:00,7,104.35,14.907142857142857,213.07999999999998,0.0328515111695138,38116.96799999999,38116.96799999999
15963.0,2011-10-25 13:05:00,2011-11-20 11:33:00,28,470.76,16.812857142857144,34.092800000000004,0.8212877792378449,6878.368512000001,6878.368512000001
15965.0,2010-12-07 13:18:00,2011-11-22 16:44:00,122,845.64,6.931475409836065,10.610514285714286,11.498028909329829,882.5582262857142,882.5582262857142
15967.0,2011-01-25 11:57:00,2011-11-16 15:41:00,84,418.83,4.986071428571428,8.667661016949154,9.69119579500657,518.6109233898305,518.6109233898305
15969.0,2011-06-07 12:19:00,2011-12-07 11:06:00,20,666.1,33.305,3.345054945054945,5.978975032851511,1336.8846593406595,1336.8846593406595
15970.0,2011-02-09 12:08:00,2011-02-09 12:08:00,11,314.09999999999997,28.55454545454545,334.84,0.0328515111695138,114734.44799999997,114734.44799999997
15971.0,2011-02-01 16:47:00,2011-11-22 12:50:00,35,4199.85,119.9957142857143,3.636177474402731,9.625492772667542,5235.908559726964,5235.908559726964
15973.0,2010-12-08 11:42:00,2010-12-08 11:42:00,4,307.82000000000005,76.95500000000001,121.75999999999999,0.0328515111695138,112440.4896,112440.4896
15974.0,2011-02-24 10:10:00,2011-10-31 13:13:00,176,3442.15,19.557670454545455,21.51582329317269,8.180026281208935,5049.592578313253,5049.592578313253
15975.0,2011-09-16 13:33:00,2011-09-16 13:33:00,24,371.01,15.45875,730.56,0.0328515111695138,135522.5328,135522.5328
15976.0,2011-05-03 17:12:00,2011-06-27 13:00:00,98,430.94,4.39734693877551,55.24296296296296,1.773981603153745,2915.069688888889,2915.069688888889
15977.0,2011-10-31 16:24:00,2011-11-22 13:29:00,65,1054.73,16.226615384615386,94.21904761904761,0.6898817345597897,18346.274971428575,18346.274971428575
15978.0,2011-09-23 15:21:00,2011-09-23 15:21:00,49,1098.78,22.42408163265306,1491.56,0.0328515111695138,401362.3584,401362.3584
15980.0,2011-03-30 15:05:00,2011-09-12 09:41:00,43,2398.86,55.78744186046512,7.932848484848485,5.4204993429697765,5310.639883636364,5310.639883636364
15981.0,2011-02-01 13:50:00,2011-11-15 08:00:00,97,3408.48,35.13896907216495,10.324055944055944,9.395532194480946,4353.32019020979,4353.32019020979
15983.0,2010-12-01 12:15:00,2011-11-17 17:34:00,113,1475.02,13.053274336283186,9.799772079772081,11.530880420499342,1535.0293606837608,1535.0293606837608
15984.0,2010-12-06 13:21:00,2011-12-07 12:16:00,270,2837.67,10.50988888888889,22.517260273972607,11.990801576872535,2839.8468427397265,2839.8468427397265
15985.0,2011-04-17 11:04:00,2011-08-08 16:31:00,37,1142.42,30.876216216216218,9.9670796460177,3.712220762155059,3692.9484743362837,3692.9484743362837
15986.0,2011-11-09 15:17:00,2011-11-09 15:17:00,14,168.12,12.008571428571429,426.15999999999997,0.0328515111695138,61410.8736,61410.8736
15987.0,2010-12-06 08:34:00,2011-11-27 15:38:00,140,1451.28,10.366285714285715,11.970786516853932,11.695137976346912,1489.1111191011237,1489.1111191011237
15988.0,2011-11-20 13:23:00,2011-11-20 13:23:00,27,158.03,5.852962962962963,821.88,0.0328515111695138,57725.19840000001,57725.19840000001
15990.0,2011-02-25 15:35:00,2011-10-26 15:58:00,52,792.11,15.232884615384616,6.513909465020577,7.982917214191852,1190.7075753086422,1190.7075753086422
15992.0,2011-12-06 11:00:00,2011-12-06 11:00:00,3,41.989999999999995,13.996666666666664,91.32,0.0328515111695138,15338.107199999999,15338.107199999999
15993.0,2011-10-26 16:21:00,2011-12-01 10:45:00,552,2797.57,5.068061594202899,480.0822857142857,1.149802890932983,29197.039131428573,29197.039131428573
15994.0,2011-10-16 12:28:00,2011-10-16 12:28:00,35,427.07,12.202,1065.3999999999999,0.0328515111695138,156000.1296,156000.1296
15996.0,2010-12-08 15:59:00,2011-09-12 15:14:00,130,1060.68,8.159076923076924,14.285920577617329,9.099868593955321,1398.7190989169676,1398.7190989169676
15998.0,2010-12-12 13:32:00,2011-11-03 12:45:00,506,3089.97,6.106660079051383,47.392738461538464,10.676741130091983,3472.936128,3472.936128
16000.0,2011-12-07 12:14:00,2011-12-07 12:17:00,9,12393.7,1377.0777777777778,273.96,0.0328515111695138,4527170.736,535875.9878400022
16003.0,2010-12-15 12:09:00,2011-11-10 09:57:00,103,2735.37,26.556990291262135,9.52984802431611,10.808147174770038,3037.0089775075985,3037.0089775075985
16005.0,2011-03-14 11:46:00,2011-11-27 13:47:00,218,615.39,2.822889908256881,25.72062015503876,8.47568988173456,871.2777488372094,871.2777488372094
16006.0,2011-05-12 13:12:00,2011-05-12 13:12:00,8,101.4,12.675,243.51999999999998,0.0328515111695138,37039.392,37039.392
16007.0,2011-05-08 13:32:00,2011-10-23 11:05:00,385,1701.94,4.420623376623377,70.17604790419162,5.486202365308804,3722.6625341317367,3722.6625341317367
16008.0,2011-05-19 10:54:00,2011-11-16 10:32:00,33,478.78,14.508484848484848,5.580666666666667,5.913272010512483,971.6042133333333,971.6042133333333
16009.0,2011-07-03 11:26:00,2011-11-17 16:51:00,90,992.71,11.030111111111111,19.997080291970804,4.50065703022339,2646.8402102189784,2646.8402102189784
16010.0,2010-12-12 12:18:00,2011-04-08 10:14:00,86,407.5,4.738372093023256,22.567586206896554,3.8107752956636003,1283.2034482758622,1283.2034482758622
16011.0,2010-12-08 16:34:00,2011-12-01 16:31:00,212,3362.71,15.86183962264151,18.076414565826333,11.727989487516425,3440.7022655462188,3440.7022655462188
16012.0,2011-07-07 18:02:00,2011-11-04 13:25:00,94,1415.29,15.05627659574468,24.045042016806725,3.9093298291721417,4344.345640336134,4344.345640336134
16013.0,2010-12-03 13:09:00,2011-12-06 10:36:00,139,37130.6,267.126618705036,11.529046321525886,12.056504599211562,36956.58192915532,36956.58192915532
16014.0,2011-02-21 17:42:00,2011-11-02 12:04:00,145,662.38,4.5681379310344825,17.445849802371544,8.31143232588699,956.3405786561266,956.3405786561266
16015.0,2011-10-21 12:56:00,2011-12-06 10:58:00,182,705.39,3.875769230769231,123.11288888888889,1.4783180026281209,5725.88576,5725.88576
16016.0,2010-12-08 12:36:00,2011-12-06 14:35:00,235,1508.76,6.420255319148936,19.706336088154274,11.925098554533507,1518.2365090909093,1518.2365090909093
16017.0,2011-10-23 12:56:00,2011-10-23 12:56:00,32,211.88,6.62125,974.0799999999999,0.0328515111695138,77395.52639999999,77395.52639999999
16018.0,2011-06-12 13:52:00,2011-10-31 14:13:00,28,408.9,14.603571428571428,6.044822695035461,4.6320630749014455,1059.312,1059.312
16019.0,2010-12-10 12:29:00,2011-10-24 11:51:00,160,3786.24,23.663999999999998,15.364037854889592,10.413929040735873,4362.895101577287,4362.895101577287
16020.0,2011-10-05 13:54:00,2011-11-23 11:18:00,46,851.01,18.500217391304346,29.171666666666667,1.5768725361366622,6476.186099999999,6476.186099999999
16022.0,2011-03-24 13:16:00,2011-03-24 13:16:00,76,628.28,8.266842105263157,2313.44,0.0328515111695138,229498.11839999998,229498.11839999998
16023.0,2011-03-18 13:32:00,2011-10-24 16:34:00,101,719.81,7.126831683168317,13.974727272727273,7.227332457293035,1195.146349090909,1195.146349090909
16024.0,2011-11-27 13:26:00,2011-11-27 13:26:00,64,251.24,3.925625,1948.1599999999999,0.0328515111695138,91772.9472,91772.9472
16025.0,2011-11-10 11:45:00,2011-11-10 11:45:00,28,439.65999999999997,15.702142857142857,852.3199999999999,0.0328515111695138,160599.0048,160599.0048
16026.0,2011-10-27 13:53:00,2011-10-27 13:53:00,32,236.09,7.3778125,974.0799999999999,0.0328515111695138,86238.9552,86238.9552
16027.0,2011-02-10 12:19:00,2011-09-09 10:47:00,16,934.62,58.41375,2.3192380952380955,6.898817345597897,1625.704731428572,1625.704731428572
16029.0,2010-12-01 09:57:00,2011-11-01 10:27:00,242,81024.84,334.813388429752,21.989492537313435,11.005256241787121,88348.51807522387,88348.51807522387
16030.0,2011-02-03 11:28:00,2011-02-03 11:28:00,29,331.24,11.422068965517242,882.76,0.0328515111695138,120995.34720000002,120995.34720000002
16031.0,2011-04-06 14:23:00,2011-09-08 13:07:00,100,548.94,5.489400000000001,19.766233766233768,5.059132720105125,1302.0571636363638,1302.0571636363638
16033.0,2010-12-05 10:36:00,2011-12-04 12:44:00,1137,8816.4,7.754089709762533,95.08318681318681,11.957950065703022,8847.402725274726,8847.402725274726
16034.0,2011-01-11 11:54:00,2011-05-27 16:17:00,22,437.70000000000005,19.895454545454548,4.924117647058823,4.467805519053877,1175.610705882353,1175.610705882353
16036.0,2011-03-21 13:01:00,2011-09-13 14:53:00,55,758.9200000000001,13.798545454545456,9.512500000000001,5.781865965834428,1575.1039636363641,1575.1039636363641
16037.0,2010-12-16 10:18:00,2011-03-15 09:13:00,39,855.02,21.923589743589744,13.490454545454545,2.890932982917214,3549.1102909090914,3549.1102909090914
16038.0,2011-05-22 11:29:00,2011-12-02 12:40:00,26,471.78,18.145384615384614,4.07958762886598,6.3731931668856765,888.3082391752578,888.3082391752578
16040.0,2011-03-16 09:58:00,2011-10-05 13:47:00,65,1313.55,20.20846153846154,9.74679802955665,6.668856767411301,2363.6135172413797,2363.6135172413797
16041.0,2011-07-21 16:27:00,2011-11-09 12:25:00,6,3166.4,527.7333333333333,1.6603636363636365,3.6136662286465175,10514.750836363637,10514.750836363637
16042.0,2011-01-11 13:25:00,2011-11-17 17:50:00,71,1197.27,16.862957746478873,6.9717419354838706,10.183968462549277,1410.7702761290323,1410.7702761290323
16043.0,2011-01-26 11:14:00,2011-11-02 12:50:00,39,773.99,19.845897435897434,4.239857142857143,9.198423127463863,1009.7252399999999,1009.7252399999999
16045.0,2011-02-22 14:55:00,2011-08-12 12:41:00,83,1340.7,16.15301204819277,14.861882352941176,5.5847568988173455,2880.769976470588,2880.769976470588
16048.0,2010-12-01 15:27:00,2010-12-01 15:28:00,8,256.44,32.055,243.51999999999998,0.0328515111695138,93672.4032,93672.4032
16049.0,2011-09-25 14:33:00,2011-10-30 13:19:00,312,1111.79,3.563429487179487,279.33176470588234,1.1169513797634691,11944.548564705881,11944.548564705881
16050.0,2011-06-19 11:44:00,2011-06-19 11:44:00,10,137.9,13.790000000000001,304.4,0.0328515111695138,50372.11200000001,50372.11200000001
16052.0,2011-10-16 15:13:00,2011-10-16 15:13:00,34,362.06,10.648823529411764,1034.96,0.0328515111695138,132253.2768,132253.2768
16053.0,2011-08-09 14:57:00,2011-11-07 11:21:00,84,1511.95,17.999404761904763,28.729887640449437,2.923784494086728,6205.450516853933,6205.450516853933
16054.0,2011-07-17 13:08:00,2011-07-17 13:08:00,70,783.9,11.198571428571428,2130.7999999999997,0.0328515111695138,286342.99199999997,286342.99199999997
16055.0,2011-05-03 09:26:00,2011-05-03 09:26:00,8,134.8,16.85,243.51999999999998,0.0328515111695138,49239.744,49239.744
16056.0,2011-10-25 15:19:00,2011-10-25 15:19:00,68,664.85,9.777205882352941,2069.92,0.0328515111695138,242856.408,242856.408
16057.0,2011-02-28 10:35:00,2011-11-23 15:23:00,121,2263.12,18.703471074380165,13.743432835820895,8.804204993429698,3084.598782089552,3084.598782089552
16059.0,2010-12-07 10:36:00,2011-10-05 09:56:00,180,1459.8600000000001,8.110333333333333,18.203322259136215,9.888304862023652,1771.6201355481728,1771.6201355481728
16062.0,2010-12-10 12:00:00,2011-11-30 12:15:00,64,1153.62,18.0253125,5.487774647887324,11.662286465177397,1187.0262354929578,1187.0262354929578
16063.0,2011-03-24 14:55:00,2011-03-24 14:56:00,23,335.32,14.57913043478261,700.12,0.0328515111695138,122485.68960000001,122485.68960000001
16065.0,2010-12-09 13:03:00,2010-12-09 13:03:00,74,372.09,5.028243243243243,2252.56,0.0328515111695138,135917.03519999998,135917.03519999998
16066.0,2011-08-07 14:33:00,2011-11-23 11:54:00,102,1521.87,14.920294117647058,29.017570093457945,3.515111695137976,5195.408164485982,5195.408164485982
16070.0,2011-11-07 16:36:00,2011-11-17 15:50:00,33,852.15,25.82272727272727,111.61333333333333,0.2956636005256242,34585.92799999999,34585.92799999999
16071.0,2011-10-26 11:14:00,2011-10-26 11:14:00,21,326.24,15.535238095238096,639.24,0.0328515111695138,119168.9472,119168.9472
16072.0,2011-02-24 14:32:00,2011-02-24 14:32:00,23,584.3199999999999,25.405217391304344,700.12,0.0328515111695138,213440.40959999998,213440.40959999998
16073.0,2011-02-15 15:41:00,2011-02-15 15:41:00,1,122.4,122.4,30.439999999999998,0.0328515111695138,44710.272,44710.272
16076.0,2011-05-15 12:31:00,2011-12-06 14:59:00,129,2234.73,17.323488372093024,19.154926829268295,6.734559789750328,3981.961826341464,3981.961826341464
16078.0,2011-03-01 09:47:00,2011-03-01 09:47:00,1,79.2,79.2,30.439999999999998,0.0328515111695138,28930.176,28930.176
16079.0,2011-10-30 13:06:00,2011-11-23 12:48:00,21,1352.0,64.38095238095238,27.79304347826087,0.7555847568988173,21472.111304347825,21472.111304347825
16080.0,2011-03-10 14:44:00,2011-09-19 10:42:00,10,217.16,21.716,1.5854166666666667,6.307490144546649,413.14689999999996,413.14689999999996
16081.0,2010-12-08 11:16:00,2011-10-14 13:06:00,227,2806.9,12.365198237885464,22.289935483870966,10.183968462549277,3307.4336516129033,3307.4336516129033
16083.0,2010-12-14 11:51:00,2011-08-31 10:47:00,31,1317.62,42.50387096774193,3.6433976833976836,8.508541392904073,1858.30206023166,1858.30206023166
16084.0,2011-02-13 16:05:00,2011-02-13 16:05:00,38,436.18,11.47842105263158,1156.72,0.0328515111695138,159327.83040000004,159327.83040000004
16085.0,2011-01-23 12:07:00,2011-11-16 13:24:00,167,981.51,5.877305389221557,17.116094276094277,9.756898817345597,1207.1581575757575,1207.1581575757575
16086.0,2010-12-07 13:45:00,2011-10-11 13:09:00,39,1121.39,28.753589743589746,3.8669706840390883,10.085413929040735,1334.2714631921826,1334.2714631921826
16091.0,2011-05-25 09:18:00,2011-07-08 08:45:00,18,315.06,17.503333333333334,12.742325581395349,1.4126149802890933,2676.398065116279,2676.398065116279
16092.0,2011-03-30 15:38:00,2011-08-17 10:46:00,51,817.86,16.036470588235293,11.16863309352518,4.566360052562418,2149.2654733812947,2149.2654733812947
16093.0,2011-08-25 11:09:00,2011-08-25 11:09:00,1,17.0,17.0,30.439999999999998,0.0328515111695138,6209.76,6209.76
16094.0,2011-05-04 13:57:00,2011-11-28 12:45:00,63,1078.23,17.114761904761906,9.264347826086958,6.800262812089356,1902.6852869565223,1902.6852869565223
16096.0,2011-03-20 13:38:00,2011-03-20 13:38:00,12,320.62,26.718333333333334,365.28,0.0328515111695138,117116.0736,117116.0736
16097.0,2011-04-13 13:47:00,2011-04-13 13:47:00,10,185.04999999999998,18.505,304.4,0.0328515111695138,67595.064,67595.064
16098.0,2010-12-01 09:45:00,2011-09-13 09:59:00,67,2005.63,29.934776119402986,7.1310489510489505,9.395532194480946,2561.596246153846,2561.596246153846
16099.0,2011-04-28 08:34:00,2011-10-20 13:13:00,39,731.9,18.766666666666666,6.783771428571429,5.7490144546649145,1527.7053257142857,1527.7053257142857
16101.0,2011-09-30 10:18:00,2011-09-30 10:18:00,76,1290.7,16.982894736842105,2313.44,0.0328515111695138,471466.89600000007,471466.89600000007
16102.0,2011-08-03 12:50:00,2011-10-28 13:19:00,57,1842.14,32.31824561403509,20.175348837209302,2.8252299605781865,7824.382548837211,7824.382548837211
16103.0,2011-04-20 12:28:00,2011-12-02 14:16:00,48,1429.64,29.784166666666668,6.465132743362832,7.424441524310118,2310.7030938053103,2310.7030938053103
16104.0,2011-10-09 10:23:00,2011-10-09 10:23:00,29,302.36,10.426206896551724,882.76,0.0328515111695138,110446.0608,110446.0608
16105.0,2011-04-05 10:13:00,2011-04-05 10:13:00,13,336.96,25.919999999999998,395.71999999999997,0.0328515111695138,123084.74879999999,123084.74879999999
16106.0,2011-10-05 10:37:00,2011-10-05 10:37:00,6,108.38,18.063333333333333,182.64,0.0328515111695138,39589.04639999999,39589.04639999999
16107.0,2011-06-09 18:42:00,2011-11-22 09:40:00,31,3204.1600000000003,103.36000000000001,5.719030303030303,5.4204993429697765,7093.4276654545465,7093.4276654545465
16108.0,2011-09-16 11:48:00,2011-09-16 11:48:00,48,842.5,17.552083333333332,1461.12,0.0328515111695138,307748.39999999997,307748.39999999997
16109.0,2011-02-04 12:37:00,2011-05-05 09:17:00,18,611.88,33.99333333333333,6.156404494382023,2.923784494086728,2511.3205213483147,2511.3205213483147
16110.0,2011-02-01 14:01:00,2011-10-25 14:35:00,354,1337.48,3.77819209039548,40.510375939849624,8.73850197109067,1836.6717834586466,1836.6717834586466
16112.0,2011-01-05 11:47:00,2011-07-19 14:28:00,16,195.74,12.23375,2.4976410256410255,6.40604467805519,366.66619076923075,366.66619076923075
16113.0,2011-06-09 16:16:00,2011-06-09 16:16:00,30,161.38,5.379333333333333,913.1999999999999,0.0328515111695138,58948.886399999996,58948.886399999996
16114.0,2011-06-22 10:13:00,2011-06-22 10:13:00,8,135.75000000000003,16.968750000000004,243.51999999999998,0.0328515111695138,49586.76000000001,49586.76000000001
16115.0,2011-02-20 12:14:00,2011-11-30 11:32:00,284,1667.97,5.873133802816901,30.655886524822694,9.264126149802891,2160.553480851064,2160.553480851064
16116.0,2011-05-12 12:01:00,2011-05-12 12:01:00,34,612.78,18.02294117647059,1034.96,0.0328515111695138,223836.2784,223836.2784
16117.0,2011-06-03 11:42:00,2011-06-03 11:42:00,30,232.21,7.740333333333334,913.1999999999999,0.0328515111695138,84821.6688,84821.6688
16119.0,2011-09-28 10:15:00,2011-12-01 15:11:00,16,423.36,26.46,7.609999999999999,2.102496714848883,2416.3272,2416.3272
16120.0,2011-10-11 14:10:00,2011-10-11 14:22:00,30,1309.14,43.638000000000005,913.1999999999999,0.0328515111695138,478202.65920000005,478202.65920000005
16121.0,2011-05-08 11:52:00,2011-10-13 12:59:00,212,867.11,4.090141509433963,40.84354430379747,5.19053876478318,2004.6705113924054,2004.6705113924054
16122.0,2010-12-08 11:41:00,2011-09-27 15:34:00,38,684.42,18.011052631578945,3.947849829351536,9.625492772667542,853.2591726962456,853.2591726962456
16123.0,2011-10-19 09:18:00,2011-10-19 09:18:00,16,307.78000000000003,19.236250000000002,487.03999999999996,0.0328515111695138,112425.87840000002,112425.87840000002
16124.0,2011-01-26 14:45:00,2011-01-26 14:45:00,11,249.0,22.636363636363637,334.84,0.0328515111695138,90954.72,90954.72
16125.0,2010-12-07 15:48:00,2010-12-07 15:48:00,13,289.35,22.25769230769231,395.71999999999997,0.0328515111695138,105693.76800000001,105693.76800000001
16126.0,2011-02-16 11:18:00,2011-11-10 16:03:00,117,6287.77,53.741623931623934,13.338876404494384,8.771353482260183,8602.23455280899,8602.23455280899
16127.0,2011-10-31 13:58:00,2011-10-31 13:58:00,40,656.25,16.40625,1217.6,0.0328515111695138,239715.0,239715.0
16128.0,2011-03-02 12:21:00,2011-11-22 11:14:00,89,1880.22,21.126067415730336,10.261969696969697,8.672798948751643,2601.5407636363634,2601.5407636363634
16131.0,2011-04-14 08:32:00,2011-10-19 11:53:00,78,3506.54,44.95564102564102,12.62936170212766,6.176084099868594,6813.132612765958,6813.132612765958
16133.0,2011-01-25 15:55:00,2011-12-06 11:24:00,338,14589.04,43.16284023668639,32.76662420382166,10.315374507227332,16971.60678726115,16971.60678726115
16134.0,2010-12-15 14:00:00,2011-11-18 10:05:00,35,618.09,17.659714285714287,3.161424332344214,11.070959264126149,669.9582053412464,669.9582053412464
16135.0,2011-03-22 12:30:00,2011-03-22 12:30:00,21,517.55,24.645238095238092,639.24,0.0328515111695138,189050.664,189050.664
16136.0,2011-03-07 09:52:00,2011-10-11 09:10:00,37,709.38,19.172432432432434,5.190230414746544,7.128777923784494,1194.1121032258065,1194.1121032258065
16139.0,2011-05-17 10:23:00,2011-11-21 08:37:00,31,635.4100000000001,20.49709677419355,5.0462032085561495,6.14323258869908,1241.1901860962566,1241.1901860962566
16140.0,2010-12-03 14:40:00,2011-10-05 12:15:00,35,725.1800000000001,20.719428571428573,3.493114754098361,10.019710906701707,868.5040996721312,868.5040996721312
16141.0,2011-09-12 13:11:00,2011-09-12 13:11:00,30,620.4,20.68,913.1999999999999,0.0328515111695138,226619.712,226619.712
16142.0,2011-04-04 10:16:00,2011-04-04 10:16:00,37,535.34,14.46864864864865,1126.28,0.0328515111695138,195548.9952,195548.9952
16143.0,2010-12-05 15:18:00,2011-12-06 14:13:00,117,2424.94,20.725982905982907,9.757479452054795,11.990801576872535,2426.8002279452057,2426.8002279452057
16144.0,2011-04-07 10:09:00,2011-04-07 10:09:00,1,175.2,175.2,30.439999999999998,0.0328515111695138,63997.05599999998,63997.05599999998
16145.0,2010-12-15 09:09:00,2011-12-01 10:33:00,224,3799.4900000000002,16.96200892857143,19.426096866096866,11.530880420499342,3954.0675418803417,3954.0675418803417
16146.0,2011-04-21 15:25:00,2011-07-05 14:20:00,29,734.13,25.314827586206896,11.92918918918919,2.431011826544021,3623.8244108108106,3623.8244108108106
16147.0,2011-07-29 09:57:00,2011-07-29 09:57:00,22,375.0,17.045454545454547,669.68,0.0328515111695138,136980.0,136980.0
16148.0,2011-02-16 14:01:00,2011-02-16 14:01:00,1,76.32000000000001,76.32000000000001,30.439999999999998,0.0328515111695138,27878.1696,27878.1696
16149.0,2011-07-20 14:54:00,2011-12-05 11:29:00,18,280.52,15.584444444444443,3.9994160583941607,4.50065703022339,747.9441284671533,747.9441284671533
16150.0,2010-12-02 18:27:00,2011-10-28 12:39:00,117,2053.02,17.547179487179488,10.82516717325228,10.808147174770038,2279.4138164133738,2279.4138164133738
16152.0,2011-03-16 09:47:00,2011-03-16 09:47:00,29,1829.04,63.070344827586204,882.76,0.0328515111695138,668111.7312,535875.9878400022
16153.0,2010-12-20 09:22:00,2011-10-21 10:50:00,89,1824.23,20.496966292134832,8.88249180327869,10.019710906701707,2184.7696209836067,2184.7696209836067
16156.0,2011-02-02 12:02:00,2011-12-01 12:42:00,130,3122.04,24.01569230769231,13.103311258278145,9.921156373193167,3776.2210966887415,3776.2210966887415
16157.0,2011-09-28 11:48:00,2011-11-24 11:41:00,18,656.69,36.482777777777784,9.784285714285716,1.8396846254927726,4283.495057142858,4283.495057142858
16159.0,2011-03-03 12:27:00,2011-03-03 12:27:00,14,348.2,24.87142857142857,426.15999999999997,0.0328515111695138,127190.49599999998,127190.49599999998
16160.0,2011-09-15 10:53:00,2011-10-05 14:19:00,20,1025.44,51.272000000000006,30.44,0.657030223390276,18728.636160000002,18728.636160000002
16161.0,2010-12-06 10:03:00,2011-12-08 12:10:00,474,5575.56,11.762784810126583,39.31487738419619,12.056504599211562,5549.429310081744,5549.429310081744
16162.0,2011-04-01 15:03:00,2011-04-01 15:03:00,2,37.4,18.7,60.879999999999995,0.0328515111695138,13661.471999999998,13661.471999999998
16163.0,2010-12-09 16:28:00,2011-04-21 15:15:00,6,856.6,142.76666666666668,1.3836363636363636,4.336399474375821,2370.445818181818,2370.445818181818
16164.0,2011-10-28 09:12:00,2011-11-22 15:04:00,34,822.48,24.19058823529412,41.3984,0.8212877792378449,12017.419776,12017.419776
16168.0,2010-12-05 11:38:00,2011-11-29 12:45:00,98,3787.6,38.648979591836735,8.309526462395544,11.793692509855452,3853.856623955432,3853.856623955432
16169.0,2011-09-25 11:33:00,2011-12-01 15:28:00,85,1822.97,21.44670588235294,38.61791044776119,2.2010512483574245,9938.723605970148,9938.723605970148
16170.0,2011-04-05 13:42:00,2011-10-20 08:21:00,125,1885.05,15.0804,19.314720812182742,6.471747700394218,3495.2845888324873,3495.2845888324873
16171.0,2011-10-11 14:51:00,2011-10-11 14:51:00,3,73.19999999999999,24.399999999999995,91.32,0.0328515111695138,26738.495999999992,26738.495999999992
16172.0,2011-04-12 12:02:00,2011-09-05 13:22:00,69,1140.21,16.524782608695652,14.386027397260273,4.7963206307490145,2852.711704109589,2852.711704109589
16173.0,2011-09-02 15:23:00,2011-11-24 10:53:00,84,1418.32,16.884761904761906,31.182439024390245,2.6938239159001314,6318.096702439025,6318.096702439025
16174.0,2011-07-11 09:23:00,2011-08-05 13:26:00,23,1009.55,43.893478260869564,28.0048,0.8212877792378449,14750.736959999998,14750.736959999998
16175.0,2011-04-13 14:38:00,2011-09-06 14:32:00,58,1037.5900000000001,17.88948275862069,12.176,4.763469119579501,2613.868104827586,2613.868104827586
16177.0,2011-10-20 12:57:00,2011-10-20 12:57:00,15,331.95,22.13,456.59999999999997,0.0328515111695138,121254.696,121254.696
16178.0,2011-07-24 16:05:00,2011-07-24 16:05:00,8,197.9,24.7375,243.51999999999998,0.0328515111695138,72288.912,72288.912
16179.0,2011-10-10 09:41:00,2011-10-10 09:41:00,11,215.83,19.62090909090909,334.84,0.0328515111695138,78838.38239999999,78838.38239999999
16180.0,2011-04-01 10:23:00,2011-08-31 16:28:00,162,10254.18,63.29740740740741,32.44263157894737,4.993429697766097,24642.413621052638,24642.413621052638
16181.0,2011-09-27 13:38:00,2011-09-27 13:38:00,11,305.54,27.776363636363637,334.84,0.0328515111695138,111607.6512,111607.6512
16182.0,2011-02-18 10:11:00,2011-09-28 13:23:00,28,6617.65,236.34464285714284,3.8392792792792796,7.293035479632063,10888.717081081082,10888.717081081082
16183.0,2011-10-03 14:59:00,2011-10-03 14:59:00,15,338.71000000000004,22.58066666666667,456.59999999999997,0.0328515111695138,123723.98880000002,123723.98880000002
16184.0,2011-05-12 13:33:00,2011-10-06 17:43:00,45,1158.79,25.750888888888888,9.318367346938775,4.829172141918528,2879.4749061224484,2879.4749061224484
16185.0,2011-04-21 11:59:00,2011-11-23 09:41:00,31,529.41,17.07774193548387,4.389023255813954,7.063074901445466,899.455278139535,899.455278139535
16186.0,2010-12-02 14:40:00,2011-11-17 12:43:00,218,4006.94,18.38045871559633,19.01409742120344,11.465177398160314,4193.853991977077,4193.853991977077
16187.0,2011-02-28 13:34:00,2011-11-08 09:50:00,295,6911.4400000000005,23.428610169491527,35.634126984126986,8.278580814717477,10018.29683809524,10018.29683809524
16188.0,2011-04-11 09:44:00,2011-10-26 12:19:00,67,981.86,14.654626865671641,10.300404040404041,6.504599211563732,1811.3829333333333,1811.3829333333333
16189.0,2011-09-15 15:21:00,2011-11-24 11:47:00,11,215.48,19.58909090909091,4.852753623188406,2.266754270696452,1140.7323826086956,1140.7323826086956
16190.0,2011-10-30 15:59:00,2011-10-30 15:59:00,6,215.08,35.84666666666667,182.64,0.0328515111695138,78564.42240000001,78564.42240000001
16191.0,2010-12-14 12:38:00,2011-12-07 11:26:00,134,5180.52,38.66059701492538,11.425658263305323,11.727989487516425,5300.673236974791,5300.673236974791
16193.0,2011-04-17 11:45:00,2011-04-17 11:45:00,19,314.45,16.55,578.36,0.0328515111695138,114862.296,114862.296
16198.0,2011-09-25 14:58:00,2011-09-25 14:58:00,15,400.68100000000004,26.71206666666667,456.59999999999997,0.0328515111695138,146360.75568,146360.75568
16200.0,2011-06-28 15:47:00,2011-12-05 14:40:00,179,1080.6200000000001,6.036983240223464,34.26893081761006,5.223390275952694,2482.571532075472,2482.571532075472
16201.0,2011-08-22 10:47:00,2011-12-06 16:02:00,111,1863.47,16.78801801801802,31.875849056603776,3.4822601839684624,6421.587939622643,6421.587939622643
16202.0,2010-12-14 10:43:00,2010-12-14 10:43:00,18,365.27,20.292777777777776,547.92,0.0328515111695138,133425.82559999998,133425.82559999998
16203.0,2010-12-02 15:39:00,2011-10-12 12:31:00,35,592.9,16.939999999999998,3.403833865814697,10.282522996057818,691.9313482428115,691.9313482428115
16204.0,2011-11-16 13:40:00,2011-11-16 13:40:00,57,405.71,7.117719298245614,1735.08,0.0328515111695138,148197.7488,148197.7488
16205.0,2011-06-13 11:33:00,2011-11-09 09:32:00,98,761.38,7.769183673469388,20.156216216216215,4.862023653088042,1879.1681513513513,1879.1681513513513
16206.0,2011-01-16 11:07:00,2011-10-16 10:41:00,63,537.0600000000001,8.524761904761906,7.050441176470588,8.935611038107753,721.2399882352942,721.2399882352942
16207.0,2011-11-14 13:51:00,2011-11-14 13:51:00,19,394.38,20.756842105263157,578.36,0.0328515111695138,144059.1264,144059.1264
16208.0,2011-02-23 13:37:00,2011-10-26 11:36:00,66,664.26,10.064545454545454,8.233770491803279,8.015768725361367,994.4298885245901,994.4298885245901
16209.0,2011-04-07 12:23:00,2011-09-12 11:58:00,46,2262.62,49.18739130434783,8.918726114649681,5.157687253613666,5264.266456050955,5264.266456050955
16210.0,2010-12-01 12:27:00,2011-12-08 12:36:00,123,21086.3,171.43333333333334,10.064838709677419,12.220762155059132,20705.386193548387,20705.386193548387
16211.0,2011-09-12 12:11:00,2011-09-12 12:11:00,23,547.02,23.783478260869565,700.12,0.0328515111695138,199815.4656,199815.4656
16212.0,2011-03-01 12:51:00,2011-11-20 13:00:00,41,690.34,16.837560975609758,4.7274242424242425,8.672798948751643,955.1795272727275,955.1795272727275
16213.0,2011-09-22 10:03:00,2011-09-22 10:03:00,6,159.0,26.5,182.64,0.0328515111695138,58079.520000000004,58079.520000000004
16214.0,2011-03-15 13:23:00,2011-06-22 11:30:00,44,1062.75,24.15340909090909,13.666938775510205,3.219448094612352,3961.2379591836734,3961.2379591836734
16215.0,2011-09-20 10:18:00,2011-09-20 10:18:00,14,242.35,17.310714285714287,426.15999999999997,0.0328515111695138,88525.60800000001,88525.60800000001
16216.0,2011-03-17 15:34:00,2011-03-17 15:34:00,37,914.9300000000001,24.72783783783784,1126.28,0.0328515111695138,334205.6304,334205.6304
16217.0,2011-03-02 15:28:00,2011-04-18 13:31:00,15,304.25,20.283333333333335,9.92608695652174,1.5111695137976346,2416.009565217392,2416.009565217392
16218.0,2010-12-01 11:29:00,2011-11-10 09:59:00,84,3084.68,36.72238095238095,7.454693877551021,11.268068331143231,3285.0493014577264,3285.0493014577264
16221.0,2010-12-07 13:13:00,2011-11-03 11:43:00,97,864.86,8.916082474226805,8.947515151515152,10.840998685939553,957.3213963636365,957.3213963636365
16222.0,2011-01-25 13:38:00,2011-01-25 13:38:00,137,846.72,6.18043795620438,4170.28,0.0328515111695138,309289.8816,309289.8816
16224.0,2011-04-04 12:00:00,2011-10-13 17:51:00,96,1295.3,13.492708333333333,15.22,6.307490144546649,2464.30825,2464.30825
16225.0,2011-03-07 12:17:00,2011-10-26 08:30:00,134,1096.32,8.181492537313432,17.581724137931037,7.621550591327201,1726.1369379310345,1726.1369379310345
16226.0,2011-04-18 12:58:00,2011-05-20 14:41:00,8,255.12,31.89,7.609999999999999,1.0512483574244416,2912.1947999999998,2912.1947999999998
16227.0,2011-04-28 13:33:00,2011-04-28 13:33:00,6,314.22,52.370000000000005,182.64,0.0328515111695138,114778.28159999999,114778.28159999999
16229.0,2011-05-11 10:18:00,2011-09-13 17:16:00,47,1010.6,21.50212765957447,11.44544,4.106438896189225,2953.215744,2953.215744
16230.0,2011-05-03 15:12:00,2011-06-03 10:06:00,35,542.03,15.486571428571429,35.513333333333335,0.9855453350854139,6599.75728,6599.75728
16232.0,2011-05-08 14:05:00,2011-10-27 12:16:00,37,990.88,26.78054054054054,6.586432748538011,5.617608409986859,2116.6587508771927,2116.6587508771927
16233.0,2010-12-08 12:51:00,2011-09-29 17:27:00,22,536.6800000000001,24.394545454545458,2.2701016949152546,9.69119579500657,664.5371877966104,664.5371877966104
16235.0,2011-01-11 15:42:00,2011-10-30 10:56:00,46,867.3100000000001,18.854565217391304,4.811821305841925,9.559789750328514,1088.6975835051549,1088.6975835051549
16236.0,2011-09-22 14:10:00,2011-09-22 14:10:00,20,432.2,21.61,608.8,0.0328515111695138,157874.01599999997,157874.01599999997
16239.0,2011-06-03 09:30:00,2011-10-14 08:29:00,19,414.2,21.8,4.381515151515152,4.336399474375821,1146.2043636363637,1146.2043636363637
16240.0,2011-09-23 13:44:00,2011-11-15 14:30:00,135,3718.8,27.546666666666667,77.53584905660378,1.7411300919842312,25630.250264150945,25630.250264150945
16241.0,2010-12-05 11:04:00,2011-11-30 11:08:00,662,2607.87,3.939380664652568,55.97577777777778,11.826544021024967,2646.11876,2646.11876
16242.0,2011-03-07 17:04:00,2011-12-01 15:12:00,294,3603.21,12.255816326530612,33.39313432835821,8.804204993429698,4911.121450746268,4911.121450746268
16243.0,2011-10-16 12:09:00,2011-11-06 12:32:00,51,409.1,8.02156862745098,73.92571428571429,0.6898817345597897,7116.002285714286,7116.002285714286
16244.0,2010-12-02 11:41:00,2011-05-12 10:18:00,91,1522.75,16.733516483516482,17.31275,5.256241787122208,3476.43825,3476.43825
16245.0,2011-03-28 09:30:00,2011-11-16 10:14:00,90,1413.66,15.707333333333334,11.75793991416309,7.654402102496714,2216.230578540773,2216.230578540773
16247.0,2011-06-22 14:23:00,2011-06-22 14:23:00,16,114.56,7.16,487.03999999999996,0.0328515111695138,41846.476800000004,41846.476800000004
16248.0,2011-10-09 11:32:00,2011-10-09 11:32:00,7,152.94,21.84857142857143,213.07999999999998,0.0328515111695138,55865.9232,55865.9232
16249.0,2011-04-14 13:50:00,2011-10-18 10:07:00,69,1800.07,26.08797101449275,11.29225806451613,6.110381077529566,3535.105212903226,3535.105212903226
16250.0,2010-12-01 09:59:00,2011-03-23 15:07:00,24,389.44,16.226666666666667,6.522857142857143,3.679369250985545,1270.1307428571429,1270.1307428571429
16253.0,2011-03-29 13:33:00,2011-10-04 09:09:00,123,3683.86,29.95008130081301,19.915531914893617,6.176084099868594,7157.6616,7157.6616
16255.0,2010-12-09 14:25:00,2011-11-23 12:40:00,270,2619.91,9.70337037037037,23.617241379310347,11.432325886990801,2750.002082758621,2750.002082758621
16256.0,2011-03-18 12:18:00,2011-03-18 12:18:00,13,752.4300000000001,57.87923076923077,395.71999999999997,0.0328515111695138,274847.6304,274847.6304
16257.0,2011-06-16 10:11:00,2011-06-16 10:11:00,2,46.95,23.475,60.879999999999995,0.0328515111695138,17149.896,17149.896
16258.0,2011-05-04 14:33:00,2011-10-25 13:30:00,135,5203.51,38.54451851851852,23.753757225433528,5.683311432325887,10986.92562312139,10986.92562312139
16260.0,2011-10-20 09:40:00,2011-10-20 09:40:00,18,1035.45,57.525000000000006,547.92,0.0328515111695138,378229.17600000004,378229.17600000004
16261.0,2011-04-07 19:05:00,2011-11-22 17:23:00,124,746.83,6.022822580645162,16.555087719298246,7.490144546649145,1196.5002736842107,1196.5002736842107
16265.0,2010-12-10 10:21:00,2011-11-30 16:41:00,258,5447.0,21.112403100775193,22.122591549295777,11.662286465177397,5604.732845070423,5604.732845070423
16266.0,2011-05-17 14:50:00,2011-09-27 12:08:00,61,861.89,14.129344262295081,14.066969696969696,4.336399474375821,2385.0846909090906,2385.0846909090906
16268.0,2011-09-29 18:30:00,2011-09-29 18:30:00,45,667.65,14.836666666666666,1369.8,0.0328515111695138,243879.19199999998,243879.19199999998
16270.0,2010-12-21 14:26:00,2010-12-21 14:26:00,54,1141.24,21.134074074074075,1643.76,0.0328515111695138,416872.1472,416872.1472
16271.0,2010-12-16 16:36:00,2011-12-07 12:45:00,133,1429.24,10.746165413533834,11.404281690140847,11.662286465177397,1470.627569577465,1470.627569577465
16272.0,2011-08-15 10:53:00,2011-08-15 10:54:00,25,411.7,16.468,761.0,0.0328515111695138,150385.77599999998,150385.77599999998
16274.0,2010-12-01 15:35:00,2010-12-01 15:35:00,67,357.95,5.342537313432835,2039.48,0.0328515111695138,130751.976,130751.976
16275.0,2011-05-27 12:41:00,2011-05-27 12:41:00,33,559.87,16.965757575757575,1004.52,0.0328515111695138,204509.31359999996,204509.31359999996
16276.0,2011-06-16 09:34:00,2011-06-16 09:34:00,6,810.6,135.1,182.64,0.0328515111695138,296095.968,296095.968
16278.0,2011-08-31 17:12:00,2011-08-31 17:12:00,23,566.38,24.625217391304346,700.12,0.0328515111695138,206887.28639999998,206887.28639999998
16279.0,2011-06-16 11:50:00,2011-11-18 15:00:00,107,1509.58,14.10822429906542,21.01341935483871,5.091984231274639,3557.5444025806446,3557.5444025806446
16281.0,2011-09-28 14:57:00,2011-09-28 14:57:00,17,2062.06,121.29764705882353,517.48,0.0328515111695138,753229.2768000001,535875.9878400022
16282.0,2011-01-04 11:42:00,2011-01-04 11:42:00,11,168.3,15.3,334.84,0.0328515111695138,61476.623999999996,61476.623999999996
16283.0,2011-05-15 13:37:00,2011-12-04 12:08:00,166,1570.81,9.462710843373493,25.015049504950497,6.636005256241787,2840.5221623762377,2840.5221623762377
16284.0,2011-10-20 13:54:00,2011-11-08 16:12:00,109,823.97,7.559357798165138,174.62947368421052,0.6241787122207622,15841.040084210526,15841.040084210526
16287.0,2011-06-23 09:08:00,2011-06-23 09:08:00,8,142.5,17.8125,243.51999999999998,0.0328515111695138,52052.399999999994,52052.399999999994
16292.0,2011-08-10 12:24:00,2011-08-10 12:24:00,17,302.25,17.779411764705884,517.48,0.0328515111695138,110405.88000000002,110405.88000000002
16293.0,2010-12-07 15:02:00,2011-11-18 09:58:00,118,2248.9900000000002,19.059237288135595,10.411362318840581,11.333771353482259,2381.191499130435,2381.191499130435
16295.0,2011-10-06 10:45:00,2011-11-30 08:17:00,79,1328.55,16.817088607594936,44.53259259259259,1.773981603153745,8986.902666666665,8986.902666666665
16297.0,2011-03-16 08:29:00,2011-03-16 08:29:00,20,301.9,15.094999999999999,608.8,0.0328515111695138,110278.03199999999,110278.03199999999
16298.0,2011-06-06 10:06:00,2011-11-17 11:59:00,27,598.2,22.15555555555556,5.011463414634147,5.387647831800263,1332.381073170732,1332.381073170732
16302.0,2011-08-05 09:44:00,2011-08-05 09:44:00,11,233.22,21.201818181818183,334.84,0.0328515111695138,85190.6016,85190.6016
16303.0,2011-01-10 14:16:00,2011-11-14 10:49:00,162,5360.63,33.09030864197531,16.062801302931597,10.085413929040735,6378.276633224757,6378.276633224757
16305.0,2011-07-24 12:18:00,2011-07-24 12:18:00,22,361.22,16.41909090909091,669.68,0.0328515111695138,131946.44160000002,131946.44160000002
16306.0,2010-12-07 15:18:00,2011-05-10 12:12:00,41,632.27,15.42121951219512,8.157124183006536,5.026281208935611,1509.5136313725488,1509.5136313725488
16308.0,2011-03-23 14:46:00,2011-11-02 11:24:00,4,2560.0,640.0,0.5460089686098655,7.3258869908015765,4193.348878923767,4193.348878923767
16309.0,2011-04-13 11:46:00,2011-08-25 15:35:00,42,706.57,16.823095238095238,9.540895522388059,4.402102496714849,1926.0887283582088,1926.0887283582088
16311.0,2011-10-21 13:13:00,2011-11-22 08:54:00,37,616.26,16.655675675675674,36.3316129032258,1.0183968462549278,7261.53073548387,7261.53073548387
16313.0,2011-10-21 09:04:00,2011-12-06 13:02:00,16,274.15000000000003,17.134375000000002,10.587826086956522,1.5111695137976346,2176.989391304348,2176.989391304348
16315.0,2011-01-13 11:57:00,2011-01-13 11:57:00,14,226.37,16.169285714285714,426.15999999999997,0.0328515111695138,82688.43359999999,82688.43359999999
16316.0,2010-12-16 14:26:00,2011-10-06 13:48:00,151,2938.91,19.46298013245033,15.687508532423209,9.625492772667542,3663.9080027303753,3663.9080027303753
16317.0,2011-02-15 14:30:00,2011-08-12 12:46:00,69,1341.65,19.444202898550724,11.866440677966102,5.814717477003942,2768.8017627118643,2768.8017627118643
16318.0,2011-11-04 13:05:00,2011-11-04 13:05:00,19,328.15000000000003,17.27105263157895,578.36,0.0328515111695138,119866.63200000003,119866.63200000003
16319.0,2011-05-06 11:27:00,2011-05-06 11:27:00,3,404.40000000000003,134.8,91.32,0.0328515111695138,147719.232,147719.232
16320.0,2011-05-10 15:31:00,2011-06-20 15:25:00,56,1038.46,18.543928571428573,42.616,1.314060446780552,9483.21672,9483.21672
16321.0,2011-01-20 12:11:00,2011-09-28 14:55:00,12,373.65000000000003,31.137500000000003,1.4552988047808766,8.245729303547963,543.7723984063746,543.7723984063746
16322.0,2011-11-03 14:33:00,2011-12-08 15:41:00,37,326.75,8.83108108108108,32.17942857142857,1.149802890932983,3410.1497142857143,3410.1497142857143
16323.0,2011-05-27 14:48:00,2011-05-27 14:48:00,1,207.50000000000003,207.50000000000003,30.439999999999998,0.0328515111695138,75795.6,75795.6
16324.0,2011-06-15 14:26:00,2011-08-03 12:58:00,118,428.68,3.6328813559322035,74.83166666666666,1.5768725361366622,3262.2547999999997,3262.2547999999997
16325.0,2011-04-08 09:20:00,2011-10-24 08:48:00,18,594.24,33.013333333333335,2.7672727272727276,6.504599211563732,1096.2827636363638,1096.2827636363638
16326.0,2011-01-09 12:01:00,2011-12-04 10:11:00,319,3110.96,9.752225705329154,29.604756097560976,10.775295663600525,3464.5471609756096,3464.5471609756096
16327.0,2010-12-05 12:43:00,2011-11-25 13:23:00,319,3844.2200000000003,12.050846394984326,27.353126760563384,11.662286465177397,3955.5399481690147,3955.5399481690147
16330.0,2011-08-19 17:08:00,2011-11-22 12:24:00,39,251.91,6.4592307692307696,12.62936170212766,3.088042049934297,978.911540425532,978.911540425532
16332.0,2011-02-07 14:16:00,2011-11-11 14:22:00,153,1593.2,10.413071895424837,16.81342960288809,9.099868593955321,2100.9534151624553,2100.9534151624553
16333.0,2011-02-03 10:50:00,2011-12-02 12:19:00,45,26626.8,591.7066666666667,4.535761589403974,9.921156373193167,32206.08445033113,32206.08445033113
16337.0,2011-11-03 10:03:00,2011-11-03 10:03:00,10,151.05,15.105,304.4,0.0328515111695138,55175.543999999994,55175.543999999994
16338.0,2011-07-05 13:56:00,2011-07-05 13:56:00,11,214.8,19.527272727272727,334.84,0.0328515111695138,78462.144,78462.144
16339.0,2011-02-28 13:41:00,2011-02-28 13:41:00,20,109.95,5.4975000000000005,608.8,0.0328515111695138,40162.536,40162.536
16340.0,2011-08-24 14:53:00,2011-08-24 14:53:00,153,549.07,3.5886928104575166,4657.32,0.0328515111695138,200564.28960000002,200564.28960000002
16341.0,2011-05-22 13:20:00,2011-11-15 09:12:00,77,1971.8700000000001,25.608701298701302,13.3175,5.781865965834428,4092.5265545454554,4092.5265545454554
16342.0,2011-06-13 10:10:00,2011-09-25 14:36:00,15,322.41,21.494000000000003,4.390384615384615,3.416557161629435,1132.4031230769233,1132.4031230769233
16343.0,2011-11-23 17:43:00,2011-11-23 17:45:00,47,370.48,7.882553191489362,1430.68,0.0328515111695138,135328.9344,135328.9344
16344.0,2011-07-04 15:50:00,2011-07-04 15:50:00,2,101.10000000000001,50.550000000000004,60.879999999999995,0.0328515111695138,36929.808,36929.808
16345.0,2011-10-26 16:03:00,2011-10-26 16:03:00,38,575.41,15.14236842105263,1156.72,0.0328515111695138,210185.7648,210185.7648
16347.0,2011-11-03 13:01:00,2011-11-28 13:14:00,92,887.65,9.648369565217392,112.0192,0.8212877792378449,12969.631680000002,12969.631680000002
16348.0,2011-04-13 15:49:00,2011-11-07 15:44:00,235,1469.45,6.252978723404255,34.55748792270531,6.800262812089356,2593.04684057971,2593.04684057971
16349.0,2011-02-22 12:40:00,2011-02-22 12:40:00,9,53.5,5.944444444444445,273.96,0.0328515111695138,19542.48,19542.48
16350.0,2011-01-10 09:44:00,2011-11-18 15:53:00,57,1116.47,19.58719298245614,5.561153846153847,10.249671484888305,1307.1287230769233,1307.1287230769233
16351.0,2011-01-11 10:26:00,2011-01-11 10:26:00,8,153.9,19.2375,243.51999999999998,0.0328515111695138,56216.59199999999,56216.59199999999
16352.0,2011-11-02 08:44:00,2011-11-22 10:32:00,28,494.44,17.658571428571427,42.616,0.657030223390276,9030.452159999999,9030.452159999999
16353.0,2010-12-05 12:09:00,2011-12-06 12:23:00,94,6675.71,71.0181914893617,7.81792349726776,12.02365308804205,6662.577455737705,6662.577455737705
16354.0,2011-09-27 16:28:00,2011-10-07 14:28:00,39,395.8,10.148717948717948,131.90666666666667,0.2956636005256242,16064.202666666668,16064.202666666668
16356.0,2011-03-07 12:31:00,2011-05-26 11:51:00,31,211.77,6.831290322580646,11.94481012658228,2.59526938239159,979.1815898734178,979.1815898734178
16357.0,2011-05-10 10:35:00,2011-11-06 16:04:00,34,658.88,19.378823529411765,5.749777777777778,5.913272010512483,1337.0871466666667,1337.0871466666667
16358.0,2011-06-08 15:05:00,2011-12-08 15:09:00,109,2027.5,18.60091743119266,18.130928961748634,6.011826544021025,4047.0229508196717,4047.0229508196717
16359.0,2011-01-12 10:49:00,2011-12-02 17:04:00,66,1750.92,26.52909090909091,6.20074074074074,10.64388961892247,1974.000177777778,1974.000177777778
16360.0,2011-09-12 13:50:00,2011-12-05 12:16:00,662,3512.53,5.305936555891239,242.78650602409638,2.726675427069645,15458.517571084336,15458.517571084336
16361.0,2011-09-29 13:13:00,2011-11-30 12:32:00,106,896.66,8.459056603773584,52.895737704918034,2.0039421813403417,5369.376472131147,5369.376472131147
16362.0,2011-09-09 14:47:00,2011-11-07 13:01:00,81,734.77,9.071234567901234,42.511034482758625,1.9053876478318001,4627.530786206897,4627.530786206897
16363.0,2011-10-17 14:14:00,2011-10-17 14:14:00,5,109.36000000000001,21.872000000000003,152.2,0.0328515111695138,39947.020800000006,39947.020800000006
16364.0,2011-07-25 14:35:00,2011-11-28 11:27:00,53,707.04,13.340377358490565,12.906559999999999,4.106438896189225,2066.1405695999997,2066.1405695999997
16365.0,2010-12-07 17:19:00,2011-11-22 11:24:00,51,1540.42,30.2043137254902,4.448252148997135,11.465177398160314,1612.2768412607452,1612.2768412607452
16366.0,2011-11-21 08:19:00,2011-11-21 08:19:00,18,327.3,18.183333333333334,547.92,0.0328515111695138,119556.14399999999,119556.14399999999
16367.0,2010-12-12 12:01:00,2011-11-02 13:13:00,130,804.49,6.188384615384615,12.176000000000002,10.676741130091983,904.197252923077,904.197252923077
16368.0,2011-11-11 15:08:00,2011-12-07 13:12:00,76,497.43,6.545131578947369,92.5376,0.8212877792378449,7268.049216000001,7268.049216000001
16369.0,2011-05-27 09:39:00,2011-11-21 16:25:00,118,1553.66,13.166610169491527,20.17932584269663,5.847568988173456,3188.3198022471915,3188.3198022471915
16370.0,2011-04-28 16:40:00,2011-09-18 15:55:00,228,1320.56,5.791929824561404,48.87549295774648,4.664914586070959,3397.001104225352,3397.001104225352
16372.0,2011-11-06 12:50:00,2011-11-06 13:08:00,97,367.93,3.7930927835051547,2952.68,0.0328515111695138,134397.4704,134397.4704
16374.0,2011-03-22 13:46:00,2011-10-04 15:21:00,111,473.03,4.261531531531531,17.238979591836735,6.438896189224704,881.5734612244898,881.5734612244898
16376.0,2011-11-22 16:47:00,2011-12-01 11:38:00,125,987.01,7.8960799999999995,475.625,0.2628120893561104,45066.8766,45066.8766
16377.0,2011-03-17 15:41:00,2011-03-17 15:41:00,5,676.2,135.24,152.2,0.0328515111695138,247002.33599999998,247002.33599999998
16378.0,2011-02-02 12:42:00,2011-04-06 15:07:00,23,362.95,15.780434782608696,11.113015873015872,2.0696452036793693,2104.4186666666665,2104.4186666666665
16379.0,2011-09-22 09:33:00,2011-12-05 15:38:00,108,2157.4,19.975925925925928,44.42594594594595,2.431011826544021,10649.392864864865,10649.392864864865
16380.0,2011-10-09 15:40:00,2011-10-09 15:40:00,32,1780.59,55.6434375,974.0799999999999,0.0328515111695138,650413.9151999999,535875.9878400022
16383.0,2011-03-16 13:00:00,2011-09-26 12:45:00,102,668.36,6.552549019607843,16.087461139896373,6.340341655716163,1264.966532642487,1264.966532642487
16384.0,2011-03-21 10:13:00,2011-09-11 11:19:00,33,584.5,17.71212121212121,5.7731034482758625,5.716162943495401,1227.046896551724,1227.046896551724
16385.0,2010-12-08 12:56:00,2011-10-10 13:12:00,59,555.89,9.42186440677966,5.869150326797386,10.052562417871222,663.5800627450981,663.5800627450981
16386.0,2011-03-31 12:19:00,2011-11-11 12:28:00,88,317.2,3.6045454545454545,11.905422222222223,7.391590013140604,514.9636266666666,514.9636266666666
16387.0,2011-01-21 11:34:00,2011-01-21 11:34:00,4,94.36,23.59,121.75999999999999,0.0328515111695138,34467.820799999994,34467.820799999994
16389.0,2011-03-01 15:47:00,2011-10-17 14:41:00,34,1382.0700000000002,40.64911764705883,4.519475982532751,7.522996057818659,2204.552531004367,2204.552531004367
16392.0,2011-03-15 12:11:00,2011-03-15 12:11:00,45,221.19,4.915333333333333,1369.8,0.0328515111695138,80796.28319999999,80796.28319999999
16393.0,2010-12-05 13:10:00,2011-12-07 12:51:00,330,3046.21,9.230939393939394,27.445901639344264,12.02365308804205,3040.217455737705,3040.217455737705
16394.0,2011-02-23 10:58:00,2011-10-14 09:48:00,83,1555.34,18.73903614457831,10.890172413793104,7.621550591327201,2448.856013793103,2448.856013793103
16395.0,2011-01-13 12:10:00,2011-10-10 12:50:00,210,1486.9,7.080476190476191,23.675555555555555,8.869908015768726,2011.610488888889,2011.610488888889
16398.0,2011-03-31 09:38:00,2011-07-08 15:16:00,82,1705.8,20.802439024390242,25.212929292929292,3.252299605781866,6293.885090909091,6293.885090909091
16399.0,2011-04-18 13:46:00,2011-11-20 16:12:00,73,408.57,5.596849315068493,10.287592592592594,7.09592641261498,690.9372666666667,690.9372666666667
16400.0,2011-09-06 12:27:00,2011-09-06 12:27:00,29,303.93,10.480344827586206,882.76,0.0328515111695138,111019.5504,111019.5504
16401.0,2011-01-16 10:56:00,2011-12-08 18:15:00,186,4098.32,22.033978494623653,17.36760736196319,10.709592641261498,4592.129845398773,4592.129845398773
16402.0,2010-12-05 13:42:00,2011-03-20 12:25:00,60,299.6,4.993333333333334,17.56153846153846,3.416557161629435,1052.2873846153848,1052.2873846153848
16403.0,2011-01-31 13:39:00,2011-01-31 13:39:00,10,177.5,17.75,304.4,0.0328515111695138,64837.2,64837.2
16404.0,2011-09-30 14:55:00,2011-09-30 14:55:00,23,443.05,19.26304347826087,700.12,0.0328515111695138,161837.304,161837.304
16405.0,2011-02-02 17:08:00,2011-02-10 15:24:00,5,167.25,33.45,21.742857142857144,0.22996057818659657,8727.58285714286,8727.58285714286
16406.0,2011-11-21 11:57:00,2011-11-21 11:57:00,62,163.07,2.6301612903225804,1887.28,0.0328515111695138,59566.20959999999,59566.20959999999
16407.0,2011-01-31 14:02:00,2011-11-27 11:05:00,172,2126.93,12.365872093023254,17.510635451505017,9.822601839684625,2598.4113391304345,2598.4113391304345
16409.0,2011-01-26 14:51:00,2011-11-03 16:45:00,232,2028.88,8.745172413793103,25.131957295373667,9.231274638633376,2637.3995957295374,2637.3995957295374
16411.0,2010-12-05 13:26:00,2011-11-20 13:23:00,45,214.65,4.7700000000000005,3.924928366762178,11.465177398160314,224.66289971346708,224.66289971346708
16412.0,2011-10-17 12:35:00,2011-10-17 12:35:00,35,151.83,4.338,1065.3999999999999,0.0328515111695138,55460.46239999999,55460.46239999999
16413.0,2011-10-14 12:08:00,2011-10-14 12:08:00,31,262.2,8.458064516129031,943.64,0.0328515111695138,95776.41599999998,95776.41599999998
16414.0,2011-03-04 13:27:00,2011-11-18 09:42:00,7,126.25,18.035714285714285,0.8258914728682171,8.47568988173456,178.74651162790698,178.74651162790698
16415.0,2011-10-26 13:35:00,2011-10-26 13:35:00,54,210.35,3.89537037037037,1643.76,0.0328515111695138,76836.64799999999,76836.64799999999
16416.0,2011-10-14 13:35:00,2011-11-13 12:50:00,71,1051.4,14.808450704225354,74.52551724137932,0.9526938239159001,13243.28937931035,13243.28937931035
16418.0,2011-04-27 16:54:00,2011-10-26 12:39:00,102,675.27,6.620294117647059,17.154033149171273,5.946123521681997,1362.7769370165747,1362.7769370165747
16419.0,2011-02-01 12:25:00,2011-08-19 12:33:00,51,972.23,19.063333333333333,7.801206030150754,6.5374507227332455,1784.6038914572864,1784.6038914572864
16422.0,2010-12-05 15:35:00,2011-11-22 14:00:00,369,34684.4,93.99566395663958,32.00102564102564,11.530880420499342,36095.49182905983,36095.49182905983
16423.0,2011-11-15 09:21:00,2011-11-15 09:21:00,18,346.12,19.22888888888889,547.92,0.0328515111695138,126430.71359999999,126430.71359999999
16424.0,2011-06-01 13:40:00,2011-06-01 13:40:00,5,133.56,26.712,152.2,0.0328515111695138,48786.7968,48786.7968
16425.0,2011-02-10 14:30:00,2011-02-10 14:30:00,21,302.7,14.414285714285715,639.24,0.0328515111695138,110570.256,110570.256
16426.0,2011-03-08 15:45:00,2011-12-07 14:01:00,372,1908.25,5.129704301075269,41.478681318681325,8.968462549277266,2553.2804395604403,2553.2804395604403
16427.0,2011-02-28 15:18:00,2011-03-21 17:10:00,9,241.06,26.784444444444446,13.045714285714286,0.6898817345597897,4193.066514285714,4193.066514285714
16429.0,2011-08-25 13:54:00,2011-08-25 13:54:00,2,284.55,142.275,60.879999999999995,0.0328515111695138,103940.424,103940.424
16430.0,2011-10-13 14:47:00,2011-10-13 14:47:00,6,300.85,50.14166666666667,182.64,0.0328515111695138,109894.488,109894.488
16431.0,2011-02-15 14:02:00,2011-05-10 14:09:00,83,642.81,7.744698795180722,30.07761904761905,2.759526938239159,2795.3052,2795.3052
16432.0,2011-10-06 13:59:00,2011-10-06 13:59:00,8,287.40000000000003,35.925000000000004,243.51999999999998,0.0328515111695138,104981.47200000001,104981.47200000001
16433.0,2011-11-11 14:09:00,2011-11-11 14:09:00,17,184.26,10.838823529411764,517.48,0.0328515111695138,67306.49279999999,67306.49279999999
16434.0,2011-02-13 12:17:00,2011-11-10 14:28:00,109,1522.25,13.965596330275229,12.28874074074074,8.869908015768726,2059.435111111111,2059.435111111111
16438.0,2011-09-18 13:31:00,2011-12-04 10:51:00,132,798.35,6.04810606060606,52.869473684210526,2.4967148488830486,3837.1222105263155,3837.1222105263155
16440.0,2011-05-09 12:25:00,2011-12-02 12:02:00,282,3640.67,12.91017730496454,41.670291262135926,6.767411300919842,6455.650182524272,6455.650182524272
16441.0,2011-02-21 17:35:00,2011-10-03 17:48:00,24,381.2,15.883333333333333,3.2614285714285716,7.35873850197109,621.6282857142857,621.6282857142857
16442.0,2010-12-14 10:46:00,2011-12-08 11:43:00,174,616.79,3.5447701149425286,14.75364902506964,11.793692509855452,627.579529805014,627.579529805014
16444.0,2011-03-20 12:14:00,2011-10-24 13:50:00,84,654.67,7.793690476190475,11.729174311926606,7.1616294349540075,1096.9626495412842,1096.9626495412842
16445.0,2011-11-06 12:32:00,2011-11-06 12:32:00,63,230.51,3.658888888888889,1917.72,0.0328515111695138,84200.6928,84200.6928
16446.0,2011-05-18 09:52:00,2011-12-09 09:15:00,3,168472.5,56157.5,0.44764705882352945,6.701708278580814,301664.87647058826,301664.87647058826
16447.0,2011-07-27 12:45:00,2011-07-27 12:45:00,36,259.01,7.194722222222222,1095.84,0.0328515111695138,94611.17279999999,94611.17279999999
16448.0,2011-05-25 16:28:00,2011-05-25 16:28:00,20,188.89000000000001,9.444500000000001,608.8,0.0328515111695138,68997.7392,68997.7392
16449.0,2011-03-04 12:15:00,2011-05-26 10:25:00,40,707.69,17.69225,14.848780487804879,2.6938239159001314,3152.5000390243904,3152.5000390243904
16450.0,2011-07-13 11:47:00,2011-07-13 11:47:00,11,311.92,28.35636363636364,334.84,0.0328515111695138,113938.13760000002,113938.13760000002
16451.0,2011-09-13 09:17:00,2011-09-13 09:17:00,14,266.97,19.069285714285716,426.15999999999997,0.0328515111695138,97518.80159999999,97518.80159999999
16454.0,2011-10-06 16:57:00,2011-10-26 11:40:00,2,6.9,3.45,3.2042105263157894,0.6241787122207622,132.65431578947369,132.65431578947369
16455.0,2010-12-03 16:44:00,2011-10-07 12:17:00,99,1841.18,18.59777777777778,9.816156351791532,10.085413929040735,2190.704333550489,2190.704333550489
16456.0,2010-12-01 14:11:00,2011-09-01 13:50:00,111,2158.37,19.444774774774775,12.376703296703297,8.968462549277266,2887.9464967032973,2887.9464967032973
16457.0,2011-05-05 13:19:00,2011-05-05 13:19:00,9,208.36,23.151111111111113,273.96,0.0328515111695138,76109.7408,76109.7408
16458.0,2010-12-14 11:51:00,2011-12-07 09:34:00,202,3482.7400000000002,17.241287128712873,17.223753501400562,11.727989487516425,3563.5161546218496,3563.5161546218496
16460.0,2011-09-19 10:15:00,2011-11-11 13:46:00,135,814.72,6.034962962962963,77.53584905660378,1.7411300919842312,5615.111728301887,5615.111728301887
16461.0,2011-06-15 12:07:00,2011-06-15 12:07:00,33,151.42,4.588484848484848,1004.52,0.0328515111695138,55310.697599999985,55310.697599999985
16462.0,2011-03-01 08:58:00,2011-09-27 10:24:00,3,136.0,45.333333333333336,0.4348571428571429,6.898817345597897,236.56228571428574,236.56228571428574
16463.0,2011-05-19 14:45:00,2011-11-18 14:01:00,82,1422.4,17.346341463414635,13.714725274725275,5.978975032851511,2854.8036923076925,2854.8036923076925
16464.0,2011-07-20 13:53:00,2011-11-20 12:11:00,236,1314.68,5.570677966101695,58.88393442622951,4.0078843626806835,3936.281232786885,3936.281232786885
16466.0,2011-02-20 11:39:00,2011-11-06 11:35:00,148,1603.46,10.834189189189189,17.461705426356588,8.47568988173456,2270.201041860465,2270.201041860465
16468.0,2011-09-26 14:13:00,2011-09-26 14:13:00,2,74.9,37.45,60.879999999999995,0.0328515111695138,27359.472,27359.472
16469.0,2011-04-07 13:11:00,2011-11-16 12:25:00,182,650.43,3.5737912087912087,24.955315315315318,7.293035479632063,1070.221037837838,1070.221037837838
16470.0,2010-12-16 11:53:00,2011-10-19 12:11:00,170,762.39,4.484647058823529,16.856026058631922,10.085413929040735,907.1199322475569,907.1199322475569
16471.0,2011-03-10 09:41:00,2011-03-10 09:41:00,13,223.95000000000002,17.22692307692308,395.71999999999997,0.0328515111695138,81804.456,81804.456
16473.0,2011-01-07 10:55:00,2011-06-28 09:10:00,18,316.11,17.561666666666667,3.2042105263157894,5.617608409986859,675.2553263157895,675.2553263157895
16474.0,2011-07-17 14:51:00,2011-12-02 13:02:00,360,1871.5,5.198611111111111,79.98832116788321,4.50065703022339,4989.938102189781,4989.938102189781
16475.0,2011-03-11 09:39:00,2011-09-12 14:37:00,28,544.3,19.439285714285713,4.6071351351351355,6.077529566360052,1074.7129945945946,1074.7129945945946
16477.0,2010-12-03 12:48:00,2011-10-07 09:44:00,146,2494.46,17.085342465753424,14.476351791530947,10.085413929040735,2968.001136156352,2968.001136156352
16478.0,2011-10-05 12:02:00,2011-11-14 15:51:00,17,331.0,19.470588235294116,12.937,1.314060446780552,3022.6919999999996,3022.6919999999996
16479.0,2011-11-29 13:04:00,2011-11-29 13:40:00,35,300.83,8.595142857142857,1065.3999999999999,0.0328515111695138,109887.18239999998,109887.18239999998
16480.0,2011-09-25 11:40:00,2011-09-25 11:40:00,53,769.29,14.514905660377357,1613.32,0.0328515111695138,281006.25119999994,281006.25119999994
16482.0,2011-11-24 12:33:00,2011-11-24 12:33:00,18,220.62,12.256666666666668,547.92,0.0328515111695138,80588.0736,80588.0736
16483.0,2011-05-31 13:08:00,2011-05-31 13:08:00,19,139.35,7.334210526315789,578.36,0.0328515111695138,50901.768,50901.768
16484.0,2011-06-02 10:39:00,2011-06-19 12:06:00,25,404.3,16.172,44.76470588235294,0.5584756898817346,8687.217882352941,8687.217882352941
16485.0,2011-09-23 15:50:00,2011-09-23 15:50:00,42,363.65,8.658333333333333,1278.48,0.0328515111695138,132834.072,132834.072
16488.0,2011-07-14 11:46:00,2011-11-06 13:42:00,29,498.8,17.2,7.6761739130434785,3.7779237844940865,1584.362295652174,1584.362295652174
16491.0,2011-10-24 10:18:00,2011-10-24 10:18:00,39,731.5,18.756410256410255,1187.1599999999999,0.0328515111695138,267202.31999999995,267202.31999999995
16493.0,2011-01-14 08:16:00,2011-09-21 11:10:00,56,1351.63,24.13625,6.81856,8.21287779237845,1974.8936256000002,1974.8936256000002
16494.0,2011-02-16 12:49:00,2011-02-16 12:49:00,50,826.53,16.5306,1522.0,0.0328515111695138,301914.8784,301914.8784
16495.0,2011-03-08 16:38:00,2011-12-06 13:20:00,97,684.41,7.055773195876288,10.855441176470588,8.935611038107753,919.1223705882353,919.1223705882353
16496.0,2011-01-27 09:42:00,2011-12-01 10:31:00,95,1599.52,16.837052631578945,9.388961038961039,10.11826544021025,1896.989174025974,1896.989174025974
16497.0,2011-01-10 13:20:00,2011-10-21 10:55:00,136,2965.69,21.80654411764706,14.628409893992934,9.296977660972404,3827.94078869258,3827.94078869258
16498.0,2011-06-30 19:52:00,2011-07-01 15:07:00,15,100.97,6.731333333333334,456.59999999999997,0.0328515111695138,36882.3216,36882.3216
16499.0,2010-12-10 10:27:00,2010-12-14 13:31:00,19,365.45,19.23421052631579,144.59,0.1314060446780552,33372.894,33372.894
16500.0,2011-01-13 10:28:00,2011-12-05 12:04:00,11,400.86,36.441818181818185,1.027116564417178,10.709592641261498,449.1599411042946,449.1599411042946
16503.0,2010-12-14 13:50:00,2011-08-25 11:46:00,84,1431.93,17.046785714285715,10.106561264822135,8.31143232588699,2067.41261027668,2067.41261027668
16504.0,2011-11-14 15:18:00,2011-11-14 15:18:00,86,484.38,5.632325581395349,2617.8399999999997,0.0328515111695138,176934.32639999996,176934.32639999996
16505.0,2011-11-08 12:14:00,2011-11-08 12:14:00,4,777.6,194.4,121.75999999999999,0.0328515111695138,284041.728,284041.728
16506.0,2011-10-30 15:50:00,2011-11-20 12:17:00,3,90.30000000000001,30.100000000000005,4.566,0.657030223390276,1649.2392000000004,1649.2392000000004
16509.0,2011-02-16 09:25:00,2011-02-16 09:25:00,13,363.70000000000005,27.97692307692308,395.71999999999997,0.0328515111695138,132852.336,132852.336
16510.0,2010-12-02 13:39:00,2010-12-02 13:39:00,13,248.1,19.084615384615383,395.71999999999997,0.0328515111695138,90625.968,90625.968
16511.0,2011-03-18 11:24:00,2011-11-18 10:41:00,169,950.26,5.6228402366863905,21.08344262295082,8.015768725361367,1422.5859540983606,1422.5859540983606
16513.0,2011-10-27 14:56:00,2011-12-05 10:18:00,35,874.59,24.988285714285716,28.03684210526316,1.2483574244415243,8407.11145263158,8407.11145263158
16515.0,2011-02-01 13:09:00,2011-10-18 13:10:00,113,1627.13,14.399380530973453,13.280772200772201,8.508541392904073,2294.818711969112,2294.818711969112
16516.0,2011-11-09 14:59:00,2011-11-09 14:59:00,6,101.69999999999999,16.95,182.64,0.0328515111695138,37148.975999999995,37148.975999999995
16517.0,2011-03-07 13:50:00,2011-03-07 13:50:00,17,162.70000000000002,9.57058823529412,517.48,0.0328515111695138,59431.05600000001,59431.05600000001
16518.0,2011-02-28 16:36:00,2011-10-09 15:04:00,40,484.32,12.108,5.484684684684685,7.293035479632063,796.902745945946,796.902745945946
16519.0,2010-12-09 14:08:00,2011-11-14 15:41:00,13,215.07999999999998,16.544615384615383,1.1638823529411766,11.169513797634691,231.0718305882353,231.0718305882353
16520.0,2010-12-09 13:08:00,2011-06-06 13:24:00,156,1046.57,6.708782051282051,26.528715083798883,5.88042049934297,2135.704411173184,2135.704411173184
16523.0,2011-01-28 12:06:00,2011-12-08 09:06:00,290,9418.470000000001,32.477482758620695,28.203194888178917,10.282522996057818,10991.6253086262,10991.6253086262
16525.0,2010-12-08 11:31:00,2011-12-07 15:07:00,183,13027.45,71.18825136612023,15.303626373626374,11.957950065703022,13073.260813186815,13073.260813186815
16526.0,2011-06-21 12:02:00,2011-06-21 12:02:00,15,290.36,19.357333333333333,456.59999999999997,0.0328515111695138,106062.70079999999,106062.70079999999
16527.0,2011-09-19 16:21:00,2011-09-19 16:21:00,14,228.06,16.29,426.15999999999997,0.0328515111695138,83305.75679999999,83305.75679999999
16528.0,2011-12-06 12:45:00,2011-12-06 12:45:00,17,244.41,14.377058823529412,517.48,0.0328515111695138,89278.0848,89278.0848
16529.0,2011-06-02 17:23:00,2011-06-02 17:23:00,30,455.25,15.175,913.1999999999999,0.0328515111695138,166293.72,166293.72
16531.0,2010-12-14 13:19:00,2011-11-17 16:29:00,77,1244.59,16.163506493506492,6.934556213017752,11.103810775295663,1345.0409325443786,1345.0409325443786
16532.0,2011-01-05 12:37:00,2011-11-22 11:08:00,4,6748.8,1687.2,0.3805,10.512483574244415,7703.7552,7703.7552
16533.0,2011-10-02 15:07:00,2011-11-20 13:08:00,177,1095.56,6.189604519774011,112.2475,1.5768725361366622,8337.211599999999,8337.211599999999
16535.0,2011-12-04 15:18:00,2011-12-04 15:18:00,31,593.75,19.153225806451612,943.64,0.0328515111695138,216885.0,216885.0
16536.0,2011-08-21 15:54:00,2011-08-21 15:54:00,55,548.97,9.981272727272728,1674.2,0.0328515111695138,200527.76160000003,200527.76160000003
16539.0,2010-12-01 15:40:00,2011-12-07 08:41:00,45,1388.81,30.862444444444442,3.7021621621621623,12.155059132720105,1371.0932886486487,1371.0932886486487
16542.0,2011-10-17 10:47:00,2011-10-17 10:47:00,5,119.62,23.924,152.2,0.0328515111695138,43694.7936,43694.7936
16545.0,2011-06-28 10:37:00,2011-06-28 10:37:00,3,339.3,113.10000000000001,91.32,0.0328515111695138,123939.50399999999,123939.50399999999
16546.0,2010-12-02 12:07:00,2011-02-22 11:20:00,25,787.15,31.486,9.395061728395062,2.6609724047306176,3549.754962962963,3549.754962962963
16549.0,2011-01-09 14:03:00,2011-11-29 15:06:00,981,4154.64,4.235107033639144,92.16555555555556,10.64388961892247,4683.971911111112,4683.971911111112
16550.0,2010-12-06 13:53:00,2011-08-23 11:12:00,251,2298.97,9.159243027888445,29.49976833976834,8.508541392904073,3242.346569884169,3242.346569884169
16551.0,2011-01-07 10:24:00,2011-09-05 09:38:00,32,922.12,28.81625,4.058666666666667,7.884362680683311,1403.4666400000003,1403.4666400000003
16552.0,2010-12-01 12:36:00,2011-04-11 10:04:00,17,379.73,22.337058823529414,3.9806153846153847,4.270696452036794,1066.98288,1066.98288
16553.0,2010-12-14 13:58:00,2011-06-29 15:42:00,84,5719.82,68.09309523809523,12.979492385786802,6.471747700394218,10605.76573401015,10605.76573401015
16554.0,2011-01-12 12:41:00,2011-10-28 14:51:00,52,837.1,16.098076923076924,5.477093425605537,9.494086727989487,1058.048055363322,1058.048055363322
16555.0,2011-08-22 12:32:00,2011-11-04 14:31:00,17,285.89,16.81705882352941,6.992972972972973,2.431011826544021,1411.214854054054,1411.214854054054
16556.0,2010-12-14 13:32:00,2011-10-04 11:36:00,207,3313.79,16.008647342995168,21.50539249146758,9.625492772667542,4131.266932423208,4131.266932423208
16557.0,2011-07-25 13:28:00,2011-11-15 14:04:00,11,281.85,25.622727272727275,2.9631858407079648,3.712220762155059,911.0988318584073,911.0988318584073
16558.0,2010-12-08 12:01:00,2011-12-09 10:20:00,460,8338.49,18.127152173913043,38.3627397260274,11.990801576872535,8344.886649863014,8344.886649863014
16560.0,2010-12-16 14:36:00,2011-11-13 10:35:00,56,841.41,15.02517857142857,5.149969788519638,10.873850197109066,928.5505885196374,928.5505885196374
16561.0,2011-10-11 09:53:00,2011-12-04 11:50:00,31,511.12,16.48774193548387,17.474814814814817,1.773981603153745,3457.442844444445,3457.442844444445
16563.0,2011-10-17 11:51:00,2011-10-17 11:51:00,19,1077.74,56.72315789473684,578.36,0.0328515111695138,393676.8672,393676.8672
16565.0,2010-12-10 15:21:00,2010-12-10 15:21:00,3,173.7,57.9,91.32,0.0328515111695138,63449.136,63449.136
16566.0,2011-02-20 10:29:00,2011-11-24 16:34:00,18,614.66,34.147777777777776,1.9780505415162457,9.099868593955321,810.5523638989171,810.5523638989171
16567.0,2011-01-07 09:31:00,2011-05-29 13:57:00,35,865.6,24.731428571428573,7.50281690140845,4.664914586070959,2226.664563380282,2226.664563380282
16569.0,2011-12-06 15:32:00,2011-12-06 15:32:00,5,124.2,24.84,152.2,0.0328515111695138,45367.776,45367.776
16570.0,2011-02-01 10:37:00,2011-11-24 17:02:00,126,3738.4,29.66984126984127,12.957567567567567,9.724047306176084,4613.387675675675,4613.387675675675
16571.0,2011-03-03 09:41:00,2011-11-13 11:46:00,87,1421.69,16.34126436781609,10.385411764705884,8.377135348226018,2036.5291105882357,2036.5291105882357
16572.0,2011-03-09 12:04:00,2011-08-04 16:34:00,57,1009.6,17.712280701754388,11.723513513513513,4.862023653088042,2491.8019459459465,2491.8019459459465
16573.0,2011-02-22 15:14:00,2011-09-16 09:13:00,42,663.61,15.800238095238095,6.236487804878049,6.734559789750328,1182.4559063414636,1182.4559063414636
16574.0,2011-09-29 13:39:00,2011-09-29 13:39:00,28,451.44,16.122857142857143,852.3199999999999,0.0328515111695138,164902.00319999998,164902.00319999998
16581.0,2011-06-10 10:05:00,2011-06-10 10:05:00,9,105.84,11.76,273.96,0.0328515111695138,38661.235199999996,38661.235199999996
16582.0,2011-08-18 17:02:00,2011-08-18 17:02:00,6,313.62,52.27,182.64,0.0328515111695138,114559.11360000001,114559.11360000001
16583.0,2010-12-01 12:03:00,2010-12-01 12:03:00,14,233.45,16.675,426.15999999999997,0.0328515111695138,85274.616,85274.616
16584.0,2011-03-30 13:14:00,2011-09-20 13:45:00,28,936.08,33.431428571428576,4.898390804597701,5.716162943495401,1965.1224275862073,1965.1224275862073
16586.0,2011-04-05 09:32:00,2011-04-05 09:32:00,8,463.95,57.99375,243.51999999999998,0.0328515111695138,169471.656,169471.656
16587.0,2011-04-21 15:51:00,2011-04-21 15:51:00,13,225.15,17.31923076923077,395.71999999999997,0.0328515111695138,82242.792,82242.792
16589.0,2011-07-01 13:31:00,2011-09-29 14:50:00,33,459.24,13.916363636363636,11.161333333333333,2.9566360052562417,1863.90208,1863.90208
16591.0,2011-10-02 10:43:00,2011-10-02 10:43:00,10,213.5,21.35,304.4,0.0328515111695138,77987.28,77987.28
16592.0,2011-02-25 10:19:00,2011-12-05 13:49:00,216,4113.68,19.044814814814817,23.233356890459365,9.296977660972404,5309.699754063606,5309.699754063606
16593.0,2011-01-16 12:11:00,2011-10-20 12:41:00,27,330.03,12.223333333333333,2.9670758122743686,9.099868593955321,435.21068014440436,435.21068014440436
16594.0,2011-09-25 14:08:00,2011-09-25 14:08:00,53,181.09,3.416792452830189,1613.32,0.0328515111695138,66148.5552,66148.5552
16595.0,2011-10-09 13:15:00,2011-10-09 13:15:00,85,360.16,4.237176470588236,2587.4,0.0328515111695138,131559.24480000001,131559.24480000001
16596.0,2010-12-08 16:18:00,2011-11-24 10:02:00,12,250.15,20.845833333333335,1.0436571428571428,11.498028909329829,261.0708342857143,261.0708342857143
16597.0,2011-12-05 15:44:00,2011-12-05 15:44:00,7,90.04,12.862857142857143,213.07999999999998,0.0328515111695138,32889.8112,32889.8112
16598.0,2011-02-27 11:42:00,2011-02-27 11:42:00,10,145.05,14.505,304.4,0.0328515111695138,52983.864,52983.864
16600.0,2011-01-05 12:13:00,2011-12-05 16:00:00,62,813.52,13.121290322580645,5.650538922155689,10.972404730617608,889.7083401197604,889.7083401197604
16601.0,2011-10-30 11:09:00,2011-10-30 11:09:00,31,244.8,7.896774193548388,943.64,0.0328515111695138,89420.54400000001,89420.54400000001
16602.0,2011-11-03 15:54:00,2011-11-03 15:54:00,29,528.08,18.209655172413793,882.76,0.0328515111695138,192897.0624,192897.0624
16603.0,2011-09-09 13:02:00,2011-09-26 10:06:00,34,482.47,14.19029411764706,64.685,0.5256241787122208,11014.790100000002,11014.790100000002
16607.0,2010-12-16 08:41:00,2011-11-22 10:24:00,172,3347.71,19.46343023255814,15.353900293255133,11.202365308804204,3586.074805865103,3586.074805865103
16609.0,2011-04-01 10:11:00,2011-11-24 13:32:00,276,5493.46,19.903840579710145,35.449113924050636,7.7858081471747695,8466.882146835444,8466.882146835444
16610.0,2011-05-04 13:13:00,2011-05-04 13:13:00,6,75.66,12.61,182.64,0.0328515111695138,27637.084799999997,27637.084799999997
16611.0,2011-06-06 15:46:00,2011-06-06 15:46:00,10,129.49,12.949000000000002,304.4,0.0328515111695138,47300.1072,47300.1072
16612.0,2011-02-01 10:38:00,2011-11-07 07:38:00,66,1187.66,17.994848484848486,7.226762589928057,9.132720105124836,1560.5339741007197,1560.5339741007197
16613.0,2011-09-30 15:52:00,2011-09-30 15:52:00,30,618.59,20.619666666666667,913.1999999999999,0.0328515111695138,225958.5552,225958.5552
16614.0,2011-06-10 11:36:00,2011-06-10 11:36:00,26,506.19,19.468846153846155,791.4399999999999,0.0328515111695138,184901.0832,184901.0832
16616.0,2011-07-05 13:38:00,2011-11-24 16:31:00,33,500.42,15.164242424242424,7.0740845070422536,4.664914586070959,1287.2775887323944,1287.2775887323944
16617.0,2011-04-18 10:35:00,2011-04-18 10:35:00,5,151.85,30.369999999999997,152.2,0.0328515111695138,55467.768,55467.768
16618.0,2011-01-21 11:55:00,2011-11-08 13:52:00,96,2647.59,27.579062500000003,10.042061855670104,9.559789750328514,3323.4078185567014,3323.4078185567014
16619.0,2011-03-21 08:18:00,2011-03-21 08:18:00,14,226.21,16.157857142857143,426.15999999999997,0.0328515111695138,82629.98879999999,82629.98879999999
16620.0,2011-03-24 10:37:00,2011-12-06 12:19:00,9,178.96,19.884444444444444,1.0659922178988328,8.442838370565045,254.35995642023352,254.35995642023352
16621.0,2011-03-07 11:32:00,2011-10-19 11:38:00,29,813.48,28.05103448275862,3.9060176991150444,7.424441524310118,1314.8140460176992,1314.8140460176992
16623.0,2011-04-08 10:09:00,2011-04-08 10:09:00,5,129.45000000000002,25.890000000000004,152.2,0.0328515111695138,47285.49600000001,47285.49600000001
16624.0,2011-05-26 14:20:00,2011-09-20 12:39:00,48,810.57,16.886875,12.595862068965518,3.8107752956636003,2552.4569793103447,2552.4569793103447
16625.0,2011-03-10 12:50:00,2011-03-10 12:50:00,23,333.08,14.481739130434782,700.12,0.0328515111695138,121667.4624,121667.4624
16626.0,2011-03-18 12:27:00,2011-12-09 11:56:00,179,4413.1,24.65418994413408,20.56135849056604,8.705650459921156,6083.08365283019,6083.08365283019
16627.0,2011-09-21 14:38:00,2011-09-21 14:38:00,20,322.8,16.14,608.8,0.0328515111695138,117912.38399999999,117912.38399999999
16628.0,2011-04-19 08:55:00,2011-11-10 12:45:00,117,2188.05,18.701282051282053,17.373073170731708,6.734559789750328,3898.7848975609763,3898.7848975609763
16629.0,2011-09-04 16:12:00,2011-09-27 10:34:00,64,417.73,6.52703125,88.55272727272728,0.7227332457293035,6935.837018181819,6935.837018181819
16633.0,2011-04-19 14:36:00,2011-11-22 13:41:00,152,2883.1,18.967763157894737,21.42074074074074,7.09592641261498,4875.642444444444,4875.642444444444
16634.0,2010-12-02 17:41:00,2011-05-01 12:09:00,9,217.9,24.211111111111112,1.8386577181208053,4.894875164257556,534.1913557046979,534.1913557046979
16637.0,2011-04-28 10:20:00,2011-11-07 13:17:00,69,1154.47,16.73144927536232,10.882694300518136,6.340341655716163,2184.9989720207254,2184.9989720207254
16638.0,2010-12-06 10:19:00,2011-11-17 11:09:00,94,1680.72,17.88,8.269826589595375,11.366622864651774,1774.3739930635834,1774.3739930635834
16639.0,2011-04-18 09:31:00,2011-11-08 13:20:00,50,1257.51,25.150199999999998,7.46078431372549,6.701708278580814,2251.682611764706,2251.682611764706
16641.0,2011-08-26 12:49:00,2011-08-26 12:49:00,12,231.1,19.258333333333333,365.28,0.0328515111695138,84416.20799999998,84416.20799999998
16642.0,2011-05-16 12:35:00,2011-12-05 11:31:00,34,688.33,20.245,5.123564356435644,6.636005256241787,1244.7187247524753,1244.7187247524753
16643.0,2011-04-08 08:24:00,2011-04-08 08:24:00,27,487.51,18.055925925925926,821.88,0.0328515111695138,178077.6528,178077.6528
16644.0,2011-05-11 12:53:00,2011-06-15 12:39:00,62,833.78,13.448064516129032,55.50823529411765,1.1169513797634691,8957.739952941176,8957.739952941176
16647.0,2011-05-19 09:31:00,2011-06-23 11:47:00,14,214.06,15.290000000000001,12.176,1.149802890932983,2234.0524800000003,2234.0524800000003
16648.0,2011-10-28 08:58:00,2011-10-28 08:58:00,19,290.66,15.297894736842107,578.36,0.0328515111695138,106172.28480000002,106172.28480000002
16650.0,2011-09-29 09:51:00,2011-09-29 09:51:00,24,518.42,21.60083333333333,730.56,0.0328515111695138,189368.45759999997,189368.45759999997
16652.0,2011-03-11 13:13:00,2011-10-12 09:38:00,118,6773.97,57.406525423728816,16.784672897196263,7.030223390275952,11562.59701682243,11562.59701682243
16653.0,2011-09-29 13:38:00,2011-11-23 14:51:00,69,1212.66,17.574782608695653,38.18836363636364,1.8068331143232588,8053.82626909091,8053.82626909091
16654.0,2010-12-06 15:09:00,2011-07-21 15:23:00,29,601.27,20.733448275862067,3.888810572687225,7.457293035479632,967.5414343612335,967.5414343612335
16655.0,2011-01-12 10:16:00,2011-11-22 11:25:00,261,3794.52,14.538390804597702,25.30203821656051,10.315374507227332,4414.2110369426755,4414.2110369426755
16656.0,2010-12-10 11:23:00,2011-11-17 14:43:00,73,8625.8,118.16164383561643,6.497426900584795,11.235216819973719,9212.959719298244,9212.959719298244
16657.0,2011-03-30 12:02:00,2011-11-30 11:48:00,208,933.62,4.488557692307692,25.948852459016393,8.015768725361367,1397.675055737705,1397.675055737705
16658.0,2010-12-06 13:47:00,2010-12-06 13:47:00,8,123.24,15.405,243.51999999999998,0.0328515111695138,45017.1072,45017.1072
16659.0,2011-06-03 15:03:00,2011-06-03 15:03:00,2,39.12,19.56,60.879999999999995,0.0328515111695138,14289.7536,14289.7536
16660.0,2011-01-24 12:44:00,2011-11-23 14:53:00,16,1267.65,79.228125,1.6073927392739276,9.95400788436268,1528.208554455446,1528.208554455446
16665.0,2010-12-12 14:03:00,2010-12-12 14:03:00,9,135.4,15.044444444444444,273.96,0.0328515111695138,49458.912,49458.912
16666.0,2011-11-20 14:01:00,2011-11-20 14:01:00,32,118.98,3.718125,974.0799999999999,0.0328515111695138,43461.0144,43461.0144
16667.0,2011-02-28 12:57:00,2011-10-02 15:26:00,53,570.13,10.757169811320754,7.469074074074075,7.09592641261498,964.1531777777777,964.1531777777777
16668.0,2011-02-28 12:46:00,2011-11-24 17:43:00,20,306.72,15.336000000000002,2.263197026022305,8.83705650459921,416.5006750929369,416.5006750929369
16669.0,2011-09-22 14:13:00,2011-11-16 12:26:00,160,1374.87,8.5929375,90.1925925925926,1.773981603153745,9300.231733333334,9300.231733333334
16670.0,2010-12-16 10:30:00,2011-11-23 09:34:00,252,4095.9,16.25357142857143,22.49524926686217,11.202365308804204,4387.537689149561,4387.537689149561
16671.0,2011-06-28 11:20:00,2011-11-11 13:40:00,6,1692.27,282.045,1.3429411764705883,4.467805519053877,4545.238129411765,4545.238129411765
16672.0,2011-03-18 10:15:00,2011-12-07 16:29:00,114,8134.9400000000005,71.35912280701754,13.144545454545455,8.672798948751643,11255.798799999999,11255.798799999999
16674.0,2011-09-02 13:59:00,2011-10-16 11:31:00,98,319.61,3.261326530612245,69.37488372093023,1.4126149802890933,2715.0497860465116,2715.0497860465116
16676.0,2011-01-06 13:00:00,2011-11-06 12:01:00,89,1592.12,17.888988764044942,8.941122112211222,9.95400788436268,1919.371596039604,1919.371596039604
16678.0,2011-03-02 09:24:00,2011-12-07 12:17:00,163,3109.99,19.07969325153374,17.72042857142857,9.198423127463863,4057.2040971428564,4057.2040971428564
16679.0,2010-12-08 13:51:00,2010-12-08 13:51:00,3,129.75,43.25,91.32,0.0328515111695138,47395.079999999994,47395.079999999994
16680.0,2011-10-27 17:35:00,2011-10-27 17:35:00,10,183.7,18.369999999999997,304.4,0.0328515111695138,67101.93599999999,67101.93599999999
16681.0,2011-03-31 13:46:00,2011-09-28 11:11:00,44,1770.3400000000001,40.23500000000001,7.440888888888889,5.913272010512483,3592.609973333334,3592.609973333334
16682.0,2011-06-05 11:02:00,2011-12-05 12:13:00,30,1028.0,34.266666666666666,4.99016393442623,6.011826544021025,2051.9554098360654,2051.9554098360654
16684.0,2010-12-16 17:34:00,2011-12-05 14:06:00,277,66653.56,240.6265703971119,23.88634560906516,11.59658344283837,68972.27307875354,68972.27307875354
16685.0,2011-10-09 13:44:00,2011-10-09 13:58:00,62,324.24,5.2296774193548385,1887.28,0.0328515111695138,118438.3872,118438.3872
16686.0,2010-12-19 14:41:00,2011-10-23 13:49:00,585,3062.83,5.235606837606838,58.004560260586324,10.085413929040735,3644.2688677524434,3644.2688677524434
16688.0,2011-10-10 12:23:00,2011-12-08 15:24:00,62,1260.8600000000001,20.33645161290323,31.987796610169493,1.938239159001314,7806.219335593221,7806.219335593221
16689.0,2011-09-18 13:29:00,2011-09-25 11:39:00,13,422.6,32.50769230769231,65.95333333333333,0.19710906701708278,25727.888,25727.888
16690.0,2011-05-22 10:53:00,2011-09-28 15:02:00,12,225.58,18.798333333333336,2.831627906976744,4.23784494086728,638.758623255814,638.758623255814
16692.0,2011-02-23 15:41:00,2011-03-28 14:46:00,3,1276.0,425.3333333333333,2.85375,1.0512483574244416,14565.539999999997,14565.539999999997
16693.0,2011-03-13 11:06:00,2011-10-02 11:10:00,60,482.01,8.0335,8.997044334975369,6.668856767411301,867.3330679802955,867.3330679802955
16696.0,2011-04-05 15:20:00,2011-07-27 14:23:00,10,657.9,65.78999999999999,2.717857142857143,3.679369250985545,2145.693857142857,2145.693857142857
16697.0,2011-04-12 17:12:00,2011-04-12 17:12:00,21,112.75,5.369047619047619,639.24,0.0328515111695138,41185.31999999999,41185.31999999999
16698.0,2011-03-31 13:33:00,2011-04-27 10:52:00,5,1998.0,399.6,5.853846153846154,0.8541392904073587,28070.36307692308,28070.36307692308
16700.0,2010-12-08 16:34:00,2011-12-01 11:00:00,308,5076.55,16.482305194805196,26.26196078431373,11.727989487516425,5194.291831932774,5194.291831932774
16701.0,2010-12-13 11:51:00,2011-12-01 11:10:00,144,5398.3,37.488194444444446,12.452727272727273,11.563731931668856,5601.963136363636,5601.963136363636
16705.0,2010-12-16 10:51:00,2011-12-09 12:08:00,270,14034.99,51.98144444444444,22.957541899441342,11.76084099868594,14320.394265921788,14320.394265921788
16706.0,2011-08-17 15:53:00,2011-11-02 13:50:00,123,531.35,4.319918699186992,49.264736842105265,2.4967148488830486,2553.8358947368424,2553.8358947368424
16708.0,2011-10-25 12:20:00,2011-10-25 12:20:00,27,656.63,24.31962962962963,821.88,0.0328515111695138,239853.8064,239853.8064
16709.0,2011-03-03 10:55:00,2011-09-16 10:56:00,79,3029.87,38.35278481012658,12.206903553299492,6.471747700394218,5618.024942131979,5618.024942131979
16710.0,2010-12-06 13:13:00,2011-11-20 14:50:00,402,2483.04,6.1767164179104475,35.062693409742124,11.465177398160314,2598.8677684813756,2598.8677684813756
16711.0,2010-12-17 12:43:00,2011-12-06 16:32:00,22,1651.03,75.04681818181818,1.8917514124293786,11.629434954007884,1703.6390915254237,1703.6390915254237
16712.0,2011-03-08 15:07:00,2011-11-30 13:48:00,447,3645.43,8.155324384787471,51.15293233082706,8.73850197109067,5006.025076691729,5006.025076691729
16713.0,2010-12-08 13:01:00,2011-11-21 12:36:00,624,6923.13,11.094759615384616,54.739365994236316,11.399474375821287,7287.841286455333,7287.841286455333
16714.0,2011-01-26 13:40:00,2011-05-05 11:09:00,93,1161.53,12.489569892473117,28.886938775510206,3.219448094612352,4329.425289795918,4329.425289795918
16715.0,2011-09-22 18:15:00,2011-09-22 18:15:00,19,301.71999999999997,15.879999999999999,578.36,0.0328515111695138,110212.28159999999,110212.28159999999
16716.0,2011-02-01 15:35:00,2011-03-18 10:03:00,2,901.2,450.6,1.3836363636363638,1.445466491458607,7481.598545454546,7481.598545454546
16717.0,2010-12-08 16:48:00,2011-11-16 12:16:00,199,3858.38,19.38884422110553,17.71216374269006,11.235216819973719,4121.020603508772,4121.020603508772
16718.0,2010-12-05 13:03:00,2010-12-05 13:03:00,45,623.75,13.86111111111111,1369.8,0.0328515111695138,227843.39999999997,227843.39999999997
16719.0,2010-12-06 12:06:00,2011-11-25 09:27:00,201,1790.42,8.907562189054726,17.332691218130314,11.59658344283837,1852.7042991501419,1852.7042991501419
16720.0,2011-11-13 16:22:00,2011-11-13 16:22:00,27,155.24,5.74962962962963,821.88,0.0328515111695138,56706.067200000005,56706.067200000005
16721.0,2011-03-22 16:08:00,2011-03-22 16:08:00,37,292.47,7.904594594594595,1126.28,0.0328515111695138,106833.44159999999,106833.44159999999
16722.0,2010-12-06 12:59:00,2011-11-22 13:28:00,225,4730.81,21.025822222222224,19.512820512820515,11.530880420499342,4923.277141880343,4923.277141880343
16723.0,2011-08-24 11:31:00,2011-09-09 13:01:00,43,589.15,13.701162790697675,81.80749999999999,0.5256241787122208,13450.2945,13450.2945
16725.0,2010-12-03 16:02:00,2011-02-10 16:52:00,151,781.02,5.172317880794702,66.61507246376812,2.266754270696452,4134.651965217391,4134.651965217391
16726.0,2010-12-13 13:28:00,2011-11-13 14:53:00,185,1382.02,7.470378378378379,16.810149253731346,11.005256241787121,1506.938106268657,1506.938106268657
16727.0,2010-12-10 13:48:00,2010-12-10 13:48:00,46,272.82,5.9308695652173915,1400.24,0.0328515111695138,99655.68960000001,99655.68960000001
16728.0,2011-03-20 13:28:00,2011-10-24 14:36:00,269,1054.67,3.9207063197026026,37.561284403669724,7.1616294349540075,1767.2011816513764,1767.2011816513764
16729.0,2011-04-12 14:22:00,2011-11-01 14:29:00,660,7239.92,10.969575757575758,98.96748768472906,6.668856767411301,13027.576244334976,13027.576244334976
16730.0,2011-01-24 14:01:00,2011-10-18 14:11:00,82,743.11,9.062317073170732,9.348614232209739,8.771353482260183,1016.6412764044945,1016.6412764044945
16732.0,2011-11-08 09:54:00,2011-11-08 09:54:00,28,603.75,21.5625,852.3199999999999,0.0328515111695138,220537.8,220537.8
16734.0,2011-08-17 15:00:00,2011-10-18 13:44:00,53,650.51,12.27377358490566,26.447868852459017,2.0039421813403417,3895.381849180328,3895.381849180328
16735.0,2011-01-09 12:53:00,2011-09-22 11:49:00,125,2300.56,18.40448,14.92156862745098,8.377135348226018,3295.484536470588,3295.484536470588
16737.0,2011-10-17 13:03:00,2011-10-17 13:03:00,1,417.6,417.6,30.439999999999998,0.0328515111695138,152540.928,152540.928
16738.0,2011-02-15 09:46:00,2011-02-15 09:46:00,1,3.75,3.75,30.439999999999998,0.0328515111695138,1369.8,1369.8
16739.0,2011-06-16 09:17:00,2011-06-16 09:17:00,13,323.0,24.846153846153847,395.71999999999997,0.0328515111695138,117985.43999999999,117985.43999999999
16742.0,2011-10-24 12:02:00,2011-10-24 12:02:00,1,464.9,464.9,30.439999999999998,0.0328515111695138,169818.672,169818.672
16743.0,2010-12-16 12:15:00,2011-11-10 13:13:00,191,2238.09,11.717748691099477,17.671854103343467,10.808147174770038,2484.8921434650456,2484.8921434650456
16744.0,2011-06-19 15:13:00,2011-11-28 13:06:00,242,1304.76,5.391570247933884,45.75453416149068,5.289093298291721,2960.265421118012,2960.265421118012
16745.0,2011-02-01 11:31:00,2011-09-14 11:58:00,357,7194.3,20.152100840336136,48.29813333333334,7.391590013140604,11679.706240000003,11679.706240000003
16746.0,2010-12-16 11:43:00,2011-12-05 12:33:00,449,6697.66,14.91683741648107,38.60892655367232,11.629434954007884,6911.076962711865,6911.076962711865
16747.0,2011-10-03 10:18:00,2011-11-02 11:37:00,42,836.0600000000001,19.906190476190478,42.616,0.9855453350854139,10179.86656,10179.86656
16748.0,2011-01-09 13:50:00,2011-11-22 10:17:00,69,1515.9,21.969565217391306,6.646708860759493,10.38107752956636,1752.3036455696201,1752.3036455696201
16750.0,2011-04-21 16:53:00,2011-10-26 12:48:00,95,623.93,6.567684210526315,15.464171122994653,6.14323258869908,1218.7655101604278,1218.7655101604278
16751.0,2011-11-09 10:48:00,2011-11-09 10:48:00,25,1764.72,70.5888,761.0,0.0328515111695138,644616.9216,535875.9878400022
16752.0,2010-12-02 12:18:00,2010-12-02 12:18:00,9,207.5,23.055555555555557,273.96,0.0328515111695138,75795.6,75795.6
16753.0,2011-10-12 13:14:00,2011-10-12 13:14:00,34,223.92000000000002,6.5858823529411765,1034.96,0.0328515111695138,81793.4976,81793.4976
16754.0,2010-12-02 17:38:00,2010-12-02 17:38:00,2,2002.4,1001.2,60.879999999999995,0.0328515111695138,731436.672,535875.9878400022
16755.0,2011-01-28 10:47:00,2011-08-17 13:21:00,170,1496.83,8.804882352941176,25.745273631840796,6.603153745072273,2720.2092656716413,2720.2092656716413
16756.0,2011-05-09 09:33:00,2011-05-09 09:33:00,13,239.4,18.415384615384617,395.71999999999997,0.0328515111695138,87448.032,87448.032
16757.0,2011-01-25 11:59:00,2011-01-25 11:59:00,7,106.83000000000001,15.261428571428572,213.07999999999998,0.0328515111695138,39022.8624,39022.8624
16758.0,2011-10-05 14:47:00,2011-10-05 14:47:00,22,369.34000000000003,16.78818181818182,669.68,0.0328515111695138,134912.5152,134912.5152
16759.0,2011-11-09 09:06:00,2011-12-02 12:42:00,42,789.79,18.804523809523808,55.58608695652174,0.7555847568988173,12543.238747826086,12543.238747826086
16761.0,2011-09-04 11:15:00,2011-09-04 11:15:00,13,316.62,24.355384615384615,395.71999999999997,0.0328515111695138,115654.95360000001,115654.95360000001
16762.0,2011-07-18 12:52:00,2011-11-20 11:43:00,89,1501.38,16.869438202247192,21.848064516129032,4.073587385019711,4422.774890322581,4422.774890322581
16763.0,2011-05-25 11:52:00,2011-05-25 11:52:00,23,611.8499999999999,26.602173913043476,700.12,0.0328515111695138,223496.568,223496.568
16764.0,2011-07-19 17:17:00,2011-12-06 11:41:00,706,2799.25,3.9649433427762037,154.60892086330935,4.566360052562418,7356.187338129496,7356.187338129496
16765.0,2011-02-18 15:41:00,2011-02-18 15:41:00,1,34.0,34.0,30.439999999999998,0.0328515111695138,12419.52,12419.52
16766.0,2011-03-11 13:34:00,2011-03-11 15:22:00,34,1145.6,33.69411764705882,1034.96,0.0328515111695138,418464.768,418464.768
16767.0,2011-01-27 13:38:00,2011-11-09 09:42:00,222,5580.6,25.13783783783784,23.711157894736843,9.362680683311432,7152.566905263158,7152.566905263158
16768.0,2011-03-13 10:25:00,2011-10-23 10:38:00,54,478.09000000000003,8.85351851851852,7.338214285714286,7.35873850197109,779.628192857143,779.628192857143
16769.0,2011-03-24 13:41:00,2011-03-24 13:41:00,40,380.39,9.50975,1217.6,0.0328515111695138,138948.8592,138948.8592
16770.0,2010-12-02 15:49:00,2011-10-13 12:21:00,145,770.1,5.311034482758621,14.056687898089171,10.315374507227332,895.8666496815288,895.8666496815288
16771.0,2011-01-05 13:57:00,2011-11-06 13:28:00,255,2246.81,8.811019607843138,25.533552631578946,9.986859395532194,2699.719594736842,2699.719594736842
16773.0,2011-10-13 14:37:00,2011-10-13 14:37:00,26,171.59,6.599615384615385,791.4399999999999,0.0328515111695138,62678.3952,62678.3952
16774.0,2011-06-14 12:45:00,2011-10-03 12:41:00,48,661.52,13.781666666666666,13.282909090909092,3.6136662286465175,2196.7275054545453,2196.7275054545453
16775.0,2010-12-07 15:15:00,2011-11-29 15:22:00,158,1695.66,10.732025316455697,13.472044817927172,11.727989487516425,1734.9879126050423,1734.9879126050423
16776.0,2011-10-10 13:04:00,2011-10-10 13:04:00,76,388.28,5.1089473684210525,2313.44,0.0328515111695138,141830.9184,141830.9184
16777.0,2011-03-27 14:34:00,2011-09-20 13:41:00,50,226.35,4.527,8.647727272727273,5.781865965834428,469.7791363636364,469.7791363636364
16778.0,2011-03-10 15:21:00,2011-09-26 13:48:00,16,245.94,15.37125,2.4474371859296484,6.5374507227332455,451.4420261306533,451.4420261306533
16779.0,2010-12-08 09:56:00,2011-12-07 14:54:00,333,10629.72,31.92108108108108,27.84758241758242,11.957950065703022,10667.099235164835,10667.099235164835
16780.0,2011-03-25 17:34:00,2011-08-31 16:09:00,60,425.19,7.0865,11.559493670886075,5.19053876478318,982.9962227848101,982.9962227848101
16781.0,2010-12-02 14:26:00,2010-12-02 14:26:00,17,311.25,18.308823529411764,517.48,0.0328515111695138,113693.40000000001,113693.40000000001
16782.0,2010-12-09 11:28:00,2011-11-29 13:20:00,190,2279.9,11.999473684210527,16.291830985915496,11.662286465177397,2345.9207661971836,2345.9207661971836
16784.0,2011-11-20 12:20:00,2011-11-20 12:20:00,3,107.6,35.86666666666667,91.32,0.0328515111695138,39304.128,39304.128
16788.0,2011-03-30 13:05:00,2011-08-08 14:53:00,155,597.48,3.854709677419355,36.01679389312977,4.303547963206308,1666.011407633588,1666.011407633588
16789.0,2011-12-01 15:12:00,2011-12-01 15:12:00,5,80.80000000000001,16.160000000000004,152.2,0.0328515111695138,29514.624000000007,29514.624000000007
16790.0,2011-11-02 11:23:00,2011-12-06 11:53:00,93,1545.6200000000001,16.61956989247312,83.26235294117647,1.1169513797634691,16605.413929411767,16605.413929411767
16791.0,2011-01-11 15:42:00,2011-11-10 19:12:00,320,1721.78,5.3805625,32.14785478547855,9.95400788436268,2075.6825029702973,2075.6825029702973
16792.0,2011-03-02 14:39:00,2011-03-02 14:41:00,12,110.38,9.198333333333332,365.28,0.0328515111695138,40319.6064,40319.6064
16793.0,2011-10-13 15:08:00,2011-10-13 15:08:00,16,243.84,15.24,487.03999999999996,0.0328515111695138,89069.8752,89069.8752
16794.0,2011-06-12 14:15:00,2011-12-08 17:54:00,285,1222.71,4.290210526315789,48.4659217877095,5.88042049934297,2495.1480938547484,2495.1480938547484
16795.0,2010-12-09 14:08:00,2010-12-09 14:08:00,66,414.88,6.286060606060606,2009.04,0.0328515111695138,151547.3664,151547.3664
16796.0,2011-09-11 14:01:00,2011-09-11 14:01:00,18,305.62,16.97888888888889,547.92,0.0328515111695138,111636.87359999999,111636.87359999999
16800.0,2011-11-28 14:06:00,2011-11-28 14:06:00,164,1201.49,7.326158536585366,4992.16,0.0328515111695138,438880.2672,438880.2672
16801.0,2011-03-11 13:56:00,2011-06-29 15:33:00,76,1619.73,21.312236842105264,21.03127272727273,3.6136662286465175,5378.681585454547,5378.681585454547
16803.0,2011-10-05 14:28:00,2011-10-05 14:28:00,24,332.3,13.845833333333333,730.56,0.0328515111695138,121382.544,121382.544
16804.0,2011-03-14 15:48:00,2011-11-16 16:43:00,60,536.99,8.949833333333334,7.394331983805668,8.114323258869907,794.1364663967613,794.1364663967613
16805.0,2010-12-14 13:35:00,2011-06-19 11:23:00,98,460.59000000000003,4.699897959183674,16.038279569892474,6.110381077529566,904.5393290322581,904.5393290322581
16806.0,2011-04-14 19:59:00,2011-08-28 15:27:00,103,801.49,7.781456310679611,23.224592592592593,4.434954007884363,2168.6538311111112,2168.6538311111112
16807.0,2011-03-14 09:46:00,2011-07-20 12:00:00,67,1121.59,16.740149253731342,15.9334375,4.204993429697766,3200.7374625,3200.7374625
16808.0,2011-03-10 19:05:00,2011-09-01 19:34:00,23,288.42,12.540000000000001,4.000685714285714,5.7490144546649145,602.0231862857142,602.0231862857142
16809.0,2011-03-22 15:20:00,2011-11-16 15:45:00,149,914.69,6.138859060402685,18.97723849372385,7.851511169513797,1397.9831096234311,1397.9831096234311
16810.0,2011-05-31 15:32:00,2011-05-31 15:32:00,15,309.54,20.636000000000003,456.59999999999997,0.0328515111695138,113068.7712,113068.7712
16811.0,2011-11-22 17:19:00,2011-12-05 11:39:00,28,547.07,19.538214285714286,71.02666666666667,0.39421813403416556,16652.8108,16652.8108
16812.0,2010-12-14 12:35:00,2010-12-14 12:35:00,15,479.35,31.956666666666667,456.59999999999997,0.0328515111695138,175096.968,175096.968
16813.0,2011-05-19 13:28:00,2011-12-01 14:03:00,449,1692.98,3.7705567928730512,69.73244897959184,6.438896189224704,3155.161910204082,3155.161910204082
16814.0,2010-12-05 11:45:00,2011-11-25 13:27:00,324,6509.1,20.089814814814815,27.78185915492958,11.662286465177397,6697.588867605635,6697.588867605635
16816.0,2010-12-16 17:01:00,2011-08-28 14:16:00,28,417.06,14.895,3.3555905511811024,8.344283837056505,599.7782551181102,599.7782551181102
16817.0,2010-12-06 14:19:00,2011-12-07 11:03:00,86,1604.75,18.65988372093023,7.172164383561644,11.990801576872535,1605.9810410958903,1605.9810410958903
16818.0,2011-05-18 11:42:00,2011-11-29 10:41:00,188,3349.57,17.81686170212766,29.498556701030928,6.3731931668856765,6306.86046185567,6306.86046185567
16820.0,2011-09-05 12:06:00,2011-09-05 12:06:00,26,497.61,19.138846153846153,791.4399999999999,0.0328515111695138,181766.9808,181766.9808
16823.0,2011-04-26 15:00:00,2011-04-26 15:00:00,38,358.38,9.431052631578947,1156.72,0.0328515111695138,130909.04639999999,130909.04639999999
16824.0,2011-06-28 13:36:00,2011-11-24 12:38:00,26,460.64,17.716923076923077,5.347567567567568,4.862023653088042,1136.9093189189189,1136.9093189189189
16825.0,2011-06-07 09:44:00,2011-11-01 11:51:00,28,775.18,27.685,5.798095238095238,4.829172141918528,1926.2432,1926.2432
16826.0,2011-10-19 14:05:00,2011-10-19 14:05:00,22,341.7,15.531818181818181,669.68,0.0328515111695138,124816.17599999998,124816.17599999998
16828.0,2011-08-19 13:24:00,2011-09-07 15:10:00,8,128.5,16.0625,12.816842105263158,0.6241787122207622,2470.446315789474,2470.446315789474
16829.0,2011-07-06 10:48:00,2011-07-06 10:48:00,11,197.22,17.92909090909091,334.84,0.0328515111695138,72040.52160000001,72040.52160000001
16830.0,2011-11-01 11:35:00,2011-11-01 11:35:00,23,325.91,14.170000000000002,700.12,0.0328515111695138,119048.40480000002,119048.40480000002
16832.0,2011-05-06 14:12:00,2011-06-08 15:36:00,12,199.15,16.595833333333335,11.069090909090908,1.0840998685939554,2204.4094545454545,2204.4094545454545
16833.0,2011-01-09 13:02:00,2011-12-08 14:39:00,47,1106.53,23.5431914893617,4.296336336336337,10.939553219448094,1213.7936288288288,1213.7936288288288
16834.0,2011-04-26 09:37:00,2011-04-26 09:37:00,24,413.46,17.2275,730.56,0.0328515111695138,151028.66879999998,151028.66879999998
16835.0,2010-12-01 17:15:00,2011-08-03 13:50:00,10,180.85,18.085,1.2475409836065574,8.015768725361367,270.7413442622951,270.7413442622951
16836.0,2011-08-15 12:38:00,2011-10-31 10:05:00,11,251.87,22.89727272727273,4.4057894736842105,2.4967148488830486,1210.5667578947368,1210.5667578947368
16837.0,2011-04-08 08:48:00,2011-11-08 14:27:00,165,3170.98,19.218060606060607,23.470093457943925,7.030223390275952,5412.596142056074,5412.596142056074
16838.0,2011-02-24 15:01:00,2011-05-26 13:13:00,25,588.85,23.554000000000002,8.455555555555556,2.9566360052562417,2389.945866666667,2389.945866666667
16839.0,2010-12-05 11:15:00,2011-12-01 09:03:00,266,16594.35,62.38477443609022,22.491777777777777,11.826544021024967,16837.733799999995,16837.733799999995
16841.0,2011-02-25 12:40:00,2011-11-03 11:51:00,116,1869.82,16.119137931034484,14.12416,8.21287779237845,2732.0313984,2732.0313984
16842.0,2011-02-10 14:51:00,2011-08-31 10:42:00,63,1264.19,20.066507936507936,9.54089552238806,6.603153745072273,2297.4294686567164,2297.4294686567164
16843.0,2011-01-16 16:10:00,2011-10-28 09:06:00,378,10196.57,26.97505291005291,40.515211267605636,9.329829172141919,13114.799611267608,13114.799611267608
16846.0,2011-10-20 13:55:00,2011-10-20 13:55:00,11,214.32,19.483636363636364,334.84,0.0328515111695138,78286.8096,78286.8096
16847.0,2011-10-27 13:29:00,2011-10-27 13:29:00,12,193.44,16.12,365.28,0.0328515111695138,70659.76319999999,70659.76319999999
16848.0,2011-10-18 08:42:00,2011-10-18 08:42:00,14,281.42,20.101428571428574,426.15999999999997,0.0328515111695138,102797.09760000001,102797.09760000001
16849.0,2011-06-06 09:16:00,2011-06-06 09:16:00,8,124.57,15.57125,243.51999999999998,0.0328515111695138,45502.929599999996,45502.929599999996
16850.0,2011-01-10 11:09:00,2011-01-10 11:09:00,19,332.41,17.495263157894737,578.36,0.0328515111695138,121422.7248,121422.7248
16851.0,2011-10-19 09:48:00,2011-12-05 13:32:00,20,342.45,17.1225,12.953191489361702,1.5440210249671484,2661.4922553191486,2661.4922553191486
16852.0,2011-06-16 15:49:00,2011-11-29 13:22:00,9,144.91,16.10111111111111,1.6603636363636365,5.4204993429697765,320.8043927272727,320.8043927272727
16855.0,2011-10-27 16:31:00,2011-11-16 12:03:00,19,328.40000000000003,17.284210526315793,30.44,0.6241787122207622,6313.576421052634,6313.576421052634
16856.0,2011-11-25 08:59:00,2011-11-25 08:59:00,2,35.400000000000006,17.700000000000003,60.879999999999995,0.0328515111695138,12930.912,12930.912
16858.0,2010-12-06 09:52:00,2010-12-06 09:52:00,10,375.69000000000005,37.569,304.4,0.0328515111695138,137232.04320000001,137232.04320000001
16859.0,2011-03-23 13:39:00,2011-07-18 12:19:00,52,747.81,14.380961538461538,13.645517241379311,3.8107752956636003,2354.8279034482757,2354.8279034482757
16861.0,2011-07-04 15:38:00,2011-10-11 09:05:00,6,173.76,28.959999999999997,1.8636734693877552,3.219448094612352,647.6638040816326,647.6638040816326
16863.0,2010-12-08 08:58:00,2011-11-08 15:26:00,26,502.8,19.338461538461537,2.362507462686567,11.005256241787121,548.2471164179104,548.2471164179104
16866.0,2011-07-01 12:34:00,2011-07-22 10:06:00,11,207.74,18.885454545454547,16.742,0.657030223390276,3794.1633600000005,3794.1633600000005
16869.0,2011-06-17 13:01:00,2011-11-17 12:02:00,128,825.4200000000001,6.448593750000001,25.633684210526315,4.993429697766097,1983.6145894736844,1983.6145894736844
16871.0,2011-03-14 10:31:00,2011-11-17 19:27:00,137,2812.34,20.528029197080293,16.815645161290323,8.147174770039422,4142.304658064517,4142.304658064517
16872.0,2011-06-08 14:32:00,2011-09-23 16:05:00,7,680.02,97.14571428571428,1.9914018691588786,3.515111695137976,2321.4738841121493,2321.4738841121493
16873.0,2010-12-10 15:45:00,2011-12-05 12:05:00,279,7123.62,25.53268817204301,23.656713091922008,11.793692509855452,7248.233742618385,7248.233742618385
16875.0,2011-01-04 10:37:00,2011-10-03 13:39:00,112,2095.53,18.710089285714286,12.534117647058823,8.935611038107753,2814.173523529412,2814.173523529412
16877.0,2011-05-15 16:13:00,2011-11-27 13:47:00,159,853.72,5.369308176100629,24.820307692307694,6.40604467805519,1599.2145723076924,1599.2145723076924
16878.0,2011-09-16 17:39:00,2011-09-16 17:39:00,3,13.3,4.433333333333334,91.32,0.0328515111695138,4858.224,4858.224
16880.0,2011-06-03 16:45:00,2011-11-09 11:33:00,178,1519.08,8.534157303370787,34.293164556962026,5.19053876478318,3511.9591291139245,3511.9591291139245
16881.0,2011-10-04 10:33:00,2011-10-04 10:33:00,1,432.0,432.0,30.439999999999998,0.0328515111695138,157800.95999999996,157800.95999999996
16882.0,2011-01-26 17:43:00,2011-10-04 10:42:00,39,705.12,18.080000000000002,4.74864,8.21287779237845,1030.2649344000001,1030.2649344000001
16883.0,2010-12-03 10:33:00,2011-06-05 12:51:00,38,276.73,7.282368421052632,6.286521739130435,6.044678055190539,549.3692086956522,549.3692086956522
16884.0,2011-11-02 10:16:00,2011-11-02 11:52:00,26,429.84,16.53230769230769,791.4399999999999,0.0328515111695138,157011.95519999997,157011.95519999997
16885.0,2010-12-17 17:23:00,2011-11-24 13:40:00,101,471.51,4.668415841584158,9.015953079178887,11.202365308804204,505.08261818181825,505.08261818181825
16887.0,2011-11-04 14:07:00,2011-11-04 14:07:00,37,194.88,5.2670270270270265,1126.28,0.0328515111695138,71185.7664,71185.7664
16889.0,2011-01-07 10:47:00,2011-05-29 11:05:00,135,1578.67,11.693851851851852,28.93943661971831,4.664914586070959,4060.961814084507,4060.961814084507
16891.0,2010-12-03 11:35:00,2011-12-08 11:15:00,203,809.7,3.9886699507389163,16.746124661246615,12.12220762155059,801.5371707317074,801.5371707317074
16892.0,2011-06-09 11:35:00,2011-12-08 13:18:00,99,525.54,5.308484848484848,16.55802197802198,5.978975032851511,1054.7761054945056,1054.7761054945056
16893.0,2010-12-08 12:06:00,2010-12-08 12:06:00,45,145.93,3.242888888888889,1369.8,0.0328515111695138,53305.3104,53305.3104
16895.0,2011-10-06 12:15:00,2011-10-06 12:15:00,69,219.14,3.175942028985507,2100.36,0.0328515111695138,80047.4592,80047.4592
16897.0,2011-01-30 11:52:00,2011-02-13 15:02:00,37,289.78,7.831891891891891,80.44857142857143,0.45992115637319314,7560.774171428569,7560.774171428569
16898.0,2010-12-06 12:23:00,2011-11-13 15:44:00,162,508.81,3.1408024691358025,14.418947368421053,11.235216819973719,543.4447859649124,543.4447859649124
16899.0,2010-12-14 13:11:00,2011-12-02 12:03:00,125,1281.56,10.25248,10.809659090909092,11.563731931668856,1329.9097636363638,1329.9097636363638
16900.0,2011-10-07 13:17:00,2011-11-23 10:32:00,79,887.11,11.229240506329115,52.27739130434783,1.5111695137976346,7044.424800000001,7044.424800000001
16902.0,2011-08-15 14:17:00,2011-08-15 14:17:00,44,1706.88,38.79272727272728,1339.36,0.0328515111695138,623489.1264,535875.9878400022
16903.0,2011-11-10 15:32:00,2011-11-10 15:32:00,60,373.24,6.220666666666667,1826.3999999999999,0.0328515111695138,136337.1072,136337.1072
16904.0,2010-12-07 13:29:00,2011-12-05 13:10:00,710,3754.27,5.287704225352113,59.70276243093923,11.892247043363994,3788.286590055249,3788.286590055249
16905.0,2010-12-03 10:43:00,2011-12-04 14:01:00,208,3102.43,14.915528846153846,17.299234972677596,12.02365308804205,3096.3268590163934,3096.3268590163934
16906.0,2011-04-05 12:30:00,2011-09-19 11:49:00,93,579.77,6.234086021505376,17.053734939759035,5.45335085413929,1275.7734072289154,1275.7734072289154
16907.0,2010-12-09 16:52:00,2011-11-10 18:04:00,151,981.65,6.500993377483444,13.679880952380953,11.038107752956636,1067.1937857142857,1067.1937857142857
16909.0,2011-09-28 16:45:00,2011-09-28 16:45:00,18,379.14,21.063333333333333,547.92,0.0328515111695138,138492.25919999997,138492.25919999997
16910.0,2011-09-09 14:14:00,2011-12-05 12:51:00,547,1510.06,2.7606215722120657,193.61255813953488,2.8252299605781865,6413.892055813954,6413.892055813954
16912.0,2011-01-20 15:42:00,2011-11-11 12:18:00,101,2575.38,25.49881188118812,10.457278911564625,9.658344283837057,3199.778253061225,3199.778253061225
16913.0,2011-02-22 12:56:00,2011-02-22 12:56:00,8,113.44,14.18,243.51999999999998,0.0328515111695138,41437.36319999999,41437.36319999999
16914.0,2011-11-03 15:27:00,2011-11-03 15:27:00,38,208.46,5.4857894736842105,1156.72,0.0328515111695138,76146.26879999999,76146.26879999999
16915.0,2011-03-01 09:52:00,2011-11-30 16:39:00,57,621.6800000000001,10.906666666666668,6.332408759124087,9.00131406044678,828.7856583941606,828.7856583941606
16916.0,2010-12-02 13:14:00,2011-11-16 12:08:00,143,576.26,4.029790209790209,12.5083908045977,11.432325886990801,604.8742896551723,604.8742896551723
16917.0,2011-03-08 11:55:00,2011-03-08 11:55:00,9,391.52,43.50222222222222,273.96,0.0328515111695138,143014.4256,143014.4256
16918.0,2011-01-26 17:37:00,2011-10-21 12:50:00,128,1068.82,8.35015625,14.592958801498128,8.771353482260183,1462.2418337078652,1462.2418337078652
16919.0,2010-12-06 12:52:00,2011-07-06 13:35:00,327,2596.45,7.940214067278287,46.9522641509434,6.964520367936925,4473.732339622641,4473.732339622641
16921.0,2011-10-09 16:22:00,2011-10-09 16:22:00,60,169.79,2.829833333333333,1826.3999999999999,0.0328515111695138,62020.8912,62020.8912
16923.0,2010-12-12 11:06:00,2011-11-27 13:00:00,672,7247.61,10.785133928571428,58.4448,11.498028909329829,7564.019945142856,7564.019945142856
16924.0,2011-09-16 12:54:00,2011-11-18 12:53:00,83,846.75,10.201807228915662,40.75032258064516,2.0367936925098555,4988.723225806451,4988.723225806451
16926.0,2010-12-03 13:42:00,2010-12-03 13:42:00,14,230.25,16.446428571428573,426.15999999999997,0.0328515111695138,84105.72,84105.72
16927.0,2010-12-13 11:57:00,2011-08-16 11:10:00,6,543.05,90.50833333333333,0.7454693877551021,8.04862023653088,809.6543020408162,809.6543020408162
16928.0,2010-12-01 15:21:00,2011-09-20 15:10:00,209,2847.6,13.62488038277512,21.78753424657534,9.592641261498029,3562.2305753424653,3562.2305753424653
16929.0,2011-07-07 12:39:00,2011-12-06 08:37:00,77,1295.39,16.823246753246753,15.522384105960265,4.9605781865965834,3133.6427761589407,3133.6427761589407
16930.0,2011-10-02 14:25:00,2011-11-13 16:13:00,54,380.55,7.0472222222222225,39.137142857142855,1.3797634691195795,3309.697714285714,3309.697714285714
16931.0,2010-12-05 11:40:00,2011-12-04 13:15:00,898,4604.22,5.127193763919822,75.09648351648352,11.957950065703022,4620.410663736264,4620.410663736264
16932.0,2011-10-17 14:12:00,2011-10-17 14:12:00,53,161.94,3.0554716981132075,1613.32,0.0328515111695138,59153.443199999994,59153.443199999994
16933.0,2011-04-14 13:33:00,2011-12-08 12:54:00,44,563.23,12.800681818181818,5.651308016877637,7.7858081471747695,868.0871493670886,868.0871493670886
16934.0,2011-10-16 12:25:00,2011-10-16 12:40:00,62,950.9300000000001,15.33758064516129,1887.28,0.0328515111695138,347355.7104,347355.7104
16936.0,2011-11-14 11:04:00,2011-11-14 11:04:00,57,262.68,4.608421052631579,1735.08,0.0328515111695138,95951.75039999999,95951.75039999999
16938.0,2011-02-04 09:34:00,2011-12-01 10:20:00,241,2736.38,11.354273858921163,24.453466666666667,9.85545335085414,3331.816288,3331.816288
16940.0,2011-02-23 12:27:00,2011-10-18 13:15:00,305,3049.88,9.99960655737705,39.17383966244726,7.7858081471747695,4700.6758075949365,4700.6758075949365
16942.0,2011-04-26 11:59:00,2011-11-27 12:40:00,281,1920.59,6.834839857651246,39.78437209302326,7.063074901445466,3263.0377451162794,3263.0377451162794
16943.0,2011-01-25 14:00:00,2011-05-12 11:57:00,33,816.73,24.74939393939394,9.476603773584905,3.4822601839684624,2814.4824,2814.4824
16945.0,2010-12-16 17:49:00,2011-11-18 11:39:00,249,4345.5,17.451807228915662,22.558214285714286,11.038107752956636,4724.1792857142855,4724.1792857142855
16947.0,2011-04-18 09:38:00,2011-04-18 09:38:00,21,406.48,19.356190476190477,639.24,0.0328515111695138,148479.01440000001,148479.01440000001
16948.0,2011-01-18 10:58:00,2011-07-24 12:46:00,19,435.02,22.89578947368421,3.0928342245989304,6.14323258869908,849.7545754010695,849.7545754010695
16949.0,2011-01-27 12:11:00,2011-12-06 11:07:00,60,1286.27,21.437833333333334,5.8538461538461535,10.249671484888305,1505.9253384615383,1505.9253384615383
16950.0,2010-12-07 15:20:00,2011-10-14 09:06:00,42,1178.56,28.06095238095238,4.124129032258065,10.183968462549277,1388.7238606451613,1388.7238606451613
16951.0,2011-02-08 14:58:00,2011-07-28 12:05:00,86,1277.75,14.857558139534884,15.490177514792899,5.551905387647832,2761.7545562130176,2761.7545562130176
16952.0,2011-08-22 12:58:00,2011-08-22 13:03:00,16,167.61,10.475625,487.03999999999996,0.0328515111695138,61224.580799999996,61224.580799999996
16953.0,2011-11-09 15:54:00,2011-11-09 15:54:00,1,20.8,20.8,30.439999999999998,0.0328515111695138,7597.823999999999,7597.823999999999
16954.0,2010-12-15 10:41:00,2011-12-09 09:46:00,54,2085.08,38.61259259259259,4.5915083798882685,11.76084099868594,2127.480509497207,2127.480509497207
16955.0,2010-12-01 13:31:00,2011-06-08 10:36:00,25,518.67,20.746799999999997,4.047872340425532,6.176084099868594,1007.7647744680851,1007.7647744680851
16956.0,2011-11-22 08:56:00,2011-11-22 08:56:00,16,308.74,19.29625,487.03999999999996,0.0328515111695138,112776.5472,112776.5472
16957.0,2011-03-03 09:25:00,2011-04-14 13:56:00,16,416.64,26.04,11.596190476190477,1.3797634691195795,3623.5776000000005,3623.5776000000005
16959.0,2011-09-13 15:03:00,2011-09-13 15:03:00,7,117.35000000000001,16.764285714285716,213.07999999999998,0.0328515111695138,42865.608,42865.608
16960.0,2011-04-01 11:54:00,2011-11-01 11:35:00,101,507.05,5.02029702970297,14.433990610328639,6.9973718791064385,869.5550422535212,869.5550422535212
16961.0,2011-08-15 13:46:00,2011-08-15 13:46:00,14,234.17000000000002,16.726428571428574,426.15999999999997,0.0328515111695138,85537.61760000001,85537.61760000001
16963.0,2011-06-05 13:48:00,2011-06-05 13:48:00,7,110.55000000000001,15.792857142857144,213.07999999999998,0.0328515111695138,40381.704000000005,40381.704000000005
16965.0,2011-04-27 12:08:00,2011-04-27 12:08:00,26,201.19,7.738076923076923,791.4399999999999,0.0328515111695138,73490.6832,73490.6832
16966.0,2011-04-13 14:17:00,2011-12-01 13:40:00,28,2154.97,76.96321428571427,3.68969696969697,7.588699080157687,3407.651262337662,3407.651262337662
16967.0,2011-06-03 14:24:00,2011-06-03 14:24:00,21,319.02,15.19142857142857,639.24,0.0328515111695138,116531.62559999998,116531.62559999998
16968.0,2011-08-24 10:51:00,2011-12-05 15:02:00,31,439.43,14.175161290322581,9.161553398058253,3.383705650459921,1558.397965048544,1558.397965048544
16969.0,2011-06-01 12:10:00,2011-10-31 13:12:00,42,650.41,15.48595238095238,8.411052631578947,4.993429697766097,1563.0379263157893,1563.0379263157893
16971.0,2011-11-01 15:06:00,2011-11-01 15:06:00,41,357.21,8.712439024390243,1248.04,0.0328515111695138,130481.66879999998,130481.66879999998
16976.0,2011-03-17 16:33:00,2011-03-17 16:33:00,2,251.51999999999998,125.75999999999999,60.879999999999995,0.0328515111695138,91875.22559999999,91875.22559999999
16978.0,2011-09-23 12:50:00,2011-09-23 12:50:00,39,344.33,8.828974358974358,1187.1599999999999,0.0328515111695138,125776.86239999997,125776.86239999997
16979.0,2011-02-15 09:20:00,2011-12-06 12:21:00,89,1852.0,20.808988764044944,9.214829931972789,9.658344283837057,2301.0155102040817,2301.0155102040817
16980.0,2011-02-21 12:58:00,2011-03-29 16:36:00,87,1078.96,12.401839080459771,73.56333333333333,1.1826544021024967,10947.847466666666,10947.847466666666
16982.0,2011-10-10 12:28:00,2011-10-10 12:28:00,22,384.06,17.457272727272727,669.68,0.0328515111695138,140289.4368,140289.4368
16983.0,2010-12-05 12:34:00,2011-11-27 12:10:00,148,1931.25,13.048986486486486,12.654831460674158,11.695137976346912,1981.5926966292136,1981.5926966292136
16984.0,2011-08-01 17:37:00,2011-09-12 13:43:00,407,4481.35,11.010687960687962,302.1726829268293,1.3469119579500657,39925.54946341464,39925.54946341464
16985.0,2010-12-16 10:38:00,2011-11-22 13:33:00,120,5464.12,45.53433333333333,10.712023460410558,11.202365308804204,5853.1781630498535,5853.1781630498535
16986.0,2011-11-09 15:52:00,2011-11-10 11:55:00,3,1873.2,624.4,91.32,0.0328515111695138,684242.4959999999,535875.9878400022
16987.0,2011-05-18 15:55:00,2011-12-06 17:26:00,129,1625.05,12.597286821705426,19.43940594059406,6.636005256241787,2938.6052673267327,2938.6052673267327
16988.0,2011-12-04 16:02:00,2011-12-04 16:02:00,7,126.12,18.017142857142858,213.07999999999998,0.0328515111695138,46069.1136,46069.1136
16989.0,2011-07-12 09:11:00,2011-12-02 16:39:00,12,1133.25,94.4375,2.5544055944055946,4.697766097240473,2894.78013986014,2894.78013986014
16990.0,2011-05-05 08:30:00,2011-05-05 08:30:00,1,179.0,179.0,30.439999999999998,0.0328515111695138,65385.119999999995,65385.119999999995
16992.0,2011-02-28 10:37:00,2011-11-29 11:50:00,93,1614.31,17.358172043010754,10.331824817518248,9.00131406044678,2152.099112408759,2152.099112408759
16996.0,2010-12-21 13:22:00,2011-11-09 16:43:00,37,1456.96,39.3772972972973,3.4869349845201243,10.611038107752956,1647.6729065015481,1647.6729065015481
16997.0,2011-01-18 11:51:00,2011-02-24 17:28:00,12,702.0,58.5,9.872432432432433,1.2155059132720105,6930.447567567568,6930.447567567568
16998.0,2011-02-08 15:42:00,2011-07-13 09:44:00,4,295.0,73.75,0.7906493506493506,5.059132720105125,699.7246753246752,699.7246753246752
16999.0,2011-09-26 15:43:00,2011-11-16 13:53:00,23,484.82,21.07913043478261,14.0024,1.6425755584756898,3541.900992,3541.900992
17001.0,2010-12-16 09:35:00,2011-12-09 09:38:00,169,3989.57,23.606923076923078,14.369720670391063,11.76084099868594,4070.69868603352,4070.69868603352
17002.0,2011-02-22 11:46:00,2011-09-15 12:40:00,49,1493.73,30.484285714285715,7.2759024390243905,6.734559789750328,2661.6082653658536,2661.6082653658536
17004.0,2011-09-08 12:16:00,2011-10-24 14:25:00,44,1412.94,32.11227272727273,29.116521739130437,1.5111695137976346,11219.972243478263,11219.972243478263
17006.0,2011-09-25 12:15:00,2011-12-05 12:09:00,44,781.78,17.76772727272727,19.133714285714284,2.299605781865966,4079.551405714285,4079.551405714285
17007.0,2010-12-17 13:57:00,2011-10-20 10:47:00,52,889.9300000000001,17.114038461538463,5.17281045751634,10.052562417871222,1062.3321254901962,1062.3321254901962
17010.0,2011-11-21 14:49:00,2011-11-21 14:49:00,11,195.36,17.76,334.84,0.0328515111695138,71361.1008,71361.1008
17011.0,2011-11-09 13:30:00,2011-11-09 13:30:00,15,270.9,18.06,456.59999999999997,0.0328515111695138,98954.35199999998,98954.35199999998
17014.0,2011-10-04 11:36:00,2011-12-01 14:09:00,74,586.33,7.923378378378379,38.83724137931035,1.9053876478318001,3692.6659034482764,3692.6659034482764
17015.0,2011-06-07 13:19:00,2011-11-11 10:45:00,217,1842.56,8.491059907834101,42.342820512820516,5.124835742444152,4314.425107692308,4314.425107692308
17017.0,2010-12-02 10:17:00,2011-12-07 09:32:00,252,8694.26,34.50103174603175,20.78829268292683,12.12220762155059,8606.610549593497,8606.610549593497
17018.0,2011-01-18 08:46:00,2011-10-30 11:42:00,16,920.1,57.50625,1.7089122807017545,9.362680683311432,1179.2776421052633,1179.2776421052633
17019.0,2010-12-06 12:55:00,2011-11-28 13:06:00,234,1272.61,5.4385042735042735,19.952268907563028,11.727989487516425,1302.1259966386556,1302.1259966386556
17022.0,2011-11-08 17:09:00,2011-11-08 17:09:00,7,71.0,10.142857142857142,213.07999999999998,0.0328515111695138,25934.879999999997,25934.879999999997
17024.0,2011-07-05 09:31:00,2011-10-25 13:47:00,3,95.85,31.95,0.8153571428571429,3.679369250985545,312.6079285714286,312.6079285714286
17025.0,2010-12-01 15:45:00,2011-10-10 09:06:00,9,357.77,39.75222222222222,0.8780769230769231,10.249671484888305,418.86610769230765,418.86610769230765
17026.0,2010-12-05 12:47:00,2011-06-07 14:28:00,4,154.83,38.7075,0.6617391304347826,6.044678055190539,307.3712086956522,307.3712086956522
17027.0,2011-01-26 14:19:00,2011-09-22 12:24:00,153,890.29,5.818888888888889,19.56857142857143,7.818659658344283,1366.4081142857144,1366.4081142857144
17029.0,2011-04-17 10:57:00,2011-08-21 11:06:00,2,716.0,358.0,0.48317460317460315,4.139290407358739,2075.718095238095,2075.718095238095
17030.0,2011-10-07 08:49:00,2011-10-07 08:49:00,11,146.87,13.351818181818182,334.84,0.0328515111695138,53648.673599999995,53648.673599999995
17031.0,2011-07-08 09:38:00,2011-11-28 10:23:00,22,380.35,17.288636363636364,4.683076923076923,4.697766097240473,971.568167832168,971.568167832168
17033.0,2010-12-15 13:21:00,2011-09-14 14:34:00,28,1030.14,36.79071428571429,3.1220512820512822,8.968462549277266,1378.3499604395606,1378.3499604395606
17034.0,2011-02-25 10:10:00,2011-11-23 15:14:00,30,745.52,24.850666666666665,3.3697416974169743,8.902759526938238,1004.883932103321,1004.883932103321
17035.0,2011-02-01 12:27:00,2011-04-08 11:23:00,28,433.53000000000003,15.483214285714286,13.112615384615385,2.135348226018397,2436.305206153846,2436.305206153846
17037.0,2011-09-13 12:49:00,2011-09-13 12:49:00,75,1267.32,16.8976,2283.0,0.0328515111695138,462926.6496,462926.6496
17038.0,2011-11-09 13:50:00,2011-11-09 13:50:00,22,112.4,5.109090909090909,669.68,0.0328515111695138,41057.472,41057.472
17040.0,2011-07-25 10:19:00,2011-07-25 10:19:00,15,449.73,29.982000000000003,456.59999999999997,0.0328515111695138,164277.3744,164277.3744
17041.0,2010-12-14 11:43:00,2011-11-13 11:21:00,70,1081.57,15.450999999999999,6.3987987987988,10.939553219448094,1186.414082882883,1186.414082882883
17042.0,2011-04-06 14:53:00,2011-12-07 12:26:00,98,1044.38,10.656938775510206,12.225901639344261,8.015768725361367,1563.4882229508198,1563.4882229508198
17043.0,2011-03-18 14:53:00,2011-11-07 15:33:00,102,1735.18,17.01156862745098,13.26871794871795,7.687253613666228,2708.660471794872,2708.660471794872
17044.0,2011-11-14 14:28:00,2011-11-14 14:28:00,6,948.48,158.08,182.64,0.0328515111695138,346460.7744,346460.7744
17045.0,2011-04-06 12:08:00,2011-08-18 17:09:00,22,339.44,15.42909090909091,4.9976119402985075,4.402102496714849,925.3033074626867,925.3033074626867
17046.0,2011-07-05 14:24:00,2011-07-05 14:24:00,22,642.02,29.182727272727274,669.68,0.0328515111695138,234517.06559999997,234517.06559999997
17047.0,2011-05-18 16:50:00,2011-09-15 13:27:00,65,1100.9,16.93692307692308,16.626890756302522,3.9093298291721417,3379.300436974791,3379.300436974791
17048.0,2011-01-12 16:51:00,2011-08-14 11:49:00,43,925.35,21.519767441860466,6.145164319248827,6.9973718791064385,1586.9100845070425,1586.9100845070425
17049.0,2011-03-09 08:33:00,2011-12-07 10:48:00,318,5659.9800000000005,17.79867924528302,35.45758241758242,8.968462549277266,7573.177635164837,7573.177635164837
17050.0,2011-02-13 12:41:00,2011-09-04 13:48:00,316,3228.84,10.217848101265822,47.384433497536946,6.668856767411301,5810.003326108374,5810.003326108374
17051.0,2011-05-29 14:13:00,2011-05-29 14:13:00,43,247.14,5.747441860465116,1308.9199999999998,0.0328515111695138,90275.2992,90275.2992
17052.0,2011-11-11 14:50:00,2011-11-11 14:50:00,92,413.75,4.497282608695652,2800.48,0.0328515111695138,151134.6,151134.6
17053.0,2011-08-01 10:23:00,2011-08-01 10:23:00,13,498.48,38.34461538461539,395.71999999999997,0.0328515111695138,182084.7744,182084.7744
17054.0,2011-04-08 13:14:00,2011-11-11 12:56:00,83,1356.33,16.34132530120482,11.696851851851852,7.09592641261498,2293.704733333333,2293.704733333333
17058.0,2011-04-14 09:18:00,2011-09-19 10:13:00,62,1179.89,19.030483870967743,11.94481012658228,5.19053876478318,2727.7861974683547,2727.7861974683547
17059.0,2010-12-05 12:35:00,2011-11-10 12:27:00,516,3095.04,5.9981395348837205,46.333451327433636,11.136662286465176,3334.9740743362836,3334.9740743362836
17060.0,2011-03-18 13:27:00,2011-03-18 13:27:00,5,234.24,46.848,152.2,0.0328515111695138,85563.1872,85563.1872
17061.0,2011-04-21 13:29:00,2011-09-27 11:24:00,99,5232.2300000000005,52.850808080808086,19.073164556962027,5.19053876478318,12096.385913924052,12096.385913924052
17062.0,2010-12-05 11:59:00,2011-01-30 11:01:00,70,538.37,7.691,38.74181818181818,1.8068331143232588,3575.5598836363633,3575.5598836363633
17063.0,2011-02-23 13:44:00,2011-11-18 16:19:00,78,1461.14,18.732564102564105,8.859402985074627,8.804204993429698,1991.5120119402989,1991.5120119402989
17064.0,2011-01-16 16:10:00,2011-10-12 10:18:00,62,859.35,13.860483870967743,7.042089552238806,8.804204993429698,1171.2812238805968,1171.2812238805968
17068.0,2010-12-06 13:58:00,2011-11-27 13:14:00,296,4552.14,15.378851351351353,25.380957746478877,11.662286465177397,4683.959716056339,4683.959716056339
17069.0,2010-12-01 16:49:00,2011-11-11 17:13:00,143,2709.7000000000003,18.948951048951052,12.617159420289857,11.333771353482259,2868.9832347826095,2868.9832347826095
17070.0,2011-08-17 17:01:00,2011-08-17 17:01:00,64,312.14,4.8771875,1948.1599999999999,0.0328515111695138,114018.49919999999,114018.49919999999
17071.0,2011-02-03 08:18:00,2011-11-11 16:31:00,140,2429.03,17.350214285714287,15.165836298932385,9.231274638633376,3157.566115302491,3157.566115302491
17073.0,2011-08-22 14:37:00,2011-11-22 11:47:00,174,1446.09,8.310862068965516,58.20395604395605,2.9894875164257555,5804.7006065934065,5804.7006065934065
17075.0,2011-01-26 13:20:00,2011-11-22 11:58:00,77,834.12,10.832727272727272,7.839063545150502,9.822601839684625,1019.0212494983277,1019.0212494983277
17076.0,2010-12-10 10:08:00,2011-11-03 17:53:00,25,841.0799999999999,33.6432,2.3201219512195124,10.775295663600525,936.6759219512196,936.6759219512196
17078.0,2011-11-03 18:49:00,2011-11-03 19:17:00,28,378.2,13.507142857142856,852.3199999999999,0.0328515111695138,138148.89599999998,138148.89599999998
17079.0,2011-09-22 15:34:00,2011-09-22 15:34:00,2,118.80000000000001,59.400000000000006,60.879999999999995,0.0328515111695138,43395.263999999996,43395.263999999996
17080.0,2011-03-15 12:05:00,2011-11-17 12:59:00,8,287.62,35.9525,0.9859109311740891,8.114323258869907,425.3515530364373,425.3515530364373
17081.0,2011-10-24 13:08:00,2011-11-14 12:56:00,64,290.16,4.53375,97.408,0.657030223390276,5299.48224,5299.48224
17082.0,2011-01-25 14:36:00,2011-11-06 15:17:00,81,2003.8500000000001,24.73888888888889,8.651368421052632,9.362680683311432,2568.302905263158,2568.302905263158
17083.0,2011-02-09 11:38:00,2011-08-22 15:43:00,52,1405.78,27.034230769230767,8.15917525773196,6.3731931668856765,2646.924321649484,2646.924321649484
17084.0,2011-11-04 14:49:00,2011-11-04 14:54:00,162,2949.75,18.208333333333332,4931.28,0.0328515111695138,1077484.6799999997,535875.9878400022
17085.0,2010-12-12 12:24:00,2011-08-08 14:15:00,187,1566.65,8.377807486631017,23.817071129707113,7.851511169513797,2394.4180418410047,2394.4180418410047
17086.0,2011-10-07 11:22:00,2011-12-02 13:54:00,96,2050.08,21.355,52.182857142857145,1.8396846254927726,13372.378971428572,13372.378971428572
17088.0,2011-03-31 09:48:00,2011-11-11 14:23:00,115,1991.01,17.313130434782607,15.558222222222224,7.391590013140604,3232.338368,3232.338368
17090.0,2010-12-20 13:52:00,2011-12-05 13:44:00,63,2043.95,32.4436507936508,5.494899713467049,11.465177398160314,2139.295289398281,2139.295289398281
17091.0,2010-12-07 09:55:00,2011-12-07 10:43:00,195,3827.76,19.629538461538463,16.26246575342466,11.990801576872535,3830.6963638356174,3830.6963638356174
17092.0,2011-03-07 14:51:00,2011-10-20 19:51:00,125,1777.78,14.22224,16.762114537444933,7.457293035479632,2860.7377903083698,2860.7377903083698
17094.0,2011-01-21 13:09:00,2011-01-21 13:09:00,14,302.0,21.571428571428573,426.15999999999997,0.0328515111695138,110314.56,110314.56
17095.0,2011-01-09 11:05:00,2011-11-17 12:21:00,74,1324.16,17.894054054054056,7.21974358974359,10.249671484888305,1550.2857846153847,1550.2857846153847
17096.0,2011-03-23 12:05:00,2011-11-24 15:01:00,48,1022.13,21.294375,5.939512195121951,8.081471747700395,1517.7383999999997,1517.7383999999997
17097.0,2010-12-09 14:55:00,2011-12-07 17:05:00,211,954.42,4.523317535545024,17.693774104683197,11.925098554533507,960.4147041322316,960.4147041322316
17100.0,2011-11-21 16:36:00,2011-11-21 16:36:00,65,971.74,14.949846153846154,1978.6,0.0328515111695138,354957.1872,354957.1872
17101.0,2011-06-14 14:49:00,2011-11-29 13:57:00,42,1621.73,38.61261904761905,7.655568862275449,5.486202365308804,3547.2187688622753,3547.2187688622753
17102.0,2011-03-23 10:08:00,2011-03-23 10:08:00,1,25.5,25.5,30.439999999999998,0.0328515111695138,9314.64,9314.64
17105.0,2011-02-06 14:46:00,2011-07-03 15:53:00,90,665.78,7.397555555555555,18.63673469387755,4.829172141918528,1654.3953632653056,1654.3953632653056
17107.0,2011-03-06 15:17:00,2011-11-06 14:14:00,418,10815.43,25.874234449760767,52.147213114754095,8.015768725361367,16191.230616393445,16191.230616393445
17109.0,2011-04-21 15:46:00,2011-11-10 16:59:00,117,885.04,7.564444444444444,17.54423645320197,6.668856767411301,1592.5488236453202,1592.5488236453202
17110.0,2011-06-27 12:58:00,2011-06-27 12:58:00,12,163.29999999999998,13.608333333333333,365.28,0.0328515111695138,59650.22399999999,59650.22399999999
17111.0,2011-10-23 15:59:00,2011-10-23 15:59:00,30,248.61,8.287,913.1999999999999,0.0328515111695138,90812.2608,90812.2608
17114.0,2011-01-09 11:39:00,2011-12-04 12:17:00,127,808.62,6.367086614173228,11.750395136778117,10.808147174770038,897.7894030395139,897.7894030395139
17115.0,2011-04-20 14:46:00,2011-12-01 14:30:00,39,837.5,21.474358974358974,5.299821428571429,7.35873850197109,1365.7232142857142,1365.7232142857142
17117.0,2011-02-24 13:54:00,2011-02-24 13:54:00,9,116.2,12.911111111111111,273.96,0.0328515111695138,42445.53599999999,42445.53599999999
17118.0,2011-01-26 12:19:00,2011-01-26 12:19:00,10,157.02,15.702000000000002,304.4,0.0328515111695138,57356.2656,57356.2656
17119.0,2011-10-11 11:03:00,2011-12-06 14:40:00,35,606.91,17.340285714285713,19.025000000000002,1.8396846254927726,3958.7872285714284,3958.7872285714284
17120.0,2011-04-20 15:21:00,2011-04-20 15:21:00,18,307.46,17.08111111111111,547.92,0.0328515111695138,112308.98879999999,112308.98879999999
17122.0,2011-08-12 14:33:00,2011-08-12 14:33:00,7,138.32,19.759999999999998,213.07999999999998,0.0328515111695138,50525.52959999999,50525.52959999999
17123.0,2011-07-01 10:47:00,2011-07-01 10:47:00,9,345.3,38.36666666666667,273.96,0.0328515111695138,126131.18399999998,126131.18399999998
17124.0,2011-06-07 14:02:00,2011-06-07 14:02:00,32,298.89,9.3403125,974.0799999999999,0.0328515111695138,109178.53919999998,109178.53919999998
17125.0,2011-10-20 14:41:00,2011-10-20 14:41:00,40,259.35,6.483750000000001,1217.6,0.0328515111695138,94735.368,94735.368
17126.0,2010-12-12 11:26:00,2011-07-10 13:52:00,260,1004.75,3.8644230769230767,37.68761904761905,6.898817345597897,1747.6908571428573,1747.6908571428573
17128.0,2011-01-09 12:02:00,2011-01-09 12:02:00,14,157.09,11.220714285714285,426.15999999999997,0.0328515111695138,57381.8352,57381.8352
17131.0,2011-09-25 12:42:00,2011-12-04 12:52:00,134,2463.17,18.38186567164179,58.27085714285714,2.299605781865966,12853.524822857142,12853.524822857142
17133.0,2011-03-18 13:47:00,2011-11-24 12:27:00,27,4892.240000000001,181.1940740740741,3.2875199999999998,8.21287779237845,7148.149708800001,7148.149708800001
17134.0,2011-03-20 11:56:00,2011-08-25 09:53:00,24,425.0,17.708333333333332,4.6532484076433125,5.157687253613666,988.8152866242038,988.8152866242038
17135.0,2010-12-03 09:31:00,2011-11-23 16:48:00,52,1139.73,21.917884615384615,4.4588169014084515,11.662286465177397,1172.7340123943663,1172.7340123943663
17138.0,2011-03-09 11:54:00,2011-03-09 11:54:00,24,380.5,15.854166666666666,730.56,0.0328515111695138,138989.03999999998,138989.03999999998
17139.0,2011-02-24 09:32:00,2011-11-24 10:12:00,478,10668.47,22.31897489539749,53.29787545787546,8.968462549277266,14274.647331868135,14274.647331868135
17140.0,2011-04-06 13:33:00,2011-04-06 13:33:00,20,465.32,23.266,608.8,0.0328515111695138,169972.08959999998,169972.08959999998
17142.0,2011-04-14 18:22:00,2011-04-14 18:22:00,15,579.0,38.6,456.59999999999997,0.0328515111695138,211497.12,211497.12
17144.0,2011-09-16 12:50:00,2011-12-08 17:57:00,48,984.57,20.511875,17.60385542168675,2.726675427069645,4333.056983132531,4333.056983132531
17146.0,2010-12-16 12:20:00,2011-08-26 12:44:00,35,749.78,21.422285714285714,4.211067193675889,8.31143232588699,1082.528215019763,1082.528215019763
17147.0,2011-02-01 09:36:00,2011-11-17 12:32:00,81,1714.59,21.167777777777776,8.531626297577855,9.494086727989487,2167.146834602076,2167.146834602076
17148.0,2011-10-19 09:59:00,2011-10-19 09:59:00,9,124.88,13.875555555555556,273.96,0.0328515111695138,45616.166399999995,45616.166399999995
17152.0,2011-03-21 16:20:00,2011-05-29 12:19:00,14,1689.5,120.67857142857143,6.267058823529411,2.2339027595269383,9075.596470588234,9075.596470588234
17153.0,2011-11-15 13:42:00,2011-11-15 13:42:00,14,213.78,15.27,426.15999999999997,0.0328515111695138,78089.5584,78089.5584
17154.0,2011-09-25 13:42:00,2011-09-25 13:42:00,23,329.34,14.319130434782608,700.12,0.0328515111695138,120301.3152,120301.3152
17155.0,2011-06-15 10:22:00,2011-11-22 12:38:00,20,251.7,12.584999999999999,3.805,5.256241787122208,574.6311000000001,574.6311000000001
17157.0,2011-06-16 15:08:00,2011-12-02 09:10:00,13,319.0,24.53846153846154,2.3554761904761907,5.519053876478318,693.597142857143,693.597142857143
17158.0,2010-12-14 13:03:00,2011-11-07 15:15:00,67,1266.97,18.91,6.2179268292682925,10.775295663600525,1410.971956097561,1410.971956097561
17159.0,2011-06-21 09:49:00,2011-11-18 10:52:00,101,1538.88,15.236435643564358,20.496266666666667,4.92772667542707,3747.480576,3747.480576
17160.0,2011-04-12 12:00:00,2011-11-08 14:05:00,229,3518.03,15.362576419213974,33.19409523809524,6.898817345597897,6119.361897142857,6119.361897142857
17162.0,2011-02-07 12:27:00,2011-11-11 11:34:00,104,1715.46,16.494807692307692,11.470144927536232,9.067017082785808,2270.3740173913047,2270.3740173913047
17163.0,2011-09-22 15:54:00,2011-11-18 08:57:00,5,293.1,58.620000000000005,2.717857142857143,1.8396846254927726,1911.8494285714287,1911.8494285714287
17164.0,2011-03-11 14:26:00,2011-11-07 09:14:00,144,2467.35,17.134375,18.264000000000003,7.884362680683311,3755.3067,3755.3067
17165.0,2011-02-28 16:39:00,2011-02-28 16:39:00,10,158.68,15.868,304.4,0.0328515111695138,57962.630399999995,57962.630399999995
17166.0,2011-05-20 08:18:00,2011-11-01 09:46:00,12,206.34,17.195,2.2138181818181817,5.4204993429697765,456.79924363636366,456.79924363636366
17169.0,2011-06-09 13:16:00,2011-10-13 10:25:00,54,835.78,15.477407407407407,13.150079999999999,4.106438896189225,2442.3497472,2442.3497472
17171.0,2011-02-23 16:37:00,2011-02-23 16:37:00,16,224.91,14.056875,487.03999999999996,0.0328515111695138,82155.12479999999,82155.12479999999
17172.0,2011-09-22 09:36:00,2011-09-22 09:36:00,15,317.76,21.184,456.59999999999997,0.0328515111695138,116071.37280000001,116071.37280000001
17173.0,2011-07-31 15:26:00,2011-12-04 14:40:00,86,3766.6,43.79767441860465,20.942719999999998,4.106438896189225,11006.909183999998,11006.909183999998
17174.0,2011-05-06 11:47:00,2011-05-06 11:47:00,4,59.9,14.975,121.75999999999999,0.0328515111695138,21880.271999999997,21880.271999999997
17175.0,2011-02-16 14:56:00,2011-10-26 15:31:00,63,1443.69,22.915714285714287,7.609999999999999,8.278580814717477,2092.6630285714286,2092.6630285714286
17176.0,2011-05-22 12:41:00,2011-05-22 12:41:00,15,306.13,20.408666666666665,456.59999999999997,0.0328515111695138,111823.16639999999,111823.16639999999
17179.0,2010-12-13 14:24:00,2011-06-14 16:48:00,80,711.79,8.897375,13.307103825136613,6.011826544021025,1420.7795147540985,1420.7795147540985
17180.0,2011-01-27 18:05:00,2011-10-14 15:46:00,128,796.03,6.218984375,15.043706563706564,8.508541392904073,1122.6789127413126,1122.6789127413126
17181.0,2010-12-01 12:38:00,2011-10-13 14:48:00,23,239.92000000000002,10.431304347826087,2.2155696202531647,10.38107752956636,277.33537215189875,277.33537215189875
17183.0,2011-08-26 15:25:00,2011-12-02 10:07:00,73,3347.31,45.85356164383562,22.908453608247424,3.1865965834428382,12605.21027628866,12605.21027628866
17186.0,2011-10-10 12:52:00,2011-10-24 10:20:00,2,144.0,72.0,4.683076923076923,0.42706964520367935,4046.1784615384618,4046.1784615384618
17187.0,2011-04-27 12:39:00,2011-04-27 12:39:00,10,203.95,20.395,304.4,0.0328515111695138,74498.856,74498.856
17188.0,2010-12-12 12:56:00,2011-11-28 13:53:00,84,2474.23,29.455119047619046,7.284786324786325,11.530880420499342,2574.8909811965814,2574.8909811965814
17189.0,2010-12-15 17:28:00,2011-08-25 19:39:00,61,384.4,6.301639344262295,7.3392885375494075,8.31143232588699,554.9945928853756,554.9945928853756
17190.0,2011-05-16 15:29:00,2011-10-12 11:33:00,19,444.74,23.40736842105263,3.907837837837838,4.862023653088042,1097.6664,1097.6664
17191.0,2010-12-06 14:36:00,2011-11-11 16:58:00,237,2095.13,8.840210970464135,21.218470588235295,11.169513797634691,2250.909077647059,2250.909077647059
17193.0,2011-06-16 10:04:00,2011-11-04 12:47:00,32,1699.3,53.103125,6.908368794326241,4.6320630749014455,4402.271659574468,4402.271659574468
17194.0,2010-12-14 12:06:00,2011-03-11 12:05:00,29,262.62,9.055862068965517,10.264651162790697,2.8252299605781865,1115.4631813953488,1115.4631813953488
17197.0,2011-11-10 10:32:00,2011-11-10 10:32:00,29,1013.01,34.93137931034483,882.76,0.0328515111695138,370032.29280000005,370032.29280000005
17198.0,2010-12-03 14:54:00,2011-11-16 10:39:00,96,692.22,7.210625,8.421440922190202,11.399474375821287,728.6862293948127,728.6862293948127
17201.0,2011-10-17 11:55:00,2011-10-17 11:55:00,40,342.63,8.56575,1217.6,0.0328515111695138,125155.88639999997,125155.88639999997
17203.0,2011-10-10 14:37:00,2011-11-04 12:27:00,152,3563.85,23.446381578947367,192.78666666666666,0.7884362680683311,54241.79699999999,54241.79699999999
17204.0,2011-03-21 12:42:00,2011-06-17 14:46:00,57,1564.56,27.448421052631577,19.716818181818184,2.890932982917214,6494.346327272728,6494.346327272728
17205.0,2011-10-17 12:46:00,2011-10-17 12:46:00,13,384.08,29.544615384615383,395.71999999999997,0.0328515111695138,140296.7424,140296.7424
17206.0,2011-10-17 13:25:00,2011-10-17 13:25:00,7,204.24,29.177142857142858,213.07999999999998,0.0328515111695138,74604.78719999999,74604.78719999999
17211.0,2010-12-05 12:44:00,2011-11-13 12:03:00,211,2317.2200000000003,10.982085308056874,18.780233918128655,11.235216819973719,2474.953571929825,2474.953571929825
17212.0,2011-03-31 19:42:00,2011-03-31 19:42:00,4,226.85,56.7125,121.75999999999999,0.0328515111695138,82863.768,82863.768
17213.0,2010-12-08 13:03:00,2011-10-30 14:53:00,157,2781.23,17.71484076433121,14.659754601226995,10.709592641261498,3116.342620858896,3116.342620858896
17214.0,2010-12-15 15:14:00,2011-10-10 13:17:00,103,1069.1200000000001,10.37980582524272,10.521208053691275,9.789750328515112,1310.4971597315437,1310.4971597315437
17217.0,2011-04-19 17:19:00,2011-04-19 17:19:00,9,113.5,12.61111111111111,273.96,0.0328515111695138,41459.28,41459.28
17218.0,2010-12-06 15:25:00,2011-12-05 13:52:00,274,1960.72,7.155912408759124,22.976749311294768,11.925098554533507,1973.0352661157026,1973.0352661157026
17219.0,2011-11-08 11:25:00,2011-11-08 11:25:00,25,114.23,4.5692,761.0,0.0328515111695138,41725.934400000006,41725.934400000006
17220.0,2010-12-10 14:54:00,2011-11-15 13:47:00,472,3198.25,6.775953389830509,42.38253687315635,11.136662286465176,3446.1851327433633,3446.1851327433633
17221.0,2011-11-03 17:39:00,2011-12-02 13:35:00,63,335.13,5.319523809523809,68.49000000000001,0.9198423127463863,4372.010228571429,4372.010228571429
17222.0,2011-10-05 13:58:00,2011-10-05 13:58:00,28,354.15,12.648214285714285,852.3199999999999,0.0328515111695138,129363.91199999998,129363.91199999998
17223.0,2010-12-06 14:08:00,2011-02-02 15:57:00,49,426.79,8.71,25.716551724137933,1.9053876478318001,2687.8939862068974,2687.8939862068974
17226.0,2011-02-04 11:52:00,2011-02-04 11:52:00,21,393.49,18.73761904761905,639.24,0.0328515111695138,143734.0272,143734.0272
17227.0,2010-12-06 11:16:00,2011-11-21 10:51:00,47,939.32,19.985531914893617,4.099369627507164,11.465177398160314,983.1369902578798,983.1369902578798
17228.0,2010-12-02 16:00:00,2011-11-24 10:24:00,208,1906.09,9.16389423076923,17.78516853932584,11.695137976346912,1955.776840449438,1955.776840449438
17229.0,2011-07-20 12:38:00,2011-09-04 13:56:00,47,318.76,6.782127659574468,31.101739130434783,1.5111695137976346,2531.2315826086956,2531.2315826086956
17230.0,2010-12-15 11:22:00,2011-03-20 16:12:00,69,3638.41,52.73057971014492,22.109052631578948,3.1208935611038107,13989.877945263157,13989.877945263157
17231.0,2010-12-13 14:16:00,2011-11-27 15:18:00,541,3174.32,5.867504621072089,47.18636103151863,11.465177398160314,3322.394296848138,3322.394296848138
17232.0,2011-11-25 12:24:00,2011-12-07 12:21:00,36,421.52,11.708888888888888,99.62181818181818,0.36136662286465177,13997.529599999998,13997.529599999998
17233.0,2011-11-04 14:06:00,2011-11-04 14:06:00,25,190.88,7.6352,761.0,0.0328515111695138,69724.6464,69724.6464
17234.0,2011-06-10 11:20:00,2011-06-10 11:20:00,14,149.89,10.706428571428571,426.15999999999997,0.0328515111695138,54751.81919999999,54751.81919999999
17235.0,2010-12-02 13:38:00,2011-11-14 15:51:00,29,550.0600000000001,18.967586206896552,2.543976945244957,11.399474375821287,579.037224207493,579.037224207493
17236.0,2010-12-12 11:49:00,2011-11-27 12:00:00,105,916.13,8.725047619047618,9.132,11.498028909329829,956.1256182857142,956.1256182857142
17237.0,2011-11-17 12:55:00,2011-11-28 15:02:00,19,314.69,16.562631578947368,52.57818181818182,0.36136662286465177,10449.996654545454,10449.996654545454
17238.0,2010-12-03 15:05:00,2011-12-07 11:35:00,566,3744.65,6.615989399293286,46.81804347826087,12.089356110381077,3716.972152173913,3716.972152173913
17239.0,2011-01-31 09:41:00,2011-01-31 09:41:00,15,382.5,25.5,456.59999999999997,0.0328515111695138,139719.59999999998,139719.59999999998
17242.0,2011-06-12 13:04:00,2011-08-23 14:55:00,40,1135.04,28.375999999999998,16.91111111111111,2.3653088042049935,5758.436266666666,5758.436266666666
17243.0,2010-12-05 10:03:00,2011-12-08 13:26:00,400,8676.85,21.692125,33.08695652173913,12.089356110381077,8612.716760869565,8612.716760869565
17244.0,2011-10-17 15:19:00,2011-10-17 15:19:00,31,954.9,30.80322580645161,943.64,0.0328515111695138,348805.872,348805.872
17245.0,2011-05-19 10:43:00,2011-05-19 10:43:00,9,171.45000000000002,19.05,273.96,0.0328515111695138,62627.256,62627.256
17247.0,2011-11-24 15:21:00,2011-11-24 15:21:00,55,282.19,5.130727272727273,1674.2,0.0328515111695138,103078.3632,103078.3632
17248.0,2011-08-11 13:34:00,2011-08-11 13:34:00,69,318.65,4.618115942028985,2100.36,0.0328515111695138,116396.47200000001,116396.47200000001
17250.0,2011-03-23 16:45:00,2011-12-06 12:15:00,57,384.52,6.7459649122807015,6.751284046692607,8.442838370565045,546.5271035019455,546.5271035019455
17251.0,2010-12-12 11:06:00,2010-12-12 11:06:00,39,283.28000000000003,7.263589743589744,1187.1599999999999,0.0328515111695138,103476.5184,103476.5184
17252.0,2011-06-06 16:41:00,2011-08-15 09:45:00,87,353.86,4.067356321839081,38.38086956521739,2.266754270696452,1873.3040695652176,1873.3040695652176
17253.0,2011-11-21 12:59:00,2011-11-21 12:59:00,18,178.26,9.903333333333332,547.92,0.0328515111695138,65114.81279999999,65114.81279999999
17254.0,2011-11-24 14:09:00,2011-12-05 12:46:00,112,272.44,2.4325,340.928,0.328515111695138,9951.688320000001,9951.688320000001
17255.0,2011-02-13 15:18:00,2011-10-30 12:18:00,78,298.41,3.825769230769231,9.202790697674418,8.47568988173456,422.4930418604651,422.4930418604651
17256.0,2011-01-31 14:53:00,2011-08-24 13:30:00,16,240.0,15.0,2.387450980392157,6.701708278580814,429.74117647058824,429.74117647058824
17259.0,2010-12-06 12:55:00,2011-07-14 15:01:00,124,603.37,4.865887096774194,17.15709090909091,7.227332457293035,1001.8136072727275,1001.8136072727275
17262.0,2010-12-08 13:30:00,2011-10-18 12:56:00,12,1253.3600000000001,104.44666666666667,1.1670287539936104,10.282522996057818,1462.7071591054316,1462.7071591054316
17263.0,2011-05-15 14:32:00,2011-05-15 14:32:00,23,63.440000000000005,2.7582608695652175,700.12,0.0328515111695138,23173.3632,23173.3632
17265.0,2011-06-12 12:00:00,2011-07-24 10:49:00,127,562.9,4.432283464566929,94.28975609756098,1.3469119579500657,5015.02712195122,5015.02712195122
17266.0,2011-07-15 11:57:00,2011-12-07 14:12:00,80,310.64,3.883,16.79448275862069,4.763469119579501,782.5557186206897,782.5557186206897
17267.0,2011-08-04 17:19:00,2011-08-04 17:22:00,38,317.62,8.358421052631579,1156.72,0.0328515111695138,116020.2336,116020.2336
17268.0,2011-04-08 13:20:00,2011-08-24 10:06:00,6,763.64,127.27333333333333,1.3331386861313868,4.50065703022339,2036.0760525547444,2036.0760525547444
17272.0,2011-03-22 12:05:00,2011-10-28 16:37:00,114,2148.63,18.847631578947368,15.773454545454547,7.227332457293035,3567.50712,3567.50712
17274.0,2011-11-04 13:16:00,2011-11-04 13:16:00,27,111.98,4.147407407407408,821.88,0.0328515111695138,40904.0544,40904.0544
17277.0,2011-01-21 12:37:00,2011-04-26 12:47:00,69,1065.3500000000001,15.43985507246377,22.109052631578948,3.1208935611038107,4096.326821052632,4096.326821052632
17278.0,2011-04-12 13:10:00,2011-04-12 13:10:00,15,246.04000000000002,16.40266666666667,456.59999999999997,0.0328515111695138,89873.4912,89873.4912
17279.0,2011-10-13 11:58:00,2011-10-13 11:58:00,9,187.82999999999998,20.869999999999997,273.96,0.0328515111695138,68610.54239999998,68610.54239999998
17282.0,2011-02-13 11:36:00,2011-08-01 14:29:00,94,1703.41,18.121382978723407,16.93112426035503,5.551905387647832,3681.784643786983,3681.784643786983
17284.0,2011-01-07 14:31:00,2011-10-10 14:38:00,292,1652.58,5.659520547945205,32.20463768115942,9.067017082785808,2187.1537043478256,2187.1537043478256
17286.0,2011-11-18 12:47:00,2011-11-18 12:47:00,45,153.92,3.420444444444444,1369.8,0.0328515111695138,56223.8976,56223.8976
17287.0,2010-12-02 12:22:00,2011-11-13 13:27:00,124,1064.11,8.581532258064515,10.909132947976879,11.366622864651774,1123.4049156069364,1123.4049156069364
17288.0,2010-12-16 13:33:00,2011-11-30 16:09:00,142,1419.73,9.998098591549295,12.385329512893984,11.465177398160314,1485.9569467048711,1485.9569467048711
17289.0,2011-06-12 13:51:00,2011-11-08 12:01:00,111,944.41,8.508198198198198,22.83,4.862023653088042,2330.9059783783778,2330.9059783783778
17290.0,2011-11-23 15:53:00,2011-12-06 12:38:00,102,525.24,5.149411764705882,258.74,0.39421813403416556,15988.3056,15988.3056
17291.0,2011-02-04 13:04:00,2011-02-04 13:04:00,1,550.8000000000001,550.8000000000001,30.439999999999998,0.0328515111695138,201196.22400000005,201196.22400000005
17293.0,2010-12-13 14:55:00,2011-12-01 14:37:00,135,1875.11,13.889703703703702,11.674431818181818,11.563731931668856,1945.8527863636361,1945.8527863636361
17295.0,2011-10-06 12:22:00,2011-11-11 10:49:00,69,556.95,8.071739130434784,60.010285714285715,1.149802890932983,5812.648457142858,5812.648457142858
17297.0,2011-11-22 14:43:00,2011-11-22 14:43:00,51,131.78,2.583921568627451,1552.44,0.0328515111695138,48136.5984,48136.5984
17298.0,2011-08-07 12:21:00,2011-08-30 16:43:00,30,498.42,16.614,39.70434782608696,0.7555847568988173,7915.776417391306,7915.776417391306
17299.0,2011-06-19 16:04:00,2011-11-28 12:01:00,57,669.11,11.738771929824562,10.776894409937888,5.289093298291721,1518.0900670807455,1518.0900670807455
17301.0,2011-11-18 13:43:00,2011-11-18 13:43:00,66,197.63,2.994393939393939,2009.04,0.0328515111695138,72190.2864,72190.2864
17302.0,2011-02-07 10:14:00,2011-11-25 09:36:00,79,1135.63,14.375063291139242,8.292275862068966,9.526938239159001,1430.423884137931,1430.423884137931
17303.0,2010-12-13 13:32:00,2010-12-13 13:32:00,53,250.04,4.717735849056604,1613.32,0.0328515111695138,91334.6112,91334.6112
17306.0,2010-12-21 13:34:00,2011-11-29 12:14:00,66,8631.31,130.77742424242425,5.874385964912281,11.235216819973719,9218.844785964913,9218.844785964913
17309.0,2011-09-05 15:20:00,2011-09-05 15:20:00,12,82.75,6.895833333333333,365.28,0.0328515111695138,30226.92,30226.92
17311.0,2011-01-27 10:56:00,2011-09-22 14:11:00,55,1384.85,25.179090909090906,7.034453781512606,7.818659658344283,2125.4538151260504,2125.4538151260504
17312.0,2011-07-03 13:12:00,2011-07-24 11:52:00,14,644.3,46.021428571428565,21.308,0.657030223390276,11767.495199999998,11767.495199999998
17313.0,2011-11-08 15:45:00,2011-11-08 15:45:00,24,2328.84,97.03500000000001,730.56,0.0328515111695138,850678.6752000002,535875.9878400022
17314.0,2011-01-31 11:25:00,2011-11-15 09:41:00,131,2527.92,19.297099236641223,13.894216027874565,9.42838370565046,3217.4167860627185,3217.4167860627185
17315.0,2010-12-17 12:24:00,2011-12-08 12:15:00,473,6292.26,13.302875264270613,40.55808450704226,11.662286465177397,6474.469669859156,6474.469669859156
17317.0,2011-09-11 12:45:00,2011-10-24 17:19:00,9,2600.34,288.9266666666667,6.371162790697674,1.4126149802890933,22089.585934883722,22089.585934883722
17320.0,2010-12-06 15:38:00,2011-08-31 13:31:00,73,1200.6200000000001,16.446849315068494,8.3225468164794,8.771353482260183,1642.5560808988766,1642.5560808988766
17321.0,2011-10-03 11:34:00,2011-12-01 13:41:00,107,700.86,6.550093457943925,55.204745762711866,1.938239159001314,4339.154928813559,4339.154928813559
17323.0,2011-02-20 14:38:00,2011-11-24 17:29:00,200,921.0699999999999,4.60535,21.97833935018051,9.099868593955321,1214.6153415162455,1214.6153415162455
17324.0,2010-12-08 12:45:00,2011-11-22 10:34:00,50,990.23,19.8046,4.373563218390805,11.432325886990801,1039.4000413793106,1039.4000413793106
17325.0,2011-03-04 13:09:00,2011-03-04 13:09:00,6,96.8,16.133333333333333,182.64,0.0328515111695138,35359.10399999999,35359.10399999999
17329.0,2011-01-28 15:29:00,2011-11-25 14:24:00,33,523.11,15.851818181818182,3.3484,9.85545335085414,636.938736,636.938736
17330.0,2011-10-03 11:26:00,2011-11-17 08:56:00,6,363.9,60.65,4.150909090909091,1.445466491458607,3021.0316363636366,3021.0316363636366
17331.0,2011-08-08 11:55:00,2011-08-08 11:55:00,1,175.2,175.2,30.439999999999998,0.0328515111695138,63997.05599999998,63997.05599999998
17333.0,2011-09-15 10:11:00,2011-09-15 10:11:00,28,494.25,17.651785714285715,852.3199999999999,0.0328515111695138,180539.63999999998,180539.63999999998
17334.0,2011-02-04 09:03:00,2011-02-10 14:59:00,11,307.02000000000004,27.910909090909094,55.80666666666667,0.19710906701708278,18691.377600000003,18691.377600000003
17337.0,2011-02-02 17:06:00,2011-07-11 14:55:00,543,2027.8700000000001,3.7345672191528547,104.61341772151899,5.19053876478318,4688.23008607595,4688.23008607595
17338.0,2010-12-13 12:57:00,2011-11-22 14:23:00,753,6643.93,8.8232802124834,66.63174418604652,11.300919842312746,7054.926600000001,7054.926600000001
17339.0,2010-12-09 14:44:00,2011-09-06 13:29:00,9,243.36,27.040000000000003,1.0146666666666666,8.869908015768726,329.23904,329.23904
17340.0,2010-12-08 15:56:00,2011-11-10 10:45:00,407,12353.29,30.352063882063884,36.872261904761906,11.038107752956636,13429.790985714288,13429.790985714288
17341.0,2010-12-08 12:46:00,2011-07-06 12:33:00,183,781.36,4.2697267759562845,26.653205741626795,6.865965834428383,1365.6228746411484,1365.6228746411484
17343.0,2010-12-19 15:07:00,2010-12-19 15:07:00,17,193.64,11.390588235294118,517.48,0.0328515111695138,70732.8192,70732.8192
17344.0,2011-10-24 12:56:00,2011-10-24 12:56:00,32,160.57,5.0178125,974.0799999999999,0.0328515111695138,58653.0096,58653.0096
17345.0,2011-05-27 12:26:00,2011-11-24 15:03:00,87,537.74,6.180919540229885,14.631381215469613,5.946123521681997,1085.2246806629835,1085.2246806629835
17346.0,2010-12-01 14:34:00,2011-12-06 12:18:00,500,2676.56,5.35312,41.24661246612467,12.12220762155059,2649.576793495935,2649.576793495935
17347.0,2011-09-14 13:12:00,2011-09-14 13:12:00,1,228.96,228.96,30.439999999999998,0.0328515111695138,83634.5088,83634.5088
17348.0,2011-02-15 10:49:00,2011-11-25 11:25:00,215,1159.52,5.393116279069767,23.125795053003536,9.296977660972404,1496.6412212014136,1496.6412212014136
17349.0,2011-06-13 14:29:00,2011-06-13 14:29:00,9,110.75,12.305555555555555,273.96,0.0328515111695138,40454.759999999995,40454.759999999995
17350.0,2011-10-19 16:05:00,2011-12-01 15:47:00,71,1286.07,18.113661971830986,51.45809523809524,1.3797634691195795,11185.134514285714,11185.134514285714
17351.0,2011-03-11 16:05:00,2011-11-03 18:45:00,27,587.15,21.746296296296297,3.467848101265823,7.7858081471747695,904.9542278481014,904.9542278481014
17353.0,2011-07-08 16:17:00,2011-08-02 17:19:00,8,1740.0,217.5,9.7408,0.8212877792378449,25423.488000000005,25423.488000000005
17354.0,2011-10-20 10:34:00,2011-10-20 10:34:00,16,1393.06,87.06625,487.03999999999996,0.0328515111695138,508856.9567999999,508856.9567999999
17356.0,2011-02-01 11:07:00,2011-02-01 11:07:00,19,178.22,9.38,578.36,0.0328515111695138,65100.2016,65100.2016
17357.0,2011-11-15 16:29:00,2011-11-15 16:30:00,45,388.14,8.625333333333334,1369.8,0.0328515111695138,141779.77920000002,141779.77920000002
17358.0,2010-12-19 14:16:00,2011-02-09 16:57:00,59,365.85,6.200847457627119,34.53769230769231,1.7082785808147174,2569.9555384615387,2569.9555384615387
17359.0,2011-11-28 14:37:00,2011-11-28 14:37:00,15,127.86,8.524,456.59999999999997,0.0328515111695138,46704.70079999999,46704.70079999999
17360.0,2011-06-08 17:09:00,2011-11-22 13:11:00,132,585.79,4.43780303030303,24.20530120481928,5.45335085413929,1289.020308433735,1289.020308433735
17361.0,2011-02-21 09:55:00,2011-10-21 15:43:00,29,488.2,16.834482758620688,3.6477685950413226,7.9500657030223385,736.8995702479338,736.8995702479338
17362.0,2011-02-03 10:26:00,2011-04-14 14:43:00,35,312.23,8.920857142857143,15.22,2.299605781865966,1629.3053485714286,1629.3053485714286
17364.0,2011-01-12 16:57:00,2011-12-09 09:00:00,411,4481.18,10.903114355231144,37.91163636363636,10.840998685939553,4960.25888,4960.25888
17365.0,2011-01-11 12:11:00,2011-11-27 12:13:00,468,4801.56,10.259743589743591,44.5185,10.512483574244415,5480.980740000001,5480.980740000001
17367.0,2011-04-15 14:21:00,2011-04-15 14:21:00,34,168.4,4.952941176470588,1034.96,0.0328515111695138,61513.152,61513.152
17368.0,2011-01-06 11:57:00,2011-11-16 15:26:00,111,1912.67,17.231261261261263,10.76063694267516,10.315374507227332,2225.032157961784,2225.032157961784
17370.0,2011-06-23 11:50:00,2011-09-28 10:14:00,33,446.18,13.520606060606061,10.463750000000001,3.1537450722733245,1697.7149000000002,1697.7149000000002
17371.0,2010-12-13 15:20:00,2011-11-22 13:30:00,87,423.89,4.872298850574713,7.720932944606415,11.268068331143231,451.42431253644315,451.42431253644315
17372.0,2010-12-12 12:00:00,2011-10-30 11:37:00,253,1342.68,5.30703557312253,23.991651090342682,10.545335085413928,1527.8945495327107,1527.8945495327107
17373.0,2011-01-31 11:46:00,2011-10-30 15:28:00,57,646.92,11.349473684210526,6.378970588235294,8.935611038107753,868.775505882353,868.775505882353
17374.0,2011-03-03 12:53:00,2011-05-05 09:05:00,28,495.77,17.706071428571427,13.747096774193547,2.0367936925098555,2920.884929032258,2920.884929032258
17375.0,2010-12-13 15:16:00,2011-05-24 15:45:00,69,400.1,5.798550724637681,12.965185185185184,5.321944809461235,902.1514074074073,902.1514074074073
17376.0,2011-02-01 14:12:00,2011-09-30 12:36:00,24,203.2,8.466666666666667,3.044,7.884362680683311,309.2704,309.2704
17377.0,2010-12-01 12:35:00,2011-11-16 11:17:00,418,4100.92,9.810813397129186,36.45822349570201,11.465177398160314,4292.21793008596,4292.21793008596
17379.0,2011-11-28 13:56:00,2011-11-28 13:56:00,83,404.66,4.875421686746988,2526.52,0.0328515111695138,147814.2048,147814.2048
17381.0,2010-12-02 12:58:00,2011-12-01 11:59:00,109,20275.61,186.01477064220185,9.14038567493113,11.925098554533507,20402.960938842978,20402.960938842978
17382.0,2011-10-05 13:05:00,2011-10-05 13:05:00,2,65.4,32.7,60.879999999999995,0.0328515111695138,23889.312,23889.312
17383.0,2011-12-05 17:36:00,2011-12-05 17:36:00,51,199.29,3.9076470588235295,1552.44,0.0328515111695138,72796.6512,72796.6512
17384.0,2011-05-04 16:07:00,2011-11-20 15:48:00,15,336.4,22.426666666666666,2.2944723618090452,6.5374507227332455,617.4884020100503,617.4884020100503
17385.0,2011-11-25 11:02:00,2011-11-25 11:02:00,47,261.11,5.555531914893617,1430.68,0.0328515111695138,95378.2608,95378.2608
17386.0,2011-06-27 12:11:00,2011-12-02 11:28:00,28,2686.42,95.94357142857143,5.428789808917197,5.157687253613666,6250.2897936305735,6250.2897936305735
17387.0,2011-11-06 11:25:00,2011-11-20 11:00:00,78,784.11,10.052692307692308,182.64000000000001,0.42706964520367935,22032.28467692308,22032.28467692308
17388.0,2011-02-25 12:28:00,2011-09-23 10:31:00,15,1259.56,83.97066666666666,2.184688995215311,6.865965834428383,2201.3974966507176,2201.3974966507176
17389.0,2011-01-12 15:48:00,2011-12-09 09:38:00,213,31833.68,149.45389671361502,19.647636363636362,10.840998685939553,35236.989789090905,35236.989789090905
17391.0,2011-06-28 12:21:00,2011-06-29 09:58:00,3,508.8,169.6,91.32,0.0328515111695138,185854.46399999998,185854.46399999998
17392.0,2010-12-16 19:04:00,2011-02-06 12:48:00,62,457.91,7.385645161290323,37.00549019607843,1.6754270696452036,3279.7130352941176,3279.7130352941176
17394.0,2011-05-04 13:22:00,2011-05-04 13:22:00,4,203.86999999999998,50.967499999999994,121.75999999999999,0.0328515111695138,74469.63359999999,74469.63359999999
17396.0,2010-12-03 09:45:00,2011-10-31 14:12:00,27,7330.8,271.5111111111111,2.475542168674699,10.90670170827858,8065.646457831326,8065.646457831326
17397.0,2011-11-17 13:58:00,2011-11-17 14:08:00,92,696.41,7.569673913043478,2800.48,0.0328515111695138,254384.64479999998,254384.64479999998
17398.0,2011-03-29 13:04:00,2011-08-17 09:48:00,38,653.38,17.19421052631579,8.262285714285714,4.599211563731932,1704.7617599999999,1704.7617599999999
17400.0,2010-12-21 17:16:00,2011-08-05 15:38:00,213,2129.96,9.99981220657277,28.68902654867257,7.424441524310118,3442.6185345132744,3442.6185345132744
17402.0,2010-12-05 13:53:00,2011-12-05 10:15:00,59,2633.85,44.641525423728815,4.933956043956044,11.957950065703022,2643.1118901098903,2643.1118901098903
17403.0,2011-11-03 15:18:00,2011-11-03 15:18:00,33,281.62,8.533939393939393,1004.52,0.0328515111695138,102870.15359999999,102870.15359999999
17404.0,2010-12-14 13:28:00,2011-12-05 16:26:00,198,31906.82,161.14555555555555,16.930112359550563,11.695137976346912,32738.548341573034,32738.548341573034
17405.0,2011-07-12 14:17:00,2011-12-08 17:12:00,82,1031.41,12.578170731707319,16.75221476510067,4.894875164257556,2528.5466093959735,2528.5466093959735
17406.0,2010-12-08 10:35:00,2011-01-10 15:07:00,113,2200.42,19.47274336283186,104.2339393939394,1.0840998685939554,24356.649018181823,24356.649018181823
17408.0,2011-06-29 12:53:00,2011-06-29 12:53:00,2,32.65,16.325,60.879999999999995,0.0328515111695138,11926.391999999998,11926.391999999998
17409.0,2011-04-05 16:42:00,2011-06-08 10:36:00,13,771.85,59.37307692307692,6.281269841269841,2.0696452036793693,4475.25980952381,4475.25980952381
17410.0,2011-05-08 15:21:00,2011-11-23 15:46:00,64,1214.72,18.98,9.789748743718594,6.5374507227332455,2229.713173869347,2229.713173869347
17411.0,2011-03-23 13:44:00,2011-11-27 14:25:00,41,778.94,18.998536585365855,5.012208835341366,8.180026281208935,1142.695595180723,1142.695595180723
17412.0,2010-12-02 16:29:00,2011-12-07 11:36:00,66,1258.06,19.061515151515152,5.444552845528456,12.12220762155059,1245.3771186991873,1245.3771186991873
17414.0,2011-06-08 11:43:00,2011-10-27 12:13:00,6,778.0,129.66666666666666,1.2953191489361702,4.6320630749014455,2015.5165957446807,2015.5165957446807
17415.0,2011-09-21 12:50:00,2011-09-21 12:50:00,14,507.84,36.27428571428571,426.15999999999997,0.0328515111695138,185503.79519999996,185503.79519999996
17416.0,2011-03-03 13:45:00,2011-11-10 12:47:00,269,6893.42,25.626096654275095,32.62294820717132,8.245729303547963,10031.985886852592,10031.985886852592
17418.0,2011-01-20 11:39:00,2011-10-28 13:00:00,30,463.46000000000004,15.448666666666668,3.2498220640569397,9.231274638633376,602.4650135231318,602.4650135231318
17419.0,2010-12-07 15:03:00,2011-11-28 13:47:00,206,4226.57,20.517330097087378,17.663774647887326,11.662286465177397,4348.961942535211,4348.961942535211
17420.0,2010-12-01 09:56:00,2011-10-20 14:52:00,30,598.83,19.961000000000002,2.827244582043344,10.611038107752956,677.2155492260063,677.2155492260063
17422.0,2011-02-16 14:44:00,2011-11-23 13:27:00,117,1979.37,16.917692307692306,12.765161290322581,9.165571616294349,2591.484851612903,2591.484851612903
17423.0,2011-05-06 09:14:00,2011-10-24 13:36:00,26,698.41,26.861923076923077,4.628304093567252,5.617608409986859,1491.9017824561404,1491.9017824561404
17425.0,2011-10-10 11:37:00,2011-11-20 15:30:00,43,759.1700000000001,17.65511627906977,31.92487804878049,1.3469119579500657,6763.649209756099,6763.649209756099
17426.0,2011-03-02 16:34:00,2011-12-01 18:07:00,271,5037.26,18.58767527675277,30.106715328467153,9.00131406044678,6715.36617810219,6715.36617810219
17427.0,2011-09-29 11:29:00,2011-09-29 11:29:00,2,100.8,50.4,60.879999999999995,0.0328515111695138,36820.224,36820.224
17428.0,2010-12-06 09:37:00,2011-12-09 09:45:00,328,17256.85,52.61234756097561,27.131304347826088,12.089356110381077,17129.29936956522,17129.29936956522
17429.0,2011-05-05 09:53:00,2011-08-03 13:22:00,39,524.9200000000001,13.459487179487182,13.190666666666667,2.9566360052562417,2130.475306666667,2130.475306666667
17430.0,2010-12-09 13:05:00,2011-11-07 09:24:00,14,265.76,18.982857142857142,1.2836144578313253,10.90670170827858,292.40003855421685,292.40003855421685
17431.0,2011-01-30 14:36:00,2011-01-30 14:36:00,43,403.3,9.37906976744186,1308.9199999999998,0.0328515111695138,147317.424,147317.424
17432.0,2011-11-02 17:30:00,2011-11-21 17:33:00,48,365.76,7.62,76.90105263157895,0.6241787122207622,7031.832252631579,7031.832252631579
17433.0,2011-09-12 14:24:00,2011-09-12 14:24:00,54,303.16,5.614074074074074,1643.76,0.0328515111695138,110738.28480000002,110738.28480000002
17434.0,2011-09-15 13:54:00,2011-12-07 13:16:00,134,2373.82,17.715074626865672,49.74341463414634,2.6938239159001314,10574.499629268292,10574.499629268292
17436.0,2011-04-27 11:33:00,2011-12-08 12:30:00,9,216.3,24.033333333333335,1.2176,7.391590013140604,351.15584,351.15584
17438.0,2011-03-31 10:26:00,2011-03-31 10:26:00,17,388.45000000000005,22.85,517.48,0.0328515111695138,141893.016,141893.016
17440.0,2011-04-06 12:05:00,2011-07-06 11:54:00,5,186.42000000000002,37.284000000000006,1.6911111111111112,2.9566360052562417,756.6166400000002,756.6166400000002
17442.0,2011-02-22 13:02:00,2011-11-03 09:17:00,135,2248.56,16.656,16.242687747035575,8.31143232588699,3246.458485375494,3246.458485375494
17443.0,2011-05-04 10:47:00,2011-05-04 10:47:00,1,534.24,534.24,30.439999999999998,0.0328515111695138,195147.1872,195147.1872
17444.0,2011-06-20 09:04:00,2011-07-15 12:05:00,135,2940.04,21.778074074074073,164.376,0.8212877792378449,42957.512448,42957.512448
17446.0,2011-02-02 14:40:00,2011-06-16 10:42:00,9,120.89999999999999,13.433333333333332,2.0598496240601505,4.369250985545335,332.0477593984962,332.0477593984962
17447.0,2011-09-29 10:10:00,2011-10-30 14:18:00,36,541.53,15.042499999999999,35.34967741935484,1.0183968462549278,6380.970270967742,6380.970270967742
17449.0,2010-12-15 10:57:00,2011-12-07 16:56:00,277,2520.86,9.10057761732852,23.618711484593838,11.727989487516425,2579.327005042017,2579.327005042017
17450.0,2010-12-07 09:23:00,2011-12-01 13:29:00,337,194550.79,577.3020474777448,28.574596100278555,11.793692509855452,197954.0740144847,197954.0740144847
17451.0,2011-08-26 11:54:00,2011-12-08 15:02:00,100,1721.4,17.214000000000002,29.26923076923077,3.416557161629435,6046.086461538463,6046.086461538463
17453.0,2011-10-06 17:02:00,2011-11-22 09:42:00,19,486.72,25.61684210526316,12.57304347826087,1.5111695137976346,3864.9800347826085,3864.9800347826085
17454.0,2010-12-15 10:54:00,2011-05-31 13:58:00,61,517.53,8.484098360655738,11.118802395209581,5.486202365308804,1131.9961580838324,1131.9961580838324
17455.0,2011-05-20 12:31:00,2011-05-20 12:31:00,8,131.7,16.4625,243.51999999999998,0.0328515111695138,48107.37599999999,48107.37599999999
17456.0,2010-12-09 15:23:00,2010-12-09 15:23:00,17,249.86,14.69764705882353,517.48,0.0328515111695138,91268.86080000001,91268.86080000001
17457.0,2011-01-04 14:33:00,2011-08-05 12:48:00,19,1737.7,91.4578947368421,2.72811320754717,6.964520367936925,2994.0898867924534,2994.0898867924534
17458.0,2011-11-24 13:01:00,2011-11-24 13:01:00,54,316.5,5.861111111111111,1643.76,0.0328515111695138,115611.11999999998,115611.11999999998
17459.0,2011-10-10 17:00:00,2011-10-27 13:25:00,111,657.3,5.921621621621621,211.17749999999998,0.5256241787122208,15006.158999999996,15006.158999999996
17460.0,2010-12-01 16:24:00,2011-09-06 15:04:00,29,622.4300000000001,21.463103448275863,3.1753956834532375,9.132720105124836,817.8461525179857,817.8461525179857
17461.0,2011-11-10 12:01:00,2011-11-17 10:21:00,111,757.46,6.823963963963965,563.14,0.19710906701708278,46114.164800000006,46114.164800000006
17462.0,2011-02-28 17:01:00,2011-10-10 13:56:00,27,675.69,25.025555555555556,3.6855605381165923,7.3258869908015765,1106.7984000000001,1106.7984000000001
17463.0,2011-01-30 15:48:00,2011-11-23 13:40:00,215,1896.41,8.820511627906978,22.110135135135135,9.724047306176084,2340.2724486486486,2340.2724486486486
17464.0,2011-07-04 13:19:00,2011-07-04 13:19:00,9,289.96000000000004,32.21777777777778,273.96,0.0328515111695138,105916.5888,105916.5888
17466.0,2011-09-22 09:16:00,2011-11-29 13:15:00,41,763.28,18.61658536585366,18.353529411764704,2.2339027595269383,4100.160564705882,4100.160564705882
17468.0,2011-11-25 12:52:00,2011-11-29 15:33:00,5,137.0,27.4,38.05,0.1314060446780552,12510.84,12510.84
17469.0,2011-05-19 08:55:00,2011-11-23 13:15:00,88,1870.97,21.261022727272728,14.248510638297873,6.176084099868594,3635.2549021276595,3635.2549021276595
17470.0,2010-12-07 09:57:00,2011-10-26 12:42:00,78,1125.07,14.423974358974359,7.350835913312694,10.611038107752956,1272.3392247678019,1272.3392247678019
17472.0,2011-02-13 14:40:00,2011-06-01 14:57:00,181,710.29,3.9242541436464085,51.01518518518519,3.54796320630749,2402.358622222222,2402.358622222222
17475.0,2011-09-21 14:55:00,2011-09-21 14:55:00,14,194.37,13.883571428571429,426.15999999999997,0.0328515111695138,70999.4736,70999.4736
17480.0,2011-09-23 11:39:00,2011-09-23 11:39:00,29,511.82,17.64896551724138,882.76,0.0328515111695138,186957.6096,186957.6096
17481.0,2011-09-07 09:57:00,2011-12-06 12:28:00,82,1255.59,15.312073170731706,27.734222222222222,2.9566360052562417,5096.02128,5096.02128
17483.0,2011-06-09 19:40:00,2011-10-05 13:10:00,21,414.04,19.716190476190476,5.463589743589744,3.843626806833114,1292.654112820513,1292.654112820513
17486.0,2011-03-23 14:00:00,2011-03-23 14:00:00,24,396.87,16.53625,730.56,0.0328515111695138,144968.67359999998,144968.67359999998
17489.0,2011-05-11 11:34:00,2011-10-12 08:56:00,29,376.64,12.987586206896552,5.769673202614379,5.026281208935611,899.2095372549018,899.2095372549018
17490.0,2011-06-16 09:15:00,2011-12-09 09:08:00,76,2092.32,27.530526315789476,13.219657142857143,5.7490144546649145,4367.329426285714,4367.329426285714
17491.0,2010-12-07 12:18:00,2011-12-08 16:18:00,109,3558.87,32.65018348623853,9.065464480874317,12.02365308804205,3551.8689442622954,3551.8689442622954
17492.0,2011-04-05 15:21:00,2011-04-05 15:21:00,12,374.57,31.214166666666667,365.28,0.0328515111695138,136822.9296,136822.9296
17495.0,2011-11-01 12:06:00,2011-12-02 12:08:00,27,497.56,18.42814814814815,26.51225806451613,1.0183968462549278,5862.861832258065,5862.861832258065
17496.0,2010-12-16 08:39:00,2010-12-16 08:39:00,10,271.05,27.105,304.4,0.0328515111695138,99009.14399999999,99009.14399999999
17498.0,2011-09-25 12:25:00,2011-09-25 12:25:00,17,272.21999999999997,16.012941176470587,517.48,0.0328515111695138,99436.52160000001,99436.52160000001
17499.0,2011-02-23 09:14:00,2011-02-23 09:14:00,40,622.88,15.572,1217.6,0.0328515111695138,227525.6064,227525.6064
17500.0,2011-11-10 09:08:00,2011-11-22 14:25:00,5,1138.0,227.6,12.683333333333334,0.39421813403416556,34640.72,34640.72
17501.0,2011-05-03 09:46:00,2011-05-03 09:47:00,18,288.6,16.033333333333335,547.92,0.0328515111695138,105419.808,105419.808
17502.0,2011-11-10 16:39:00,2011-11-30 13:13:00,28,689.1,24.610714285714288,44.858947368421056,0.6241787122207622,13248.128842105265,13248.128842105265
17503.0,2011-11-01 11:12:00,2011-12-07 09:18:00,38,558.96,14.709473684210527,33.049142857142854,1.149802890932983,5833.6259657142855,5833.6259657142855
17504.0,2011-01-21 11:09:00,2011-05-17 12:59:00,127,2997.03,23.598661417322838,33.326551724137936,3.8107752956636003,9437.544124137934,9437.544124137934
17505.0,2011-05-18 09:01:00,2011-07-01 12:50:00,52,1145.8400000000001,22.03538461538462,35.974545454545456,1.445466491458607,9512.555345454548,9512.555345454548
17506.0,2011-09-25 11:39:00,2011-09-25 11:39:00,14,302.2,21.585714285714285,426.15999999999997,0.0328515111695138,110387.61599999998,110387.61599999998
17507.0,2011-02-03 18:08:00,2011-03-23 11:48:00,88,605.58,6.881590909090909,56.99404255319149,1.5440210249671484,4706.516221276596,4706.516221276596
17508.0,2011-03-04 08:10:00,2011-03-04 08:10:00,22,387.31,17.605,669.68,0.0328515111695138,141476.5968,141476.5968
17509.0,2011-10-07 13:14:00,2011-10-13 10:26:00,366,6115.14,16.708032786885248,2228.208,0.164257555847569,446747.6678400001,446747.6678400001
17510.0,2011-11-15 10:00:00,2011-11-15 10:00:00,20,308.48,15.424000000000001,608.8,0.0328515111695138,112681.5744,112681.5744
17511.0,2010-12-01 10:19:00,2011-12-07 10:12:00,963,91062.38,94.5611422637591,79.22627027027028,12.155059132720105,89900.71936864866,89900.71936864866
17512.0,2011-02-11 12:22:00,2011-11-11 12:11:00,105,2924.9900000000002,27.85704761904762,11.750735294117646,8.935611038107753,3928.089511764706,3928.089511764706
17513.0,2011-09-28 16:42:00,2011-09-28 16:42:00,6,513.2,85.53333333333335,182.64,0.0328515111695138,187461.696,187461.696
17514.0,2011-08-03 15:45:00,2011-08-03 15:45:00,40,208.65,5.2162500000000005,1217.6,0.0328515111695138,76215.672,76215.672
17515.0,2011-01-25 14:33:00,2011-11-08 14:04:00,87,639.02,7.345057471264368,9.25972027972028,9.395532194480946,816.1581314685316,816.1581314685316
17516.0,2011-02-27 12:41:00,2011-11-24 16:51:00,137,768.08,5.606423357664234,15.445481481481481,8.869908015768726,1039.1268977777777,1039.1268977777777
17517.0,2011-02-04 11:48:00,2011-02-04 11:48:00,11,153.94,13.994545454545454,334.84,0.0328515111695138,56231.20319999999,56231.20319999999
17519.0,2010-12-06 15:18:00,2011-11-22 16:43:00,82,1844.02,22.488048780487805,7.111339031339032,11.530880420499342,1919.0416683760684,1919.0416683760684
17520.0,2011-10-17 12:04:00,2011-10-17 12:04:00,30,546.81,18.226999999999997,913.1999999999999,0.0328515111695138,199738.75679999992,199738.75679999992
17521.0,2011-05-24 15:14:00,2011-11-10 11:22:00,45,723.21,16.071333333333335,8.105325443786983,5.551905387647832,1563.1606437869823,1563.1606437869823
17522.0,2011-05-05 16:31:00,2011-12-08 12:31:00,73,1070.71,14.667260273972603,10.287592592592594,7.09592641261498,1810.6895777777781,1810.6895777777781
17523.0,2011-11-20 13:40:00,2011-11-28 13:20:00,33,652.74,19.78,143.50285714285715,0.22996057818659657,34061.83817142858,34061.83817142858
17524.0,2010-12-13 14:32:00,2010-12-13 14:32:00,6,145.0,24.166666666666668,182.64,0.0328515111695138,52965.600000000006,52965.600000000006
17525.0,2010-12-15 12:05:00,2010-12-15 12:05:00,9,422.7,46.96666666666667,273.96,0.0328515111695138,154403.856,154403.856
17526.0,2010-12-09 12:20:00,2011-12-05 11:05:00,19,1195.8999999999999,62.942105263157885,1.6065555555555555,11.826544021024967,1213.4398666666664,1213.4398666666664
17527.0,2011-05-05 13:43:00,2011-10-17 12:32:00,47,939.37,19.98659574468085,8.723658536585367,5.387647831800263,2092.2748390243905,2092.2748390243905
17528.0,2011-09-29 13:04:00,2011-12-08 13:27:00,253,3628.5,14.34189723320158,110.01885714285714,2.299605781865966,18934.549714285713,18934.549714285713
17530.0,2010-12-09 20:01:00,2011-12-08 18:42:00,394,2385.0,6.053299492385787,33.03955922865014,11.925098554533507,2399.9801652892565,2399.9801652892565
17531.0,2011-06-02 19:17:00,2011-06-02 19:17:00,14,296.7,21.192857142857143,426.15999999999997,0.0328515111695138,108378.57599999999,108378.57599999999
17534.0,2011-10-17 12:47:00,2011-10-17 12:47:00,9,223.36,24.817777777777778,273.96,0.0328515111695138,81588.9408,81588.9408
17535.0,2011-03-04 15:20:00,2011-03-04 15:20:00,13,164.4,12.646153846153847,395.71999999999997,0.0328515111695138,60052.03200000001,60052.03200000001
17536.0,2011-06-15 13:23:00,2011-06-15 13:23:00,3,76.5,25.5,91.32,0.0328515111695138,27943.92,27943.92
17537.0,2011-02-09 13:37:00,2011-11-10 10:56:00,75,897.62,11.968266666666667,8.362637362637363,8.968462549277266,1201.0352879120878,1201.0352879120878
17538.0,2011-11-14 12:12:00,2011-11-14 12:12:00,9,98.42,10.935555555555556,273.96,0.0328515111695138,35950.857599999996,35950.857599999996
17540.0,2011-01-27 14:35:00,2011-11-15 11:56:00,25,578.9,23.156,2.6151202749140894,9.559789750328514,726.6687010309279,726.6687010309279
17542.0,2011-03-15 11:45:00,2011-03-15 11:45:00,25,170.75,6.83,761.0,0.0328515111695138,62371.56,62371.56
17545.0,2011-10-27 13:48:00,2011-10-27 14:04:00,145,645.96,4.454896551724138,4413.8,0.0328515111695138,235956.26880000002,235956.26880000002
17548.0,2011-04-20 12:01:00,2011-04-20 12:01:00,5,103.3,20.66,152.2,0.0328515111695138,37733.424,37733.424
17549.0,2011-10-19 10:05:00,2011-11-16 09:59:00,6,148.86,24.810000000000002,6.764444444444445,0.8869908015768725,2013.9104000000002,2013.9104000000002
17550.0,2011-04-10 15:19:00,2011-05-26 14:09:00,42,267.16,6.360952380952382,28.410666666666668,1.4783180026281209,2168.626773333334,2168.626773333334
17551.0,2010-12-15 14:12:00,2010-12-15 14:12:00,43,306.84,7.1358139534883716,1308.9199999999998,0.0328515111695138,112082.51519999998,112082.51519999998
17552.0,2010-12-02 18:45:00,2011-10-10 17:00:00,49,930.41,18.987959183673468,4.796012861736335,10.21681997371879,1092.79795755627,1092.79795755627
17553.0,2011-08-02 10:00:00,2011-08-02 10:00:00,2,1487.6,743.8,60.879999999999995,0.0328515111695138,543390.5279999999,535875.9878400022
17554.0,2011-07-14 20:01:00,2011-12-08 14:15:00,88,1952.45,22.18693181818182,18.347397260273972,4.7963206307490145,4884.869424657534,4884.869424657534
17555.0,2011-01-09 12:31:00,2011-11-20 12:22:00,106,483.26,4.559056603773585,10.275923566878982,10.315374507227332,562.1822063694268,562.1822063694268
17556.0,2011-05-18 10:48:00,2011-05-18 10:48:00,6,157.9,26.316666666666666,182.64,0.0328515111695138,57677.712,57677.712
17557.0,2011-09-19 14:23:00,2011-11-25 12:57:00,34,541.46,15.92529411764706,15.681212121212122,2.1681997371879107,2996.734981818182,2996.734981818182
17560.0,2011-02-02 11:14:00,2011-09-06 09:18:00,26,854.95,32.88269230769231,3.6811162790697676,7.063074901445466,1452.5401674418606,1452.5401674418606
17561.0,2011-11-20 12:53:00,2011-11-20 12:53:00,46,167.62,3.643913043478261,1400.24,0.0328515111695138,61228.23360000001,61228.23360000001
17562.0,2011-06-19 13:06:00,2011-11-25 14:21:00,63,1122.38,17.81555555555556,12.061132075471699,5.223390275952694,2578.50922264151,2578.50922264151
17564.0,2011-09-20 14:00:00,2011-11-15 13:27:00,49,454.01,9.265510204081632,27.11927272727273,1.8068331143232588,3015.2867781818186,3015.2867781818186
17566.0,2011-11-14 13:42:00,2011-12-01 19:54:00,152,901.21,5.929013157894737,272.1694117647059,0.5584756898817346,19364.352282352942,19364.352282352942
17567.0,2010-12-02 15:18:00,2011-12-02 15:48:00,165,4331.48,26.251393939393935,13.76054794520548,11.990801576872535,4334.802779178081,4334.802779178081
17569.0,2011-01-11 14:15:00,2011-01-11 14:15:00,29,344.14,11.866896551724137,882.76,0.0328515111695138,125707.45919999998,125707.45919999998
17571.0,2011-02-14 15:15:00,2011-10-20 15:57:00,299,1498.51,5.0117391304347825,36.699838709677415,8.147174770039422,2207.160212903226,2207.160212903226
17572.0,2010-12-01 12:51:00,2011-09-29 17:53:00,12,226.75000000000003,18.895833333333336,1.2095364238410595,9.921156373193167,274.2623841059603,274.2623841059603
17573.0,2011-09-07 10:36:00,2011-11-10 13:01:00,25,380.6,15.224,11.890625,2.102496714848883,2172.2745,2172.2745
17574.0,2011-04-11 09:47:00,2011-04-11 09:47:00,8,185.65,23.20625,243.51999999999998,0.0328515111695138,67814.23199999999,67814.23199999999
17576.0,2010-12-09 16:57:00,2011-12-01 17:56:00,411,3622.68,8.814306569343065,35.04436974789916,11.727989487516425,3706.7018218487397,3706.7018218487397
17578.0,2011-05-05 18:38:00,2011-05-05 18:38:00,5,143.45999999999998,28.691999999999997,152.2,0.0328515111695138,52403.068799999994,52403.068799999994
17579.0,2011-06-13 14:12:00,2011-12-05 12:28:00,50,448.90000000000003,8.978000000000002,8.74712643678161,5.716162943495401,942.3804137931036,942.3804137931036
17580.0,2010-12-16 15:27:00,2011-04-01 12:41:00,45,215.72,4.793777777777778,13.045714285714286,3.4494086727989486,750.4590628571428,750.4590628571428
17581.0,2010-12-02 14:47:00,2011-12-09 12:21:00,440,11045.04,25.102363636363638,36.101347708894885,12.187910643889618,10874.749895417792,10874.749895417792
17582.0,2011-04-17 13:18:00,2011-04-17 13:18:00,29,175.27,6.043793103448277,882.76,0.0328515111695138,64022.62560000001,64022.62560000001
17584.0,2011-08-04 14:12:00,2011-12-02 17:12:00,35,1242.3,35.494285714285716,8.878333333333334,3.9421813403416555,3781.5612,3781.5612
17585.0,2011-01-05 15:09:00,2011-08-22 13:30:00,214,1133.07,5.294719626168224,28.570877192982458,7.490144546649145,1815.2974105263158,1815.2974105263158
17588.0,2011-04-21 10:31:00,2011-08-31 13:37:00,23,1240.2,53.92173913043479,5.303939393939394,4.336399474375821,3431.9716363636367,3431.9716363636367
17589.0,2011-04-13 13:47:00,2011-10-10 16:58:00,253,2404.17,9.502648221343874,42.785111111111114,5.913272010512483,4878.86232,4878.86232
17590.0,2011-10-30 14:05:00,2011-12-07 12:55:00,201,1479.22,7.359303482587065,165.36324324324323,1.2155059132720105,14603.499502702702,14603.499502702702
17591.0,2010-12-07 15:39:00,2011-09-27 13:42:00,166,2225.9700000000003,13.409457831325303,17.245870307167237,9.625492772667542,2775.093247781571,2775.093247781571
17593.0,2010-12-22 10:29:00,2011-12-06 10:30:00,213,3927.34,18.438215962441316,18.577994269340977,11.465177398160314,4110.540845845273,4110.540845845273
17594.0,2011-03-30 10:32:00,2011-09-15 16:34:00,50,993.1800000000001,19.8636,9.005917159763314,5.551905387647832,2146.679233136095,2146.679233136095
17595.0,2011-11-02 16:19:00,2011-11-27 16:08:00,83,388.79,4.68421686746988,105.27166666666668,0.7884362680683311,5917.383800000001,5917.383800000001
17596.0,2010-12-06 12:34:00,2011-11-16 14:11:00,270,2827.93,10.473814814814814,23.822608695652175,11.333771353482259,2994.163102608695,2994.163102608695
17597.0,2011-05-10 11:54:00,2011-05-10 11:54:00,55,2044.3700000000001,37.17036363636364,1674.2,0.0328515111695138,746767.4736,535875.9878400022
17600.0,2011-11-22 09:43:00,2011-11-22 09:43:00,13,161.67000000000002,12.436153846153847,395.71999999999997,0.0328515111695138,59054.8176,59054.8176
17601.0,2011-04-14 18:02:00,2011-04-14 18:02:00,9,116.00999999999999,12.889999999999999,273.96,0.0328515111695138,42376.13279999999,42376.13279999999
17602.0,2011-01-19 16:18:00,2011-12-07 13:53:00,560,5102.97,9.11244642857143,53.10404984423676,10.545335085413928,5806.893712149534,5806.893712149534
17603.0,2011-09-22 14:18:00,2011-09-22 14:18:00,11,394.72,35.88363636363636,334.84,0.0328515111695138,144183.3216,144183.3216
17604.0,2011-01-31 15:09:00,2011-05-06 13:43:00,63,309.36,4.91047619047619,20.401276595744683,3.088042049934297,1202.159795744681,1202.159795744681
17608.0,2011-11-06 13:00:00,2011-11-06 13:06:00,59,193.42,3.2783050847457624,1795.96,0.0328515111695138,70652.4576,70652.4576
17609.0,2011-01-16 16:23:00,2011-10-30 12:28:00,237,1112.22,4.692911392405064,25.224755244755244,9.395532194480946,1420.5304951048952,1420.5304951048952
17611.0,2010-12-13 13:52:00,2011-12-02 13:29:00,576,3984.22,6.9170486111111105,49.66980169971672,11.59658344283837,4122.821194334278,4122.821194334278
17612.0,2011-02-15 10:40:00,2011-10-17 14:59:00,135,2048.45,15.173703703703703,16.841803278688523,8.015768725361367,3066.630393442623,3066.630393442623
17613.0,2011-02-07 11:20:00,2011-11-17 10:51:00,312,4559.150000000001,14.612660256410258,33.67829787234042,9.264126149802891,5905.554297872341,5905.554297872341
17614.0,2011-10-13 16:01:00,2011-10-13 16:01:00,100,390.07,3.9007,3044.0,0.0328515111695138,142484.7696,142484.7696
17615.0,2011-05-01 15:33:00,2011-08-01 14:06:00,14,329.6,23.542857142857144,4.683076923076923,2.9894875164257555,1323.036131868132,1323.036131868132
17616.0,2010-12-07 10:04:00,2011-06-19 10:11:00,3,571.1999999999999,190.39999999999998,0.4707216494845361,6.3731931668856765,1075.504824742268,1075.504824742268
17618.0,2010-12-12 16:05:00,2011-12-04 11:50:00,78,971.58,12.456153846153846,6.669438202247191,11.695137976346912,996.9065797752808,996.9065797752808
17619.0,2011-01-31 14:18:00,2011-01-31 14:18:00,77,218.52,2.837922077922078,2343.88,0.0328515111695138,79820.9856,79820.9856
17620.0,2011-10-11 12:08:00,2011-10-11 12:08:00,4,81.44,20.36,121.75999999999999,0.0328515111695138,29748.403199999997,29748.403199999997
17621.0,2010-12-20 13:31:00,2011-11-18 17:11:00,26,1379.9,53.073076923076925,2.376696696696697,10.939553219448094,1513.6632792792795,1513.6632792792795
17623.0,2011-11-07 11:32:00,2011-11-07 11:32:00,33,527.05,15.971212121212119,1004.52,0.0328515111695138,192520.82399999996,192520.82399999996
17624.0,2011-05-05 17:59:00,2011-11-25 10:52:00,50,843.48,16.869600000000002,7.497536945812808,6.668856767411301,1517.765391133005,1517.765391133005
17625.0,2011-03-27 12:21:00,2011-11-21 13:36:00,315,2047.0,6.498412698412698,40.11966527196653,7.851511169513797,3128.5697071129707,3128.5697071129707
17628.0,2011-09-19 15:21:00,2011-09-19 15:21:00,5,75.75,15.15,152.2,0.0328515111695138,27669.96,27669.96
17629.0,2010-12-15 09:58:00,2011-12-04 10:56:00,123,1814.1200000000001,14.748943089430895,10.576610169491525,11.629434954007884,1871.9258576271188,1871.9258576271188
17630.0,2011-04-21 14:03:00,2011-06-23 11:58:00,26,503.6,19.36923076923077,12.76516129032258,2.0367936925098555,2967.0162580645165,2967.0162580645165
17631.0,2011-04-21 13:22:00,2011-12-08 09:47:00,39,528.33,13.546923076923077,5.1615652173913045,7.555847568988173,839.079923478261,839.079923478261
17633.0,2011-08-11 15:43:00,2011-11-08 13:25:00,70,1324.84,18.92628571428571,24.213636363636365,2.890932982917214,5499.2904,5499.2904
17634.0,2011-01-06 12:45:00,2011-11-03 13:09:00,297,2361.9700000000003,7.952760942760944,30.035481727574755,9.888304862023652,2866.3800717607983,2866.3800717607983
17636.0,2011-11-20 14:40:00,2011-11-20 14:40:00,20,285.56,14.278,608.8,0.0328515111695138,104309.35679999998,104309.35679999998
17637.0,2011-08-16 13:25:00,2011-11-08 12:51:00,35,547.0600000000001,15.630285714285716,12.836144578313252,2.726675427069645,2407.591286746988,2407.591286746988
17639.0,2011-03-08 15:22:00,2011-03-08 15:22:00,7,108.5,15.5,213.07999999999998,0.0328515111695138,39632.88,39632.88
17640.0,2011-09-14 09:13:00,2011-09-14 09:13:00,5,621.66,124.332,152.2,0.0328515111695138,227079.9648,227079.9648
17642.0,2011-06-16 12:55:00,2011-08-12 09:11:00,40,712.29,17.80725,21.742857142857144,1.8396846254927726,4646.165914285715,4646.165914285715
17643.0,2010-12-01 14:38:00,2010-12-01 14:38:00,8,101.55,12.69375,243.51999999999998,0.0328515111695138,37094.183999999994,37094.183999999994
17644.0,2011-03-24 09:44:00,2011-12-08 13:43:00,157,2895.64,18.443566878980892,18.452046332046333,8.508541392904073,4083.858606949807,4083.858606949807
17646.0,2010-12-09 14:28:00,2011-05-04 13:17:00,51,1008.39,19.77235294117647,10.70648275862069,4.763469119579501,2540.3082703448276,2540.3082703448276
17647.0,2011-10-05 15:38:00,2011-10-05 15:38:00,7,133.06,19.00857142857143,213.07999999999998,0.0328515111695138,48604.1568,48604.1568
17648.0,2011-04-04 10:29:00,2011-10-10 09:41:00,91,1797.5,19.752747252747252,14.734255319148936,6.176084099868594,3492.504255319149,3492.504255319149
17649.0,2011-07-24 15:53:00,2011-07-24 15:53:00,52,868.49,16.70173076923077,1582.8799999999999,0.0328515111695138,317242.0272,317242.0272
17650.0,2011-11-18 14:52:00,2011-11-18 14:52:00,8,166.07999999999998,20.759999999999998,243.51999999999998,0.0328515111695138,60665.70239999999,60665.70239999999
17651.0,2011-06-15 15:57:00,2011-11-28 10:29:00,232,3945.0,17.004310344827587,42.80048484848485,5.4204993429697765,8733.512727272728,8733.512727272728
17652.0,2011-03-03 14:05:00,2011-11-14 12:55:00,259,4867.72,18.794285714285714,30.917490196078433,8.377135348226018,6972.865731764707,6972.865731764707
17653.0,2011-08-11 15:24:00,2011-11-03 12:46:00,44,1207.56,27.44454545454545,16.13686746987952,2.726675427069645,5314.427913253012,5314.427913253012
17654.0,2011-03-07 13:17:00,2011-03-07 13:17:00,22,117.55,5.343181818181818,669.68,0.0328515111695138,42938.66399999999,42938.66399999999
17655.0,2010-12-08 16:45:00,2011-11-29 11:34:00,91,2638.94,28.99934065934066,7.8029295774647895,11.662286465177397,2715.357755492958,2715.357755492958
17656.0,2011-08-03 10:45:00,2011-09-27 13:04:00,82,1674.69,20.423048780487804,45.38327272727273,1.8068331143232588,11122.377512727273,11122.377512727273
17658.0,2011-05-12 15:23:00,2011-11-14 12:07:00,19,595.42,31.337894736842102,3.1262702702702705,6.077529566360052,1175.6487437837836,1175.6487437837836
17659.0,2010-12-02 16:46:00,2011-11-22 13:29:00,158,2999.46,18.98392405063291,13.586214689265537,11.629434954007884,3095.036013559322,3095.036013559322
17660.0,2011-07-21 13:37:00,2011-07-21 13:37:00,45,196.0,4.355555555555555,1369.8,0.0328515111695138,71594.87999999999,71594.87999999999
17663.0,2011-02-25 14:11:00,2011-11-14 08:56:00,86,1802.91,20.96406976744186,10.030038314176245,8.5742444152431,2523.245075862069,2523.245075862069
17664.0,2011-05-11 14:17:00,2011-11-21 11:29:00,43,604.64,14.061395348837209,6.781968911917098,6.340341655716163,1144.3673533678755,1144.3673533678755
17666.0,2011-10-05 11:06:00,2011-12-06 09:06:00,18,728.16,40.45333333333333,8.982295081967212,2.0039421813403417,4360.365324590163,4360.365324590163
17667.0,2011-02-14 09:24:00,2011-10-04 14:32:00,116,2055.51,17.71991379310345,15.22,7.621550591327201,3236.365055172415,3236.365055172415
17668.0,2011-11-01 14:45:00,2011-12-08 13:25:00,15,347.75,23.183333333333334,12.683333333333334,1.1826544021024967,3528.503333333333,3528.503333333333
17669.0,2011-04-04 10:11:00,2011-10-28 08:53:00,68,3406.7200000000003,50.09882352941177,10.048155339805826,6.767411300919842,6040.809133980583,6040.809133980583
17670.0,2011-04-26 09:12:00,2011-04-26 09:12:00,11,205.7,18.7,334.84,0.0328515111695138,75138.09599999999,75138.09599999999
17671.0,2010-12-09 14:27:00,2011-11-24 12:21:00,53,1572.71,29.67377358490566,4.622693409742121,11.465177398160314,1646.0730911174787,1646.0730911174787
17672.0,2011-02-03 13:29:00,2011-10-20 14:18:00,110,3178.17,28.892454545454545,12.928185328185329,8.508541392904073,4482.324083397683,4482.324083397683
17673.0,2011-01-23 15:16:00,2011-12-08 12:50:00,227,1629.12,7.176740088105727,21.729182389937108,10.446780551905388,1871.336332075472,1871.336332075472
17674.0,2010-12-06 10:20:00,2011-09-26 13:35:00,27,551.04,20.40888888888889,2.7955102040816326,9.658344283837057,684.6390857142857,684.6390857142857
17675.0,2010-12-07 13:22:00,2011-12-08 18:03:00,705,20374.28,28.89968794326241,58.6344262295082,12.02365308804205,20334.19944918033,20334.19944918033
17676.0,2010-12-08 13:49:00,2011-12-05 15:16:00,78,1387.68,17.790769230769232,6.55889502762431,11.892247043363994,1400.2534541436466,1400.2534541436466
17677.0,2010-12-06 08:42:00,2011-12-08 09:56:00,304,16363.23,53.82641447368421,25.214604904632154,12.056504599211562,16286.54129264305,16286.54129264305
17678.0,2011-03-21 11:52:00,2011-03-21 11:52:00,16,298.11,18.631875,487.03999999999996,0.0328515111695138,108893.6208,108893.6208
17679.0,2011-09-15 10:35:00,2011-10-18 07:43:00,30,1992.1100000000001,66.40366666666667,28.537499999999998,1.0512483574244416,22739.93565,22739.93565
17680.0,2011-11-16 12:42:00,2011-11-16 12:42:00,11,184.4,16.763636363636365,334.84,0.0328515111695138,67357.63200000001,67357.63200000001
17682.0,2010-12-06 13:35:00,2011-11-29 15:59:00,118,2474.33,20.968898305084746,10.033296089385475,11.76084099868594,2524.645984357542,2524.645984357542
17684.0,2011-10-27 11:10:00,2011-10-27 11:10:00,15,239.41,15.960666666666667,456.59999999999997,0.0328515111695138,87451.68479999999,87451.68479999999
17685.0,2010-12-02 14:42:00,2011-11-23 11:36:00,130,3191.53,24.550230769230772,11.147042253521128,11.662286465177397,3283.9495166197194,3283.9495166197194
17686.0,2011-02-10 10:18:00,2011-12-02 15:39:00,286,5739.46,20.06804195804196,29.511322033898306,9.69119579500657,7106.813385762713,7106.813385762713
17690.0,2010-12-01 16:15:00,2011-11-09 15:17:00,256,4757.95,18.5857421875,22.785497076023393,11.235216819973719,5081.82449122807,5081.82449122807
17691.0,2010-12-06 11:10:00,2010-12-16 17:20:00,19,290.40000000000003,15.28421052631579,57.836,0.328515111695138,10607.7312,10607.7312
17692.0,2010-12-15 13:37:00,2011-08-04 14:01:00,46,740.94,16.10739130434783,6.035517241379311,7.621550591327201,1166.597255172414,1166.597255172414
17693.0,2011-07-25 15:48:00,2011-07-25 15:48:00,16,200.47,12.529375,487.03999999999996,0.0328515111695138,73227.6816,73227.6816
17694.0,2011-07-21 12:00:00,2011-07-21 12:00:00,15,283.12,18.874666666666666,456.59999999999997,0.0328515111695138,103418.07359999997,103418.07359999997
17695.0,2011-06-21 12:35:00,2011-07-31 10:40:00,35,765.34,21.866857142857143,27.317948717948717,1.281208935611038,7168.292184615384,7168.292184615384
17696.0,2010-12-10 09:51:00,2011-11-01 13:43:00,115,2285.71,19.875739130434784,10.73803680981595,10.709592641261498,2561.117020858896,2561.117020858896
17697.0,2011-04-17 15:40:00,2011-04-17 15:40:00,19,338.95,17.839473684210525,578.36,0.0328515111695138,123811.65599999999,123811.65599999999
17698.0,2011-03-24 11:34:00,2011-03-24 11:34:00,8,154.95,19.36875,243.51999999999998,0.0328515111695138,56600.135999999984,56600.135999999984
17700.0,2011-03-03 16:34:00,2011-11-23 11:51:00,142,2534.64,17.84957746478873,16.3730303030303,8.672798948751643,3507.020072727272,3507.020072727272
17701.0,2011-04-01 12:25:00,2011-04-01 12:25:00,24,417.95,17.414583333333333,730.56,0.0328515111695138,152668.77599999998,152668.77599999998
17702.0,2011-05-17 16:23:00,2011-11-09 16:03:00,74,1824.37,24.653648648648648,12.87177142857143,5.7490144546649145,3808.033563428572,3808.033563428572
17703.0,2011-07-24 13:30:00,2011-11-04 15:51:00,55,798.74,14.522545454545455,16.254368932038837,3.383705650459921,2832.6577398058257,2832.6577398058257
17704.0,2011-04-14 09:28:00,2011-06-24 09:40:00,31,885.19,28.554516129032258,13.290704225352112,2.3324572930354797,4554.115538028169,4554.115538028169
17705.0,2011-02-11 10:57:00,2011-12-06 13:45:00,103,1823.52,17.70407766990291,10.521208053691275,9.789750328515112,2235.2194147651007,2235.2194147651007
17706.0,2010-12-08 11:02:00,2011-12-05 13:34:00,382,10504.49,27.498664921465966,32.121767955801104,11.892247043363994,10599.668804419889,10599.668804419889
17707.0,2011-01-07 13:30:00,2011-06-07 15:03:00,5,152.4,30.48,1.0079470198675498,4.9605781865965834,368.666701986755,368.666701986755
17708.0,2011-01-19 10:09:00,2011-06-05 10:12:00,35,267.08,7.630857142857143,7.776642335766423,4.50065703022339,712.1093605839416,712.1093605839416
17709.0,2011-06-23 11:55:00,2011-06-23 11:55:00,7,137.45,19.635714285714283,213.07999999999998,0.0328515111695138,50207.73599999999,50207.73599999999
17711.0,2011-02-23 11:32:00,2011-11-29 11:40:00,23,385.1,16.743478260869566,2.5093906810035844,9.165571616294349,504.19113978494624,504.19113978494624
17712.0,2011-10-26 12:28:00,2011-10-26 12:28:00,29,522.91,18.031379310344825,882.76,0.0328515111695138,191008.5648,191008.5648
17714.0,2011-01-23 10:32:00,2011-01-23 10:32:00,10,153.0,15.3,304.4,0.0328515111695138,55887.84,55887.84
17715.0,2011-05-23 12:32:00,2011-05-23 12:32:00,1,326.4,326.4,30.439999999999998,0.0328515111695138,119227.39199999998,119227.39199999998
17716.0,2011-03-17 10:38:00,2011-11-17 12:00:00,245,5655.99,23.085673469387753,30.44,8.04862023653088,8432.734804897958,8432.734804897958
17718.0,2011-04-21 13:39:00,2011-04-21 13:39:00,6,139.35,23.224999999999998,182.64,0.0328515111695138,50901.768,50901.768
17719.0,2011-03-29 11:29:00,2011-11-02 10:36:00,274,5396.04,19.693576642335767,38.435760368663594,7.128777923784494,9083.251111520738,9083.251111520738
17720.0,2010-12-07 10:43:00,2011-11-13 15:04:00,50,1195.94,23.9188,4.463343108504399,11.202365308804204,1281.0937337243404,1281.0937337243404
17722.0,2010-12-08 12:41:00,2011-09-04 15:22:00,115,2424.04,21.078608695652175,12.965185185185184,8.869908015768726,3279.4567822222225,3279.4567822222225
17723.0,2011-05-09 14:44:00,2011-08-04 18:37:00,10,3276.4000000000005,327.64000000000004,3.4988505747126437,2.8580814717477003,13756.36082758621,13756.36082758621
17724.0,2011-07-24 13:26:00,2011-09-29 15:26:00,40,1033.0,25.825,18.17313432835821,2.2010512483574245,5631.854328358209,5631.854328358209
17725.0,2011-03-17 19:47:00,2011-11-23 16:34:00,192,3439.08,17.911875,23.37792,8.21287779237845,5024.9085696,5024.9085696
17727.0,2011-11-24 17:06:00,2011-11-24 17:06:00,66,1060.25,16.064393939393938,2009.04,0.0328515111695138,387288.11999999994,387288.11999999994
17728.0,2011-09-14 11:39:00,2011-12-06 08:52:00,165,2876.01,17.430363636363637,61.25121951219512,2.6938239159001314,12811.57235121951,12811.57235121951
17730.0,2011-01-17 14:49:00,2011-12-06 15:43:00,218,5298.4800000000005,24.304954128440368,20.544643962848298,10.611038107752956,5992.039549226007,5992.039549226007
17731.0,2011-06-09 14:18:00,2011-09-21 15:02:00,67,1240.11,18.509104477611938,19.610384615384618,3.416557161629435,4355.647892307692,4355.647892307692
17732.0,2010-12-02 09:29:00,2010-12-02 09:29:00,18,303.97,16.887222222222224,547.92,0.0328515111695138,111034.16160000002,111034.16160000002
17733.0,2011-03-23 09:54:00,2011-11-01 08:16:00,35,692.19,19.776857142857143,4.7990990990991,7.293035479632063,1138.9331675675676,1138.9331675675676
17734.0,2011-04-20 10:04:00,2011-10-17 12:33:00,43,700.63,16.293720930232556,7.271777777777778,5.913272010512483,1421.8118133333332,1421.8118133333332
17735.0,2010-12-07 10:32:00,2011-12-07 16:47:00,690,13110.02,19.000028985507246,57.5441095890411,11.990801576872535,13120.077001643836,13120.077001643836
17736.0,2011-08-18 14:33:00,2011-11-30 15:36:00,25,377.44,15.0976,7.3173076923076925,3.416557161629435,1325.6854153846155,1325.6854153846155
17737.0,2011-10-12 14:42:00,2011-11-30 15:16:00,10,168.24,16.824,6.2122448979591836,1.609724047306176,1254.1776979591837,1254.1776979591837
17738.0,2011-03-02 16:26:00,2011-11-20 15:05:00,97,1879.05,19.371649484536082,11.269770992366412,8.607095926412615,2619.7686412213743,2619.7686412213743
17739.0,2010-12-14 14:26:00,2011-11-28 09:12:00,47,2791.35,59.39042553191489,4.111149425287357,11.432325886990801,2929.9549655172414,2929.9549655172414
17742.0,2011-01-11 10:04:00,2011-08-18 15:28:00,15,355.11,23.674,2.084931506849315,7.194480946123521,592.3040219178082,592.3040219178082
17744.0,2010-12-16 14:17:00,2011-12-06 12:11:00,136,2322.4,17.076470588235296,11.694463276836158,11.629434954007884,2396.401898305085,2396.401898305085
17746.0,2011-04-13 14:31:00,2011-04-13 14:31:00,6,110.25,18.375,182.64,0.0328515111695138,40272.119999999995,40272.119999999995
17747.0,2011-08-19 08:13:00,2011-08-19 08:13:00,1,71.4,71.4,30.439999999999998,0.0328515111695138,26080.992000000002,26080.992000000002
17749.0,2011-03-28 13:39:00,2011-06-14 15:45:00,35,674.52,19.272,13.658974358974358,2.562417871222076,3158.8290461538463,3158.8290461538463
17750.0,2011-06-28 15:44:00,2011-12-04 14:09:00,193,1797.57,9.313834196891191,37.18303797468354,5.19053876478318,4155.799807594936,4155.799807594936
17752.0,2010-12-15 16:19:00,2010-12-15 16:19:00,1,80.64,80.64,30.439999999999998,0.0328515111695138,29456.1792,29456.1792
17754.0,2011-03-24 13:54:00,2011-12-09 11:20:00,92,1772.26,19.26369565217391,10.812664092664093,8.508541392904073,2499.5024432432433,2499.5024432432433
17757.0,2010-12-02 17:17:00,2011-12-08 15:31:00,741,5605.29,7.564493927125506,60.962270270270274,12.155059132720105,5533.784678918919,5533.784678918919
17758.0,2011-04-03 15:22:00,2011-11-20 14:45:00,412,3456.7,8.39004854368932,54.52730434782609,7.555847568988173,5489.840765217391,5489.840765217391
17759.0,2011-06-23 13:35:00,2011-11-22 16:02:00,95,834.99,8.789368421052632,19.025,4.993429697766097,2006.6128105263158,2006.6128105263158
17760.0,2010-12-01 15:08:00,2011-11-18 10:56:00,25,287.59,11.503599999999999,2.1680911680911685,11.530880420499342,299.2902427350428,299.2902427350428
17761.0,2011-11-07 10:23:00,2011-11-07 10:23:00,19,712.78,37.514736842105265,578.36,0.0328515111695138,260364.2784,260364.2784
17763.0,2011-03-21 14:25:00,2011-03-21 14:25:00,1,15.0,15.0,30.439999999999998,0.0328515111695138,5479.2,5479.2
17764.0,2011-05-12 16:11:00,2011-10-20 11:03:00,75,818.82,10.9176,14.26875,5.256241787122208,1869.36606,1869.36606
17765.0,2011-03-28 11:58:00,2011-07-04 12:41:00,57,371.88,6.524210526315789,17.704897959183675,3.219448094612352,1386.1257795918368,1386.1257795918368
17767.0,2011-11-24 14:42:00,2011-11-24 14:42:00,21,271.2,12.914285714285715,639.24,0.0328515111695138,99063.93599999999,99063.93599999999
17768.0,2011-06-26 13:46:00,2011-12-01 13:22:00,105,2273.1800000000003,21.649333333333335,20.35796178343949,5.157687253613666,5288.835607643312,5288.835607643312
17769.0,2011-01-23 11:15:00,2011-11-27 11:18:00,310,3997.98,12.896709677419356,30.637662337662338,10.11826544021025,4741.500436363637,4741.500436363637
17770.0,2011-03-02 13:35:00,2011-05-25 12:34:00,38,1143.27,30.086052631578948,13.936385542168676,2.726675427069645,5031.489946987953,5031.489946987953
17771.0,2011-01-20 14:13:00,2011-10-14 11:43:00,54,245.81,4.552037037037037,6.179548872180451,8.73850197109067,337.5544240601504,337.5544240601504
17772.0,2011-11-29 10:57:00,2011-11-29 11:05:00,53,182.77,3.448490566037736,1613.32,0.0328515111695138,66762.2256,66762.2256
17774.0,2011-02-07 13:13:00,2011-09-04 12:49:00,156,1225.41,7.855192307692308,22.830000000000002,6.83311432325887,2152.008484615385,2152.008484615385
17775.0,2011-03-30 10:50:00,2011-03-30 10:50:00,3,56.4,18.8,91.32,0.0328515111695138,20601.792,20601.792
17777.0,2011-08-31 14:35:00,2011-11-15 12:02:00,194,665.86,3.4322680412371134,78.73813333333334,2.463863337713535,3243.0045440000004,3243.0045440000004
17779.0,2011-07-19 12:19:00,2011-11-18 14:15:00,82,658.57,8.031341463414634,20.45967213114754,4.0078843626806835,1971.823357377049,1971.823357377049
17781.0,2011-03-31 19:54:00,2011-07-03 16:00:00,12,188.02,15.668333333333335,3.927741935483871,3.055190538764783,738.4940387096774,738.4940387096774
17783.0,2011-04-06 10:07:00,2011-09-28 16:07:00,67,283.47,4.23089552238806,11.654171428571429,5.7490144546649145,591.6909805714287,591.6909805714287
17785.0,2011-10-17 13:43:00,2011-10-17 13:43:00,13,131.94,10.149230769230769,395.71999999999997,0.0328515111695138,48195.04319999999,48195.04319999999
17786.0,2011-01-26 14:35:00,2011-09-15 12:51:00,72,278.74,3.871388888888889,9.487792207792209,7.588699080157687,440.7712000000001,440.7712000000001
17787.0,2010-12-03 13:43:00,2011-07-10 11:24:00,134,1865.19,13.919328358208956,18.710825688073395,7.1616294349540075,3125.305519266055,3125.305519266055
17788.0,2011-08-02 10:38:00,2011-09-27 10:09:00,5,1117.9,223.58,2.7672727272727276,1.8068331143232588,7424.482036363638,7424.482036363638
17789.0,2011-03-03 13:14:00,2011-03-03 13:14:00,14,225.9,16.135714285714286,426.15999999999997,0.0328515111695138,82516.752,82516.752
17790.0,2010-12-10 10:47:00,2011-11-13 11:30:00,190,1965.55,10.345,17.111242603550295,11.103810775295663,2124.1896568047337,2124.1896568047337
17791.0,2011-11-10 12:09:00,2011-11-10 12:09:00,10,106.1,10.61,304.4,0.0328515111695138,38756.208,38756.208
17793.0,2011-11-14 14:24:00,2011-11-14 14:24:00,58,323.04,5.5696551724137935,1765.52,0.0328515111695138,118000.05120000002,118000.05120000002
17795.0,2011-03-20 12:02:00,2011-06-13 12:36:00,46,350.39,7.617173913043478,16.473411764705883,2.7923784494086727,1505.7701082352942,1505.7701082352942
17796.0,2010-12-05 12:23:00,2011-10-30 15:38:00,82,697.9,8.510975609756096,7.586869300911855,10.808147174770038,774.8599148936171,774.8599148936171
17797.0,2011-06-10 11:29:00,2011-11-17 13:21:00,111,780.43,7.0309009009009005,21.11775,5.256241787122208,1781.72169,1781.72169
17799.0,2010-12-13 13:10:00,2011-11-17 15:16:00,408,3055.93,7.490024509803921,36.635752212389384,11.136662286465176,3292.8321840707963,3292.8321840707963
17800.0,2011-01-09 13:50:00,2011-11-02 12:57:00,104,1199.01,11.528942307692308,10.695135135135136,9.724047306176084,1479.6431513513514,1479.6431513513514
17802.0,2010-12-02 13:44:00,2011-09-18 14:56:00,140,1285.04,9.178857142857142,14.695172413793104,9.526938239159001,1618.6186593103448,1618.6186593103448
17805.0,2011-09-27 11:49:00,2011-09-27 11:49:00,10,512.31,51.230999999999995,304.4,0.0328515111695138,187136.59679999997,187136.59679999997
17806.0,2011-11-28 14:12:00,2011-11-28 14:12:00,43,546.04,12.698604651162789,1308.9199999999998,0.0328515111695138,199457.49119999993,199457.49119999993
17809.0,2010-12-01 09:41:00,2011-11-23 12:59:00,61,5411.91,88.71983606557377,5.2012324929972,11.727989487516425,5537.429929411765,5537.429929411765
17811.0,2011-01-10 10:58:00,2011-12-05 13:46:00,851,7837.7300000000005,9.210023501762633,78.73689969604864,10.808147174770038,8702.024359878422,8702.024359878422
17812.0,2010-12-06 15:27:00,2011-11-27 11:47:00,141,732.16,5.192624113475177,12.090253521126762,11.662286465177397,753.3617036619719,753.3617036619719
17813.0,2011-09-29 15:57:00,2011-11-25 16:13:00,371,1770.88,4.773261455525606,198.12701754385967,1.8725361366622864,11348.544673684211,11348.544673684211
17816.0,2010-12-09 14:10:00,2011-11-03 11:34:00,17,36.56,2.150588235294118,1.5776829268292683,10.775295663600525,40.715356097560985,40.715356097560985
17817.0,2011-03-07 17:30:00,2011-12-05 14:39:00,33,387.68,11.747878787878788,3.6930882352941174,8.935611038107753,520.6314352941176,520.6314352941176
17819.0,2010-12-03 14:26:00,2011-09-29 10:52:00,48,3704.87,77.18479166666667,4.886688963210703,9.822601839684625,4526.136834782609,4526.136834782609
17824.0,2011-10-19 14:14:00,2011-10-19 14:14:00,13,298.4,22.95384615384615,395.71999999999997,0.0328515111695138,108999.55199999998,108999.55199999998
17827.0,2010-12-10 10:18:00,2011-12-04 15:00:00,220,1995.46,9.070272727272727,18.654038997214485,11.793692509855452,2030.366654038997,2030.366654038997
17828.0,2011-06-08 08:31:00,2011-11-17 08:41:00,67,1820.09,27.1655223880597,12.589382716049382,5.321944809461235,4103.965896296296,4103.965896296296
17829.0,2011-02-14 12:46:00,2011-02-14 12:46:00,30,889.24,29.641333333333332,913.1999999999999,0.0328515111695138,324821.58719999995,324821.58719999995
17830.0,2011-02-24 10:15:00,2011-12-08 12:28:00,23,398.7,17.33478260869565,2.4394425087108016,9.42838370565046,507.44646689895467,507.44646689895467
17831.0,2011-11-06 15:09:00,2011-11-06 15:09:00,2,35.400000000000006,17.700000000000003,60.879999999999995,0.0328515111695138,12930.912,12930.912
17832.0,2011-10-21 11:43:00,2011-10-21 11:43:00,61,155.37,2.547049180327869,1856.84,0.0328515111695138,56753.5536,56753.5536
17835.0,2011-11-16 16:30:00,2011-12-07 11:48:00,61,350.64,5.7481967213114755,92.842,0.657030223390276,6404.08896,6404.08896
17836.0,2011-10-23 16:13:00,2011-10-23 16:13:00,24,110.21000000000001,4.592083333333334,730.56,0.0328515111695138,40257.5088,40257.5088
17837.0,2011-06-29 16:44:00,2011-10-28 16:13:00,169,1593.38,9.42828402366864,42.86966666666667,3.9421813403416555,4850.2487200000005,4850.2487200000005
17838.0,2010-12-02 15:55:00,2011-11-13 11:20:00,121,2779.3,22.969421487603306,10.676057971014494,11.333771353482259,2942.6745043478263,2942.6745043478263
17839.0,2011-10-28 17:27:00,2011-10-28 17:27:00,56,338.8,6.05,1704.6399999999999,0.0328515111695138,123756.86399999997,123756.86399999997
17841.0,2010-12-01 14:41:00,2011-12-08 12:07:00,7847,40991.57,5.223852427679368,643.8347169811321,12.187910643889618,40359.570591913754,40359.570591913754
17843.0,2011-02-09 15:33:00,2011-02-09 15:33:00,37,205.48,5.553513513513513,1126.28,0.0328515111695138,75057.73439999999,75057.73439999999
17844.0,2011-08-25 11:27:00,2011-08-25 11:27:00,5,51.559999999999995,10.312,152.2,0.0328515111695138,18833.836799999997,18833.836799999997
17846.0,2011-09-15 15:20:00,2011-09-15 15:20:00,1,2033.1,2033.1,30.439999999999998,0.0328515111695138,742650.7679999999,535875.9878400022
17848.0,2010-12-16 18:38:00,2011-09-19 16:49:00,51,901.2,17.67058823529412,5.624782608695652,9.067017082785808,1192.7186086956522,1192.7186086956522
17849.0,2011-01-10 11:59:00,2011-05-05 13:46:00,26,605.8000000000001,23.300000000000004,6.882086956521739,3.7779237844940865,1924.2315130434786,1924.2315130434786
17850.0,2010-12-01 08:26:00,2010-12-02 15:27:00,297,5391.21,18.15222222222222,9040.68,0.0328515111695138,1969301.1888,535875.9878400022
17852.0,2011-11-28 12:31:00,2011-11-28 12:36:00,24,114.34,4.764166666666667,730.56,0.0328515111695138,41766.1152,41766.1152
17854.0,2011-04-26 16:53:00,2011-06-07 16:21:00,15,311.26,20.750666666666667,11.136585365853659,1.3469119579500657,2773.098848780488,2773.098848780488
17855.0,2010-12-02 09:44:00,2010-12-02 09:44:00,17,208.97,12.292352941176471,517.48,0.0328515111695138,76332.5616,76332.5616
17856.0,2011-03-03 11:40:00,2011-12-08 09:40:00,15,1418.03,94.53533333333333,1.6365591397849464,9.165571616294349,1856.5519655913977,1856.5519655913977
17857.0,2010-12-09 11:35:00,2011-12-05 13:13:00,54,26879.04,497.76,4.553351800554017,11.85939553219448,27197.71670692521,27197.71670692521
17858.0,2010-12-05 13:08:00,2011-12-04 11:56:00,199,5155.66,25.9078391959799,16.68749311294766,11.925098554533507,5188.04265785124,5188.04265785124
17859.0,2011-02-08 10:32:00,2011-02-08 10:32:00,25,148.21,5.9284,761.0,0.0328515111695138,54138.148799999995,54138.148799999995
17860.0,2010-12-06 12:41:00,2010-12-06 12:41:00,58,252.8,4.358620689655172,1765.52,0.0328515111695138,92342.784,92342.784
17861.0,2011-01-24 11:34:00,2011-12-06 16:21:00,222,2100.8,9.463063063063064,21.38506329113924,10.38107752956636,2428.418430379747,2428.418430379747
17862.0,2011-01-20 12:23:00,2011-01-20 12:23:00,11,330.9,30.08181818181818,334.84,0.0328515111695138,120871.15199999997,120871.15199999997
17863.0,2010-12-05 13:21:00,2011-10-11 13:45:00,148,3160.0,21.35135135135135,14.532645161290322,10.183968462549277,3723.499354838709,3723.499354838709
17864.0,2011-03-09 11:44:00,2011-11-27 11:15:00,102,597.5,5.857843137254902,11.850687022900763,8.607095926412615,833.0335877862594,833.0335877862594
17865.0,2010-12-10 14:53:00,2011-11-09 12:08:00,370,10526.32,28.449513513513512,33.82222222222222,10.939553219448094,11546.709218018017,11546.709218018017
17866.0,2011-07-20 11:07:00,2011-07-20 11:07:00,9,329.65000000000003,36.62777777777778,273.96,0.0328515111695138,120414.552,120414.552
17867.0,2011-02-24 12:25:00,2011-11-09 14:15:00,79,1197.1000000000001,15.153164556962027,9.320775193798449,8.47568988173456,1694.8708837209301,1694.8708837209301
17869.0,2010-12-06 17:16:00,2011-08-24 16:16:00,40,428.18,10.7045,4.683076923076923,8.541392904073588,601.559963076923,601.559963076923
17870.0,2010-12-08 08:12:00,2011-12-07 15:07:00,279,1894.35,6.7897849462365585,23.33175824175824,11.957950065703022,1901.0114505494503,1901.0114505494503
17871.0,2011-05-19 11:32:00,2011-05-19 11:32:00,10,155.9,15.59,304.4,0.0328515111695138,56947.151999999995,56947.151999999995
17873.0,2010-12-01 14:54:00,2011-09-20 16:41:00,44,1859.16,42.25363636363637,4.571194539249147,9.625492772667542,2317.7951017064847,2317.7951017064847
17874.0,2011-03-29 11:25:00,2011-06-07 12:54:00,46,683.46,14.857826086956523,20.00342857142857,2.299605781865966,3566.489554285715,3566.489554285715
17877.0,2011-06-22 13:00:00,2011-06-22 13:00:00,12,237.61,19.800833333333333,365.28,0.0328515111695138,86794.1808,86794.1808
17878.0,2011-10-27 11:24:00,2011-10-27 11:24:00,26,379.45,14.59423076923077,791.4399999999999,0.0328515111695138,138605.49599999998,138605.49599999998
17879.0,2011-06-19 12:36:00,2011-06-19 12:36:00,6,178.52,29.753333333333334,182.64,0.0328515111695138,65209.7856,65209.7856
17880.0,2010-12-10 10:21:00,2010-12-10 10:21:00,26,458.92,17.65076923076923,791.4399999999999,0.0328515111695138,167634.2976,167634.2976
17881.0,2011-02-08 17:16:00,2011-02-08 17:16:00,8,133.35,16.66875,243.51999999999998,0.0328515111695138,48710.087999999996,48710.087999999996
17883.0,2011-04-07 19:16:00,2011-12-06 17:49:00,145,671.77,4.632896551724138,18.238842975206612,7.9500657030223385,1013.9840727272729,1013.9840727272729
17884.0,2010-12-03 12:11:00,2011-12-06 11:33:00,117,717.45,6.1320512820512825,9.704305177111717,12.056504599211562,714.0875640326976,714.0875640326976
17885.0,2011-11-27 14:40:00,2011-11-27 14:40:00,64,190.19,2.97171875,1948.1599999999999,0.0328515111695138,69472.60319999998,69472.60319999998
17886.0,2011-04-04 12:34:00,2011-11-08 10:09:00,109,899.61,8.253302752293578,15.290138248847928,7.128777923784494,1514.3296811059909,1514.3296811059909
17887.0,2011-08-02 17:29:00,2011-08-02 17:29:00,10,111.35,11.135,304.4,0.0328515111695138,40673.928,40673.928
17888.0,2010-12-17 13:56:00,2011-11-18 13:45:00,67,726.05,10.836567164179105,6.088000000000001,11.005256241787121,791.6762507462688,791.6762507462688
17889.0,2011-01-21 17:14:00,2011-05-11 16:26:00,21,203.87,9.708095238095238,5.864587155963303,3.5808147174770038,683.207647706422,683.207647706422
17890.0,2010-12-13 15:12:00,2011-01-21 11:19:00,94,602.09,6.405212765957447,75.29894736842105,1.2483574244415243,5787.669347368422,5787.669347368422
17891.0,2011-06-30 20:08:00,2011-06-30 20:08:00,34,203.85999999999999,5.995882352941176,1034.96,0.0328515111695138,74465.98079999999,74465.98079999999
17892.0,2011-07-07 12:56:00,2011-10-14 16:49:00,28,244.1,8.717857142857143,8.609292929292929,3.252299605781866,900.6550303030302,900.6550303030302
17893.0,2011-04-28 13:50:00,2011-04-28 13:50:00,16,112.25,7.015625,487.03999999999996,0.0328515111695138,41002.68,41002.68
17894.0,2010-12-08 14:50:00,2011-09-29 09:23:00,193,1119.81,5.802124352331606,19.982721088435373,9.658344283837057,1391.3067918367346,1391.3067918367346
17895.0,2011-10-26 17:00:00,2011-10-26 17:00:00,16,98.0,6.125,487.03999999999996,0.0328515111695138,35797.44,35797.44
17896.0,2011-11-16 13:59:00,2011-11-16 13:59:00,2,256.32,128.16,60.879999999999995,0.0328515111695138,93628.56959999999,93628.56959999999
17897.0,2010-12-01 12:31:00,2011-06-20 11:23:00,114,566.6,4.970175438596492,17.3508,6.570302233902759,1034.83824,1034.83824
17898.0,2011-05-16 17:13:00,2011-09-15 14:56:00,28,152.06,5.430714285714286,7.043966942148761,3.9750328515111693,459.0452628099174,459.0452628099174
17899.0,2011-07-03 14:58:00,2011-07-03 14:58:00,32,155.8,4.86875,974.0799999999999,0.0328515111695138,56910.623999999996,56910.623999999996
17900.0,2011-06-02 14:28:00,2011-06-02 14:38:00,6,112.19999999999999,18.7,182.64,0.0328515111695138,40984.416,40984.416
17901.0,2011-11-10 17:29:00,2011-11-10 17:29:00,19,110.38,5.809473684210526,578.36,0.0328515111695138,40319.606400000004,40319.606400000004
17904.0,2011-11-18 12:57:00,2011-11-18 12:57:00,38,191.67000000000002,5.043947368421053,1156.72,0.0328515111695138,70013.2176,70013.2176
17905.0,2010-12-01 13:21:00,2011-09-29 17:33:00,34,800.24,23.536470588235293,3.427019867549669,9.921156373193167,967.9194278145695,967.9194278145695
17906.0,2011-04-06 17:25:00,2011-04-06 17:25:00,12,72.9,6.075,365.28,0.0328515111695138,26628.912,26628.912
17908.0,2010-12-01 11:45:00,2010-12-01 11:45:00,58,243.28,4.19448275862069,1765.52,0.0328515111695138,88865.31839999999,88865.31839999999
17911.0,2011-11-30 14:52:00,2011-11-30 14:52:00,39,366.23,9.390512820512821,1187.1599999999999,0.0328515111695138,133776.4944,133776.4944
17912.0,2010-12-10 11:11:00,2011-02-02 14:25:00,38,311.01,8.184473684210525,21.42074074074074,1.773981603153745,2103.8098666666665,2103.8098666666665
17913.0,2010-12-19 11:35:00,2011-10-12 10:45:00,59,411.6,6.976271186440679,6.067432432432432,9.724047306176084,507.93664864864866,507.93664864864866
17914.0,2011-12-06 11:58:00,2011-12-06 11:58:00,80,336.43,4.205375,2435.2,0.0328515111695138,122891.15039999998,122891.15039999998
17917.0,2010-12-12 12:08:00,2011-10-25 13:20:00,94,341.28,3.63063829787234,9.026372239747635,10.413929040735873,393.2579129337539,393.2579129337539
17919.0,2011-09-12 13:41:00,2011-09-12 13:41:00,23,1304.04,56.697391304347825,700.12,0.0328515111695138,476339.7312,476339.7312
17920.0,2010-12-01 11:49:00,2011-12-05 14:29:00,696,4204.1,6.040373563218392,57.415284552845534,12.12220762155059,4161.717203252034,4161.717203252034
17921.0,2011-03-18 13:19:00,2011-10-06 18:56:00,145,826.52,5.700137931034483,21.85049504950495,6.636005256241787,1494.6100277227722,1494.6100277227722
17923.0,2011-03-02 15:15:00,2011-03-02 15:15:00,1,207.50000000000003,207.50000000000003,30.439999999999998,0.0328515111695138,75795.6,75795.6
17924.0,2010-12-01 10:51:00,2011-11-28 09:11:00,31,2962.5,95.56451612903226,2.6139612188365655,11.85939553219448,2997.623268698061,2997.623268698061
17925.0,2010-12-02 10:10:00,2010-12-02 10:10:00,1,244.08,244.08,30.439999999999998,0.0328515111695138,89157.54239999999,89157.54239999999
17926.0,2011-05-20 09:24:00,2011-07-29 14:39:00,21,397.29,18.91857142857143,9.132,2.299605781865966,2073.1727314285713,2073.1727314285713
17928.0,2011-04-07 18:03:00,2011-10-25 13:52:00,23,212.54,9.240869565217391,3.5006,6.570302233902759,388.18305599999997,388.18305599999997
17929.0,2011-02-04 11:40:00,2011-11-28 16:01:00,5,843.0,168.6,0.5124579124579125,9.756898817345597,1036.8048484848484,1036.8048484848484
17930.0,2011-04-14 15:46:00,2011-11-04 10:23:00,39,1740.48,44.62769230769231,5.84807881773399,6.668856767411301,3131.835144827586,3131.835144827586
17931.0,2011-03-29 12:31:00,2011-07-28 18:33:00,65,408.36,6.282461538461539,16.35206611570248,3.9750328515111693,1232.774717355372,1232.774717355372
17932.0,2011-05-12 13:58:00,2011-11-10 19:49:00,90,1331.57,14.795222222222222,15.052747252747253,5.978975032851511,2672.5048879120877,2672.5048879120877
17934.0,2011-10-12 10:50:00,2011-10-19 11:16:00,21,704.25,33.535714285714285,91.32000000000001,0.22996057818659657,36749.77714285714,36749.77714285714
17935.0,2011-07-21 11:23:00,2011-07-24 13:18:00,29,145.79,5.027241379310345,294.25333333333333,0.09855453350854139,17751.3904,17751.3904
17936.0,2011-12-04 13:32:00,2011-12-04 13:32:00,77,389.84,5.062857142857142,2343.88,0.0328515111695138,142400.75519999999,142400.75519999999
17937.0,2010-12-12 14:43:00,2011-12-01 11:45:00,43,4301.22,100.02837209302326,3.7079886685552412,11.59658344283837,4450.848843059491,4450.848843059491
17939.0,2011-07-03 12:27:00,2011-07-03 12:27:00,12,99.14,8.261666666666667,365.28,0.0328515111695138,36213.8592,36213.8592
17940.0,2011-02-10 09:29:00,2011-10-21 13:27:00,19,4106.4400000000005,216.1284210526316,2.28600790513834,8.31143232588699,5928.855348616602,5928.855348616602
17941.0,2011-08-01 08:30:00,2011-08-01 08:30:00,2,304.56,152.28,60.879999999999995,0.0328515111695138,111249.67679999999,111249.67679999999
17942.0,2011-12-02 10:45:00,2011-12-02 10:45:00,2,77.50000000000001,38.75000000000001,60.879999999999995,0.0328515111695138,28309.200000000004,28309.200000000004
17946.0,2011-03-25 14:34:00,2011-04-20 17:00:00,20,149.57999999999998,7.478999999999999,23.415384615384617,0.8541392904073587,2101.4839384615384,2101.4839384615384
17947.0,2011-11-02 13:05:00,2011-11-02 13:05:00,9,176.68,19.63111111111111,273.96,0.0328515111695138,64537.670399999995,64537.670399999995
17948.0,2011-07-15 12:58:00,2011-07-15 12:58:00,1,358.56000000000006,358.56000000000006,30.439999999999998,0.0328515111695138,130974.79680000001,130974.79680000001
17949.0,2010-12-03 13:12:00,2011-12-08 18:46:00,70,58510.48,835.864,5.758918918918919,12.155059132720105,57764.07603891892,57764.07603891892
17950.0,2010-12-09 15:16:00,2011-09-28 15:18:00,71,482.2,6.791549295774648,7.376245733788396,9.625492772667542,601.153638225256,601.153638225256
17951.0,2010-12-01 12:40:00,2011-10-31 12:30:00,20,1008.5400000000001,50.42700000000001,1.8282282282282285,10.939553219448094,1106.3047783783786,1106.3047783783786
17954.0,2010-12-03 14:18:00,2011-12-04 14:15:00,485,2332.72,4.809731958762886,40.447671232876715,11.990801576872535,2334.5094838356163,2334.5094838356163
17955.0,2011-05-04 12:29:00,2011-05-25 12:00:00,19,557.3,29.331578947368417,28.918,0.657030223390276,10178.527199999999,10178.527199999999
17956.0,2011-04-04 13:47:00,2011-04-04 13:47:00,1,12.75,12.75,30.439999999999998,0.0328515111695138,4657.32,4657.32
17957.0,2011-10-04 14:58:00,2011-10-04 14:58:00,31,111.68,3.6025806451612907,943.64,0.0328515111695138,40794.470400000006,40794.470400000006
17958.0,2011-08-15 12:19:00,2011-08-15 12:19:00,7,508.46000000000004,72.63714285714286,213.07999999999998,0.0328515111695138,185730.2688,185730.2688
17960.0,2011-06-21 14:15:00,2011-06-21 14:15:00,26,73.78,2.8376923076923077,791.4399999999999,0.0328515111695138,26950.358399999997,26950.358399999997
17961.0,2010-12-02 19:18:00,2011-11-18 16:55:00,249,1296.44,5.206586345381527,21.655885714285716,11.498028909329829,1353.0388662857144,1353.0388662857144
17962.0,2011-07-20 14:16:00,2011-07-20 14:16:00,35,102.83,2.938,1065.3999999999999,0.0328515111695138,37561.7424,37561.7424
17964.0,2010-12-02 13:32:00,2011-11-08 10:44:00,104,471.7,4.535576923076923,9.311058823529413,11.169513797634691,506.77228235294126,506.77228235294126
17965.0,2010-12-05 15:54:00,2011-11-02 09:31:00,329,2622.57,7.971337386018238,30.256072507552872,10.873850197109066,2894.1763432024172,2894.1763432024172
17966.0,2011-03-23 17:25:00,2011-11-02 10:26:00,68,1098.43,16.15338235294118,9.282152466367714,7.3258869908015765,1799.2578941704041,1799.2578941704041
17967.0,2010-12-03 11:19:00,2010-12-03 11:19:00,48,123.07,2.5639583333333333,1461.12,0.0328515111695138,44955.0096,44955.0096
17968.0,2010-12-01 12:23:00,2010-12-01 12:23:00,85,277.35,3.2629411764705885,2587.4,0.0328515111695138,101310.40800000002,101310.40800000002
17969.0,2010-12-13 15:34:00,2011-06-26 13:00:00,14,228.2,16.3,2.196701030927835,6.3731931668856765,429.6747216494845,429.6747216494845
17970.0,2011-05-12 20:03:00,2011-05-12 20:03:00,31,582.59,18.793225806451613,943.64,0.0328515111695138,212808.4752,212808.4752
17972.0,2011-04-12 12:16:00,2011-04-12 12:16:00,31,136.04,4.388387096774193,943.64,0.0328515111695138,49692.69119999999,49692.69119999999
17973.0,2011-10-19 10:34:00,2011-10-19 10:34:00,15,337.04,22.469333333333335,456.59999999999997,0.0328515111695138,123113.9712,123113.9712
17974.0,2011-05-04 11:50:00,2011-11-15 11:37:00,179,740.79,4.138491620111732,28.08639175257732,6.3731931668856765,1394.823562886598,1394.823562886598
17975.0,2010-12-08 11:38:00,2011-11-24 13:27:00,296,4488.81,15.16489864864865,25.670199430199432,11.530880420499342,4671.431671794873,4671.431671794873
17976.0,2010-12-02 13:49:00,2010-12-02 13:49:00,65,353.19,5.433692307692308,1978.6,0.0328515111695138,129013.2432,129013.2432
17977.0,2011-11-10 13:28:00,2011-11-10 13:28:00,21,288.14,13.72095238095238,639.24,0.0328515111695138,105251.77919999999,105251.77919999999
17978.0,2010-12-09 14:05:00,2010-12-09 14:05:00,12,300.91999999999996,25.076666666666664,365.28,0.0328515111695138,109920.05759999999,109920.05759999999
17979.0,2011-03-25 11:34:00,2011-11-04 12:05:00,146,757.71,5.189794520547945,19.840357142857144,7.35873850197109,1235.6085214285715,1235.6085214285715
17980.0,2010-12-15 15:50:00,2011-06-27 12:01:00,30,811.45,27.048333333333336,4.73160621761658,6.340341655716163,1535.7847461139897,1535.7847461139897
17984.0,2011-07-17 15:59:00,2011-07-17 15:59:00,48,152.68,3.1808333333333336,1461.12,0.0328515111695138,55770.9504,55770.9504
17985.0,2011-11-17 14:24:00,2011-11-17 14:24:00,23,634.95,27.606521739130436,700.12,0.0328515111695138,231934.53600000002,231934.53600000002
17986.0,2011-10-14 14:22:00,2011-10-14 14:22:00,1,20.8,20.8,30.439999999999998,0.0328515111695138,7597.823999999999,7597.823999999999
17987.0,2011-06-07 14:22:00,2011-06-07 14:22:00,13,198.57,15.274615384615384,395.71999999999997,0.0328515111695138,72533.64959999999,72533.64959999999
17988.0,2011-01-17 11:59:00,2011-11-28 11:00:00,38,201.12,5.292631578947368,3.6838216560509554,10.315374507227332,233.96532993630572,233.96532993630572
17990.0,2010-12-13 12:10:00,2011-04-17 11:44:00,29,630.84,21.753103448275862,7.119032258064516,4.073587385019711,1858.3325419354837,1858.3325419354837
17991.0,2011-04-27 16:39:00,2011-04-28 15:58:00,5,93.35,18.669999999999998,152.2,0.0328515111695138,34098.88799999999,34098.88799999999
17994.0,2011-02-22 11:02:00,2011-08-10 11:41:00,81,678.49,8.37641975308642,14.589585798816568,5.551905387647832,1466.5019360946746,1466.5019360946746
17995.0,2011-03-03 12:30:00,2011-03-03 12:30:00,2,76.1,38.05,60.879999999999995,0.0328515111695138,27797.807999999994,27797.807999999994
17997.0,2011-06-28 17:28:00,2011-09-26 16:13:00,166,1970.67,11.871506024096385,56.775730337078656,2.923784494086728,8088.161096629214,8088.161096629214
17999.0,2010-12-08 15:17:00,2011-11-02 15:56:00,93,382.06,4.108172043010753,8.604620060790275,10.808147174770038,424.1911148936171,424.1911148936171
18001.0,2011-09-14 11:21:00,2011-11-27 16:02:00,58,417.23,7.193620689655173,23.85837837837838,2.431011826544021,2059.5374918918924,2059.5374918918924
18004.0,2010-12-12 13:47:00,2010-12-12 13:47:00,40,169.47,4.23675,1217.6,0.0328515111695138,61904.00159999999,61904.00159999999
18005.0,2011-10-23 14:40:00,2011-12-06 11:51:00,60,249.72,4.162,42.47441860465116,1.4126149802890933,2121.3423627906977,2121.3423627906977
18006.0,2011-11-16 16:52:00,2011-11-16 16:52:00,22,444.68,20.212727272727275,669.68,0.0328515111695138,162432.71039999998,162432.71039999998
18008.0,2011-01-25 12:26:00,2011-09-30 15:17:00,30,2116.19,70.53966666666666,3.682258064516129,8.147174770039422,3116.9430774193543,3116.9430774193543
18009.0,2011-04-18 13:36:00,2011-04-18 13:36:00,32,257.34,8.041875,974.0799999999999,0.0328515111695138,94001.15519999998,94001.15519999998
18010.0,2011-03-28 12:27:00,2011-03-28 12:27:00,14,174.8,12.485714285714286,426.15999999999997,0.0328515111695138,63850.94399999999,63850.94399999999
18011.0,2010-12-01 17:35:00,2010-12-01 17:35:00,28,102.78999999999999,3.671071428571428,852.3199999999999,0.0328515111695138,37547.131199999996,37547.131199999996
18013.0,2011-07-07 14:08:00,2011-07-07 14:11:00,31,187.29,6.041612903225806,943.64,0.0328515111695138,68413.29119999999,68413.29119999999
18014.0,2011-11-11 15:28:00,2011-11-11 15:28:00,32,166.42,5.200625,974.0799999999999,0.0328515111695138,60789.8976,60789.8976
18015.0,2011-12-05 14:49:00,2011-12-05 14:49:00,46,120.03,2.6093478260869567,1400.24,0.0328515111695138,43844.5584,43844.5584
18016.0,2010-12-10 17:14:00,2011-11-07 13:25:00,123,1483.56,12.061463414634146,11.31154078549849,10.873850197109066,1637.2048241691841,1637.2048241691841
18017.0,2011-02-02 13:57:00,2011-09-19 16:15:00,3,523.0,174.33333333333334,0.39877729257641925,7.522996057818659,834.2420960698691,834.2420960698691
18018.0,2011-05-24 13:22:00,2011-08-23 17:37:00,29,122.14,4.211724137931035,9.70065934065934,2.9894875164257555,490.27801318681327,490.27801318681327
18019.0,2011-10-19 12:10:00,2011-10-19 12:10:00,5,38.45,7.69,152.2,0.0328515111695138,14045.016,14045.016
18022.0,2011-11-04 12:45:00,2011-11-04 12:45:00,191,668.11,3.497958115183246,5814.04,0.0328515111695138,244047.2208,244047.2208
18024.0,2011-07-10 12:28:00,2011-07-10 12:40:00,21,389.78,18.56095238095238,639.24,0.0328515111695138,142378.83839999998,142378.83839999998
18027.0,2011-09-02 10:38:00,2011-09-02 10:38:00,21,115.31,5.490952380952381,639.24,0.0328515111695138,42120.436799999996,42120.436799999996
18030.0,2011-10-28 13:55:00,2011-12-05 16:37:00,9,230.64999999999998,25.627777777777776,7.2094736842105265,1.2483574244415243,2217.1534736842104,2217.1534736842104
18032.0,2011-01-09 15:32:00,2011-01-09 15:32:00,5,73.5,14.7,152.2,0.0328515111695138,26848.079999999994,26848.079999999994
18033.0,2011-10-05 17:28:00,2011-10-05 17:28:00,34,97.97,2.881470588235294,1034.96,0.0328515111695138,35786.4816,35786.4816
18034.0,2011-11-18 12:08:00,2011-11-18 12:22:00,112,422.88,3.775714285714286,3409.2799999999997,0.0328515111695138,154469.6064,154469.6064
18035.0,2011-10-27 17:48:00,2011-11-04 12:39:00,53,730.4,13.781132075471698,230.4742857142857,0.22996057818659657,38114.358857142855,38114.358857142855
18036.0,2011-04-08 11:26:00,2011-11-07 14:40:00,96,405.62,4.225208333333334,13.71943661971831,6.9973718791064385,695.6097352112677,695.6097352112677
18037.0,2010-12-12 16:20:00,2011-07-08 13:39:00,19,70.02,3.685263157894737,2.794009661835749,6.800262812089356,123.55993043478261,123.55993043478261
18040.0,2011-04-08 08:27:00,2011-11-20 14:20:00,19,357.20000000000005,18.8,2.559115044247788,7.424441524310118,577.336353982301,577.336353982301
18041.0,2010-12-02 11:21:00,2011-11-28 11:39:00,472,4183.39,8.863114406779662,39.7996675900277,11.85939553219448,4232.988086426593,4232.988086426593
18042.0,2011-10-17 11:49:00,2011-10-17 11:49:00,7,165.04999999999998,23.578571428571426,213.07999999999998,0.0328515111695138,60289.46399999999,60289.46399999999
18043.0,2010-12-08 12:35:00,2011-11-15 12:48:00,121,559.51,4.624049586776859,10.769707602339182,11.235216819973719,597.5959438596492,597.5959438596492
18044.0,2010-12-14 12:25:00,2011-12-05 14:26:00,127,2088.6,16.445669291338582,10.859213483146068,11.695137976346912,2143.044404494382,2143.044404494382
18045.0,2011-10-25 13:07:00,2011-10-25 13:07:00,47,189.4,4.029787234042553,1430.68,0.0328515111695138,69184.032,69184.032
18048.0,2011-05-20 14:54:00,2011-05-20 14:58:00,7,172.29000000000002,24.612857142857145,213.07999999999998,0.0328515111695138,62934.091199999995,62934.091199999995
18050.0,2010-12-15 14:25:00,2010-12-15 14:25:00,5,74.4,14.88,152.2,0.0328515111695138,27176.832,27176.832
18053.0,2011-09-30 09:05:00,2011-09-30 09:05:00,20,300.02,15.001,608.8,0.0328515111695138,109591.30559999998,109591.30559999998
18055.0,2010-12-05 10:52:00,2011-12-02 14:25:00,360,6784.1900000000005,18.844972222222225,30.271823204419892,11.892247043363994,6845.66000883978,6845.66000883978
18056.0,2011-02-24 14:27:00,2011-02-24 14:27:00,19,363.65,19.139473684210525,578.36,0.0328515111695138,132834.072,132834.072
18058.0,2011-11-30 08:38:00,2011-11-30 08:38:00,3,170.16,56.72,91.32,0.0328515111695138,62156.04479999999,62156.04479999999
18059.0,2011-10-03 09:30:00,2011-11-16 16:49:00,18,306.46,17.025555555555556,12.452727272727273,1.445466491458607,2544.1752,2544.1752
18061.0,2010-12-08 13:03:00,2011-11-18 11:20:00,46,2119.41,46.0741304347826,4.0704651162790695,11.300919842312746,2250.5176883720924,2250.5176883720924
18062.0,2011-01-06 10:03:00,2011-06-19 14:47:00,27,720.52,26.685925925925925,5.011463414634147,5.387647831800263,1604.826497560976,1604.826497560976
18064.0,2011-04-18 15:08:00,2011-07-29 16:39:00,7,814.0,116.28571428571429,2.0890196078431376,3.350854139290407,2915.077647058824,2915.077647058824
18065.0,2010-12-10 12:44:00,2011-12-04 10:30:00,137,2392.83,17.465912408759124,11.648826815642458,11.76084099868594,2441.4886659217877,2441.4886659217877
18066.0,2011-09-25 15:30:00,2011-09-25 15:30:00,10,318.0,31.8,304.4,0.0328515111695138,116159.04000000001,116159.04000000001
18067.0,2011-10-30 15:58:00,2011-10-30 15:58:00,37,396.33,10.711621621621621,1126.28,0.0328515111695138,144771.42239999998,144771.42239999998
18068.0,2011-02-23 14:50:00,2011-02-23 14:50:00,1,101.7,101.7,30.439999999999998,0.0328515111695138,37148.976,37148.976
18069.0,2011-01-16 15:50:00,2011-11-13 16:03:00,470,2036.67,4.333340425531915,47.53089700996678,9.888304862023652,2471.6106897009968,2471.6106897009968
18071.0,2010-12-09 10:33:00,2011-03-27 11:59:00,25,453.0,18.12,7.046296296296297,3.54796320630749,1532.146666666667,1532.146666666667
18072.0,2011-06-07 10:44:00,2011-06-07 10:44:00,18,247.44,13.746666666666666,547.92,0.0328515111695138,90384.88319999998,90384.88319999998
18073.0,2011-05-26 19:38:00,2011-08-17 14:02:00,73,3877.5200000000004,53.11671232876713,27.0990243902439,2.6938239159001314,17272.93299512195,17272.93299512195
18074.0,2010-12-01 09:53:00,2010-12-01 09:53:00,13,489.6,37.66153846153846,395.71999999999997,0.0328515111695138,178841.088,178841.088
18075.0,2010-12-14 10:48:00,2011-11-16 15:21:00,142,2611.75,18.392605633802816,12.826350148367954,11.070959264126149,2830.92,2830.92
18077.0,2010-12-08 10:21:00,2011-12-01 13:32:00,227,2633.01,11.599162995594714,19.301340782122907,11.76084099868594,2686.552773184358,2686.552773184358
18078.0,2011-03-25 15:08:00,2011-05-06 14:32:00,29,336.13,11.590689655172413,21.530731707317074,1.3469119579500657,2994.672351219512,2994.672351219512
18079.0,2011-04-15 12:14:00,2011-10-25 15:27:00,127,3651.97,28.75566929133858,20.030466321243523,6.340341655716163,6911.873583419689,6911.873583419689
18080.0,2011-04-11 10:10:00,2011-11-21 08:02:00,2,1231.5,615.75,0.27300448430493274,7.3258869908015765,2017.230134529148,2017.230134529148
18081.0,2011-07-29 11:56:00,2011-11-03 16:30:00,17,343.45,20.20294117647059,5.334845360824742,3.1865965834428382,1293.3548041237113,1293.3548041237113
18082.0,2011-11-14 12:45:00,2011-11-14 12:45:00,73,703.37,9.635205479452054,2222.12,0.0328515111695138,256926.99359999996,256926.99359999996
18084.0,2011-11-23 13:57:00,2011-11-23 13:57:00,1,90.48,90.48,30.439999999999998,0.0328515111695138,33050.5344,33050.5344
18085.0,2010-12-01 12:08:00,2011-01-13 15:17:00,29,689.95,23.79137931034483,20.529302325581394,1.4126149802890933,5861.045023255814,5861.045023255814
18086.0,2011-03-10 13:34:00,2011-03-10 13:34:00,7,101.34,14.477142857142857,213.07999999999998,0.0328515111695138,37017.47519999999,37017.47519999999
18087.0,2011-02-22 10:43:00,2011-09-02 15:12:00,2,4055.7200000000003,2027.8600000000001,0.31708333333333333,6.307490144546649,7716.007300000001,7716.007300000001
18088.0,2011-10-09 13:41:00,2011-10-09 13:41:00,39,167.67000000000002,4.299230769230769,1187.1599999999999,0.0328515111695138,61246.497599999995,61246.497599999995
18092.0,2010-12-09 10:00:00,2011-12-07 13:14:00,89,9068.26,101.89056179775281,7.463250688705235,11.925098554533507,9125.217666115703,9125.217666115703
18093.0,2011-02-10 12:15:00,2011-09-07 15:43:00,36,2106.52,58.51444444444444,5.243253588516747,6.865965834428383,3681.6728497607655,3681.6728497607655
18094.0,2011-02-21 08:50:00,2011-09-19 09:28:00,70,3017.3,43.104285714285716,10.146666666666667,6.898817345597897,5248.377828571429,5248.377828571429
18095.0,2011-01-11 12:37:00,2011-01-31 12:50:00,21,580.05,27.62142857142857,31.962,0.657030223390276,10594.0332,10594.0332
18096.0,2011-10-07 11:55:00,2011-11-28 12:44:00,213,911.15,4.277699530516432,124.68692307692308,1.7082785808147174,6400.478307692308,6400.478307692308
18097.0,2010-12-20 14:49:00,2011-12-02 11:16:00,108,2697.8,24.97962962962963,9.50150289017341,11.366622864651774,2848.128277456648,2848.128277456648
18099.0,2011-08-04 15:52:00,2011-08-04 15:52:00,19,168.31,8.858421052631579,578.36,0.0328515111695138,61480.27680000001,61480.27680000001
18101.0,2011-07-19 13:05:00,2011-11-28 13:37:00,41,223.65,5.454878048780488,9.454848484848485,4.336399474375821,618.9005454545455,618.9005454545455
18102.0,2010-12-07 16:42:00,2011-12-09 11:50:00,431,259657.3,602.45313225058,35.846010928961746,12.02365308804205,259146.4987540983,259146.4987540983
18104.0,2011-11-02 14:07:00,2011-11-02 14:07:00,38,754.64,19.858947368421052,1156.72,0.0328515111695138,275654.8992,275654.8992
18105.0,2011-11-02 12:04:00,2011-11-02 12:04:00,18,113.48000000000002,6.304444444444446,547.92,0.0328515111695138,41451.97440000001,41451.97440000001
18106.0,2011-01-14 12:23:00,2011-01-14 12:23:00,39,430.7,11.043589743589743,1187.1599999999999,0.0328515111695138,157326.09599999996,157326.09599999996
18108.0,2011-03-30 13:56:00,2011-03-30 13:56:00,17,271.0,15.941176470588236,517.48,0.0328515111695138,98990.88,98990.88
18109.0,2010-12-05 10:58:00,2011-12-08 11:36:00,444,8052.97,18.13731981981982,36.72652173913043,12.089356110381077,7993.448047826087,7993.448047826087
18110.0,2011-11-20 12:34:00,2011-11-20 12:34:00,46,236.3,5.136956521739131,1400.24,0.0328515111695138,86315.664,86315.664
18112.0,2011-06-26 13:56:00,2011-11-27 14:43:00,26,352.69,13.565,5.139220779220779,5.059132720105125,836.5623584415584,836.5623584415584
18113.0,2010-12-06 12:31:00,2010-12-06 12:31:00,1,76.32000000000001,76.32000000000001,30.439999999999998,0.0328515111695138,27878.1696,27878.1696
18114.0,2011-02-22 13:20:00,2011-02-22 13:20:00,28,220.1,7.860714285714286,852.3199999999999,0.0328515111695138,80398.128,80398.128
18116.0,2010-12-10 12:14:00,2011-10-03 11:00:00,378,1418.03,3.7514021164021165,38.8727027027027,9.724047306176084,1749.92567027027,1749.92567027027
18117.0,2011-11-14 12:47:00,2011-11-14 12:47:00,74,320.71999999999997,4.334054054054054,2252.56,0.0328515111695138,117152.60159999998,117152.60159999998
18118.0,2010-12-05 12:13:00,2011-11-29 11:32:00,1279,5653.82,4.420500390930414,108.75072625698324,11.76084099868594,5768.79153519553,5768.79153519553
18119.0,2010-12-07 11:59:00,2010-12-07 11:59:00,30,181.12,6.037333333333334,913.1999999999999,0.0328515111695138,66159.5136,66159.5136
18120.0,2011-05-09 13:45:00,2011-05-09 13:45:00,17,111.15,6.538235294117648,517.48,0.0328515111695138,40600.872,40600.872
18121.0,2011-07-08 12:14:00,2011-07-13 12:53:00,32,673.1,21.034375,194.816,0.164257555847569,49173.9936,49173.9936
18122.0,2011-07-12 11:37:00,2011-12-01 13:08:00,364,1826.21,5.0170604395604395,78.02929577464789,4.664914586070959,4697.732315492958,4697.732315492958
18123.0,2011-11-08 13:31:00,2011-11-15 14:23:00,36,589.4399999999999,16.37333333333333,156.54857142857145,0.22996057818659657,30758.663314285717,30758.663314285717
18125.0,2011-01-27 15:02:00,2011-11-10 12:29:00,196,1142.99,5.831581632653061,20.86097902097902,9.395532194480946,1459.830025174825,1459.830025174825
18126.0,2011-10-10 12:19:00,2011-10-10 12:19:00,56,206.83,3.6933928571428574,1704.6399999999999,0.0328515111695138,75550.8624,75550.8624
18127.0,2011-07-29 10:06:00,2011-11-20 14:05:00,47,348.73,7.419787234042554,12.54982456140351,3.7450722733245727,1117.4043368421053,1117.4043368421053
18129.0,2011-04-10 14:16:00,2011-04-10 14:16:00,14,112.55000000000001,8.039285714285715,426.15999999999997,0.0328515111695138,41112.263999999996,41112.263999999996
18130.0,2011-10-13 15:58:00,2011-11-24 14:40:00,70,1059.39,15.134142857142859,51.97073170731707,1.3469119579500657,9438.389736585366,9438.389736585366
18133.0,2011-05-11 14:14:00,2011-05-11 14:14:00,1,931.5,931.5,30.439999999999998,0.0328515111695138,340258.31999999995,340258.31999999995
18135.0,2011-06-02 14:04:00,2011-11-10 19:32:00,20,681.91,34.0955,3.7813664596273293,5.289093298291721,1547.1309614906836,1547.1309614906836
18136.0,2011-01-24 12:08:00,2011-10-07 15:40:00,38,784.33,20.640263157894736,4.5184375,8.409986859395532,1119.14086875,1119.14086875
18138.0,2011-02-17 14:51:00,2011-02-17 14:51:00,8,152.65,19.08125,243.51999999999998,0.0328515111695138,55759.992,55759.992
18139.0,2011-11-21 14:06:00,2011-11-22 10:44:00,159,8438.34,53.07132075471698,4839.96,0.0328515111695138,3082356.8351999996,535875.9878400022
18142.0,2011-05-08 12:31:00,2011-07-05 13:19:00,15,1019.52,67.968,7.872413793103449,1.9053876478318001,6420.866648275862,6420.866648275862
18143.0,2011-07-21 10:44:00,2011-08-15 12:07:00,61,1000.16,16.396065573770493,74.2736,0.8212877792378449,14613.537792000001,14613.537792000001
18144.0,2010-12-01 13:45:00,2011-12-02 12:46:00,43,2888.75,67.18023255813954,3.586082191780822,11.990801576872535,2890.9660273972604,2890.9660273972604
18145.0,2011-01-31 12:10:00,2011-11-27 11:22:00,221,2861.55,12.94819004524887,22.49913043478261,9.822601839684625,3495.8762006688967,3495.8762006688967
18146.0,2011-05-03 16:35:00,2011-07-22 12:08:00,10,160.35,16.035,3.8531645569620254,2.59526938239159,741.425924050633,741.425924050633
18147.0,2011-08-23 12:22:00,2011-10-25 11:46:00,7,179.34,25.62,3.436774193548387,2.0367936925098555,1056.6018580645161,1056.6018580645161
18149.0,2011-03-11 12:44:00,2011-10-20 12:04:00,16,612.0799999999999,38.254999999999995,2.193873873873874,7.293035479632063,1007.1197405405405,1007.1197405405405
18150.0,2011-05-22 10:47:00,2011-11-07 16:49:00,37,566.58,15.312972972972974,6.664378698224852,5.551905387647832,1224.6174106508877,1224.6174106508877
18151.0,2011-02-23 08:29:00,2011-07-28 11:35:00,38,653.35,17.193421052631578,7.462709677419355,5.091984231274639,1539.7141161290324,1539.7141161290324
18154.0,2011-10-27 10:40:00,2011-12-06 16:41:00,21,399.19,19.009047619047617,15.981,1.314060446780552,3645.403079999999,3645.403079999999
18155.0,2011-02-21 10:36:00,2011-09-25 13:32:00,25,371.62,14.8648,3.5231481481481484,7.09592641261498,628.4507111111111,628.4507111111111
18156.0,2010-12-05 12:29:00,2011-11-27 12:24:00,140,734.94,5.2495714285714286,11.970786516853932,11.695137976346912,754.0979865168539,754.0979865168539
18158.0,2011-09-12 09:03:00,2011-11-30 16:19:00,34,453.4,13.335294117647058,13.100759493670886,2.59526938239159,2096.4297721518988,2096.4297721518988
18159.0,2011-02-11 14:26:00,2011-02-11 14:26:00,23,530.15,23.05,700.12,0.0328515111695138,193653.192,193653.192
18160.0,2011-05-23 13:41:00,2011-10-13 15:50:00,39,638.0600000000001,16.36051282051282,8.30181818181818,4.697766097240473,1629.8640335664331,1629.8640335664331
18161.0,2011-01-24 11:56:00,2011-11-24 16:40:00,80,1618.69,20.233625,8.010526315789473,9.986859395532194,1944.9838263157894,1944.9838263157894
18164.0,2011-11-02 12:56:00,2011-11-02 12:56:00,24,399.65,16.652083333333334,730.56,0.0328515111695138,145984.152,145984.152
18165.0,2011-06-15 13:23:00,2011-06-15 13:23:00,10,302.46,30.246,304.4,0.0328515111695138,110482.58879999998,110482.58879999998
18167.0,2011-08-26 11:40:00,2011-11-16 15:56:00,37,1384.8600000000001,37.428648648648654,13.735121951219512,2.6938239159001314,6169.04464390244,6169.04464390244
18168.0,2010-12-02 18:08:00,2011-06-16 19:21:00,131,1169.94,8.93083969465649,20.34510204081633,6.438896189224704,2180.3861387755105,2180.3861387755105
18169.0,2011-10-10 12:18:00,2011-10-10 12:18:00,9,202.65,22.516666666666666,273.96,0.0328515111695138,74023.992,74023.992
18170.0,2011-05-06 15:13:00,2011-11-06 14:35:00,38,980.3100000000001,25.79763157894737,6.320874316939891,6.011826544021025,1956.7630426229512,1956.7630426229512
18171.0,2011-01-10 09:55:00,2011-10-12 09:13:00,54,1231.31,22.802037037037035,5.999124087591241,9.00131406044678,1641.506995620438,1641.506995620438
18172.0,2011-02-23 10:44:00,2011-11-25 11:12:00,189,7561.68,40.00888888888889,20.92058181818182,9.034165571616294,10044.110801454546,10044.110801454546
18173.0,2011-03-10 11:56:00,2011-09-14 11:26:00,31,2106.84,67.9625806451613,5.0462032085561495,6.14323258869908,4115.435910160428,4115.435910160428
18174.0,2011-12-02 16:56:00,2011-12-02 16:56:00,1,104.0,104.0,30.439999999999998,0.0328515111695138,37989.119999999995,37989.119999999995
18176.0,2010-12-16 15:45:00,2010-12-16 15:45:00,30,476.35,15.878333333333334,913.1999999999999,0.0328515111695138,174001.128,174001.128
18177.0,2011-03-29 08:46:00,2011-11-08 14:44:00,74,1341.42,18.127297297297297,10.056071428571428,7.35873850197109,2187.472757142857,2187.472757142857
18178.0,2010-12-10 12:42:00,2011-08-03 09:30:00,97,1590.81,16.400103092783503,12.564595744680853,7.720105124835742,2472.727986382979,2472.727986382979
18179.0,2011-01-07 14:22:00,2011-11-30 16:23:00,90,1793.17,19.924111111111113,8.377981651376148,10.74244415243101,2003.0860477064225,2003.0860477064225
18180.0,2011-07-20 08:59:00,2011-12-05 08:39:00,119,1843.75,15.493697478991596,26.44058394160584,4.50065703022339,4915.94890510949,4915.94890510949
18181.0,2011-11-15 15:08:00,2011-11-15 15:08:00,44,382.8,8.700000000000001,1339.36,0.0328515111695138,139829.184,139829.184
18183.0,2011-03-10 10:08:00,2011-04-26 15:26:00,37,632.07,17.082972972972975,23.96340425531915,1.5440210249671484,4912.3942468085115,4912.3942468085115
18184.0,2011-11-24 15:28:00,2011-11-24 15:28:00,1,49.8,49.8,30.439999999999998,0.0328515111695138,18190.943999999996,18190.943999999996
18185.0,2011-04-04 13:42:00,2011-04-04 13:42:00,17,304.25,17.897058823529413,517.48,0.0328515111695138,111136.44,111136.44
18188.0,2011-02-22 14:43:00,2011-11-24 16:46:00,71,2001.04,28.183661971830986,7.859054545454546,9.034165571616294,2657.963240727273,2657.963240727273
18189.0,2011-03-17 09:49:00,2011-09-23 12:40:00,68,1090.24,16.032941176470587,10.894315789473685,6.241787122207621,2096.015090526316,2096.015090526316
18190.0,2011-01-13 10:35:00,2011-05-31 14:48:00,15,284.46000000000004,18.964000000000002,3.308695652173913,4.533508541392904,752.9532521739131,752.9532521739131
18191.0,2011-03-23 12:08:00,2011-03-23 12:08:00,7,207.8,29.685714285714287,213.07999999999998,0.0328515111695138,75905.184,75905.184
18192.0,2011-09-29 09:53:00,2011-09-29 09:53:00,45,957.97,21.288222222222224,1369.8,0.0328515111695138,349927.2816,349927.2816
18193.0,2011-06-27 13:58:00,2011-06-27 13:58:00,16,243.76,15.235,487.03999999999996,0.0328515111695138,89040.65279999998,89040.65279999998
18194.0,2011-09-18 13:29:00,2011-09-18 13:29:00,7,973.84,139.12,213.07999999999998,0.0328515111695138,355724.2752,355724.2752
18196.0,2011-02-22 16:13:00,2011-09-05 16:22:00,141,689.13,4.887446808510639,22.010461538461538,6.40604467805519,1290.89952,1290.89952
18198.0,2011-01-07 13:39:00,2011-12-05 14:49:00,159,5425.56,34.12301886792453,14.578192771084337,10.90670170827858,5969.4233638554215,5969.4233638554215
18200.0,2011-08-25 18:45:00,2011-08-25 18:45:00,32,163.8,5.11875,974.0799999999999,0.0328515111695138,59832.864,59832.864
18202.0,2011-02-01 13:36:00,2011-05-24 12:12:00,68,1396.99,20.543970588235293,18.647927927927928,3.6465177398160313,4597.229794594594,4597.229794594594
18203.0,2011-07-05 13:07:00,2011-07-05 13:07:00,19,160.42000000000002,8.443157894736842,578.36,0.0328515111695138,58598.2176,58598.2176
18204.0,2011-05-31 15:26:00,2011-09-29 16:44:00,200,1993.7,9.9685,50.31404958677686,3.9750328515111693,6018.667239669422,6018.667239669422
18205.0,2011-09-26 12:02:00,2011-11-03 13:22:00,32,517.36,16.1675,25.633684210526315,1.2483574244415243,4973.191073684211,4973.191073684211
18209.0,2011-11-11 12:07:00,2011-11-11 12:07:00,8,139.10000000000002,17.387500000000003,243.51999999999998,0.0328515111695138,50810.448000000004,50810.448000000004
18210.0,2011-03-17 16:58:00,2011-12-08 11:02:00,134,2621.38,19.562537313432838,15.392301886792454,8.705650459921156,3613.349760000001,3613.349760000001
18211.0,2011-03-06 12:09:00,2011-11-14 08:10:00,42,600.07,14.287380952380953,5.073333333333333,8.278580814717477,869.8157523809525,869.8157523809525
18212.0,2011-01-17 16:14:00,2011-01-17 16:14:00,43,248.42,5.7772093023255815,1308.9199999999998,0.0328515111695138,90742.85759999999,90742.85759999999
18213.0,2011-04-17 10:21:00,2011-04-17 10:21:00,15,232.48000000000002,15.498666666666669,456.59999999999997,0.0328515111695138,84920.2944,84920.2944
18215.0,2011-09-11 16:05:00,2011-09-11 16:05:00,13,299.34000000000003,23.02615384615385,395.71999999999997,0.0328515111695138,109342.91520000002,109342.91520000002
18216.0,2011-11-08 16:55:00,2011-11-08 16:55:00,26,481.75,18.528846153846153,791.4399999999999,0.0328515111695138,175973.63999999998,175973.63999999998
18217.0,2011-09-30 10:44:00,2011-11-10 13:18:00,31,621.75,20.056451612903224,23.01560975609756,1.3469119579500657,5539.337560975609,5539.337560975609
18218.0,2011-03-03 12:24:00,2011-05-12 12:53:00,21,662.08,31.527619047619048,9.132,2.299605781865966,3454.922605714285,3454.922605714285
18219.0,2010-12-06 10:05:00,2011-12-07 11:43:00,114,2069.77,18.155877192982455,9.481311475409836,12.02365308804205,2065.6983213114754,2065.6983213114754
18220.0,2011-04-27 09:03:00,2011-04-27 09:03:00,2,305.28,152.64,60.879999999999995,0.0328515111695138,111512.67839999998,111512.67839999998
18221.0,2011-05-12 14:13:00,2011-11-17 14:40:00,64,1041.61,16.27515625,10.307724867724868,6.2089356110381075,2013.1179936507933,2013.1179936507933
18222.0,2011-09-08 10:45:00,2011-09-08 10:45:00,19,443.0,23.31578947368421,578.36,0.0328515111695138,161819.04,161819.04
18223.0,2010-12-16 16:42:00,2011-12-05 09:11:00,272,6484.54,23.840220588235294,23.45518413597734,11.59658344283837,6710.121164872522,6710.121164872522
18224.0,2011-03-21 10:30:00,2011-03-21 10:30:00,10,158.95000000000002,15.895000000000001,304.4,0.0328515111695138,58061.256,58061.256
18225.0,2010-12-09 15:46:00,2011-12-06 13:27:00,271,5509.12,20.328856088560887,22.851080332409975,11.85939553219448,5574.435882548478,5574.435882548478
18226.0,2011-01-06 09:00:00,2011-10-26 13:36:00,242,5228.05,21.603512396694217,25.14156996587031,9.625492772667542,6517.754621160411,6517.754621160411
18227.0,2011-05-06 12:23:00,2011-05-06 12:23:00,5,93.75,18.75,152.2,0.0328515111695138,34245.0,34245.0
18228.0,2011-09-21 10:48:00,2011-10-14 09:21:00,30,779.9,25.996666666666666,41.50909090909091,0.7227332457293035,12949.176,12949.176
18229.0,2010-12-01 16:25:00,2011-11-28 09:48:00,164,7276.9,44.37134146341463,13.82869806094183,11.85939553219448,7363.1746038781175,7363.1746038781175
18230.0,2011-02-10 13:06:00,2011-11-30 13:22:00,86,2810.2000000000003,32.67674418604651,8.934607508532425,9.625492772667542,3503.4466075085334,3503.4466075085334
18231.0,2011-02-24 09:08:00,2011-05-31 14:18:00,124,2083.27,16.800564516129032,39.318333333333335,3.1537450722733245,7926.842350000001,7926.842350000001
18232.0,2011-05-26 16:30:00,2011-09-19 11:49:00,37,592.97,16.026216216216216,9.793739130434783,3.7779237844940865,1883.478970434783,1883.478970434783
18233.0,2011-01-18 08:44:00,2011-01-18 08:44:00,1,440.0,440.0,30.439999999999998,0.0328515111695138,160723.19999999998,160723.19999999998
18235.0,2011-05-06 13:35:00,2011-09-29 08:27:00,104,1796.48,17.273846153846154,21.832827586206896,4.763469119579501,4525.642857931034,4525.642857931034
18236.0,2011-04-13 09:52:00,2011-11-10 08:06:00,49,882.24,18.004897959183673,7.102666666666667,6.898817345597897,1534.5934628571426,1534.5934628571426
18237.0,2011-07-28 13:05:00,2011-12-07 12:49:00,61,987.1,16.181967213114753,14.174351145038168,4.303547963206308,2752.4266259541982,2752.4266259541982
18239.0,2010-12-02 17:48:00,2011-05-05 12:38:00,88,1561.6100000000001,17.745568181818182,17.50797385620915,5.026281208935611,3728.2673254901965,3728.2673254901965
18240.0,2011-10-24 13:06:00,2011-10-24 13:06:00,6,422.58,70.42999999999999,182.64,0.0328515111695138,154360.02239999996,154360.02239999996
18241.0,2011-05-06 09:22:00,2011-11-30 12:10:00,104,2073.09,19.933557692307694,15.22,6.83311432325887,3640.664976923077,3640.664976923077
18242.0,2011-05-10 11:20:00,2011-09-28 13:43:00,78,2232.4900000000002,28.62166666666667,16.83914893617021,4.6320630749014455,5783.574093617021,5783.574093617021
18245.0,2010-12-19 14:58:00,2011-12-02 14:48:00,175,2567.06,14.668914285714285,15.351585014409224,11.399474375821287,2702.293016714698,2702.293016714698
18246.0,2011-04-20 13:55:00,2011-11-16 11:49:00,4,596.1,149.025,0.5825837320574163,6.865965834428383,1041.8344880382776,1041.8344880382776
18248.0,2011-06-06 13:18:00,2011-08-09 10:19:00,47,804.02,17.1068085106383,22.709206349206347,2.0696452036793693,4661.7845333333335,4661.7845333333335
18249.0,2011-11-22 15:07:00,2011-11-22 15:07:00,8,95.34,11.9175,243.51999999999998,0.0328515111695138,34825.79519999999,34825.79519999999
18250.0,2011-02-02 13:16:00,2011-02-02 13:16:00,21,349.27,16.63190476190476,639.24,0.0328515111695138,127581.34559999997,127581.34559999997
18251.0,2011-09-13 15:03:00,2011-09-13 15:03:00,16,4314.72,269.67,487.03999999999996,0.0328515111695138,1576080.9216,535875.9878400022
18252.0,2011-06-21 11:47:00,2011-10-20 12:43:00,98,526.67,5.374183673469387,24.653884297520662,3.9750328515111693,1589.9340297520662,1589.9340297520662
18255.0,2011-09-11 13:16:00,2011-09-11 13:16:00,6,103.30000000000001,17.21666666666667,182.64,0.0328515111695138,37733.424,37733.424
18257.0,2011-02-16 15:13:00,2011-10-31 14:48:00,118,2337.63,19.81042372881356,14.0309375,8.409986859395532,3335.50580625,3335.50580625
18259.0,2010-12-08 13:38:00,2011-11-15 12:34:00,42,2338.6,55.68095238095238,3.7492082111436953,11.202365308804204,2505.1138064516126,2505.1138064516126
18260.0,2010-12-16 18:23:00,2011-06-20 12:37:00,134,2643.2000000000003,19.72537313432836,22.048432432432435,6.077529566360052,5218.962681081082,5218.962681081082
18261.0,2011-09-05 09:34:00,2011-10-27 15:36:00,21,324.24,15.440000000000001,12.293076923076924,1.7082785808147174,2277.6612923076927,2277.6612923076927
18262.0,2011-07-22 16:04:00,2011-07-22 16:04:00,13,149.48,11.498461538461537,395.71999999999997,0.0328515111695138,54602.054399999986,54602.054399999986
18263.0,2011-04-01 11:48:00,2011-11-14 09:00:00,61,1213.16,19.887868852459018,8.216106194690266,7.424441524310118,1960.8101097345134,1960.8101097345134
18265.0,2011-07-04 15:26:00,2011-09-28 14:10:00,46,801.51,17.424130434782608,16.473411764705883,2.7923784494086727,3444.4185035294113,3444.4185035294113
18268.0,2011-07-28 19:13:00,2011-07-28 19:13:00,1,25.5,25.5,30.439999999999998,0.0328515111695138,9314.64,9314.64
18269.0,2010-12-08 13:53:00,2010-12-08 13:53:00,7,168.60000000000002,24.08571428571429,213.07999999999998,0.0328515111695138,61586.208,61586.208
18270.0,2011-03-18 12:41:00,2011-11-01 13:57:00,11,283.15000000000003,25.740909090909096,1.4685964912280702,7.490144546649145,453.636105263158,453.636105263158
18272.0,2011-04-07 09:35:00,2011-12-07 12:43:00,166,3078.58,18.54566265060241,20.70918032786885,8.015768725361367,4608.78566557377,4608.78566557377
18273.0,2011-03-27 11:22:00,2011-12-07 13:16:00,3,204.0,68.0,0.35811764705882354,8.377135348226018,292.224,292.224
18274.0,2011-11-09 17:03:00,2011-11-09 17:03:00,11,175.92,15.992727272727272,334.84,0.0328515111695138,64260.0576,64260.0576
18276.0,2011-10-27 10:54:00,2011-10-27 10:54:00,14,335.86,23.990000000000002,426.15999999999997,0.0328515111695138,122682.94080000001,122682.94080000001
18277.0,2011-10-12 15:22:00,2011-10-12 15:22:00,8,110.38,13.7975,243.51999999999998,0.0328515111695138,40319.6064,40319.6064
18278.0,2011-09-27 11:58:00,2011-09-27 11:58:00,9,173.9,19.322222222222223,273.96,0.0328515111695138,63522.191999999995,63522.191999999995
18280.0,2011-03-07 09:52:00,2011-03-07 09:52:00,10,180.60000000000002,18.060000000000002,304.4,0.0328515111695138,65969.568,65969.568
18281.0,2011-06-12 10:53:00,2011-06-12 10:53:00,7,80.82,11.545714285714284,213.07999999999998,0.0328515111695138,29521.929599999996,29521.929599999996
18282.0,2011-08-05 13:35:00,2011-12-02 11:43:00,12,178.05,14.8375,3.095593220338983,3.876478318002628,551.1703728813559,551.1703728813559
18283.0,2011-01-06 14:14:00,2011-12-06 12:02:00,756,2094.88,2.771005291005291,69.10702702702703,10.939553219448094,2297.9512504504505,2297.9512504504505
18287.0,2011-05-22 10:39:00,2011-10-28 09:29:00,70,1837.28,26.24685714285714,13.48607594936709,5.19053876478318,4247.605306329114,4247.605306329114
