CustomerID,first_order,last_order,orders,revenue,tenure_days,tenure_months,purchase_freq_per_month,aov,CLV_12m,CLV_12m_capped
12346.0,2011-01-18 10:01:00,2011-01-18 10:01:00,1,77183.6,1,0.0328515111695138,30.439999999999998,77183.6,28193625.408,535875.9878400022
12347.0,2010-12-07 14:57:00,2011-12-07 15:52:00,182,4310.0,365,11.990801576872535,15.178301369863016,23.681318681318682,4313.306301369864,4313.306301369864
12348.0,2010-12-16 19:09:00,2011-09-25 13:13:00,31,1797.24,282,9.264126149802891,3.346241134751773,57.97548387096774,2327.9993872340424,2327.9993872340424
12349.0,2011-11-21 09:51:00,2011-11-21 09:51:00,73,1757.55,1,0.0328515111695138,2222.12,24.076027397260273,641997.864,535875.9878400022
12350.0,2011-02-02 16:01:00,2011-02-02 16:01:00,17,334.40000000000003,1,0.0328515111695138,517.48,19.67058823529412,122149.63200000001,122149.63200000001
12352.0,2011-02-16 12:33:00,2011-11-03 14:37:00,85,2506.04,260,8.541392904073588,9.951538461538462,29.482823529411764,3520.7934276923074,3520.7934276923074
12353.0,2011-05-19 17:47:00,2011-05-19 17:47:00,4,89.0,1,0.0328515111695138,121.75999999999999,22.25,32509.92,32509.92
12354.0,2011-04-21 13:11:00,2011-04-21 13:11:00,58,1079.4,1,0.0328515111695138,1765.52,18.610344827586207,394283.232,394283.232
12355.0,2011-05-09 13:49:00,2011-05-09 13:49:00,13,459.40000000000003,1,0.0328515111695138,395.71999999999997,35.338461538461544,167809.632,167809.632
12356.0,2011-01-18 09:50:00,2011-11-17 08:40:00,59,2811.43,302,9.921156373193167,5.946887417218543,47.65135593220339,3400.52698807947,3400.52698807947
12357.0,2011-11-06 16:07:00,2011-11-06 16:07:00,131,6207.67,1,0.0328515111695138,3987.64,47.38679389312977,2267537.6976,535875.9878400022
12358.0,2011-07-12 10:04:00,2011-12-08 10:26:00,19,1168.06,149,4.894875164257556,3.8816107382550333,61.47684210526315,2863.5500456375835,2863.5500456375835
12359.0,2011-01-12 12:43:00,2011-10-13 12:47:00,248,6372.58,274,9.00131406044678,27.55153284671533,25.695887096774193,8495.532928467153,8495.532928467153
12360.0,2011-05-23 09:43:00,2011-10-18 15:22:00,129,2662.06,148,4.862023653088042,26.532162162162162,20.63612403100775,6570.251870270269,6570.251870270269
12361.0,2011-02-25 13:51:00,2011-02-25 13:51:00,10,189.9,1,0.0328515111695138,304.4,18.990000000000002,69366.672,69366.672
12362.0,2011-02-17 10:30:00,2011-12-06 15:40:00,266,5226.2300000000005,292,9.592641261498029,27.729589041095892,19.64748120300752,6537.798953424658,6537.798953424658
12363.0,2011-04-11 13:29:00,2011-08-22 10:18:00,23,552.0,132,4.336399474375821,5.303939393939394,24.0,1527.5345454545454,1527.5345454545454
12364.0,2011-08-19 15:24:00,2011-12-02 10:22:00,85,1313.1,104,3.416557161629435,24.878846153846155,15.448235294117646,4612.011230769231,4612.011230769231
12365.0,2011-02-21 13:51:00,2011-02-21 14:04:00,22,641.38,1,0.0328515111695138,669.68,29.153636363636362,234283.28639999998,234283.28639999998
12367.0,2011-12-05 16:48:00,2011-12-05 16:48:00,11,168.9,1,0.0328515111695138,334.84,15.354545454545455,61695.792,61695.792
12370.0,2010-12-14 12:58:00,2011-10-19 14:51:00,167,3545.69,309,10.151116951379763,16.45139158576052,21.231676646706585,4191.487518446602,4191.487518446602
12371.0,2011-10-11 10:43:00,2011-10-26 10:16:00,63,1887.96,14,0.45992115637319314,136.98000000000002,29.96761904761905,49259.573485714296,49259.573485714296
12372.0,2011-02-16 12:46:00,2011-09-29 12:12:00,52,1298.04,224,7.35873850197109,7.066428571428572,24.962307692307693,2116.7323714285717,2116.7323714285717
12373.0,2011-02-01 13:10:00,2011-02-01 13:10:00,14,364.6,1,0.0328515111695138,426.15999999999997,26.042857142857144,133181.088,133181.088
12374.0,2011-11-14 15:37:00,2011-11-14 15:37:00,33,742.9300000000001,1,0.0328515111695138,1004.52,22.513030303030305,271377.47040000005,271377.47040000005
12375.0,2011-09-02 14:23:00,2011-11-29 10:36:00,17,457.5,87,2.8580814717477003,5.948045977011494,26.91176470588235,1920.8689655172411,1920.8689655172411
12377.0,2010-12-20 09:37:00,2011-01-28 15:45:00,77,1628.1200000000001,39,1.281208935611038,60.09948717948718,21.144415584415587,15249.2224,15249.2224
12378.0,2011-08-02 10:34:00,2011-08-02 10:34:00,219,4008.62,1,0.0328515111695138,6666.36,18.30420091324201,1464268.7136,535875.9878400022
12379.0,2011-06-22 16:32:00,2011-09-19 10:09:00,40,852.24,88,2.890932982917214,13.836363636363636,21.306,3537.5707636363636,3537.5707636363636
12380.0,2011-06-07 09:49:00,2011-11-18 11:27:00,104,2724.81,164,5.387647831800263,19.303414634146343,26.200096153846154,6069.015834146342,6069.015834146342
12381.0,2011-08-12 09:57:00,2011-12-05 12:44:00,87,1845.31,115,3.7779237844940865,23.028521739130436,21.21045977011494,5861.346406956522,5861.346406956522
12383.0,2010-12-22 14:28:00,2011-06-08 08:02:00,99,1850.56,167,5.486202365308804,18.045269461077844,18.69252525252525,4047.7398610778437,4047.7398610778437
12384.0,2011-08-10 11:23:00,2011-11-11 08:39:00,27,585.27,92,3.0223390275952693,8.933478260869565,21.676666666666666,2323.7763652173912,2323.7763652173912
12386.0,2010-12-08 09:53:00,2011-01-06 12:37:00,10,401.9,29,0.9526938239159001,10.496551724137932,40.19,5062.2769655172415,5062.2769655172415
12388.0,2011-01-17 11:12:00,2011-11-24 12:30:00,100,2780.6600000000003,311,10.21681997371879,9.787781350482316,27.806600000000003,3265.979050803859,3265.979050803859
12390.0,2011-09-21 09:33:00,2011-09-21 09:33:00,32,549.84,1,0.0328515111695138,974.0799999999999,17.1825,200845.5552,200845.5552
12391.0,2011-11-18 12:07:00,2011-11-18 12:07:00,100,460.89,1,0.0328515111695138,3044.0,4.6089,168353.8992,168353.8992
12393.0,2011-01-11 09:47:00,2011-09-28 15:41:00,64,1582.6000000000001,260,8.541392904073588,7.492923076923077,24.728125000000002,2223.4312615384615,2223.4312615384615
12394.0,2011-05-06 14:01:00,2011-10-07 08:08:00,27,1272.48,153,5.026281208935611,5.371764705882353,47.12888888888889,3037.983623529412,3037.983623529412
12395.0,2010-12-03 16:35:00,2011-11-20 15:21:00,156,3018.63,351,11.530880420499342,13.52888888888889,19.350192307692307,3141.4392205128206,3141.4392205128206
12397.0,2011-07-27 14:21:00,2011-11-04 09:52:00,126,2409.9,99,3.252299605781866,38.74181818181818,19.126190476190477,8891.800727272728,8891.800727272728
12398.0,2011-10-25 10:27:00,2011-10-25 10:27:00,85,1635.6599999999999,1,0.0328515111695138,2587.4,19.24305882352941,597473.8847999999,535875.9878400022
12399.0,2011-03-23 09:42:00,2011-08-12 13:15:00,59,1108.65,142,4.664914586070959,12.647605633802817,18.790677966101697,2851.885014084507,2851.885014084507
12401.0,2011-02-09 13:50:00,2011-02-09 13:50:00,5,84.3,1,0.0328515111695138,152.2,16.86,30793.103999999996,30793.103999999996
12402.0,2011-01-20 13:49:00,2011-01-20 13:49:00,11,225.60000000000002,1,0.0328515111695138,334.84,20.50909090909091,82407.168,82407.168
12403.0,2011-10-21 10:51:00,2011-10-21 10:51:00,5,427.7,1,0.0328515111695138,152.2,85.53999999999999,156230.256,156230.256
12405.0,2011-07-14 08:52:00,2011-07-14 08:52:00,54,1710.39,1,0.0328515111695138,1643.76,31.67388888888889,624771.2592,535875.9878400022
12406.0,2011-06-09 10:23:00,2011-11-17 19:22:00,105,3415.3,161,5.289093298291721,19.85217391304348,32.52666666666667,7748.7005217391325,7748.7005217391325
12407.0,2011-03-20 13:21:00,2011-10-21 10:11:00,77,1708.12,214,7.030223390275952,10.952710280373832,22.18337662337662,2915.61716635514,2915.61716635514
12408.0,2011-03-24 14:46:00,2011-11-07 12:27:00,105,2888.55,227,7.457293035479632,14.080176211453745,27.51,4648.14777092511,4648.14777092511
12409.0,2011-06-10 12:19:00,2011-09-22 10:38:00,109,11072.67,103,3.383705650459921,32.21320388349515,101.58412844036697,39268.20288932039,39268.20288932039
12410.0,2011-02-04 10:38:00,2011-02-04 10:39:00,26,693.33,1,0.0328515111695138,791.4399999999999,26.66653846153846,253259.58239999998,253259.58239999998
12412.0,2011-06-23 13:51:00,2011-09-26 10:16:00,61,1226.88,94,3.088042049934297,19.753617021276597,20.112786885245903,4767.603472340426,4767.603472340426
12413.0,2011-01-06 16:12:00,2011-10-04 09:00:00,38,758.1,270,8.869908015768726,4.284148148148148,19.95,1025.6250666666665,1025.6250666666665
12414.0,2011-02-02 14:51:00,2011-05-06 14:51:00,18,562.4100000000001,93,3.055190538764783,5.891612903225806,31.245000000000005,2209.001341935484,2209.001341935484
12415.0,2011-01-06 11:12:00,2011-11-15 14:22:00,714,124914.53,313,10.282522996057818,69.43821086261981,174.95032212885152,145778.84830159743,145778.84830159743
12417.0,2010-12-17 11:51:00,2011-12-06 14:52:00,192,3649.1,354,11.629434954007884,16.509830508474575,19.005729166666665,3765.376406779661,3765.376406779661
12418.0,2011-08-19 11:08:00,2011-08-19 11:08:00,34,668.58,1,0.0328515111695138,1034.96,19.664117647058823,244218.9024,244218.9024
12420.0,2011-10-07 08:55:00,2011-10-07 08:55:00,29,600.39,1,0.0328515111695138,882.76,20.70310344827586,219310.45919999998,219310.45919999998
12421.0,2011-01-24 15:09:00,2011-11-24 09:07:00,45,807.04,303,9.95400788436268,4.520792079207921,17.93422222222222,972.9226772277227,972.9226772277227
12422.0,2011-01-19 09:13:00,2011-09-05 09:48:00,39,803.5600000000001,229,7.522996057818659,5.18410480349345,20.604102564102565,1281.7659248908299,1281.7659248908299
12423.0,2010-12-21 10:54:00,2011-12-09 10:10:00,125,1859.31,352,11.563731931668856,10.809659090909092,14.87448,1929.4566954545458,1929.4566954545458
12424.0,2011-06-30 12:06:00,2011-06-30 12:06:00,30,1760.96,1,0.0328515111695138,913.1999999999999,58.69866666666667,643243.4688,535875.9878400022
12425.0,2011-09-22 17:31:00,2011-09-22 17:31:00,36,777.2,1,0.0328515111695138,1095.84,21.58888888888889,283895.616,283895.616
12426.0,2011-05-29 12:26:00,2011-05-29 12:26:00,30,582.73,1,0.0328515111695138,913.1999999999999,19.424333333333333,212859.61439999996,212859.61439999996
12427.0,2010-12-03 10:44:00,2011-11-18 08:56:00,31,825.8000000000001,349,11.465177398160314,2.703839541547278,26.638709677419357,864.321558739255,864.321558739255
12428.0,2011-03-01 09:33:00,2011-11-14 08:22:00,294,7956.46,257,8.442838370565045,34.82241245136187,27.062789115646257,11308.699256031128,11308.699256031128
12429.0,2010-12-09 12:05:00,2011-11-30 17:22:00,97,3750.4,356,11.695137976346912,8.294044943820225,38.66391752577319,3848.163235955056,3848.163235955056
12430.0,2011-10-27 15:09:00,2011-10-27 15:09:00,11,256.4,1,0.0328515111695138,334.84,23.30909090909091,93657.79199999999,93657.79199999999
12431.0,2010-12-01 10:03:00,2011-11-04 11:55:00,235,6487.45,338,11.103810775295663,21.16390532544379,27.606170212765957,7011.052473372782,7011.052473372782
12432.0,2011-06-20 13:27:00,2011-10-28 11:43:00,108,5059.32,129,4.23784494086728,25.484651162790698,46.845555555555556,14326.111702325583,14326.111702325583
12433.0,2010-12-01 13:24:00,2011-12-09 10:02:00,420,13375.87,372,12.220762155059132,34.36774193548387,31.847309523809525,13134.241380645162,13134.241380645162
12434.0,2011-03-24 13:05:00,2011-09-16 12:38:00,50,806.14,175,5.7490144546649145,8.697142857142858,16.122799999999998,1682.6675382857143,1682.6675382857143
12435.0,2011-03-17 07:40:00,2011-09-21 09:06:00,36,7829.89,188,6.176084099868594,5.828936170212766,217.49694444444447,15213.309676595749,15213.309676595749
12436.0,2011-09-01 12:09:00,2011-09-01 12:09:00,16,509.01,1,0.0328515111695138,487.03999999999996,31.813125,185931.17279999997,185931.17279999997
12437.0,2011-01-12 14:13:00,2011-12-08 11:35:00,199,4951.41,329,10.808147174770038,18.412036474164136,24.88145728643216,5497.419589057751,5497.419589057751
12438.0,2011-07-22 13:29:00,2011-11-25 13:28:00,98,2906.85,125,4.106438896189225,23.86496,29.66173469387755,8494.513343999999,8494.513343999999
12441.0,2010-12-08 10:45:00,2010-12-08 10:45:00,11,173.55,1,0.0328515111695138,334.84,15.77727272727273,63394.344,63394.344
12442.0,2011-12-06 14:22:00,2011-12-06 14:22:00,12,172.06,1,0.0328515111695138,365.28,14.338333333333333,62850.076799999995,62850.076799999995
12444.0,2011-06-21 14:00:00,2011-11-18 13:23:00,176,5005.46,149,4.894875164257556,35.95597315436242,28.440113636363638,12271.10354899329,12271.10354899329
12445.0,2011-11-17 18:43:00,2011-11-17 18:43:00,4,133.4,1,0.0328515111695138,121.75999999999999,33.35,48728.352,48728.352
12446.0,2011-10-13 12:50:00,2011-10-13 12:50:00,57,1002.3100000000001,1,0.0328515111695138,1735.08,17.584385964912283,366123.7968,366123.7968
12447.0,2011-04-10 13:25:00,2011-04-10 13:25:00,26,476.49,1,0.0328515111695138,791.4399999999999,18.326538461538462,174052.2672,174052.2672
12448.0,2011-10-26 13:46:00,2011-10-26 13:46:00,22,449.45,1,0.0328515111695138,669.68,20.429545454545455,164175.096,164175.096
12449.0,2011-06-05 15:37:00,2011-11-17 13:46:00,191,4067.29,164,5.387647831800263,35.45146341463415,21.294712041884818,9059.144458536586,9059.144458536586
12450.0,2011-06-19 14:36:00,2011-07-06 14:41:00,8,197.88,17,0.5584756898817346,14.32470588235294,24.735,4251.8592,4251.8592
12451.0,2011-01-19 09:05:00,2011-11-29 08:40:00,354,9035.52,313,10.282522996057818,34.427348242811505,25.524067796610172,10544.711647284346,10544.711647284346
12452.0,2011-11-23 08:05:00,2011-11-23 10:28:00,22,430.57000000000005,1,0.0328515111695138,669.68,19.57136363636364,157278.60960000003,157278.60960000003
12453.0,2011-07-28 14:08:00,2011-07-28 14:08:00,43,707.09,1,0.0328515111695138,1308.9199999999998,16.443953488372095,258285.83519999997,258285.83519999997
12454.0,2011-10-14 17:13:00,2011-10-14 17:13:00,15,3528.34,1,0.0328515111695138,456.59999999999997,235.22266666666667,1288832.0351999998,535875.9878400022
12455.0,2011-02-16 09:56:00,2011-09-27 15:31:00,90,2466.86,223,7.3258869908015765,12.285201793721974,27.409555555555556,4040.7830529147986,4040.7830529147986
12456.0,2011-03-30 09:12:00,2011-10-26 14:41:00,125,3181.04,210,6.898817345597897,18.11904761904762,25.44832,5533.191862857143,5533.191862857143
12457.0,2011-04-14 18:57:00,2011-10-04 13:13:00,62,2363.23,172,5.650459921156373,10.972558139534884,38.11661290322581,5018.841013953488,5018.841013953488
12458.0,2011-02-28 10:55:00,2011-09-29 15:25:00,38,947.4,213,6.9973718791064385,5.430610328638498,24.931578947368422,1624.724281690141,1624.724281690141
12461.0,2011-07-08 10:23:00,2011-09-06 16:57:00,35,826.88,60,1.9710906701708277,17.756666666666668,23.62514285714286,5034.045440000001,5034.045440000001
12462.0,2011-02-09 14:44:00,2011-11-21 09:11:00,62,1189.59,284,9.329829172141919,6.645352112676056,19.186935483870965,1530.0473070422531,1530.0473070422531
12463.0,2011-04-12 12:47:00,2011-10-17 13:44:00,83,1344.78,188,6.176084099868594,13.438936170212767,16.202168674698793,2612.8789276595744,2612.8789276595744
12464.0,2011-02-03 13:30:00,2011-11-29 13:33:00,29,1212.05,299,9.822601839684625,2.9523745819397997,41.79482758620689,1480.727839464883,1480.727839464883
12465.0,2011-06-23 13:37:00,2011-11-22 16:34:00,47,742.19,152,4.993429697766097,9.412368421052632,15.791276595744682,1783.599757894737,1783.599757894737
12468.0,2011-01-27 13:29:00,2011-06-05 11:36:00,38,729.54,128,4.204993429697766,9.036875,19.198421052631577,2081.924775,2081.924775
12471.0,2010-12-10 09:35:00,2011-12-07 15:43:00,460,19824.05,362,11.892247043363994,38.680662983425414,43.09576086956522,20003.67122651934,20003.67122651934
12472.0,2010-12-05 14:19:00,2011-11-07 14:01:00,339,6572.11,336,11.038107752956636,30.711785714285714,19.386755162241887,7144.822442857142,7144.822442857142
12473.0,2011-06-01 10:15:00,2011-11-10 13:46:00,168,3938.55,162,5.321944809461235,31.56740740740741,23.44375,8880.700888888889,8880.700888888889
12474.0,2011-01-14 10:06:00,2011-11-22 14:39:00,424,7375.79,312,10.249671484888305,41.367179487179484,17.395731132075472,8635.347984615384,8635.347984615384
12475.0,2011-10-17 10:10:00,2011-10-17 10:10:00,36,723.38,1,0.0328515111695138,1095.84,20.093888888888888,264236.24639999995,264236.24639999995
12476.0,2010-12-13 14:39:00,2011-11-24 12:40:00,233,6816.42,345,11.333771353482259,20.55802898550725,29.255021459227468,7217.106949565217,7217.106949565217
12477.0,2011-02-11 12:45:00,2011-11-17 09:51:00,300,13219.74,278,9.132720105124836,32.84892086330935,44.065799999999996,17370.167723741004,17370.167723741004
12478.0,2011-12-06 09:56:00,2011-12-06 09:56:00,36,680.99,1,0.0328515111695138,1095.84,18.91638888888889,248752.02719999998,248752.02719999998
12479.0,2011-11-28 13:26:00,2011-11-28 13:26:00,31,527.2,1,0.0328515111695138,943.64,17.006451612903227,192575.616,192575.616
12480.0,2011-01-07 15:27:00,2011-11-11 14:52:00,154,3281.63,307,10.085413929040735,15.269576547231273,21.309285714285714,3904.6052325732903,3904.6052325732903
12481.0,2010-12-09 10:13:00,2011-11-17 08:29:00,217,5596.32,342,11.235216819973719,19.314269005847954,25.789493087557602,5977.262484210527,5977.262484210527
12483.0,2011-01-04 14:20:00,2011-11-22 17:02:00,75,2484.98,322,10.578186596583443,7.090062111801243,33.133066666666664,2818.9860074534163,2818.9860074534163
12484.0,2011-01-07 14:04:00,2011-11-07 11:37:00,346,4541.72,303,9.95400788436268,34.75986798679868,13.126358381502891,5475.245813861387,5475.245813861387
12488.0,2011-09-25 10:34:00,2011-11-30 08:50:00,55,1298.66,65,2.135348226018397,25.756923076923076,23.612000000000002,7298.069612307692,7298.069612307692
12489.0,2011-01-07 13:13:00,2011-01-07 13:13:00,15,334.93,1,0.0328515111695138,456.59999999999997,22.328666666666667,122343.23039999999,122343.23039999999
12490.0,2011-01-14 09:13:00,2011-12-04 16:07:00,245,5417.93,324,10.64388961892247,23.0179012345679,22.114,6108.2144148148145,6108.2144148148145
12491.0,2011-11-01 12:18:00,2011-11-01 12:18:00,26,460.40000000000003,1,0.0328515111695138,791.4399999999999,17.70769230769231,168174.91199999998,168174.91199999998
12492.0,2011-08-26 14:51:00,2011-10-07 15:15:00,20,263.21000000000004,42,1.3797634691195795,14.495238095238095,13.160500000000003,2289.1749714285716,2289.1749714285716
12493.0,2011-05-26 14:53:00,2011-06-27 10:17:00,22,433.74,31,1.0183968462549278,21.60258064516129,19.715454545454545,5110.856361290322,5110.856361290322
12494.0,2010-12-09 11:31:00,2011-11-24 09:34:00,77,1246.1,349,11.465177398160314,6.715988538681949,16.18311688311688,1304.2275300859599,1304.2275300859599
12497.0,2011-09-19 12:29:00,2011-09-19 12:29:00,14,1043.1,1,0.0328515111695138,426.15999999999997,74.50714285714285,381023.56799999997,381023.56799999997
12498.0,2011-10-13 09:30:00,2011-11-18 12:53:00,23,403.70000000000005,36,1.1826544021024967,19.447777777777777,17.55217391304348,4096.209333333333,4096.209333333333
12500.0,2011-01-10 09:48:00,2011-11-16 16:20:00,61,4257.82,310,10.183968462549277,5.989806451612903,69.80032786885245,5017.08545032258,5017.08545032258
12501.0,2011-01-07 12:28:00,2011-01-07 12:28:00,149,2169.39,1,0.0328515111695138,4535.5599999999995,14.559664429530201,792434.7792,535875.9878400022
12502.0,2011-02-03 10:41:00,2011-09-05 11:52:00,147,3723.87,214,7.030223390275952,20.909719626168226,25.332448979591835,6356.332867289719,6356.332867289719
12504.0,2011-11-09 14:56:00,2011-11-21 16:02:00,9,482.04999999999995,12,0.39421813403416556,22.830000000000002,53.5611111111111,14673.601999999999,14673.601999999999
12506.0,2011-04-21 08:54:00,2011-04-21 08:54:00,23,73.5,1,0.0328515111695138,700.12,3.1956521739130435,26848.08,26848.08
12507.0,2011-02-14 09:24:00,2011-07-28 17:09:00,21,1304.81,164,5.387647831800263,3.8978048780487806,62.13380952380952,2906.225590243902,2906.225590243902
12508.0,2011-11-10 16:27:00,2011-11-13 15:37:00,69,398.27,2,0.0657030223390276,1050.18,5.772028985507246,72740.0328,72740.0328
12509.0,2011-02-28 14:45:00,2011-02-28 14:45:00,7,176.5,1,0.0328515111695138,213.07999999999998,25.214285714285715,64471.92,64471.92
12510.0,2011-01-18 14:04:00,2011-07-20 10:15:00,33,982.5699999999999,182,5.978975032851511,5.519340659340659,29.774848484848484,1972.0503824175823,1972.0503824175823
12512.0,2011-10-04 14:53:00,2011-10-04 14:55:00,34,138.03,1,0.0328515111695138,1034.96,4.059705882352941,50419.5984,50419.5984
12513.0,2011-08-19 10:51:00,2011-08-19 10:51:00,35,612.29,1,0.0328515111695138,1065.3999999999999,17.494,223657.29119999995,223657.29119999995
12514.0,2011-03-17 16:38:00,2011-03-17 16:38:00,51,1017.6800000000001,1,0.0328515111695138,1552.44,19.95450980392157,371738.15040000004,371738.15040000004
12515.0,2010-12-21 15:43:00,2010-12-21 15:43:00,16,383.7,1,0.0328515111695138,487.03999999999996,23.98125,140157.936,140157.936
12516.0,2011-06-12 11:37:00,2011-09-23 09:13:00,26,1312.06,102,3.350854139290407,7.75921568627451,50.46384615384615,4698.7184,4698.7184
12517.0,2011-06-02 15:13:00,2011-11-11 14:04:00,284,2502.84,161,5.289093298291721,53.69540372670807,8.812816901408452,5678.493137888199,5678.493137888199
12518.0,2011-08-21 13:18:00,2011-12-09 10:13:00,124,2056.89,109,3.5808147174770038,34.62899082568808,16.58782258064516,6893.034671559633,6893.034671559633
12519.0,2011-10-07 09:26:00,2011-10-07 09:26:00,18,340.84000000000003,1,0.0328515111695138,547.92,18.935555555555556,124502.03519999998,124502.03519999998
12520.0,2011-03-11 11:35:00,2011-09-21 15:23:00,152,2634.26,194,6.3731931668856765,23.849896907216497,17.330657894736845,4960.012849484538,4960.012849484538
12521.0,2011-07-20 10:51:00,2011-07-20 10:51:00,38,599.68,1,0.0328515111695138,1156.72,15.781052631578946,219051.1104,219051.1104
12522.0,2011-10-19 14:41:00,2011-10-31 15:30:00,12,192.72,12,0.39421813403416556,30.44,16.06,5866.3968,5866.3968
12523.0,2011-01-12 09:43:00,2011-11-20 12:55:00,106,1789.77,312,10.249671484888305,10.341794871794871,16.884622641509434,2095.407646153846,2095.407646153846
12524.0,2011-01-10 10:35:00,2011-11-30 15:31:00,144,4485.72,324,10.64388961892247,13.52888888888889,31.150833333333335,5057.233955555556,5057.233955555556
12526.0,2011-09-06 14:19:00,2011-12-09 12:09:00,71,1316.66,93,3.055190538764783,23.239139784946236,18.54450704225352,5171.500696774193,5171.500696774193
12527.0,2011-01-18 12:05:00,2011-09-19 11:55:00,18,348.71000000000004,243,7.982917214191852,2.254814814814815,19.37277777777778,524.1843160493828,524.1843160493828
12528.0,2011-01-31 09:05:00,2011-11-30 14:40:00,92,1933.48,303,9.95400788436268,9.242508250825084,21.01608695652174,2330.8962851485153,2330.8962851485153
12530.0,2011-01-07 10:04:00,2011-10-11 12:34:00,66,1662.28,277,9.099868593955321,7.252851985559567,25.186060606060607,2192.0492361010834,2192.0492361010834
12531.0,2011-11-25 11:12:00,2011-11-25 11:12:00,17,125.22,1,0.0328515111695138,517.48,7.365882352941177,45740.361600000004,45740.361600000004
12532.0,2011-11-09 13:47:00,2011-11-09 13:47:00,16,349.83000000000004,1,0.0328515111695138,487.03999999999996,21.864375000000003,127785.90240000002,127785.90240000002
12534.0,2011-08-01 10:26:00,2011-08-01 10:26:00,63,1089.18,1,0.0328515111695138,1917.72,17.28857142857143,397855.67040000006,397855.67040000006
12535.0,2011-06-06 12:47:00,2011-09-09 08:48:00,34,716.35,94,3.088042049934297,11.010212765957448,21.069117647058825,2783.7056170212772,2783.7056170212772
12536.0,2011-10-11 14:52:00,2011-10-27 14:20:00,261,12601.830000000002,15,0.49277266754270693,529.6560000000001,48.282873563218395,306879.7641600001,306879.7641600001
12538.0,2011-11-10 17:16:00,2011-11-10 17:16:00,21,363.95,1,0.0328515111695138,639.24,17.33095238095238,132943.656,132943.656
12539.0,2011-01-10 09:11:00,2011-11-17 13:30:00,273,5568.35,311,10.21681997371879,26.72064308681672,20.396886446886448,6540.215073954985,6540.215073954985
12540.0,2010-12-13 09:39:00,2011-11-20 11:31:00,478,13400.24,342,11.235216819973719,42.54479532163743,28.03397489539749,14312.3966877193,14312.3966877193
12541.0,2011-03-04 09:32:00,2011-11-10 10:40:00,52,981.18,251,8.245729303547963,6.306294820717132,18.868846153846153,1427.9100812749004,1427.9100812749004
12544.0,2011-11-03 16:15:00,2011-11-03 16:15:00,19,372.7,1,0.0328515111695138,578.36,19.61578947368421,136139.856,136139.856
12545.0,2011-03-25 12:04:00,2011-09-25 13:39:00,50,1000.39,184,6.044678055190539,8.271739130434783,20.0078,1985.9916260869563,1985.9916260869563
12546.0,2011-09-23 09:44:00,2011-10-24 12:09:00,69,1161.5,31,1.0183968462549278,67.75354838709677,16.833333333333332,13686.216774193545,13686.216774193545
12547.0,2011-03-04 12:46:00,2011-05-26 12:38:00,8,207.8,82,2.6938239159001314,2.9697560975609756,25.975,925.6729756097561,925.6729756097561
12548.0,2011-06-26 15:35:00,2011-06-26 15:35:00,5,95.19999999999999,1,0.0328515111695138,152.2,19.04,34774.655999999995,34774.655999999995
12550.0,2011-09-21 14:35:00,2011-09-21 14:35:00,57,964.83,1,0.0328515111695138,1735.08,16.92684210526316,352433.10240000003,352433.10240000003
12551.0,2010-12-17 11:23:00,2010-12-17 11:23:00,10,168.0,1,0.0328515111695138,304.4,16.8,61367.04,61367.04
12552.0,2011-10-31 12:11:00,2011-11-01 10:02:00,20,437.82,1,0.0328515111695138,608.8,21.891,159926.88959999997,159926.88959999997
12553.0,2011-01-14 10:42:00,2011-12-01 16:38:00,191,3692.28,321,10.545335085413928,18.112274143302184,19.33130890052356,4201.607596261682,4201.607596261682
12556.0,2011-07-11 13:35:00,2011-10-20 13:06:00,121,603.71,100,3.2851511169513796,36.8324,4.989338842975207,2205.2318880000003,2205.2318880000003
12557.0,2010-12-03 12:20:00,2011-11-23 16:59:00,33,11990.960000000001,355,11.662286465177397,2.8296338028169017,363.36242424242425,12338.191179718311,12338.191179718311
12558.0,2011-12-02 10:41:00,2011-12-02 10:41:00,11,269.96,1,0.0328515111695138,334.84,24.54181818181818,98610.98879999999,98610.98879999999
12559.0,2011-01-24 10:12:00,2011-02-02 09:49:00,21,561.71,8,0.2628120893561104,79.905,26.74809523809524,25647.678600000003,25647.678600000003
12560.0,2011-07-19 15:55:00,2011-12-04 13:54:00,105,2134.01,137,4.50065703022339,23.32992700729927,20.323904761904764,5689.862575182482,5689.862575182482
12561.0,2011-02-10 11:39:00,2011-02-10 11:39:00,16,238.85,1,0.0328515111695138,487.03999999999996,14.928125,87247.128,87247.128
12562.0,2011-05-25 12:44:00,2011-12-01 17:20:00,168,3781.7400000000002,190,6.241787122207621,26.915368421052634,22.510357142857146,7270.4946694736855,7270.4946694736855
12564.0,2011-03-23 14:55:00,2011-03-23 14:55:00,21,456.90000000000003,1,0.0328515111695138,639.24,21.75714285714286,166896.43200000003,166896.43200000003
12565.0,2011-02-24 10:34:00,2011-02-24 10:34:00,9,145.92000000000002,1,0.0328515111695138,273.96,16.213333333333335,53301.6576,53301.6576
12566.0,2011-09-14 14:30:00,2011-09-14 14:30:00,19,351.65,1,0.0328515111695138,578.36,18.507894736842104,128450.71199999998,128450.71199999998
12567.0,2010-12-05 11:57:00,2011-11-17 11:02:00,446,9401.28,346,11.366622864651774,39.237687861271674,21.079103139013455,9925.143232369941,9925.143232369941
12569.0,2011-04-01 13:47:00,2011-12-07 16:24:00,188,4124.6900000000005,250,8.21287779237845,22.89088,21.93984042553192,6026.667052800001,6026.667052800001
12571.0,2011-08-10 12:35:00,2011-10-31 10:19:00,34,519.61,81,2.6609724047306176,12.777283950617283,15.28264705882353,2343.2486518518517,2343.2486518518517
12572.0,2011-10-19 08:20:00,2011-12-01 09:20:00,60,1020.4200000000001,43,1.4126149802890933,42.47441860465116,17.007,8668.349246511629,8668.349246511629
12573.0,2011-04-26 15:52:00,2011-04-26 15:52:00,28,160.54000000000002,1,0.0328515111695138,852.3199999999999,5.733571428571429,58642.05120000001,58642.05120000001
12574.0,2011-01-28 09:20:00,2011-01-28 09:20:00,11,218.45000000000002,1,0.0328515111695138,334.84,19.85909090909091,79795.416,79795.416
12576.0,2011-02-08 11:31:00,2011-11-04 10:11:00,88,1315.83,268,8.804204993429698,9.995223880597015,14.952613636363635,1793.4566507462685,1793.4566507462685
12577.0,2010-12-15 16:21:00,2011-11-04 13:24:00,147,657.8,323,10.611038107752956,13.853498452012385,4.474829931972788,743.9045944272445,743.9045944272445
12578.0,2011-01-13 15:34:00,2011-11-18 13:30:00,114,2794.51,308,10.11826544021025,11.266753246753247,24.51324561403509,3314.2162753246757,3314.2162753246757
12579.0,2011-09-22 17:15:00,2011-09-22 17:15:00,29,440.42,1,0.0328515111695138,882.76,15.18689655172414,160876.61760000003,160876.61760000003
12580.0,2011-04-07 10:24:00,2011-04-07 10:24:00,24,415.7,1,0.0328515111695138,730.56,17.320833333333333,151846.896,151846.896
12581.0,2011-10-31 08:56:00,2011-10-31 08:56:00,15,197.71,1,0.0328515111695138,456.59999999999997,13.180666666666667,72219.5088,72219.5088
12582.0,2011-02-24 11:42:00,2011-04-15 08:45:00,22,511.36,49,1.609724047306176,13.666938775510205,23.243636363636366,3812.0322612244904,3812.0322612244904
12583.0,2010-12-01 08:45:00,2011-12-07 08:07:00,247,7281.38,370,12.155059132720105,20.320756756756758,29.47927125506073,7188.493206486487,7188.493206486487
12584.0,2011-03-04 15:15:00,2011-12-06 09:35:00,96,2338.15,276,9.067017082785808,10.587826086956522,24.355729166666666,3094.4906956521736,3094.4906956521736
12585.0,2010-12-23 12:58:00,2011-04-19 13:39:00,87,2040.1,117,3.843626806833114,22.634871794871795,23.44942528735632,6369.29682051282,6369.29682051282
12586.0,2011-11-22 16:24:00,2011-11-22 16:24:00,11,196.94000000000003,1,0.0328515111695138,334.84,17.903636363636366,71938.2432,71938.2432
12587.0,2011-12-02 12:47:00,2011-12-02 12:47:00,4,144.0,1,0.0328515111695138,121.75999999999999,36.0,52600.31999999999,52600.31999999999
12588.0,2011-10-31 15:01:00,2011-10-31 15:01:00,10,214.89999999999998,1,0.0328515111695138,304.4,21.49,78498.67199999999,78498.67199999999
12589.0,2011-07-18 12:05:00,2011-11-11 10:19:00,35,646.68,115,3.7779237844940865,9.264347826086958,18.47657142857143,2054.0806121739133,2054.0806121739133
12590.0,2011-05-12 14:46:00,2011-05-12 14:52:00,68,9864.26,1,0.0328515111695138,2069.92,145.06264705882353,3603216.8927999996,535875.9878400022
12591.0,2011-01-26 14:35:00,2011-01-26 14:35:00,26,452.84999999999997,1,0.0328515111695138,791.4399999999999,17.41730769230769,165417.04799999998,165417.04799999998
12592.0,2011-05-10 13:44:00,2011-09-08 15:04:00,18,437.6,121,3.9750328515111693,4.528264462809918,24.311111111111114,1321.0456859504134,1321.0456859504134
12593.0,2011-05-05 09:29:00,2011-08-23 12:43:00,21,418.1,110,3.6136662286465175,5.811272727272728,19.90952380952381,1388.3960727272731,1388.3960727272731
12594.0,2011-01-21 09:52:00,2011-11-02 12:20:00,118,3338.2200000000003,285,9.362680683311432,12.60322807017544,28.290000000000003,4278.543865263158,4278.543865263158
12596.0,2011-04-11 13:22:00,2011-10-19 13:02:00,27,618.27,190,6.241787122207621,4.325684210526316,22.898888888888887,1188.640345263158,1188.640345263158
12597.0,2011-03-16 14:00:00,2011-11-20 13:33:00,206,3811.22,248,8.147174770039422,25.28483870967742,18.50106796116505,5613.558232258065,5613.558232258065
12598.0,2011-02-28 11:58:00,2011-11-30 12:18:00,132,3023.08,275,9.034165571616294,14.611200000000002,22.902121212121212,4015.5296814545463,4015.5296814545463
12599.0,2011-02-08 13:28:00,2011-11-10 13:34:00,62,1032.58,275,9.034165571616294,6.862836363636364,16.654516129032256,1371.5666269090907,1371.5666269090907
12600.0,2010-12-03 12:57:00,2011-11-11 10:29:00,64,2599.04,342,11.235216819973719,5.696374269005848,40.61,2775.95710877193,2775.95710877193
12601.0,2011-01-11 10:38:00,2011-06-03 10:17:00,28,577.0600000000001,142,4.664914586070959,6.002253521126761,20.609285714285715,1484.4258929577468,1484.4258929577468
12602.0,2011-10-12 11:22:00,2011-10-12 11:22:00,12,153.12,1,0.0328515111695138,365.28,12.76,55931.673599999995,55931.673599999995
12603.0,2011-11-18 10:42:00,2011-11-18 10:42:00,2,739.1999999999999,1,0.0328515111695138,60.879999999999995,369.59999999999997,270014.97599999997,270014.97599999997
12604.0,2011-03-23 12:06:00,2011-09-21 14:08:00,16,254.18,182,5.978975032851511,2.676043956043956,15.88625,510.14763956043953,510.14763956043953
12607.0,2011-10-10 16:06:00,2011-10-10 16:06:00,101,1579.51,1,0.0328515111695138,3074.44,15.63871287128713,576963.4128,535875.9878400022
12609.0,2011-01-25 15:13:00,2011-09-22 16:34:00,60,1126.85,240,7.884362680683311,7.61,18.78083333333333,1715.0656999999997,1715.0656999999997
12610.0,2011-08-05 13:52:00,2011-11-17 09:34:00,106,2099.54,103,3.383705650459921,31.326601941747573,19.80698113207547,7445.824963106796,7445.824963106796
12611.0,2011-10-18 13:12:00,2011-10-18 13:12:00,65,1193.32,1,0.0328515111695138,1978.6,18.35876923076923,435895.9296,435895.9296
12612.0,2011-09-26 15:35:00,2011-09-26 15:35:00,19,704.04,1,0.0328515111695138,578.36,37.054736842105264,257171.73120000004,257171.73120000004
12613.0,2011-03-22 15:42:00,2011-10-13 14:59:00,153,3344.38,204,6.701708278580814,22.830000000000002,21.858692810457516,5988.407482352942,5988.407482352942
12614.0,2011-03-07 10:22:00,2011-03-07 10:22:00,20,315.6,1,0.0328515111695138,608.8,15.780000000000001,115282.36799999999,115282.36799999999
12615.0,2011-06-24 13:35:00,2011-12-07 15:02:00,105,2291.19,166,5.45335085413929,19.25421686746988,21.820857142857143,5041.722187951807,5041.722187951807
12616.0,2011-02-15 14:17:00,2011-09-05 15:17:00,32,713.3,202,6.636005256241787,4.822178217821782,22.290625,1289.8723960396037,1289.8723960396037
12617.0,2011-11-10 14:39:00,2011-11-10 14:39:00,42,355.53000000000003,1,0.0328515111695138,1278.48,8.465,129867.99839999998,129867.99839999998
12618.0,2011-11-18 11:10:00,2011-11-18 11:10:00,11,177.31,1,0.0328515111695138,334.84,16.11909090909091,64767.79680000001,64767.79680000001
12619.0,2011-03-31 13:10:00,2011-11-23 14:52:00,90,3641.24,237,7.7858081471747695,11.559493670886077,40.45822222222222,5612.118764556962,5612.118764556962
12620.0,2011-05-19 12:10:00,2011-11-25 10:20:00,92,1339.41,189,6.2089356110381075,14.817354497354497,14.558804347826088,2588.675580952381,2588.675580952381
12621.0,2010-12-09 10:16:00,2011-12-08 11:25:00,467,13689.67,364,11.957950065703022,39.05351648351648,29.31406852248394,13737.809498901099,13737.809498901099
12622.0,2011-04-21 16:39:00,2011-04-21 16:39:00,11,180.1,1,0.0328515111695138,334.84,16.37272727272727,65786.92799999999,65786.92799999999
12623.0,2011-03-08 13:50:00,2011-03-08 13:50:00,18,305.1,1,0.0328515111695138,547.92,16.950000000000003,111446.92800000001,111446.92800000001
12624.0,2011-06-15 12:34:00,2011-08-25 15:04:00,38,641.13,71,2.3324572930354797,16.291830985915492,16.87184210526316,3298.4784,3298.4784
12625.0,2011-01-24 13:27:00,2011-05-12 09:54:00,86,2683.82,107,3.515111695137976,24.465794392523367,31.207209302325584,9162.109996261685,9162.109996261685
12626.0,2011-01-17 11:01:00,2011-11-16 16:06:00,294,6620.4800000000005,303,9.95400788436268,29.53584158415842,22.518639455782314,7981.283611881188,7981.283611881188
12627.0,2011-07-22 13:59:00,2011-11-29 12:07:00,230,4478.53,129,4.23784494086728,54.27286821705426,19.47186956521739,12681.530530232554,12681.530530232554
12628.0,2011-10-06 09:28:00,2011-12-05 13:15:00,41,786.46,60,1.9710906701708277,20.800666666666668,19.181951219512197,4787.96848,4787.96848
12630.0,2011-10-27 10:41:00,2011-11-30 10:48:00,64,1270.88,34,1.1169513797634691,57.29882352941176,19.8575,13653.736658823529,13653.736658823529
12631.0,2011-10-13 13:53:00,2011-10-13 13:53:00,31,640.5,1,0.0328515111695138,943.64,20.661290322580644,233961.84,233961.84
12633.0,2011-02-25 08:44:00,2011-10-12 11:40:00,101,2163.98,229,7.522996057818659,13.425502183406115,21.425544554455445,3451.784342358079,3451.784342358079
12635.0,2011-07-08 08:43:00,2011-09-11 11:04:00,101,1689.18,65,2.135348226018397,47.299076923076925,16.724554455445546,9492.671852307692,9492.671852307692
12637.0,2011-01-20 10:47:00,2011-10-03 13:46:00,390,6021.9,256,8.409986859395532,46.3734375,15.440769230769229,8592.4985625,8592.4985625
12638.0,2011-11-06 13:11:00,2011-11-06 13:11:00,39,671.69,1,0.0328515111695138,1187.1599999999999,17.222820512820515,245354.92320000002,245354.92320000002
12639.0,2011-04-15 12:48:00,2011-04-15 12:48:00,22,486.1,1,0.0328515111695138,669.68,22.095454545454547,177562.608,177562.608
12640.0,2011-09-19 12:01:00,2011-11-16 11:52:00,53,1174.58,57,1.8725361366622864,28.30385964912281,22.16188679245283,7527.2032,7527.2032
12641.0,2011-08-16 13:26:00,2011-08-16 13:26:00,10,185.9,1,0.0328515111695138,304.4,18.59,67905.552,67905.552
12642.0,2011-08-24 09:23:00,2011-11-14 15:03:00,47,1013.26,82,2.6938239159001314,17.447317073170733,21.558723404255318,4513.702595121951,4513.702595121951
12643.0,2011-01-11 11:48:00,2011-08-03 12:56:00,24,3344.64,204,6.701708278580814,3.5811764705882356,139.35999999999999,5988.8730352941175,5988.8730352941175
12644.0,2011-08-02 10:33:00,2011-08-02 10:33:00,31,477.90999999999997,1,0.0328515111695138,943.64,15.416451612903225,174570.9648,174570.9648
12645.0,2011-01-27 13:08:00,2011-11-06 12:38:00,73,1775.18,282,9.264126149802891,7.8798581560283685,24.31753424657534,2299.4246468085103,2299.4246468085103
12646.0,2011-10-21 12:52:00,2011-12-05 10:14:00,45,1346.97,44,1.445466491458607,31.131818181818183,29.932666666666666,11182.300036363637,11182.300036363637
12647.0,2010-12-05 14:02:00,2011-11-17 12:56:00,121,3722.82,346,11.366622864651774,10.645202312138728,30.76710743801653,3930.264998843931,3930.264998843931
12648.0,2011-07-08 11:55:00,2011-07-08 11:55:00,21,318.05,1,0.0328515111695138,639.24,15.145238095238096,116177.304,116177.304
12649.0,2011-05-11 14:37:00,2011-08-24 14:41:00,31,623.51,105,3.4494086727989486,8.987047619047619,20.113225806451613,2169.102217142857,2169.102217142857
12650.0,2011-12-06 16:34:00,2011-12-06 16:34:00,20,314.44,1,0.0328515111695138,608.8,15.722,114858.64319999999,114858.64319999999
12651.0,2011-01-09 12:46:00,2011-01-09 12:46:00,9,114.0,1,0.0328515111695138,273.96,12.666666666666666,41641.91999999999,41641.91999999999
12652.0,2011-01-12 15:00:00,2011-01-12 15:00:00,48,919.98,1,0.0328515111695138,1461.12,19.16625,336050.2944,336050.2944
12653.0,2011-02-16 10:53:00,2011-07-14 10:41:00,43,2209.85,147,4.829172141918528,8.90421768707483,51.391860465116274,5491.25175510204,5491.25175510204
12654.0,2011-02-17 13:16:00,2011-11-29 10:10:00,38,601.98,284,9.329829172141919,4.072957746478873,15.841578947368422,774.2649802816902,774.2649802816902
12656.0,2011-04-20 09:20:00,2011-11-22 13:42:00,126,4051.17,216,7.09592641261498,17.756666666666668,32.152142857142856,6850.9786,6850.9786
12657.0,2011-09-22 11:40:00,2011-11-28 15:47:00,47,1643.18,67,2.2010512483574245,21.353432835820897,34.961276595744685,8958.519259701494,8958.519259701494
12658.0,2011-11-21 10:22:00,2011-11-21 10:22:00,36,686.05,1,0.0328515111695138,1095.84,19.056944444444444,250600.34399999998,250600.34399999998
12659.0,2011-11-10 11:53:00,2011-11-10 11:53:00,5,91.68,1,0.0328515111695138,152.2,18.336000000000002,33488.8704,33488.8704
12660.0,2011-11-28 13:26:00,2011-11-28 13:26:00,13,245.10000000000002,1,0.0328515111695138,395.71999999999997,18.853846153846156,89530.128,89530.128
12662.0,2010-12-01 13:04:00,2011-12-09 11:59:00,230,3849.78,372,12.220762155059132,18.82043010752688,16.73817391304348,3780.235587096774,3780.235587096774
12664.0,2011-01-21 11:42:00,2011-12-01 17:07:00,37,4881.88,314,10.315374507227332,3.58687898089172,131.94270270270272,5679.150084076434,5679.150084076434
12665.0,2011-01-19 08:34:00,2011-01-19 08:34:00,3,63.0,1,0.0328515111695138,91.32,21.0,23012.64,23012.64
12667.0,2011-10-12 17:00:00,2011-10-12 17:00:00,33,620.13,1,0.0328515111695138,1004.52,18.791818181818183,226521.0864,226521.0864
12668.0,2010-12-19 12:46:00,2011-11-28 10:56:00,161,3807.15,343,11.268068331143231,14.288163265306125,23.64689440993789,4054.4482565597673,4054.4482565597673
12669.0,2011-03-28 10:15:00,2011-07-12 09:54:00,101,2744.0299999999997,105,3.4494086727989486,29.280380952380956,27.168613861386135,9546.088365714286,9546.088365714286
12670.0,2011-04-21 10:16:00,2011-11-29 15:23:00,92,2996.05,222,7.293035479632063,12.614774774774775,32.56576086956522,4929.716864864865,4929.716864864865
12672.0,2011-01-14 09:20:00,2011-01-14 09:20:00,10,225.9,1,0.0328515111695138,304.4,22.59,82516.752,82516.752
12673.0,2011-01-17 11:46:00,2011-12-04 13:55:00,42,610.52,321,10.545335085413928,3.9828037383177572,14.536190476190475,694.7375252336449,694.7375252336449
12674.0,2011-05-16 09:10:00,2011-11-01 12:12:00,83,1970.6,169,5.551905387647832,14.9498224852071,23.742168674698792,4259.2944852071,4259.2944852071
12676.0,2011-02-01 15:41:00,2011-11-15 12:25:00,45,1331.39,286,9.395532194480946,4.78951048951049,29.586444444444446,1700.4550321678325,1700.4550321678325
12678.0,2010-12-21 11:00:00,2011-10-28 13:04:00,165,17628.46,311,10.21681997371879,16.14983922829582,106.83915151515151,20705.22144308682,20705.22144308682
12679.0,2011-03-01 12:26:00,2011-10-12 12:30:00,48,1113.02,225,7.391590013140604,6.493866666666667,23.187916666666666,1806.9508693333335,1806.9508693333335
12680.0,2011-08-18 15:44:00,2011-12-09 12:50:00,52,862.81,112,3.679369250985545,14.132857142857144,16.592499999999998,2813.9931857142856,2813.9931857142856
12681.0,2010-12-07 10:08:00,2011-11-25 11:33:00,638,13787.54,353,11.59658344283837,55.01620396600567,21.610564263322885,14267.17453597734,14267.17453597734
12682.0,2010-12-03 13:59:00,2011-12-06 10:00:00,525,12288.22,367,12.056504599211562,43.5449591280654,23.406133333333333,12230.62943215259,12230.62943215259
12683.0,2010-12-09 10:37:00,2011-12-05 16:31:00,344,8476.57,361,11.85939553219448,29.006537396121885,24.641191860465117,8577.067838227147,8577.067838227147
12684.0,2011-05-10 12:55:00,2011-12-02 09:53:00,105,2283.63,205,6.734559789750328,15.591219512195122,21.748857142857144,4069.094470243903,4069.094470243903
12685.0,2011-09-07 10:28:00,2011-11-11 13:46:00,157,2863.08,65,2.135348226018397,73.52430769230769,18.236178343949042,16089.628652307689,16089.628652307689
12686.0,2010-12-03 09:51:00,2010-12-03 09:51:00,7,89.14,1,0.0328515111695138,213.07999999999998,12.734285714285715,32561.059200000003,32561.059200000003
12688.0,2011-08-18 08:49:00,2011-08-18 08:49:00,171,4873.81,1,0.0328515111695138,5205.24,28.50181286549708,1780305.3168000001,535875.9878400022
12689.0,2011-08-04 10:04:00,2011-11-14 08:31:00,72,1247.6100000000001,101,3.3180026281208934,21.69980198019802,17.327916666666667,4512.148324752476,4512.148324752476
12690.0,2011-05-18 09:09:00,2011-05-18 09:09:00,16,389.01,1,0.0328515111695138,487.03999999999996,24.313125,142097.5728,142097.5728
12691.0,2010-12-17 14:46:00,2011-11-11 16:49:00,32,1035.8,329,10.808147174770038,2.960729483282675,32.36875,1150.021349544073,1150.021349544073
12693.0,2011-01-24 12:58:00,2011-08-04 17:51:00,39,855.91,192,6.307490144546649,6.183125,21.946410256410257,1628.3687750000004,1628.3687750000004
12694.0,2011-06-09 17:48:00,2011-09-30 13:06:00,37,869.67,112,3.679369250985545,10.056071428571428,23.504594594594593,2836.3665857142855,2836.3665857142855
12695.0,2011-05-13 13:15:00,2011-12-02 13:22:00,27,582.1,203,6.668856767411301,4.048669950738916,21.55925925925926,1047.4359014778327,1047.4359014778327
12697.0,2011-06-23 15:44:00,2011-11-11 08:47:00,41,957.59,140,4.599211563731932,8.914571428571428,23.355853658536585,2498.4891085714285,2498.4891085714285
12700.0,2011-05-08 16:10:00,2011-12-02 10:47:00,268,4939.99,207,6.800262812089356,39.41024154589372,18.432798507462685,8717.292498550723,8717.292498550723
12701.0,2011-04-11 13:02:00,2011-09-21 10:47:00,53,797.71,162,5.321944809461235,9.958765432098765,15.051132075471699,1798.6883259259262,1798.6883259259262
12702.0,2011-11-20 10:36:00,2011-11-20 10:36:00,12,219.0,1,0.0328515111695138,365.28,18.25,79996.31999999999,79996.31999999999
12703.0,2011-09-29 17:52:00,2011-09-29 17:52:00,21,283.55,1,0.0328515111695138,639.24,13.502380952380953,103575.144,103575.144
12704.0,2011-06-23 10:20:00,2011-12-02 13:15:00,88,2340.84,162,5.321944809461235,16.53530864197531,26.600454545454546,5278.160711111112,5278.160711111112
12705.0,2010-12-17 15:58:00,2011-11-24 13:17:00,334,6868.29,341,11.202365308804204,29.815131964809385,20.56374251497006,7357.328361290323,7357.328361290323
12707.0,2011-02-21 08:38:00,2011-02-21 08:38:00,33,603.42,1,0.0328515111695138,1004.52,18.285454545454545,220417.2576,220417.2576
12708.0,2010-12-06 10:43:00,2011-11-10 09:52:00,157,2712.91,338,11.103810775295663,14.139289940828403,17.27968152866242,2931.869126627219,2931.869126627219
12709.0,2010-12-08 09:49:00,2011-11-24 15:38:00,208,9736.52,351,11.530880420499342,18.03851851851852,46.81019230769231,10132.63824957265,10132.63824957265
12710.0,2011-05-22 14:05:00,2011-09-04 12:00:00,77,1149.02,104,3.416557161629435,22.537307692307692,14.922337662337663,4035.7117846153847,4035.7117846153847
12712.0,2010-12-03 14:30:00,2011-11-11 08:19:00,133,4396.13,342,11.235216819973719,11.837777777777777,33.053609022556394,4695.375340350877,4695.375340350877
12713.0,2011-12-09 12:16:00,2011-12-09 12:16:00,38,848.55,1,0.0328515111695138,1156.72,22.330263157894734,309958.344,309958.344
12714.0,2011-02-18 10:53:00,2011-11-30 15:43:00,259,4708.86,285,9.362680683311432,27.663017543859652,18.18092664092664,6035.271511578947,6035.271511578947
12715.0,2011-08-25 15:22:00,2011-08-25 15:22:00,21,353.86,1,0.0328515111695138,639.24,16.85047619047619,129257.9808,129257.9808
12716.0,2011-07-29 13:28:00,2011-12-06 08:55:00,69,1053.49,129,4.23784494086728,16.281860465116278,15.267971014492753,2983.0916837209297,2983.0916837209297
12717.0,2011-04-08 10:32:00,2011-07-11 14:47:00,55,1030.98,94,3.088042049934297,17.81063829787234,18.74509090909091,4006.3444085106385,4006.3444085106385
12718.0,2011-09-29 16:38:00,2011-09-29 16:38:00,19,238.25,1,0.0328515111695138,578.36,12.539473684210526,87027.95999999999,87027.95999999999
12719.0,2011-10-05 14:50:00,2011-12-04 13:45:00,39,644.95,59,1.938239159001314,20.12135593220339,16.53717948717949,3993.005694915255,3993.005694915255
12720.0,2010-12-05 15:21:00,2011-12-07 08:03:00,354,5781.7300000000005,366,12.02365308804205,29.441967213114754,16.33257062146893,5770.356104918033,5770.356104918033
12721.0,2010-12-20 11:38:00,2011-11-08 12:13:00,161,2656.13,323,10.611038107752956,15.172879256965945,16.497701863354038,3003.811660681115,3003.811660681115
12722.0,2011-07-12 11:55:00,2011-09-15 14:50:00,53,997.63,65,2.135348226018397,24.82030769230769,18.82320754716981,5606.373636923076,5606.373636923076
12723.0,2011-10-05 15:52:00,2011-12-06 10:19:00,69,725.07,61,2.0039421813403417,34.43213114754098,10.508260869565218,4341.861796721311,4341.861796721311
12724.0,2011-01-11 15:00:00,2011-12-04 16:02:00,53,1031.41,327,10.74244415243101,4.933700305810398,19.460566037735852,1152.15120733945,1152.15120733945
12725.0,2010-12-03 15:45:00,2010-12-03 15:45:00,24,427.8,1,0.0328515111695138,730.56,17.825,156266.78399999999,156266.78399999999
12726.0,2010-12-17 12:56:00,2011-11-11 13:35:00,124,2609.1,329,10.808147174770038,11.472826747720365,21.041129032258063,2896.81473556231,2896.81473556231
12727.0,2011-01-23 15:17:00,2011-11-29 11:46:00,139,3980.7000000000003,309,10.151116951379763,13.693074433656959,28.63812949640288,4705.728466019418,4705.728466019418
12728.0,2011-01-11 13:31:00,2011-09-29 15:31:00,46,836.33,261,8.5742444152431,5.364904214559387,18.18108695652174,1170.47748045977,1170.47748045977
12729.0,2011-08-18 11:40:00,2011-08-18 11:40:00,26,453.01,1,0.0328515111695138,791.4399999999999,17.423461538461538,165475.49279999998,165475.49279999998
12731.0,2010-12-10 10:56:00,2011-11-16 11:59:00,274,18895.91,341,11.202365308804204,24.459120234604107,68.96317518248175,20241.343122580645,20241.343122580645
12732.0,2011-06-13 11:33:00,2011-06-13 11:33:00,12,236.26000000000002,1,0.0328515111695138,365.28,19.688333333333336,86301.0528,86301.0528
12733.0,2011-04-19 16:19:00,2011-04-19 16:19:00,22,383.95,1,0.0328515111695138,669.68,17.452272727272728,140249.256,140249.256
12734.0,2010-12-22 12:47:00,2010-12-22 12:47:00,4,110.39999999999999,1,0.0328515111695138,121.75999999999999,27.599999999999998,40326.912,40326.912
12735.0,2011-01-06 14:26:00,2011-01-28 13:37:00,43,779.5699999999999,21,0.6898817345597897,62.32952380952381,18.12953488372093,13560.063314285715,13560.063314285715
12736.0,2011-01-11 07:57:00,2011-01-11 07:57:00,4,234.0,1,0.0328515111695138,121.75999999999999,58.5,85475.51999999999,85475.51999999999
12738.0,2010-12-02 18:27:00,2010-12-02 18:27:00,11,155.35,1,0.0328515111695138,334.84,14.122727272727273,56746.24799999999,56746.24799999999
12739.0,2011-09-01 17:45:00,2011-09-22 13:00:00,38,1013.04,20,0.657030223390276,57.836,26.658947368421053,18502.16256,18502.16256
12740.0,2011-10-07 10:44:00,2011-10-07 10:44:00,27,427.6,1,0.0328515111695138,821.88,15.837037037037037,156193.728,156193.728
12743.0,2011-07-28 16:06:00,2011-07-28 16:21:00,134,546.43,1,0.0328515111695138,4078.96,4.077835820895522,199599.95039999997,199599.95039999997
12744.0,2011-01-25 13:26:00,2011-10-19 11:18:00,222,21279.29,266,8.73850197109067,25.40481203007519,95.85265765765766,29221.42500451128,29221.42500451128
12747.0,2010-12-05 15:38:00,2011-12-07 14:34:00,103,4196.01,366,12.02365308804205,8.566448087431695,40.737961165048546,4187.755554098361,4187.755554098361
12748.0,2010-12-01 12:48:00,2011-12-09 12:20:00,4595,33719.73,372,12.220762155059132,375.9994623655914,7.338352557127313,33110.599393548386,33110.599393548386
12749.0,2011-05-10 15:25:00,2011-12-06 09:56:00,199,4090.88,209,6.865965834428383,28.98354066985646,20.55718592964824,7149.840413397129,7149.840413397129
12750.0,2011-08-03 09:13:00,2011-08-03 09:13:00,15,275.88,1,0.0328515111695138,456.59999999999997,18.392,100773.44639999999,100773.44639999999
12752.0,2011-09-19 13:32:00,2011-09-19 13:32:00,53,4366.78,1,0.0328515111695138,1613.32,82.3920754716981,1595097.3983999998,535875.9878400022
12753.0,2010-12-12 11:44:00,2011-11-17 10:52:00,197,21429.39,339,11.136662286465176,17.689321533923305,108.77862944162436,23090.64182654867,23090.64182654867
12754.0,2011-02-04 10:31:00,2011-04-18 09:00:00,63,3010.74,72,2.3653088042049935,26.634999999999998,47.78952380952381,15274.487599999999,15274.487599999999
12755.0,2010-12-09 10:44:00,2011-03-04 12:42:00,4,3811.9500000000003,85,2.7923784494086727,1.4324705882352942,952.9875000000001,16381.518776470588,16381.518776470588
12756.0,2011-09-14 09:31:00,2011-09-14 09:31:00,4,112.08,1,0.0328515111695138,121.75999999999999,28.02,40940.5824,40940.5824
12757.0,2011-05-12 19:01:00,2011-11-24 12:30:00,371,7857.1,195,6.40604467805519,57.91405128205128,21.178167115902966,14718.161476923076,14718.161476923076
12758.0,2011-03-08 12:05:00,2011-08-15 10:22:00,97,2791.59,159,5.223390275952694,18.570314465408806,28.779278350515465,6413.282988679246,6413.282988679246
12759.0,2011-03-09 08:09:00,2011-10-18 14:49:00,95,1531.44,223,7.3258869908015765,12.967713004484306,16.12042105263158,2508.5399246636775,2508.5399246636775
12762.0,2011-11-14 14:23:00,2011-12-02 10:23:00,69,1898.52,17,0.5584756898817346,123.55058823529411,27.51478260869565,40793.610917647056,40793.610917647056
12763.0,2010-12-05 15:46:00,2011-07-24 14:12:00,18,494.08,230,7.555847568988173,2.3822608695652177,27.448888888888888,784.6849669565219,784.6849669565219
12764.0,2011-01-27 10:19:00,2011-01-27 10:19:00,45,1693.88,1,0.0328515111695138,1369.8,37.64177777777778,618740.4864,535875.9878400022
12766.0,2010-12-08 13:53:00,2011-12-06 08:46:00,310,6989.63,362,11.892247043363994,26.06740331491713,22.547193548387096,7052.961454143646,7052.961454143646
12769.0,2011-04-15 10:25:00,2011-04-15 10:25:00,32,1143.6,1,0.0328515111695138,974.0799999999999,35.7375,417734.2079999999,417734.2079999999
12770.0,2011-05-13 09:33:00,2011-05-13 09:33:00,12,1351.45,1,0.0328515111695138,365.28,112.62083333333334,493657.65599999996,493657.65599999996
12772.0,2011-10-11 09:19:00,2011-10-11 09:19:00,55,892.47,1,0.0328515111695138,1674.2,16.226727272727274,326001.4416,326001.4416
12775.0,2011-02-01 13:45:00,2011-11-22 16:33:00,66,1386.04,294,9.658344283837057,6.833469387755102,21.00060606060606,1722.0839836734694,1722.0839836734694
12778.0,2011-01-31 14:35:00,2011-11-20 11:30:00,50,822.23,292,9.592641261498029,5.212328767123288,16.4446,1028.5759397260276,1028.5759397260276
12779.0,2010-12-03 13:40:00,2011-11-02 11:43:00,149,3981.36,333,10.939553219448094,13.620300300300302,26.72053691275168,4367.300843243243,4367.300843243243
12781.0,2011-02-28 08:43:00,2011-10-07 10:37:00,25,826.74,221,7.260183968462549,3.4434389140271495,33.0696,1366.4777701357466,1366.4777701357466
12782.0,2010-12-17 11:30:00,2011-12-05 09:16:00,103,2330.92,352,11.563731931668856,8.907159090909092,22.630291262135923,2418.859254545455,2418.859254545455
12783.0,2011-09-25 15:35:00,2011-12-07 15:56:00,84,2225.91,73,2.3981603153745072,35.026849315068496,26.49892857142857,11138.087736986303,11138.087736986303
12784.0,2011-11-24 12:53:00,2011-11-30 15:38:00,59,574.42,6,0.19710906701708278,299.32666666666665,9.73593220338983,34970.68959999999,34970.68959999999
12785.0,2010-12-10 13:48:00,2010-12-10 13:48:00,14,311.95,1,0.0328515111695138,426.15999999999997,22.282142857142855,113949.09599999998,113949.09599999998
12787.0,2011-05-31 09:36:00,2011-11-30 08:44:00,20,463.66,182,5.978975032851511,3.345054945054945,23.183,930.5809054945056,930.5809054945056
12789.0,2011-10-05 13:34:00,2011-10-05 13:34:00,4,91.85,1,0.0328515111695138,121.75999999999999,22.9625,33550.96799999999,33550.96799999999
12790.0,2011-05-31 14:14:00,2011-05-31 14:14:00,21,324.92,1,0.0328515111695138,639.24,15.472380952380954,118686.77760000003,118686.77760000003
12791.0,2010-12-01 11:27:00,2010-12-01 11:27:00,2,192.60000000000002,1,0.0328515111695138,60.879999999999995,96.30000000000001,70352.92800000001,70352.92800000001
12792.0,2011-03-28 11:36:00,2011-03-28 11:36:00,25,400.54,1,0.0328515111695138,761.0,16.0216,146309.2512,146309.2512
12793.0,2010-12-03 15:14:00,2011-01-09 12:12:00,24,545.48,36,1.1826544021024967,20.293333333333333,22.728333333333335,5534.803733333333,5534.803733333333
12794.0,2011-09-02 12:01:00,2011-10-17 14:54:00,45,860.41,45,1.4783180026281209,30.44,19.12022222222222,6984.234773333334,6984.234773333334
12795.0,2011-11-21 10:27:00,2011-11-21 10:27:00,14,430.48,1,0.0328515111695138,426.15999999999997,30.74857142857143,157245.73440000002,157245.73440000002
12797.0,2010-12-09 10:55:00,2010-12-09 10:55:00,13,254.03,1,0.0328515111695138,395.71999999999997,19.540769230769232,92792.0784,92792.0784
12798.0,2011-06-22 10:11:00,2011-11-29 15:52:00,8,6977.04,160,5.256241787122208,1.522,872.13,15928.58232,15928.58232
12802.0,2011-06-06 09:36:00,2011-06-06 09:36:00,25,427.58,1,0.0328515111695138,761.0,17.1032,156186.4224,156186.4224
12808.0,2010-12-06 10:27:00,2011-11-03 10:05:00,28,483.65000000000003,331,10.873850197109066,2.574984894259819,17.273214285714285,533.7391903323263,533.7391903323263
12809.0,2011-06-15 10:51:00,2011-06-15 10:51:00,25,489.31,1,0.0328515111695138,761.0,19.572400000000002,178735.15680000003,178735.15680000003
12811.0,2011-02-28 15:39:00,2011-03-24 09:42:00,31,514.85,23,0.7555847568988173,41.02782608695652,16.608064516129033,8176.713391304349,8176.713391304349
12812.0,2011-10-26 09:54:00,2011-10-26 09:54:00,15,229.64000000000001,1,0.0328515111695138,456.59999999999997,15.309333333333335,83882.8992,83882.8992
12814.0,2011-08-30 12:11:00,2011-08-30 12:11:00,2,125.92,1,0.0328515111695138,60.879999999999995,62.96,45996.0576,45996.0576
12815.0,2011-05-25 13:34:00,2011-07-15 10:21:00,47,1063.46,50,1.6425755584756898,28.6136,22.6268085106383,7769.2133760000015,7769.2133760000015
12816.0,2011-06-16 13:24:00,2011-09-05 12:41:00,29,572.2,80,2.628120893561104,11.0345,19.731034482758623,2612.6652000000004,2612.6652000000004
12817.0,2011-03-03 16:28:00,2011-03-03 16:28:00,4,166.04000000000002,1,0.0328515111695138,121.75999999999999,41.510000000000005,60651.091199999995,60651.091199999995
12818.0,2011-03-23 12:06:00,2011-03-23 12:06:00,14,1542.08,1,0.0328515111695138,426.15999999999997,110.14857142857143,563290.9824,535875.9878400022
12820.0,2011-01-17 12:34:00,2011-12-06 15:12:00,59,942.34,323,10.611038107752956,5.560247678018577,15.97186440677966,1065.69026377709,1065.69026377709
12821.0,2011-05-09 15:51:00,2011-05-09 15:51:00,6,92.72,1,0.0328515111695138,182.64,15.453333333333333,33868.7616,33868.7616
12822.0,2011-09-13 13:46:00,2011-09-30 10:04:00,46,948.88,16,0.5256241787122208,87.515,20.62782608695652,21662.930399999997,21662.930399999997
12823.0,2011-02-16 12:15:00,2011-09-26 07:35:00,5,1759.5,221,7.260183968462549,0.6886877828054299,351.9,2908.190769230769,2908.190769230769
12824.0,2011-10-11 12:49:00,2011-10-11 12:49:00,25,397.12,1,0.0328515111695138,761.0,15.8848,145059.9936,145059.9936
12826.0,2010-12-09 15:21:00,2011-12-07 10:25:00,91,1474.72,362,11.892247043363994,7.652044198895028,16.205714285714286,1488.0821038674035,1488.0821038674035
12827.0,2011-10-26 15:44:00,2011-12-04 12:17:00,25,430.15,38,1.2483574244415243,20.026315789473685,17.206,4134.873473684211,4134.873473684211
12828.0,2011-08-01 16:16:00,2011-12-07 08:45:00,56,1018.71,127,4.1721419185282524,13.42236220472441,18.19125,2930.034557480315,2930.034557480315
12829.0,2010-12-14 14:54:00,2011-01-07 11:13:00,11,293.0,23,0.7555847568988173,14.558260869565219,26.636363636363637,4653.3495652173915,4653.3495652173915
12830.0,2011-06-21 10:53:00,2011-11-02 11:54:00,38,6814.64,134,4.402102496714849,8.632238805970148,179.33263157894737,18576.505217910446,18576.505217910446
12831.0,2011-03-22 13:02:00,2011-03-22 13:02:00,9,215.05,1,0.0328515111695138,273.96,23.894444444444446,78553.464,78553.464
12832.0,2011-09-02 13:48:00,2011-11-07 13:30:00,27,383.03000000000003,65,2.135348226018397,12.644307692307692,14.186296296296298,2152.5107446153847,2152.5107446153847
12833.0,2011-07-17 13:46:00,2011-07-17 13:46:00,24,417.38,1,0.0328515111695138,730.56,17.390833333333333,152460.56639999998,152460.56639999998
12834.0,2011-03-02 09:49:00,2011-03-02 09:49:00,18,312.38,1,0.0328515111695138,547.92,17.354444444444443,114106.16639999999,114106.16639999999
12836.0,2011-02-01 11:19:00,2011-10-11 15:10:00,175,2612.86,252,8.278580814717477,21.13888888888889,14.930628571428572,3787.4027809523814,3787.4027809523814
12837.0,2011-06-19 16:07:00,2011-06-19 16:07:00,12,134.1,1,0.0328515111695138,365.28,11.174999999999999,48984.047999999995,48984.047999999995
12838.0,2010-12-01 11:57:00,2011-11-06 12:20:00,123,683.13,340,11.169513797634691,11.012117647058824,5.55390243902439,733.9227247058824,733.9227247058824
12839.0,2010-12-07 15:48:00,2011-12-07 12:33:00,314,5591.42,364,11.957950065703022,26.25868131868132,17.80707006369427,5611.082136263736,5611.082136263736
12840.0,2011-04-27 12:21:00,2011-07-19 09:29:00,113,2726.77,82,2.6938239159001314,41.94780487804878,24.13070796460177,12146.76275121951,12146.76275121951
12841.0,2010-12-03 10:43:00,2011-12-05 11:13:00,420,4022.35,367,12.056504599211562,34.83596730245232,9.577023809523808,4003.4986594005445,4003.4986594005445
12842.0,2011-02-04 12:36:00,2011-09-30 15:33:00,34,1118.99,238,7.818659658344283,4.348571428571429,32.9114705882353,1717.4145680672268,1717.4145680672268
12843.0,2011-03-20 14:38:00,2011-10-05 12:09:00,103,1702.26,198,6.504599211563732,15.834949494949496,16.526796116504855,3140.411781818182,3140.411781818182
12844.0,2011-08-01 13:11:00,2011-11-10 13:31:00,52,325.96000000000004,101,3.3180026281208934,15.672079207920794,6.268461538461539,1178.8779089108912,1178.8779089108912
12845.0,2011-02-22 14:10:00,2011-03-17 13:34:00,27,354.09000000000003,22,0.7227332457293035,37.35818181818182,13.114444444444446,5879.181600000001,5879.181600000001
12847.0,2011-11-17 13:16:00,2011-11-17 13:16:00,91,871.54,1,0.0328515111695138,2770.04,9.577362637362636,318356.13119999995,318356.13119999995
12849.0,2011-03-16 12:26:00,2011-11-08 13:41:00,51,1050.89,237,7.7858081471747695,6.550379746835444,20.605686274509807,1619.7008405063293,1619.7008405063293
12851.0,2011-09-04 12:41:00,2011-09-04 12:41:00,50,135.18,1,0.0328515111695138,1522.0,2.7036000000000002,49378.55040000001,49378.55040000001
12852.0,2011-02-18 08:47:00,2011-02-18 08:47:00,17,311.55,1,0.0328515111695138,517.48,18.326470588235296,113802.984,113802.984
12853.0,2011-01-28 10:28:00,2011-07-28 11:29:00,78,1957.1000000000001,181,5.946123521681997,13.11779005524862,25.09102564102564,3949.665679558011,3949.665679558011
12854.0,2011-01-25 13:35:00,2011-09-22 12:15:00,110,1324.5,239,7.851511169513797,14.010041841004185,12.040909090909091,2024.3236820083685,2024.3236820083685
12855.0,2010-12-02 09:37:00,2010-12-02 09:37:00,3,38.1,1,0.0328515111695138,91.32,12.700000000000001,13917.168000000001,13917.168000000001
12856.0,2011-10-07 12:38:00,2011-12-02 10:52:00,314,2179.93,55,1.8068331143232588,173.78472727272728,6.942452229299363,14477.906007272728,14477.906007272728
12857.0,2011-02-10 12:32:00,2011-05-13 10:20:00,46,1106.4,91,2.9894875164257555,15.387252747252747,24.05217391304348,4441.16254945055,4441.16254945055
12863.0,2011-10-18 14:15:00,2011-10-18 14:15:00,5,521.2,1,0.0328515111695138,152.2,104.24000000000001,190383.936,190383.936
12864.0,2011-07-24 13:03:00,2011-07-24 13:03:00,3,147.12,1,0.0328515111695138,91.32,49.04,53739.99359999999,53739.99359999999
12865.0,2011-08-08 10:11:00,2011-11-13 14:31:00,95,1568.23,97,3.1865965834428382,29.81237113402062,16.507684210526318,5905.598498969072,5905.598498969072
12866.0,2011-03-01 14:11:00,2011-03-01 14:11:00,26,559.12,1,0.0328515111695138,791.4399999999999,21.504615384615384,204235.35359999997,204235.35359999997
12867.0,2010-12-14 16:39:00,2011-11-13 15:30:00,538,4036.82,333,10.939553219448094,49.17933933933934,7.503382899628253,4428.136965765767,4428.136965765767
12868.0,2010-12-01 12:50:00,2011-06-07 10:42:00,107,1607.0600000000002,187,6.14323258869908,17.417540106951872,15.0192523364486,3139.1811593582893,3139.1811593582893
12871.0,2011-05-16 13:32:00,2011-09-16 15:07:00,11,380.64,123,4.040735873850197,2.7222764227642275,34.60363636363636,1130.4079609756095,1130.4079609756095
12872.0,2010-12-09 14:44:00,2011-01-17 10:52:00,66,599.97,38,1.2483574244415243,52.869473684210526,9.090454545454547,5767.290568421054,5767.290568421054
12873.0,2011-03-02 14:58:00,2011-03-02 14:58:00,4,374.0,1,0.0328515111695138,121.75999999999999,93.5,136614.72,136614.72
12875.0,2010-12-12 12:03:00,2011-07-19 15:30:00,2,343.2300000000001,219,7.194480946123521,0.2779908675799087,171.61500000000004,572.4888328767125,572.4888328767125
12876.0,2011-05-27 13:34:00,2011-10-13 12:26:00,85,2218.02,138,4.533508541392904,18.74927536231884,26.09435294117647,5871.002504347826,5871.002504347826
12877.0,2010-12-16 12:23:00,2011-12-06 10:30:00,154,1535.77,354,11.629434954007884,13.24225988700565,9.972532467532467,1584.7064,1584.7064
12878.0,2011-03-18 14:02:00,2011-04-17 13:07:00,47,854.99,29,0.9526938239159001,49.33379310344828,18.191276595744682,10769.33611034483,10769.33611034483
12879.0,2011-09-09 12:11:00,2011-10-26 12:24:00,10,573.22,47,1.5440210249671484,6.476595744680851,57.322,4455.017055319149,4455.017055319149
12881.0,2011-03-09 11:44:00,2011-03-09 11:44:00,7,298.0,1,0.0328515111695138,213.07999999999998,42.57142857142857,108853.43999999999,108853.43999999999
12882.0,2011-11-06 11:22:00,2011-11-30 16:18:00,13,1463.04,24,0.7884362680683311,16.488333333333333,112.54153846153847,22267.4688,22267.4688
12883.0,2011-09-11 15:18:00,2011-11-15 09:32:00,42,703.47,64,2.102496714848883,19.97625,16.749285714285715,4015.0550250000006,4015.0550250000006
12884.0,2011-09-12 13:10:00,2011-09-12 13:10:00,7,309.05,1,0.0328515111695138,213.07999999999998,44.15,112889.78399999999,112889.78399999999
12885.0,2011-08-08 11:45:00,2011-10-07 13:40:00,71,1175.22,60,1.9710906701708277,36.02066666666667,16.552394366197184,7154.739360000001,7154.739360000001
12886.0,2011-05-04 11:21:00,2011-10-03 10:09:00,82,1378.4,151,4.9605781865965834,16.530331125827814,16.809756097560978,3334.450013245033,3334.450013245033
12888.0,2011-03-29 14:31:00,2011-05-09 16:02:00,5,354.12,41,1.3469119579500657,3.7121951219512197,70.824,3154.950087804878,3154.950087804878
12890.0,2011-11-15 17:26:00,2011-11-15 17:26:00,82,380.46999999999997,1,0.0328515111695138,2496.08,4.639878048780488,138978.08159999998,138978.08159999998
12891.0,2011-02-20 11:28:00,2011-06-07 12:31:00,3,331.0,107,3.515111695137976,0.8534579439252337,110.33333333333333,1129.9783177570093,1129.9783177570093
12893.0,2011-11-09 12:34:00,2011-11-09 12:34:00,34,188.14,1,0.0328515111695138,1034.96,5.533529411764706,68723.7792,68723.7792
12895.0,2011-09-14 08:35:00,2011-10-28 13:51:00,22,372.8,44,1.445466491458607,15.22,16.945454545454545,3094.9178181818183,3094.9178181818183
12897.0,2011-02-11 11:40:00,2011-05-19 12:13:00,4,216.5,97,3.1865965834428382,1.255257731958763,54.125,815.2898969072166,815.2898969072166
12901.0,2011-03-14 10:41:00,2011-12-01 10:07:00,116,17654.54,261,8.5742444152431,13.52888888888889,152.19431034482758,24708.238970114944,24708.238970114944
12902.0,2011-03-20 12:06:00,2011-03-20 12:06:00,10,138.68,1,0.0328515111695138,304.4,13.868,50657.03039999999,50657.03039999999
12904.0,2011-06-20 13:18:00,2011-11-21 14:34:00,72,509.58,154,5.059132720105125,14.23168831168831,7.0775,1208.6972883116882,1208.6972883116882
12906.0,2011-09-22 15:03:00,2011-11-28 09:55:00,63,2919.81,66,2.1681997371879107,29.056363636363635,46.34619047619047,16159.821163636363,16159.821163636363
12908.0,2011-01-31 12:37:00,2011-06-16 15:39:00,2,750.0,136,4.467805519053877,0.4476470588235294,375.0,2014.4117647058824,2014.4117647058824
12909.0,2011-03-31 12:51:00,2011-10-31 12:43:00,91,2178.67,213,6.9973718791064385,13.004882629107982,23.941428571428574,3736.2656225352116,3736.2656225352116
12910.0,2011-04-12 10:01:00,2011-11-16 14:28:00,75,3075.04,218,7.1616294349540075,10.472477064220184,41.00053333333333,5152.525739449541,5152.525739449541
12912.0,2011-10-30 11:35:00,2011-12-07 08:55:00,24,1662.3,37,1.2155059132720105,19.744864864864866,69.2625,16410.944432432436,16410.944432432436
12913.0,2010-12-06 16:36:00,2011-12-05 12:11:00,50,2483.63,363,11.925098554533507,4.192837465564739,49.6726,2499.2296595041325,2499.2296595041325
12915.0,2010-12-02 12:33:00,2011-07-14 11:34:00,22,363.65,223,7.3258869908015765,3.0030493273542604,16.529545454545453,595.6684843049327,595.6684843049327
12916.0,2011-01-23 10:43:00,2011-07-24 10:35:00,107,3006.15,181,5.946123521681997,17.994917127071822,28.094859813084113,6066.77608839779,6066.77608839779
12917.0,2011-08-03 16:42:00,2011-08-03 16:42:00,2,594.0,1,0.0328515111695138,60.879999999999995,297.0,216976.31999999995,216976.31999999995
12919.0,2011-06-23 09:22:00,2011-12-01 13:47:00,50,1335.19,161,5.289093298291721,9.453416149068323,26.7038,3029.305609937888,3029.305609937888
12920.0,2011-11-22 15:05:00,2011-11-22 15:05:00,28,164.23,1,0.0328515111695138,852.3199999999999,5.8653571428571425,59989.9344,59989.9344
12921.0,2010-12-01 15:06:00,2011-11-30 16:22:00,720,16587.09,364,11.957950065703022,60.21098901098901,23.037625,16645.418228571427,16645.418228571427
12922.0,2011-07-01 15:35:00,2011-07-01 15:35:00,28,405.38,1,0.0328515111695138,852.3199999999999,14.477857142857143,148077.2064,148077.2064
12923.0,2011-10-06 16:20:00,2011-10-06 16:20:00,29,176.97,1,0.0328515111695138,882.76,6.102413793103448,64643.6016,64643.6016
12924.0,2011-01-16 11:49:00,2011-09-12 13:55:00,30,933.7,239,7.851511169513797,3.8209205020920503,31.123333333333335,1427.037389121339,1427.037389121339
12925.0,2011-09-26 11:05:00,2011-12-05 11:11:00,45,694.05,70,2.299605781865966,19.568571428571428,15.423333333333332,3621.7511999999997,3621.7511999999997
12928.0,2010-12-15 15:45:00,2011-11-04 14:24:00,84,2062.7,323,10.611038107752956,7.916284829721363,24.55595238095238,2332.702959752322,2332.702959752322
12929.0,2011-02-01 12:08:00,2011-02-01 12:08:00,8,117.85,1,0.0328515111695138,243.51999999999998,14.73125,43048.24799999999,43048.24799999999
12930.0,2011-06-21 13:25:00,2011-09-22 15:18:00,25,415.8,93,3.055190538764783,8.182795698924732,16.632,1633.1550967741937,1633.1550967741937
12931.0,2010-12-17 09:45:00,2011-11-18 12:39:00,82,42055.96,336,11.038107752956636,7.428809523809524,512.8775609756098,45720.836514285715,45720.836514285715
12933.0,2011-03-01 11:30:00,2011-11-15 16:38:00,106,607.53,259,8.508541392904073,12.458069498069499,5.7314150943396225,856.8284108108107,856.8284108108107
12935.0,2011-01-24 13:58:00,2011-12-07 17:25:00,129,2160.7,317,10.413929040735873,12.387255520504732,16.749612403100773,2489.780744479495,2489.780744479495
12936.0,2011-09-22 13:51:00,2011-11-22 17:32:00,62,1063.9,61,2.0039421813403417,30.93901639344262,17.15967741935484,6370.842491803278,6370.842491803278
12937.0,2011-03-17 14:19:00,2011-11-24 15:05:00,120,1504.27,252,8.278580814717477,14.495238095238095,12.535583333333333,2180.475180952381,2180.475180952381
12938.0,2011-11-14 11:21:00,2011-11-14 11:21:00,9,114.14,1,0.0328515111695138,273.96,12.682222222222222,41693.059199999996,41693.059199999996
12939.0,2011-01-09 11:20:00,2011-10-06 14:33:00,47,11581.8,270,8.869908015768726,5.298814814814815,246.42127659574467,15668.888533333333,15668.888533333333
12940.0,2011-09-13 10:16:00,2011-10-16 12:09:00,99,913.54,33,1.0840998685939554,91.32,9.227676767676767,10112.057309090907,10112.057309090907
12942.0,2010-12-09 09:34:00,2011-07-31 14:39:00,75,683.9,234,7.687253613666228,9.756410256410257,9.118666666666666,1067.585435897436,1067.585435897436
12944.0,2010-12-20 10:41:00,2011-11-04 11:04:00,30,604.51,319,10.4796320630749,2.8626959247648904,20.150333333333332,692.2113253918495,692.2113253918495
12945.0,2011-02-24 14:15:00,2011-02-24 14:15:00,23,462.95,1,0.0328515111695138,700.12,20.128260869565217,169106.376,169106.376
12947.0,2010-12-01 16:21:00,2011-07-19 10:06:00,97,1603.99,229,7.522996057818659,12.893799126637555,16.535979381443298,2558.5391580786027,2558.5391580786027
12948.0,2011-03-20 10:17:00,2011-11-23 17:10:00,116,2064.95,248,8.147174770039422,14.238064516129032,17.801293103448273,3041.471516129032,3041.471516129032
12949.0,2011-04-01 13:20:00,2011-11-09 11:25:00,215,4167.22,221,7.260183968462549,29.613574660633486,19.382418604651164,6887.7924054298655,6887.7924054298655
12950.0,2011-11-15 13:48:00,2011-12-07 13:17:00,23,1843.0,21,0.6898817345597897,33.33904761904762,80.1304347826087,32057.668571428574,32057.668571428574
12951.0,2011-01-13 10:33:00,2011-12-01 12:14:00,63,1064.07,322,10.578186596583443,5.955652173913044,16.89,1207.0915826086957,1207.0915826086957
12952.0,2011-09-22 16:37:00,2011-12-04 10:35:00,79,1387.79,72,2.3653088042049935,33.39944444444444,17.566962025316457,7040.7212666666655,7040.7212666666655
12953.0,2011-11-30 09:24:00,2011-11-30 09:24:00,17,329.85,1,0.0328515111695138,517.48,19.40294117647059,120487.60800000002,120487.60800000002
12955.0,2011-03-17 09:03:00,2011-12-08 16:29:00,180,4757.16,266,8.73850197109067,20.598496240601502,26.428666666666665,6532.689491729323,6532.689491729323
12956.0,2011-02-06 16:08:00,2011-02-06 16:08:00,19,108.07,1,0.0328515111695138,578.36,5.687894736842105,39475.8096,39475.8096
12957.0,2011-01-04 12:18:00,2011-11-30 09:53:00,238,4017.54,329,10.808147174770038,22.020425531914896,16.880420168067225,4460.568423100303,4460.568423100303
12962.0,2011-08-18 13:38:00,2011-12-02 15:55:00,16,266.39,106,3.4822601839684624,4.594716981132076,16.649375,917.9899924528304,917.9899924528304
12963.0,2010-12-09 09:14:00,2011-12-01 12:55:00,95,1856.63,357,11.727989487516425,8.10028011204482,19.54347368421053,1899.691334453782,1899.691334453782
12965.0,2011-09-11 15:31:00,2011-09-11 15:31:00,109,771.91,1,0.0328515111695138,3317.96,7.081743119266055,281963.2848,281963.2848
12966.0,2011-11-30 12:38:00,2011-11-30 12:38:00,10,160.18,1,0.0328515111695138,304.4,16.018,58510.55039999999,58510.55039999999
12967.0,2010-12-03 09:49:00,2010-12-16 19:10:00,19,1660.9,13,0.42706964520367935,44.48923076923077,87.41578947368421,46668.734769230774,46668.734769230774
12968.0,2011-08-19 15:44:00,2011-08-19 15:44:00,5,135.95,1,0.0328515111695138,152.2,27.189999999999998,49659.81599999999,49659.81599999999
12970.0,2011-01-21 14:04:00,2011-12-02 14:30:00,151,452.24,315,10.348226018396845,14.591873015873016,2.9949668874172186,524.4261180952382,524.4261180952382
12971.0,2010-12-02 16:42:00,2011-12-06 12:20:00,305,11189.91,368,12.089356110381077,25.228804347826088,36.68822950819672,11107.201969565218,11107.201969565218
12974.0,2011-05-26 09:33:00,2011-05-26 09:33:00,8,144.8,1,0.0328515111695138,243.51999999999998,18.1,52892.54400000001,52892.54400000001
12976.0,2011-05-12 09:55:00,2011-05-12 09:55:00,22,738.6,1,0.0328515111695138,669.68,33.57272727272727,269795.80799999996,269795.80799999996
12977.0,2011-07-06 16:40:00,2011-07-06 16:40:00,9,39.239999999999995,1,0.0328515111695138,273.96,4.359999999999999,14333.587199999998,14333.587199999998
12980.0,2010-12-16 11:36:00,2011-07-05 09:34:00,20,7374.900000000001,200,6.570302233902759,3.044,368.745,13469.517360000002,13469.517360000002
12981.0,2011-07-29 14:14:00,2011-11-10 12:00:00,20,372.21999999999997,103,3.383705650459921,5.910679611650486,18.610999999999997,1320.0438990291261,1320.0438990291261
12982.0,2011-04-11 11:51:00,2011-04-11 11:51:00,28,390.54,1,0.0328515111695138,852.3199999999999,13.947857142857144,142656.4512,142656.4512
12984.0,2011-11-21 12:37:00,2011-11-21 12:37:00,4,97.5,1,0.0328515111695138,121.75999999999999,24.375,35614.799999999996,35614.799999999996
12985.0,2011-11-11 12:44:00,2011-12-09 10:46:00,76,1239.38,27,0.8869908015768725,85.68296296296296,16.30763157894737,16767.434311111112,16767.434311111112
12987.0,2011-05-26 12:00:00,2011-09-27 12:03:00,28,558.7,124,4.073587385019711,6.873548387096774,19.95357142857143,1645.8220645161289,1645.8220645161289
12988.0,2011-02-20 14:31:00,2011-02-20 14:31:00,92,535.32,1,0.0328515111695138,2800.48,5.818695652173914,195541.68960000004,195541.68960000004
12989.0,2010-12-10 13:24:00,2011-12-06 15:28:00,64,6924.11,361,11.85939553219448,5.3965650969529095,108.18921875,7006.201941274239,7006.201941274239
12990.0,2011-02-02 15:39:00,2011-11-08 13:01:00,13,409.5,278,9.132720105124836,1.423453237410072,31.5,538.0653237410072,538.0653237410072
12991.0,2011-08-19 14:39:00,2011-11-16 15:34:00,31,503.76,89,2.923784494086728,10.602696629213483,16.25032258064516,2067.5668853932584,2067.5668853932584
12993.0,2011-02-14 14:29:00,2011-11-16 15:49:00,27,414.76,275,9.034165571616294,2.988654545454546,15.361481481481482,550.9219374545455,550.9219374545455
12994.0,2011-03-16 08:31:00,2011-12-05 15:43:00,61,974.42,264,8.672798948751643,7.033484848484848,15.974098360655738,1348.2429454545454,1348.2429454545454
12995.0,2011-09-15 15:44:00,2011-09-15 15:44:00,3,211.32,1,0.0328515111695138,91.32,70.44,77190.9696,77190.9696
12997.0,2011-01-26 15:49:00,2011-11-17 15:47:00,59,1226.89,294,9.658344283837057,6.108707482993197,20.794745762711866,1524.3482285714288,1524.3482285714288
12999.0,2011-04-08 10:26:00,2011-05-27 13:24:00,28,455.88,49,1.609724047306176,17.394285714285715,16.28142857142857,3398.4458448979594,3398.4458448979594
13000.0,2010-12-10 10:26:00,2011-08-25 10:43:00,31,534.85,258,8.47568988173456,3.657519379844961,17.253225806451614,757.2480930232558,757.2480930232558
13001.0,2011-01-17 12:45:00,2011-12-05 14:51:00,339,9818.82,322,10.578186596583443,32.04708074534162,28.964070796460177,11138.566986335405,11138.566986335405
13002.0,2011-01-25 15:18:00,2011-01-25 15:18:00,7,120.95,1,0.0328515111695138,213.07999999999998,17.27857142857143,44180.615999999995,44180.615999999995
13003.0,2011-05-09 08:23:00,2011-08-26 10:50:00,6,149.05,109,3.5808147174770038,1.6755963302752295,24.84166666666667,499.49526605504593,499.49526605504593
13004.0,2010-12-17 08:20:00,2011-11-28 11:27:00,404,5655.91,346,11.366622864651774,35.542658959537576,13.999777227722772,5971.071690173411,5971.071690173411
13005.0,2011-04-07 13:32:00,2011-06-19 10:53:00,26,513.7,72,2.3653088042049935,10.992222222222223,19.75769230769231,2606.1713333333337,2606.1713333333337
13006.0,2011-10-14 13:49:00,2011-10-14 13:49:00,4,81.57,1,0.0328515111695138,121.75999999999999,20.3925,29795.889599999995,29795.889599999995
13008.0,2011-01-20 14:24:00,2011-01-20 14:24:00,14,229.47,1,0.0328515111695138,426.15999999999997,16.390714285714285,83820.80159999999,83820.80159999999
13011.0,2010-12-02 17:22:00,2010-12-02 17:22:00,3,50.550000000000004,1,0.0328515111695138,91.32,16.85,18464.904,18464.904
13012.0,2011-02-18 09:43:00,2011-11-30 13:05:00,89,1661.8400000000001,285,9.362680683311432,9.505824561403509,18.6723595505618,2129.9540884210533,2129.9540884210533
13013.0,2010-12-03 12:28:00,2011-12-08 15:01:00,219,4810.9400000000005,370,12.155059132720105,18.01718918918919,21.967762557077627,4749.568008648649,4749.568008648649
13014.0,2011-03-03 18:28:00,2011-11-29 12:27:00,109,3466.28,270,8.869908015768726,12.28874074074074,31.800733944954132,4689.4916977777775,4689.4916977777775
13015.0,2011-04-04 14:28:00,2011-10-17 13:19:00,176,3346.28,195,6.40604467805519,27.474051282051285,19.012954545454548,6268.35465846154,6268.35465846154
13016.0,2011-08-08 15:00:00,2011-09-27 14:08:00,47,789.89,49,1.609724047306176,29.197551020408163,16.806170212765956,5888.388146938775,5888.388146938775
13017.0,2011-12-02 15:53:00,2011-12-02 15:53:00,1,204.0,1,0.0328515111695138,30.439999999999998,204.0,74517.12,74517.12
13018.0,2011-02-17 11:05:00,2011-11-23 13:28:00,458,7277.7,279,9.165571616294349,49.96960573476703,15.890174672489083,9528.309161290323,9528.309161290323
13021.0,2010-12-16 10:12:00,2011-12-05 16:37:00,131,2616.38,354,11.629434954007884,11.2645197740113,19.97236641221374,2699.7493966101697,2699.7493966101697
13023.0,2011-08-02 09:34:00,2011-10-06 16:27:00,40,689.9,65,2.135348226018397,18.732307692307693,17.2475,3877.025723076923,3877.025723076923
13026.0,2011-03-09 11:35:00,2011-12-08 16:58:00,40,975.36,274,9.00131406044678,4.443795620437956,24.384,1300.2901489051094,1300.2901489051094
13027.0,2010-12-20 12:45:00,2011-08-18 09:39:00,26,6912.0,240,7.884362680683311,3.2976666666666667,265.84615384615387,10520.064000000002,10520.064000000002
13028.0,2011-10-25 14:09:00,2011-11-17 11:10:00,45,661.3199999999999,22,0.7227332457293035,62.263636363636365,14.695999999999998,10980.316799999999,10980.316799999999
13029.0,2010-12-21 13:53:00,2011-11-09 09:13:00,10,1247.5,322,10.578186596583443,0.9453416149068323,124.75,1415.176397515528,1415.176397515528
13030.0,2010-12-06 14:31:00,2011-11-28 14:30:00,99,799.48,356,11.695137976346912,8.465056179775281,8.075555555555555,820.3203775280898,820.3203775280898
13032.0,2011-09-13 16:40:00,2011-10-18 15:54:00,71,1010.1800000000001,34,1.1169513797634691,63.56588235294117,14.227887323943662,10852.89854117647,10852.89854117647
13033.0,2010-12-17 14:23:00,2010-12-17 14:23:00,11,190.55,1,0.0328515111695138,334.84,17.322727272727274,69604.10399999999,69604.10399999999
13034.0,2010-12-05 14:52:00,2011-10-16 12:21:00,37,642.77,314,10.315374507227332,3.58687898089172,17.372162162162162,747.7421197452229,747.7421197452229
13035.0,2011-03-24 09:21:00,2011-09-27 08:57:00,27,921.88,186,6.110381077529566,4.418709677419355,34.1437037037037,1810.4533677419354,1810.4533677419354
13037.0,2011-03-28 15:42:00,2011-07-24 15:46:00,48,881.07,118,3.876478318002628,12.382372881355932,18.355625,2727.434318644068,2727.434318644068
13038.0,2011-02-22 11:43:00,2011-09-20 14:37:00,28,908.46,210,6.898817345597897,4.058666666666666,32.445,1580.2012799999998,1580.2012799999998
13040.0,2011-11-06 13:53:00,2011-12-01 10:38:00,43,676.99,24,0.7884362680683311,54.538333333333334,15.743953488372092,10303.787799999998,10303.787799999998
13043.0,2011-03-11 14:52:00,2011-03-11 14:52:00,13,516.42,1,0.0328515111695138,395.71999999999997,39.72461538461538,188637.89759999997,188637.89759999997
13044.0,2011-02-21 15:20:00,2011-02-21 15:20:00,33,560.47,1,0.0328515111695138,1004.52,16.983939393939394,204728.4816,204728.4816
13045.0,2011-09-01 15:04:00,2011-09-01 15:04:00,18,305.28000000000003,1,0.0328515111695138,547.92,16.96,111512.6784,111512.6784
13046.0,2011-03-18 15:43:00,2011-11-09 08:36:00,35,629.31,235,7.720105124835742,4.533617021276596,17.980285714285714,978.1887523404255,978.1887523404255
13047.0,2010-12-01 08:34:00,2011-11-08 12:06:00,172,3237.54,342,11.235216819973719,15.309005847953216,18.822906976744186,3457.9199157894736,3457.9199157894736
13048.0,2011-01-16 14:36:00,2011-11-25 13:23:00,136,1835.91,312,10.249671484888305,13.26871794871795,13.499338235294118,2149.4269384615386,2149.4269384615386
13049.0,2011-01-25 16:33:00,2011-10-06 15:31:00,14,656.6800000000001,253,8.31143232588699,1.684426877470356,46.90571428571429,948.1109501976287,948.1109501976287
13050.0,2010-12-08 09:30:00,2011-11-25 09:18:00,403,5836.86,351,11.530880420499342,34.949629629629634,14.483523573200992,6074.3254153846165,6074.3254153846165
13052.0,2011-05-11 14:12:00,2011-05-11 14:12:00,18,348.15000000000003,1,0.0328515111695138,547.92,19.34166666666667,127172.23199999999,127172.23199999999
13055.0,2011-05-10 08:58:00,2011-09-22 14:26:00,76,1214.41,135,4.434954007884363,17.136592592592592,15.979078947368421,3285.9235911111114,3285.9235911111114
13058.0,2011-07-11 12:01:00,2011-11-15 12:43:00,8,271.40000000000003,127,4.1721419185282524,1.9174803149606299,33.925000000000004,780.6062362204725,780.6062362204725
13059.0,2011-04-04 10:40:00,2011-04-04 10:40:00,8,183.4,1,0.0328515111695138,243.51999999999998,22.925,66992.352,66992.352
13060.0,2011-03-31 11:37:00,2011-03-31 11:37:00,15,307.53000000000003,1,0.0328515111695138,456.59999999999997,20.502000000000002,112334.55840000001,112334.55840000001
13061.0,2011-09-28 16:04:00,2011-09-28 16:04:00,10,248.61,1,0.0328515111695138,304.4,24.861,90812.2608,90812.2608
13062.0,2011-06-01 15:12:00,2011-06-01 15:12:00,11,346.98,1,0.0328515111695138,334.84,31.543636363636367,126744.85440000001,126744.85440000001
13064.0,2011-01-16 13:41:00,2011-11-27 12:31:00,69,1119.49,314,10.315374507227332,6.689044585987261,16.22449275362319,1302.3162649681528,1302.3162649681528
13065.0,2010-12-01 16:52:00,2010-12-01 16:52:00,14,205.86,1,0.0328515111695138,426.15999999999997,14.704285714285716,75196.54079999999,75196.54079999999
13066.0,2011-11-07 17:06:00,2011-11-15 12:57:00,48,470.8,7,0.22996057818659657,208.73142857142858,9.808333333333334,24567.689142857147,24567.689142857147
13067.0,2011-09-18 13:38:00,2011-09-18 13:38:00,15,115.46000000000001,1,0.0328515111695138,456.59999999999997,7.697333333333334,42175.2288,42175.2288
13068.0,2011-01-24 08:20:00,2011-11-29 15:00:00,2,344.0,309,10.151116951379763,0.19702265372168287,172.0,406.65475728155343,406.65475728155343
13069.0,2010-12-05 11:02:00,2011-12-09 08:39:00,425,4436.12,368,12.089356110381077,35.15489130434783,10.437929411764706,4403.331286956522,4403.331286956522
13070.0,2011-05-31 13:45:00,2011-05-31 13:45:00,9,228.8,1,0.0328515111695138,273.96,25.422222222222224,83576.06400000001,83576.06400000001
13072.0,2011-03-18 08:12:00,2011-03-18 08:12:00,7,177.15,1,0.0328515111695138,213.07999999999998,25.307142857142857,64709.352,64709.352
13075.0,2011-08-02 10:19:00,2011-08-02 10:19:00,22,919.61,1,0.0328515111695138,669.68,41.80045454545455,335915.1408,335915.1408
13077.0,2010-12-08 14:59:00,2011-12-08 19:24:00,112,729.27,365,11.990801576872535,9.340493150684933,6.5113392857142856,729.8294400000002,729.8294400000002
13078.0,2010-12-08 09:07:00,2011-12-06 15:36:00,358,12627.94,363,11.925098554533507,30.020716253443528,35.27357541899441,12707.255986776858,12707.255986776858
13079.0,2011-07-22 14:41:00,2011-12-05 16:53:00,6,220.10000000000002,136,4.467805519053877,1.3429411764705883,36.68333333333334,591.1627058823531,591.1627058823531
13080.0,2011-06-13 14:59:00,2011-06-13 14:59:00,6,58.08,1,0.0328515111695138,182.64,9.68,21215.462399999997,21215.462399999997
13081.0,2010-12-03 17:20:00,2011-11-28 10:54:00,1024,28337.38,359,11.793692509855452,86.82607242339834,27.67322265625,28833.086814484686,28833.086814484686
13082.0,2011-01-05 15:42:00,2011-08-05 16:16:00,73,3613.63,212,6.964520367936925,10.481698113207548,49.50178082191781,6226.352671698114,6226.352671698114
13083.0,2011-09-25 10:46:00,2011-12-05 15:01:00,18,303.75,71,2.3324572930354797,7.7171830985915495,16.875,1562.7295774647887,1562.7295774647887
13085.0,2011-02-17 13:57:00,2011-07-05 12:11:00,22,416.08,137,4.50065703022339,4.888175182481752,18.91272727272727,1109.3846890510947,1109.3846890510947
13089.0,2010-12-05 10:27:00,2011-12-07 09:02:00,1818,58825.83,366,12.02365308804205,151.20196721311476,32.35744224422442,58710.1070557377,58710.1070557377
13090.0,2010-12-02 07:48:00,2011-12-01 12:39:00,155,8910.82,364,11.957950065703022,12.962087912087913,57.48916129032258,8942.154751648352,8942.154751648352
13091.0,2011-11-11 15:54:00,2011-11-11 15:54:00,21,345.82,1,0.0328515111695138,639.24,16.467619047619046,126321.12959999999,126321.12959999999
13092.0,2010-12-15 12:27:00,2011-09-30 11:18:00,25,477.83,288,9.461235216819974,2.642361111111111,19.1132,606.0477166666667,606.0477166666667
13093.0,2010-12-01 15:00:00,2011-03-09 12:14:00,159,7832.47,97,3.1865965834428382,49.89649484536083,49.260817610062894,29495.305583505156,29495.305583505156
13094.0,2010-12-06 10:34:00,2011-11-18 14:07:00,24,1927.3200000000002,347,11.399474375821287,2.1053602305475505,80.305,2028.8514397694526,2028.8514397694526
13095.0,2011-09-30 12:03:00,2011-09-30 12:03:00,6,74.39999999999999,1,0.0328515111695138,182.64,12.399999999999999,27176.831999999995,27176.831999999995
13097.0,2010-12-14 15:13:00,2011-11-07 10:43:00,423,6010.42,327,10.74244415243101,39.37651376146789,14.209030732860521,6714.02513027523,6714.02513027523
13098.0,2011-01-26 13:46:00,2011-12-08 14:14:00,572,28882.44,316,10.38107752956636,55.10025316455696,50.49377622377622,33386.63823797468,33386.63823797468
13099.0,2011-09-01 17:40:00,2011-09-01 17:40:00,1,207.36,1,0.0328515111695138,30.439999999999998,207.36,75744.4608,75744.4608
13101.0,2011-04-19 14:37:00,2011-04-19 14:37:00,8,101.19,1,0.0328515111695138,243.51999999999998,12.64875,36962.6832,36962.6832
13102.0,2010-12-09 13:38:00,2011-12-08 12:52:00,304,6424.09,363,11.925098554533507,25.492451790633613,21.131875,6464.4396561983485,6464.4396561983485
13103.0,2011-10-31 09:38:00,2011-10-31 09:38:00,8,243.94,1,0.0328515111695138,243.51999999999998,30.4925,89106.4032,89106.4032
13104.0,2010-12-20 11:58:00,2011-12-06 13:10:00,20,1098.48,351,11.530880420499342,1.7344729344729346,54.924,1143.1702974358975,1143.1702974358975
13106.0,2011-07-29 15:12:00,2011-07-29 15:12:00,1,76.5,1,0.0328515111695138,30.439999999999998,76.5,27943.92,27943.92
13107.0,2011-01-10 12:28:00,2011-10-26 14:52:00,58,1531.6200000000001,289,9.494086727989487,6.109065743944637,26.407241379310346,1935.8828844290658,1935.8828844290658
13108.0,2010-12-02 10:35:00,2010-12-02 10:35:00,10,350.06,1,0.0328515111695138,304.4,35.006,127869.9168,127869.9168
13109.0,2011-07-05 14:56:00,2011-10-11 10:16:00,47,786.54,97,3.1865965834428382,14.749278350515464,16.734893617021275,2961.931249484536,2961.931249484536
13110.0,2011-02-01 15:24:00,2011-11-08 14:30:00,145,1488.67,279,9.165571616294349,15.820071684587814,10.266689655172414,1949.0371956989247,1949.0371956989247
13113.0,2010-12-08 13:21:00,2011-12-09 12:49:00,200,12245.960000000001,365,11.990801576872535,16.679452054794524,61.229800000000004,12255.354161095893,12255.354161095893
13115.0,2011-06-08 16:15:00,2011-11-28 12:38:00,120,2294.78,172,5.650459921156373,21.23720930232558,19.12316666666667,4873.472316279071,4873.472316279071
13116.0,2011-07-24 14:33:00,2011-07-24 14:33:00,30,501.14,1,0.0328515111695138,913.1999999999999,16.704666666666665,183056.41919999995,183056.41919999995
13117.0,2010-12-02 13:11:00,2011-11-18 12:02:00,76,984.91,350,11.498028909329829,6.609828571428571,12.959342105263158,1027.9083565714286,1027.9083565714286
13118.0,2011-02-24 12:32:00,2011-11-20 12:46:00,79,1197.81,269,8.83705650459921,8.939628252788104,15.162151898734177,1626.528017843866,1626.528017843866
13120.0,2011-04-15 10:19:00,2011-04-15 10:19:00,1,30.6,1,0.0328515111695138,30.439999999999998,30.6,11177.568,11177.568
13121.0,2011-03-15 16:47:00,2011-03-15 16:47:00,50,283.73,1,0.0328515111695138,1522.0,5.674600000000001,103640.8944,103640.8944
13122.0,2011-04-13 14:12:00,2011-09-06 15:53:00,55,922.39,146,4.7963206307490145,11.467123287671233,16.77072727272727,2307.7439671232873,2307.7439671232873
13124.0,2010-12-15 15:00:00,2011-09-11 12:45:00,235,3866.33,269,8.83705650459921,26.592565055762083,16.452468085106382,5250.159934572491,5250.159934572491
13126.0,2010-12-08 11:42:00,2011-12-05 10:00:00,140,2099.64,361,11.85939553219448,11.804986149584488,14.997428571428571,2124.5332387811636,2124.5332387811636
13127.0,2011-09-23 10:26:00,2011-09-23 10:26:00,15,259.17,1,0.0328515111695138,456.59999999999997,17.278000000000002,94669.61760000001,94669.61760000001
13130.0,2011-09-06 15:30:00,2011-09-06 15:30:00,2,64.0,1,0.0328515111695138,60.879999999999995,32.0,23377.92,23377.92
13131.0,2011-06-05 10:54:00,2011-11-16 13:21:00,44,1073.3,164,5.387647831800263,8.166829268292682,24.393181818181816,2390.579414634146,2390.579414634146
13132.0,2011-03-23 12:44:00,2011-03-23 12:44:00,3,77.3,1,0.0328515111695138,91.32,25.766666666666666,28236.143999999997,28236.143999999997
13133.0,2011-02-08 15:48:00,2011-03-11 10:31:00,7,109.8,30,0.9855453350854139,7.102666666666667,15.685714285714285,1336.9248,1336.9248
13134.0,2011-04-13 12:57:00,2011-09-15 10:35:00,98,1793.58,154,5.059132720105125,19.37090909090909,18.301836734693875,4254.2785870129865,4254.2785870129865
13135.0,2011-05-27 10:52:00,2011-05-27 10:52:00,1,3096.0,1,0.0328515111695138,30.439999999999998,3096.0,1130906.88,535875.9878400022
13136.0,2011-05-11 12:47:00,2011-10-14 13:41:00,127,2607.61,156,5.124835742444152,24.78128205128205,20.53236220472441,6105.8191076923085,6105.8191076923085
13137.0,2011-02-04 11:54:00,2011-11-29 12:09:00,704,3650.41,298,9.789750328515112,71.91194630872484,5.185241477272727,4474.5696805369125,4474.5696805369125
13138.0,2010-12-02 15:03:00,2011-11-17 16:51:00,63,962.39,350,11.498028909329829,5.4792000000000005,15.276031746031746,1004.4051977142858,1004.4051977142858
13139.0,2011-03-25 11:57:00,2011-11-23 13:54:00,170,5064.9400000000005,243,7.982917214191852,21.29547325102881,29.793764705882356,7613.6678320987685,7613.6678320987685
13140.0,2010-12-08 15:12:00,2011-08-23 15:33:00,46,423.72,258,8.47568988173456,5.427286821705426,9.211304347826088,599.9086883720931,599.9086883720931
13141.0,2011-01-28 13:04:00,2011-09-16 09:54:00,135,2388.75,230,7.555847568988173,17.86695652173913,17.694444444444443,3793.7504347826084,3793.7504347826084
13142.0,2011-11-20 16:07:00,2011-11-20 16:07:00,23,307.09000000000003,1,0.0328515111695138,700.12,13.351739130434783,112173.8352,112173.8352
13144.0,2011-01-11 11:15:00,2011-01-11 11:15:00,3,110.95,1,0.0328515111695138,91.32,36.983333333333334,40527.816,40527.816
13145.0,2010-12-02 18:06:00,2011-10-31 12:45:00,6,618.52,332,10.90670170827858,0.5501204819277109,103.08666666666666,680.5210409638555,680.5210409638555
13146.0,2011-11-13 15:29:00,2011-11-13 15:29:00,17,228.91,1,0.0328515111695138,517.48,13.465294117647058,83616.2448,83616.2448
13147.0,2011-09-01 12:28:00,2011-11-29 13:59:00,4,712.8,89,2.923784494086728,1.3680898876404495,178.2,2925.5234157303366,2925.5234157303366
13148.0,2010-12-10 13:06:00,2011-11-10 15:23:00,319,3707.12,335,11.005256241787121,28.986149253731345,11.621065830721003,4042.1993838805975,4042.1993838805975
13149.0,2011-02-23 13:57:00,2011-11-25 13:09:00,86,1676.06,274,9.00131406044678,9.554160583941606,19.48906976744186,2234.420426277372,2234.420426277372
13151.0,2011-02-17 12:29:00,2011-02-17 12:29:00,74,1257.8700000000001,1,0.0328515111695138,2252.56,16.998243243243245,459474.7536,459474.7536
13153.0,2011-12-04 12:14:00,2011-12-04 12:14:00,15,486.22,1,0.0328515111695138,456.59999999999997,32.41466666666667,177606.4416,177606.4416
13155.0,2010-12-06 12:44:00,2011-11-06 15:41:00,85,971.76,335,11.005256241787121,7.72358208955224,11.432470588235294,1059.5955008955225,1059.5955008955225
13157.0,2011-02-14 14:03:00,2011-10-21 13:50:00,87,1741.22,248,8.147174770039422,10.678548387096773,20.014022988505747,2564.6485548387095,2564.6485548387095
13158.0,2011-01-25 09:58:00,2011-09-06 11:58:00,79,1201.06,224,7.35873850197109,10.735535714285716,15.203291139240505,1958.5857,1958.5857
13159.0,2011-08-16 11:44:00,2011-12-01 11:20:00,121,1437.85,106,3.4822601839684624,34.74754716981132,11.883057851239668,4954.8853584905655,4954.8853584905655
13160.0,2011-11-17 13:07:00,2011-11-17 13:07:00,4,91.8,1,0.0328515111695138,121.75999999999999,22.95,33532.704,33532.704
13161.0,2011-01-30 14:03:00,2011-01-30 14:03:00,8,112.75,1,0.0328515111695138,243.51999999999998,14.09375,41185.31999999999,41185.31999999999
13162.0,2011-01-09 10:43:00,2011-08-09 15:59:00,79,1688.29,212,6.964520367936925,11.343207547169811,21.370759493670885,2908.955524528302,2908.955524528302
13165.0,2010-12-23 14:06:00,2011-10-24 15:05:00,42,1021.48,305,10.019710906701707,4.191737704918033,24.32095238095238,1223.3646373770493,1223.3646373770493
13166.0,2011-03-01 15:16:00,2011-03-01 15:16:00,41,417.2,1,0.0328515111695138,1248.04,10.175609756097561,152394.816,152394.816
13167.0,2011-07-19 12:13:00,2011-11-21 12:24:00,65,791.33,125,4.106438896189225,15.8288,12.174307692307693,2312.4561792,2312.4561792
13168.0,2011-01-25 13:55:00,2011-11-03 12:56:00,131,1319.19,281,9.231274638633376,14.190889679715303,10.070152671755725,1714.8531074733096,1714.8531074733096
13169.0,2011-04-01 14:24:00,2011-10-07 12:11:00,13,712.88,188,6.176084099868594,2.104893617021277,54.83692307692308,1385.1106723404257,1385.1106723404257
13170.0,2011-11-13 12:19:00,2011-11-13 12:19:00,32,116.00999999999999,1,0.0328515111695138,974.0799999999999,3.6253124999999997,42376.13279999999,42376.13279999999
13171.0,2011-02-13 14:16:00,2011-11-18 10:27:00,46,468.41,277,9.099868593955321,5.055018050541516,10.182826086956522,617.6924361010831,617.6924361010831
13173.0,2010-12-07 14:30:00,2011-12-05 15:51:00,43,353.65000000000003,363,11.925098554533507,3.605840220385675,8.224418604651163,355.87127272727275,355.87127272727275
13174.0,2010-12-05 16:24:00,2011-11-23 14:35:00,314,2817.03,352,11.563731931668856,27.15386363636364,8.971433121019109,2923.308859090909,2923.308859090909
13176.0,2011-10-24 15:43:00,2011-10-24 15:43:00,72,492.84,1,0.0328515111695138,2191.68,6.845,180024.59519999998,180024.59519999998
13177.0,2011-10-06 09:56:00,2011-10-06 09:56:00,17,282.45,1,0.0328515111695138,517.48,16.61470588235294,103173.33600000001,103173.33600000001
13178.0,2010-12-14 12:22:00,2011-11-13 16:14:00,265,5725.47,334,10.972404730617608,24.151497005988023,21.60554716981132,6261.675693413173,6261.675693413173
13182.0,2011-10-25 13:46:00,2011-10-25 13:46:00,11,121.18,1,0.0328515111695138,334.84,11.016363636363637,44264.6304,44264.6304
13183.0,2011-01-09 10:50:00,2011-12-02 10:30:00,94,3957.78,326,10.709592641261498,8.77717791411043,42.10404255319149,4434.656068711656,4434.656068711656
13184.0,2011-02-22 17:25:00,2011-11-25 12:02:00,181,1701.29,275,9.034165571616294,20.035054545454546,9.39939226519337,2259.808040727273,2259.808040727273
13185.0,2011-03-17 11:56:00,2011-03-17 11:56:00,1,71.4,1,0.0328515111695138,30.439999999999998,71.4,26080.992000000002,26080.992000000002
13186.0,2011-08-03 09:09:00,2011-10-31 11:40:00,79,1575.89,89,2.923784494086728,27.019775280898877,19.947974683544306,6467.877519101125,6467.877519101125
13187.0,2011-01-06 18:57:00,2011-01-06 18:57:00,37,236.02,1,0.0328515111695138,1126.28,6.378918918918919,86213.38560000001,86213.38560000001
13188.0,2011-11-28 15:28:00,2011-11-28 15:28:00,2,114.6,1,0.0328515111695138,60.879999999999995,57.3,41861.087999999996,41861.087999999996
13189.0,2011-08-16 13:12:00,2011-11-21 10:39:00,29,260.68,96,3.1537450722733245,9.195416666666667,8.988965517241379,991.8873999999998,991.8873999999998
13192.0,2011-05-18 14:57:00,2011-09-05 14:13:00,63,911.94,109,3.5808147174770038,17.59376146788991,14.475238095238096,3056.086634862386,3056.086634862386
13193.0,2011-10-09 14:30:00,2011-10-09 14:30:00,29,117.88,1,0.0328515111695138,882.76,4.0648275862068965,43059.206399999995,43059.206399999995
13194.0,2011-07-27 09:01:00,2011-07-27 09:01:00,3,60.7,1,0.0328515111695138,91.32,20.233333333333334,22172.496,22172.496
13196.0,2011-03-22 14:24:00,2011-11-28 13:54:00,110,1797.78,250,8.21287779237845,13.3936,16.343454545454545,2626.7723136,2626.7723136
13198.0,2010-12-13 09:29:00,2011-11-29 15:17:00,226,3401.2400000000002,351,11.530880420499342,19.599544159544163,15.049734513274338,3539.615234188035,3539.615234188035
13199.0,2010-12-08 10:51:00,2011-12-06 12:30:00,119,9817.12,363,11.925098554533507,9.978953168044079,82.49680672268909,9878.78124958678,9878.78124958678
13200.0,2011-08-05 14:50:00,2011-11-20 15:35:00,46,870.09,107,3.515111695137976,13.086355140186917,18.915,2970.3408897196264,2970.3408897196264
13203.0,2011-04-11 14:40:00,2011-11-30 10:45:00,57,869.46,232,7.621550591327201,7.478793103448276,15.253684210526316,1368.949779310345,1368.949779310345
13207.0,2011-07-12 11:35:00,2011-11-24 14:52:00,8,250.26000000000002,135,4.434954007884363,1.8038518518518518,31.282500000000002,677.1479466666667,677.1479466666667
13208.0,2011-02-03 19:32:00,2011-10-12 09:54:00,149,1223.9,250,8.21287779237845,18.14224,8.214093959731544,1788.2647680000005,1788.2647680000005
13209.0,2010-12-13 10:31:00,2011-11-09 13:54:00,321,5891.61,331,10.873850197109066,29.520362537764353,18.35392523364486,6501.77432265861,6501.77432265861
13210.0,2011-09-07 08:18:00,2011-09-07 08:18:00,22,353.48,1,0.0328515111695138,669.68,16.067272727272726,129119.17439999999,129119.17439999999
13211.0,2010-12-13 16:17:00,2011-11-29 14:43:00,56,1197.42,350,11.498028909329829,4.8704,21.3825,1249.695936,1249.695936
13212.0,2011-10-09 14:48:00,2011-11-20 12:40:00,142,788.08,41,1.3469119579500657,105.42634146341463,5.549859154929578,7021.216156097562,7021.216156097562
13213.0,2011-05-24 12:22:00,2011-10-14 11:42:00,90,1520.58,142,4.664914586070959,19.292957746478873,16.895333333333333,3911.531425352113,3911.531425352113
13216.0,2011-03-17 12:18:00,2011-03-17 12:18:00,5,333.74,1,0.0328515111695138,152.2,66.748,121908.5472,121908.5472
13217.0,2011-07-06 12:08:00,2011-08-09 15:32:00,4,533.98,34,1.1169513797634691,3.581176470588235,133.495,5736.829835294117,5736.829835294117
13218.0,2011-08-04 16:59:00,2011-08-04 16:59:00,5,62.64,1,0.0328515111695138,152.2,12.528,22881.139199999998,22881.139199999998
13220.0,2011-04-17 10:59:00,2011-09-22 13:38:00,21,819.2900000000001,158,5.19053876478318,4.0458227848101265,39.01380952380953,1894.1155139240507,1894.1155139240507
13221.0,2010-12-15 13:24:00,2011-04-13 16:58:00,66,847.41,119,3.9093298291721417,16.882689075630253,12.839545454545455,2601.1926453781516,2601.1926453781516
13223.0,2011-04-21 15:16:00,2011-05-23 13:03:00,5,163.2,31,1.0183968462549278,4.909677419354838,32.64,1923.022451612903,1923.022451612903
13224.0,2011-07-11 14:10:00,2011-10-10 14:55:00,108,2155.95,91,2.9894875164257555,36.12659340659341,19.9625,8654.12545054945,8654.12545054945
13225.0,2010-12-13 09:49:00,2011-12-06 13:29:00,32,6463.84,358,11.76084099868594,2.7208938547486032,201.995,6595.2834502793285,6595.2834502793285
13226.0,2011-03-11 14:35:00,2011-03-11 14:35:00,16,108.21000000000001,1,0.0328515111695138,487.03999999999996,6.7631250000000005,39526.9488,39526.9488
13227.0,2011-05-22 11:47:00,2011-05-22 11:47:00,9,257.7,1,0.0328515111695138,273.96,28.633333333333333,94132.65599999999,94132.65599999999
13228.0,2011-09-19 14:28:00,2011-09-19 14:28:00,2,358.0,1,0.0328515111695138,60.879999999999995,179.0,130770.23999999999,130770.23999999999
13229.0,2011-04-28 12:07:00,2011-04-28 12:07:00,10,160.95,1,0.0328515111695138,304.4,16.095,58791.81599999999,58791.81599999999
13230.0,2010-12-09 19:28:00,2011-12-05 16:03:00,611,2806.97,360,11.826544021024967,51.663444444444444,4.5940589198036,2848.138893333333,2848.138893333333
13232.0,2011-04-10 13:48:00,2011-11-27 10:39:00,207,1357.6,230,7.555847568988173,27.396,6.558454106280193,2156.104904347826,2156.104904347826
13233.0,2011-01-07 14:49:00,2011-09-26 13:25:00,43,605.12,261,8.5742444152431,5.015019157088123,14.072558139534884,846.8897839080461,846.8897839080461
13235.0,2011-05-11 17:13:00,2011-05-11 17:13:00,58,1031.07,1,0.0328515111695138,1765.52,17.77706896551724,376629.2496,376629.2496
13236.0,2011-08-25 08:58:00,2011-11-15 12:50:00,36,744.85,82,2.6938239159001314,13.36390243902439,20.69027777777778,3318.034243902439,3318.034243902439
13238.0,2010-12-14 14:37:00,2011-11-22 15:37:00,31,700.73,343,11.268068331143231,2.7511370262390673,22.604193548387098,746.2468058309039,746.2468058309039
13239.0,2011-03-23 10:25:00,2011-03-23 10:25:00,21,329.56,1,0.0328515111695138,639.24,15.693333333333333,120381.67679999999,120381.67679999999
13240.0,2010-12-09 12:49:00,2011-09-04 14:08:00,67,663.65,269,8.83705650459921,7.581710037174722,9.905223880597015,901.1824237918217,901.1824237918217
13242.0,2011-05-10 12:26:00,2011-08-19 12:53:00,13,270.40000000000003,101,3.3180026281208934,3.9180198019801984,20.800000000000004,977.9377425742578,977.9377425742578
13243.0,2011-05-20 13:14:00,2011-05-20 13:14:00,58,600.07,1,0.0328515111695138,1765.52,10.346034482758622,219193.56960000005,219193.56960000005
13244.0,2011-09-08 11:46:00,2011-09-08 11:46:00,27,121.74000000000001,1,0.0328515111695138,821.88,4.508888888888889,44469.1872,44469.1872
13245.0,2011-10-20 11:40:00,2011-10-20 11:40:00,16,430.5,1,0.0328515111695138,487.03999999999996,26.90625,157253.03999999998,157253.03999999998
13246.0,2011-01-13 13:36:00,2011-11-21 16:50:00,141,1987.3,312,10.249671484888305,13.756538461538462,14.094326241134752,2326.6696923076925,2326.6696923076925
13247.0,2011-09-18 11:31:00,2011-11-22 10:59:00,25,501.12,64,2.102496714848883,11.890625,20.0448,2860.1423999999997,2860.1423999999997
13248.0,2011-06-03 13:05:00,2011-08-07 12:40:00,26,465.68,64,2.102496714848883,12.366249999999999,17.91076923076923,2657.8686,2657.8686
13249.0,2011-03-23 15:26:00,2011-09-08 13:26:00,23,711.41,168,5.519053876478318,4.167380952380952,30.93086956521739,1546.8085999999998,1546.8085999999998
13253.0,2011-01-04 15:43:00,2011-07-06 10:09:00,36,1030.4,182,5.978975032851511,6.021098901098902,28.622222222222224,2068.0467692307693,2068.0467692307693
13255.0,2010-12-01 11:58:00,2011-11-30 13:14:00,13,399.51,364,11.957950065703022,1.0871428571428572,30.73153846153846,400.9148703296703,400.9148703296703
13258.0,2011-05-18 13:11:00,2011-11-28 09:31:00,38,698.5799999999999,193,6.340341655716163,5.993367875647668,18.383684210526315,1322.1621886010362,1322.1621886010362
13259.0,2011-10-09 10:48:00,2011-10-09 10:48:00,87,292.32,1,0.0328515111695138,2648.2799999999997,3.36,106778.64959999999,106778.64959999999
13260.0,2011-10-09 13:21:00,2011-10-09 13:21:00,8,557.62,1,0.0328515111695138,243.51999999999998,69.7025,203687.4336,203687.4336
13261.0,2011-02-27 10:41:00,2011-03-16 12:22:00,9,944.1,17,0.5584756898817346,16.115294117647057,104.9,20285.932235294116,20285.932235294116
13262.0,2011-03-21 15:06:00,2011-03-21 15:06:00,11,200.29,1,0.0328515111695138,334.84,18.208181818181817,73161.93119999999,73161.93119999999
13263.0,2011-01-18 16:31:00,2011-12-08 13:59:00,1677,7454.07,323,10.611038107752956,158.04297213622291,4.444883720930233,8429.791608668733,8429.791608668733
13265.0,2011-03-11 09:54:00,2011-10-17 15:02:00,91,2107.66,220,7.227332457293035,12.59109090909091,23.1610989010989,3499.4820218181817,3499.4820218181817
13266.0,2011-03-28 10:14:00,2011-11-28 14:39:00,187,3834.2599999999998,245,8.04862023653088,23.23379591836735,20.504064171122995,5716.646909387756,5716.646909387756
13267.0,2010-12-08 09:20:00,2011-12-07 11:12:00,211,4521.49,364,11.957950065703022,17.645164835164834,21.428862559241704,4537.389745054945,4537.389745054945
13268.0,2011-03-17 13:20:00,2011-11-22 11:51:00,440,3214.69,249,8.180026281208935,53.78955823293173,7.306113636363636,4715.911498795181,4715.911498795181
13269.0,2010-12-05 11:51:00,2011-12-08 14:53:00,316,5346.2300000000005,368,12.089356110381077,26.138695652173915,16.91844936708861,5306.7143869565225,5306.7143869565225
13270.0,2010-12-08 14:53:00,2010-12-08 14:53:00,1,590.0,1,0.0328515111695138,30.439999999999998,590.0,215515.19999999998,215515.19999999998
13271.0,2011-11-02 14:31:00,2011-11-02 14:31:00,96,217.38,1,0.0328515111695138,2922.24,2.264375,79404.56639999998,79404.56639999998
13272.0,2011-09-11 12:06:00,2011-11-08 14:00:00,15,276.56,58,1.9053876478318001,7.872413793103449,18.437333333333335,1741.755806896552,1741.755806896552
13273.0,2011-08-18 14:02:00,2011-08-18 14:02:00,16,138.98,1,0.0328515111695138,487.03999999999996,8.68625,50766.61439999999,50766.61439999999
13276.0,2011-09-01 10:03:00,2011-10-07 12:44:00,30,590.9300000000001,36,1.1826544021024967,25.366666666666667,19.69766666666667,5995.969733333335,5995.969733333335
13277.0,2011-07-29 10:06:00,2011-11-24 09:21:00,8,258.4,117,3.843626806833114,2.0813675213675213,32.3,806.7380512820512,806.7380512820512
13278.0,2011-10-30 11:49:00,2011-10-30 11:49:00,46,542.73,1,0.0328515111695138,1400.24,11.798478260869565,198248.4144,198248.4144
13279.0,2011-09-22 17:24:00,2011-09-22 17:24:00,9,137.75,1,0.0328515111695138,273.96,15.305555555555555,50317.31999999999,50317.31999999999
13280.0,2011-01-06 17:10:00,2011-08-09 13:14:00,85,814.86,214,7.030223390275952,12.090654205607477,9.586588235294117,1390.8974803738317,1390.8974803738317
13282.0,2011-05-03 12:03:00,2011-11-21 15:33:00,37,1132.14,202,6.636005256241787,5.575643564356436,30.59837837837838,2047.2678178217825,2047.2678178217825
13283.0,2011-06-07 12:39:00,2011-10-11 09:50:00,7,93.66,125,4.106438896189225,1.70464,13.379999999999999,273.6969984,273.6969984
13284.0,2011-01-13 09:23:00,2011-01-13 09:23:00,13,201.19,1,0.0328515111695138,395.71999999999997,15.476153846153846,73490.6832,73490.6832
13285.0,2011-02-22 17:13:00,2011-11-16 13:19:00,187,2709.12,266,8.73850197109067,21.39954887218045,14.487272727272726,3720.253209022556,3720.253209022556
13291.0,2011-07-07 10:36:00,2011-07-07 10:36:00,42,361.11,1,0.0328515111695138,1278.48,8.597857142857142,131906.2608,131906.2608
13292.0,2011-02-28 15:00:00,2011-11-01 10:04:00,31,578.94,245,8.04862023653088,3.851591836734694,18.675483870967742,863.1640946938776,863.1640946938776
13294.0,2011-04-04 12:37:00,2011-06-03 08:54:00,54,873.74,59,1.938239159001314,27.86033898305085,16.18037037037037,5409.487240677966,5409.487240677966
13295.0,2010-12-15 11:21:00,2010-12-15 11:21:00,10,201.20000000000002,1,0.0328515111695138,304.4,20.12,73494.33600000001,73494.33600000001
13296.0,2011-07-25 13:46:00,2011-07-25 13:46:00,5,87.4,1,0.0328515111695138,152.2,17.48,31925.471999999994,31925.471999999994
13297.0,2011-10-03 15:08:00,2011-12-02 09:32:00,59,2089.85,59,1.938239159001314,30.44,35.421186440677964,12938.650983050848,12938.650983050848
13298.0,2011-12-08 13:11:00,2011-12-08 13:11:00,2,360.0,1,0.0328515111695138,60.879999999999995,180.0,131500.8,131500.8
13299.0,2011-03-16 12:55:00,2011-03-16 12:55:00,5,142.5,1,0.0328515111695138,152.2,28.5,52052.399999999994,52052.399999999994
13300.0,2011-06-23 13:09:00,2011-06-23 13:09:00,20,371.89,1,0.0328515111695138,608.8,18.5945,135843.9792,135843.9792
13301.0,2011-02-20 13:13:00,2011-08-28 11:25:00,81,618.09,188,6.176084099868594,13.115106382978723,7.630740740740741,1200.9357191489362,1200.9357191489362
13302.0,2011-07-07 17:56:00,2011-07-07 17:56:00,1,63.75,1,0.0328515111695138,30.439999999999998,63.75,23286.6,23286.6
13304.0,2010-12-23 14:35:00,2010-12-23 14:35:00,21,300.42,1,0.0328515111695138,639.24,14.305714285714286,109737.41759999999,109737.41759999999
13305.0,2010-12-02 12:10:00,2011-12-05 15:15:00,81,2000.86,368,12.089356110381077,6.700108695652174,24.701975308641973,1986.0710347826089,1986.0710347826089
13307.0,2011-08-11 17:14:00,2011-08-11 17:14:00,1,15.0,1,0.0328515111695138,30.439999999999998,15.0,5479.2,5479.2
13308.0,2011-05-20 13:13:00,2011-11-17 09:31:00,54,1385.51,180,5.913272010512483,9.132,25.657592592592593,2811.6616266666665,2811.6616266666665
13309.0,2011-02-04 12:29:00,2011-12-02 16:34:00,107,1456.79,301,9.888304862023652,10.820863787375416,13.614859813084111,1767.894522259136,1767.894522259136
13310.0,2011-01-19 14:50:00,2011-11-11 17:23:00,72,1132.03,296,9.724047306176084,7.404324324324325,15.722638888888888,1396.9862108108107,1396.9862108108107
13311.0,2011-07-12 14:26:00,2011-12-05 12:55:00,26,598.57,145,4.763469119579501,5.458206896551724,23.02192307692308,1507.9010317241382,1507.9010317241382
13313.0,2011-01-04 10:00:00,2011-11-17 16:48:00,78,1555.3200000000002,317,10.413929040735873,7.489968454258676,19.94,1792.1996517350162,1792.1996517350162
13314.0,2011-09-27 10:20:00,2011-12-08 12:29:00,62,775.94,72,2.3653088042049935,26.212222222222223,12.515161290322581,3936.6022666666668,3936.6022666666668
13316.0,2011-03-30 13:01:00,2011-11-02 13:40:00,87,5977.73,217,7.128777923784494,12.20405529953917,68.70954022988505,10062.420342857142,10062.420342857142
13317.0,2010-12-16 09:22:00,2011-10-04 13:35:00,124,2273.68,292,9.592641261498029,12.926575342465753,18.336129032258064,2844.2802410958902,2844.2802410958902
13318.0,2011-11-02 13:26:00,2011-12-08 18:51:00,20,640.76,36,1.1826544021024967,16.91111111111111,32.038,6501.5781333333325,6501.5781333333325
13319.0,2010-12-09 10:04:00,2011-12-04 13:34:00,476,10845.550000000001,360,11.826544021024967,40.248444444444445,22.784768907563027,11004.618066666668,11004.618066666668
13320.0,2011-05-10 10:29:00,2011-09-22 18:07:00,106,1548.7,135,4.434954007884363,23.901037037037035,14.610377358490567,4190.438044444444,4190.438044444444
13321.0,2011-09-14 15:18:00,2011-09-28 15:24:00,11,567.36,14,0.45992115637319314,23.91714285714286,51.57818181818182,14803.232914285716,14803.232914285716
13322.0,2011-11-22 14:21:00,2011-11-22 14:21:00,25,199.48000000000002,1,0.0328515111695138,761.0,7.9792000000000005,72866.05440000001,72866.05440000001
13323.0,2011-09-16 13:23:00,2011-12-06 17:12:00,21,787.85,81,2.6609724047306176,7.891851851851852,37.516666666666666,3552.911703703704,3552.911703703704
13324.0,2010-12-14 09:50:00,2011-11-03 16:28:00,75,7121.95,324,10.64388961892247,7.046296296296297,94.95933333333333,8029.339185185187,8029.339185185187
13325.0,2011-09-19 10:36:00,2011-09-19 10:36:00,12,675.3,1,0.0328515111695138,365.28,56.275,246673.58399999997,246673.58399999997
13327.0,2010-12-09 15:32:00,2011-11-01 10:21:00,108,3627.77,326,10.709592641261498,10.08441717791411,33.59046296296296,4064.8829006134965,4064.8829006134965
13328.0,2011-01-27 15:22:00,2011-01-27 15:22:00,17,1308.48,1,0.0328515111695138,517.48,76.96941176470588,477961.57440000004,477961.57440000004
13329.0,2010-12-08 10:11:00,2011-11-08 10:29:00,17,789.0,335,11.005256241787121,1.544716417910448,46.411764705882355,860.3161791044778,860.3161791044778
13330.0,2011-01-28 10:08:00,2011-09-08 12:27:00,53,1140.93,223,7.3258869908015765,7.234618834080718,21.526981132075473,1868.8740376681617,1868.8740376681617
13332.0,2011-11-25 13:30:00,2011-11-25 13:30:00,21,350.90000000000003,1,0.0328515111695138,639.24,16.709523809523812,128176.75200000004,128176.75200000004
13334.0,2011-02-07 11:42:00,2011-09-18 15:21:00,268,3536.82,223,7.3258869908015765,36.58260089686099,13.197089552238806,5793.406321076233,5793.406321076233
13336.0,2011-09-23 14:05:00,2011-09-23 14:05:00,51,795.12,1,0.0328515111695138,1552.44,15.590588235294117,290441.4336,290441.4336
13338.0,2011-07-05 09:06:00,2011-07-05 09:06:00,19,487.02,1,0.0328515111695138,578.36,25.632631578947368,177898.6656,177898.6656
13339.0,2011-05-23 08:31:00,2011-05-23 08:31:00,54,860.12,1,0.0328515111695138,1643.76,15.928148148148148,314184.6336,314184.6336
13340.0,2011-03-08 11:39:00,2011-10-25 13:15:00,134,10736.48,231,7.588699080157687,17.6578354978355,80.12298507462687,16977.581880519483,16977.581880519483
13341.0,2011-03-24 09:50:00,2011-03-24 09:50:00,42,775.85,1,0.0328515111695138,1278.48,18.472619047619048,283402.488,283402.488
13343.0,2011-06-15 12:24:00,2011-06-15 12:24:00,19,353.43,1,0.0328515111695138,578.36,18.60157894736842,129100.9104,129100.9104
13344.0,2011-03-07 10:28:00,2011-10-03 09:45:00,119,2543.7200000000003,209,6.865965834428383,17.331866028708134,21.375798319327732,4445.789672727273,4445.789672727273
13345.0,2011-02-25 09:01:00,2011-02-25 09:01:00,20,389.5,1,0.0328515111695138,608.8,19.475,142276.56,142276.56
13347.0,2011-09-30 13:28:00,2011-09-30 13:28:00,8,341.36,1,0.0328515111695138,243.51999999999998,42.67,124691.9808,124691.9808
13348.0,2011-10-06 17:28:00,2011-10-06 17:28:00,14,233.76000000000002,1,0.0328515111695138,426.15999999999997,16.697142857142858,85387.8528,85387.8528
13349.0,2011-11-29 08:07:00,2011-11-29 08:07:00,16,247.32,1,0.0328515111695138,487.03999999999996,15.4575,90341.04959999998,90341.04959999998
13350.0,2011-09-21 13:33:00,2011-11-23 16:33:00,40,979.12,63,2.0696452036793693,19.326984126984126,24.478,5677.03100952381,5677.03100952381
13351.0,2011-10-04 12:55:00,2011-10-04 12:55:00,16,373.94,1,0.0328515111695138,487.03999999999996,23.37125,136592.8032,136592.8032
13352.0,2011-10-10 13:55:00,2011-10-10 13:55:00,24,397.98,1,0.0328515111695138,730.56,16.5825,145374.13439999998,145374.13439999998
13354.0,2011-09-29 13:17:00,2011-09-29 13:17:00,51,743.53,1,0.0328515111695138,1552.44,14.579019607843136,271596.6384,271596.6384
13355.0,2011-08-09 14:48:00,2011-08-09 14:48:00,32,674.7,1,0.0328515111695138,974.0799999999999,21.084375,246454.41599999997,246454.41599999997
13356.0,2011-09-20 14:33:00,2011-09-20 14:33:00,42,768.24,1,0.0328515111695138,1278.48,18.291428571428572,280622.7072,280622.7072
13357.0,2011-03-27 13:56:00,2011-03-27 13:56:00,90,609.95,1,0.0328515111695138,2739.6,6.777222222222223,222802.53600000002,222802.53600000002
13358.0,2011-03-16 11:52:00,2011-03-16 11:52:00,29,439.03000000000003,1,0.0328515111695138,882.76,15.138965517241381,160368.87840000002,160368.87840000002
13359.0,2011-10-07 09:30:00,2011-10-07 09:30:00,23,439.56,1,0.0328515111695138,700.12,19.11130434782609,160562.4768,160562.4768
13362.0,2011-02-25 11:33:00,2011-11-30 14:41:00,166,3090.7400000000002,278,9.132720105124836,18.176402877697843,18.618915662650604,4061.0989467625905,4061.0989467625905
13363.0,2011-10-27 10:46:00,2011-11-22 12:40:00,60,992.5,26,0.8541392904073587,70.24615384615385,16.541666666666668,13943.86153846154,13943.86153846154
13364.0,2011-09-29 18:13:00,2011-09-29 18:13:00,10,134.96,1,0.0328515111695138,304.4,13.496,49298.188799999996,49298.188799999996
13365.0,2011-05-06 12:00:00,2011-11-06 12:36:00,128,2225.37,184,6.044678055190539,21.175652173913043,17.385703125,4417.843226086957,4417.843226086957
13366.0,2011-10-20 13:37:00,2011-10-20 13:37:00,1,56.16,1,0.0328515111695138,30.439999999999998,56.16,20514.124799999998,20514.124799999998
13368.0,2011-01-06 12:32:00,2011-03-28 09:59:00,29,623.4,80,2.628120893561104,11.0345,21.49655172413793,2846.4443999999994,2846.4443999999994
13369.0,2010-12-09 11:30:00,2010-12-09 11:30:00,14,308.28000000000003,1,0.0328515111695138,426.15999999999997,22.020000000000003,112608.5184,112608.5184
13370.0,2010-12-03 10:26:00,2010-12-03 10:26:00,39,754.87,1,0.0328515111695138,1187.1599999999999,19.355641025641027,275738.91359999997,275738.91359999997
13372.0,2011-09-11 12:46:00,2011-09-11 12:46:00,23,378.64,1,0.0328515111695138,700.12,16.46260869565217,138309.6192,138309.6192
13373.0,2011-03-08 14:35:00,2011-10-10 10:51:00,158,3312.25,215,7.063074901445466,22.36986046511628,20.963607594936708,5627.4357209302325,5627.4357209302325
13375.0,2011-09-12 10:19:00,2011-09-12 10:19:00,37,778.65,1,0.0328515111695138,1126.28,21.044594594594592,284425.27199999994,284425.27199999994
13376.0,2011-04-19 13:03:00,2011-09-01 16:16:00,53,1019.76,135,4.434954007884363,11.950518518518518,19.240754716981133,2759.2439466666665,2759.2439466666665
13379.0,2011-07-26 12:26:00,2011-11-13 13:45:00,97,572.56,110,3.6136662286465175,26.842545454545455,5.902680412371134,1901.315607272727,1901.315607272727
13381.0,2011-02-14 10:10:00,2011-11-08 11:58:00,172,3639.31,267,8.771353482260183,19.60928838951311,21.15877906976744,4978.903208988764,4978.903208988764
13382.0,2011-03-04 10:03:00,2011-03-04 10:03:00,15,222.99,1,0.0328515111695138,456.59999999999997,14.866000000000001,81453.78719999999,81453.78719999999
13384.0,2011-06-14 12:47:00,2011-11-09 11:04:00,152,4151.93,147,4.829172141918528,31.475374149659864,27.315328947368425,10317.122383673472,10317.122383673472
13385.0,2011-01-14 09:52:00,2011-01-14 09:52:00,35,534.57,1,0.0328515111695138,1065.3999999999999,15.273428571428573,195267.7296,195267.7296
13388.0,2011-07-31 12:52:00,2011-07-31 12:52:00,35,677.1,1,0.0328515111695138,1065.3999999999999,19.345714285714287,247331.088,247331.088
13389.0,2011-04-21 12:12:00,2011-11-28 14:01:00,51,797.96,221,7.260183968462549,7.024615384615385,15.646274509803922,1318.90872760181,1318.90872760181
13390.0,2011-09-26 08:38:00,2011-09-26 08:38:00,13,544.08,1,0.0328515111695138,395.71999999999997,41.8523076923077,198741.5424,198741.5424
13391.0,2011-05-20 10:50:00,2011-05-20 10:50:00,1,59.8,1,0.0328515111695138,30.439999999999998,59.8,21843.743999999995,21843.743999999995
13394.0,2011-02-03 10:39:00,2011-12-08 11:36:00,155,2520.02,308,10.11826544021025,15.318831168831169,16.258193548387098,2988.6782649350653,2988.6782649350653
13395.0,2011-06-07 15:04:00,2011-06-07 15:04:00,21,307.72,1,0.0328515111695138,639.24,14.653333333333334,112403.96160000001,112403.96160000001
13396.0,2011-01-24 13:37:00,2011-11-10 16:59:00,43,1360.99,290,9.526938239159001,4.5135172413793105,31.65093023255814,1714.284231724138,1714.284231724138
13397.0,2011-01-04 13:50:00,2011-09-28 10:56:00,38,1544.13,266,8.73850197109067,4.348571428571429,40.635000000000005,2120.4504000000006,2120.4504000000006
13398.0,2011-05-31 13:17:00,2011-05-31 13:17:00,26,457.34000000000003,1,0.0328515111695138,791.4399999999999,17.59,167057.15519999998,167057.15519999998
13402.0,2010-12-02 17:12:00,2011-08-04 15:51:00,39,621.23,244,8.015768725361367,4.865409836065574,15.92897435897436,930.011862295082,930.011862295082
13403.0,2011-11-22 08:28:00,2011-11-22 08:28:00,3,75.0,1,0.0328515111695138,91.32,25.0,27396.0,27396.0
13404.0,2011-05-11 11:57:00,2011-12-08 15:37:00,11,252.49,211,6.931668856767411,1.5869194312796209,22.953636363636363,437.10685876777256,437.10685876777256
13405.0,2011-01-26 09:27:00,2011-09-26 17:01:00,27,572.451,243,7.982917214191852,3.3822222222222225,21.201888888888888,860.513997037037,860.513997037037
13408.0,2010-12-01 10:39:00,2011-12-08 09:05:00,478,28117.04,371,12.187910643889618,39.219191374663076,58.82225941422595,27683.53738867925,27683.53738867925
13410.0,2011-02-21 14:38:00,2011-11-15 15:33:00,28,1003.06,267,8.771353482260183,3.1922097378277154,35.82357142857143,1372.2762426966292,1372.2762426966292
13411.0,2011-08-24 13:57:00,2011-08-24 13:57:00,18,213.55,1,0.0328515111695138,547.92,11.863888888888889,78005.544,78005.544
13414.0,2011-02-16 12:13:00,2011-07-29 11:45:00,24,1390.5,162,5.321944809461235,4.50962962962963,57.9375,3135.3199999999997,3135.3199999999997
13416.0,2011-09-19 14:43:00,2011-10-27 08:56:00,19,712.5,37,1.2155059132720105,15.631351351351352,37.5,7034.108108108108,7034.108108108108
13417.0,2011-05-18 16:26:00,2011-12-05 08:49:00,28,640.83,200,6.570302233902759,4.2616000000000005,22.886785714285715,1170.411912,1170.411912
13418.0,2010-12-02 10:45:00,2011-11-28 10:23:00,304,6127.43,360,11.826544021024967,25.70488888888889,20.156019736842108,6217.298973333334,6217.298973333334
13419.0,2011-10-07 12:49:00,2011-10-07 12:49:00,16,221.06,1,0.0328515111695138,487.03999999999996,13.81625,80748.7968,80748.7968
13420.0,2011-06-22 11:35:00,2011-07-13 08:48:00,8,159.85,20,0.657030223390276,12.176,19.98125,2919.5004,2919.5004
13421.0,2011-02-22 15:46:00,2011-10-30 14:21:00,104,1851.08,249,8.180026281208935,12.713895582329318,17.798846153846153,2715.5120578313254,2715.5120578313254
13422.0,2011-10-06 13:42:00,2011-10-06 13:42:00,127,2626.3,1,0.0328515111695138,3865.8799999999997,20.67952755905512,959334.8640000001,535875.9878400022
13425.0,2011-02-18 08:34:00,2011-08-23 17:13:00,78,1624.21,186,6.110381077529566,12.765161290322581,20.823205128205128,3189.738864516129,3189.738864516129
13426.0,2010-12-15 12:43:00,2011-12-09 08:59:00,157,3641.32,358,11.76084099868594,13.349385474860336,23.193121019108283,3715.3669541899444,3715.3669541899444
13427.0,2011-05-08 15:58:00,2011-11-20 13:02:00,29,582.6,195,6.40604467805519,4.526974358974359,20.089655172413792,1091.3442461538461,1091.3442461538461
13428.0,2011-11-29 14:20:00,2011-11-29 14:20:00,74,218.47,1,0.0328515111695138,2252.56,2.952297297297297,79802.72159999999,79802.72159999999
13429.0,2011-09-25 15:59:00,2011-11-29 09:10:00,67,1006.8,64,2.102496714848883,31.866875,15.02686567164179,5746.311,5746.311
13430.0,2011-09-14 14:26:00,2011-11-21 08:19:00,49,679.45,67,2.2010512483574245,22.262089552238805,13.866326530612247,3704.320835820896,3704.320835820896
13431.0,2011-09-12 11:25:00,2011-10-03 13:49:00,46,1269.1,21,0.6898817345597897,66.67809523809524,27.589130434782607,22075.087999999996,22075.087999999996
13434.0,2011-09-04 10:35:00,2011-09-26 14:30:00,10,534.24,22,0.7227332457293035,13.836363636363636,53.424,8870.32669090909,8870.32669090909
13435.0,2011-06-03 17:07:00,2011-12-04 14:45:00,101,3809.89,183,6.011826544021025,16.800218579234972,37.72168316831683,7604.790268852457,7604.790268852457
13436.0,2011-12-08 10:33:00,2011-12-08 10:33:00,12,196.89,1,0.0328515111695138,365.28,16.4075,71919.9792,71919.9792
13437.0,2011-06-02 14:30:00,2011-11-25 14:00:00,167,3408.06,175,5.7490144546649145,29.048457142857142,20.40754491017964,7113.692324571429,7113.692324571429
13439.0,2011-03-29 14:20:00,2011-03-29 14:20:00,54,283.71,1,0.0328515111695138,1643.76,5.253888888888889,103633.58879999998,103633.58879999998
13441.0,2011-09-09 09:38:00,2011-09-09 09:38:00,13,296.64,1,0.0328515111695138,395.71999999999997,22.818461538461538,108356.6592,108356.6592
13447.0,2011-11-04 10:10:00,2011-11-16 13:38:00,59,1129.14,12,0.39421813403416556,149.66333333333333,19.137966101694918,34371.02160000001,34371.02160000001
13448.0,2010-12-01 10:52:00,2011-11-23 12:33:00,195,3539.3700000000003,357,11.727989487516425,16.626890756302522,18.150615384615385,3621.4595899159667,3621.4595899159667
13449.0,2011-11-16 08:28:00,2011-11-16 08:28:00,19,291.88,1,0.0328515111695138,578.36,15.362105263157895,106617.9264,106617.9264
13450.0,2011-05-05 19:48:00,2011-11-13 11:54:00,71,2043.72,191,6.274638633377135,11.315392670157069,28.784788732394368,3908.53424921466,3908.53424921466
13451.0,2011-01-09 15:35:00,2011-11-13 15:58:00,443,2976.15,308,10.11826544021025,43.78220779220779,6.718171557562077,3529.636597402598,3529.636597402598
13452.0,2011-03-14 11:38:00,2011-03-25 14:19:00,2,590.0,11,0.36136662286465177,5.534545454545455,295.0,19592.29090909091,19592.29090909091
13453.0,2011-02-23 09:44:00,2011-06-27 09:34:00,17,356.98,123,4.040735873850197,4.207154471544715,20.998823529411766,1060.1435317073172,1060.1435317073172
13455.0,2010-12-08 13:11:00,2011-11-15 11:21:00,46,1058.34,341,11.202365308804204,4.106275659824047,23.007391304347824,1133.6962909090907,1133.6962909090907
13456.0,2011-05-16 15:34:00,2011-11-22 09:18:00,63,1766.72,189,6.2089356110381075,10.146666666666667,28.043174603174602,3414.536939682539,3414.536939682539
13458.0,2010-12-15 12:05:00,2011-12-02 15:29:00,382,9646.57,352,11.563731931668856,33.034318181818186,25.252801047120418,10010.508777272727,10010.508777272727
13460.0,2011-10-21 09:50:00,2011-11-10 17:17:00,17,183.44,20,0.657030223390276,25.874,10.790588235294118,3350.3481599999996,3350.3481599999996
13461.0,2011-06-29 10:23:00,2011-11-01 09:01:00,27,1445.0,124,4.073587385019711,6.628064516129032,53.51851851851852,4256.690322580645,4256.690322580645
13462.0,2011-04-01 11:20:00,2011-04-01 11:20:00,9,151.5,1,0.0328515111695138,273.96,16.833333333333332,55339.919999999984,55339.919999999984
13464.0,2011-10-12 15:01:00,2011-10-12 15:01:00,41,674.68,1,0.0328515111695138,1248.04,16.45560975609756,246447.11039999995,246447.11039999995
13466.0,2011-06-08 16:39:00,2011-06-08 16:39:00,17,307.90000000000003,1,0.0328515111695138,517.48,18.111764705882354,112469.712,112469.712
13467.0,2011-11-03 16:56:00,2011-11-29 10:01:00,99,1083.71,25,0.8212877792378449,120.5424,10.946565656565657,15834.303552000001,15834.303552000001
13468.0,2010-12-01 15:08:00,2011-12-08 10:39:00,302,5704.97,371,12.187910643889618,24.778652291105125,18.89062913907285,5617.011971967657,5617.011971967657
13470.0,2011-08-16 17:06:00,2011-09-01 14:57:00,10,165.0,15,0.49277266754270693,20.293333333333333,16.5,4018.08,4018.08
13471.0,2011-10-23 13:10:00,2011-12-08 15:44:00,260,2531.58,46,1.5111695137976346,172.05217391304348,9.736846153846153,20102.946573913043,20102.946573913043
13473.0,2011-01-11 08:45:00,2011-10-10 11:20:00,21,422.64,272,8.935611038107753,2.3501470588235294,20.125714285714285,567.5806588235293,567.5806588235293
13474.0,2011-04-17 13:53:00,2011-04-17 13:53:00,64,229.59,1,0.0328515111695138,1948.1599999999999,3.58734375,83864.63519999999,83864.63519999999
13475.0,2011-02-14 12:36:00,2011-06-01 13:52:00,86,1431.78,107,3.515111695137976,24.465794392523367,16.648604651162792,4887.856059813084,4887.856059813084
13476.0,2011-03-03 14:43:00,2011-06-14 12:00:00,58,1238.47,102,3.350854139290407,17.309019607843137,21.352931034482758,4435.179623529411,4435.179623529411
13477.0,2011-02-21 12:29:00,2011-11-02 12:04:00,79,1454.58,253,8.31143232588699,9.50498023715415,18.41240506329114,2100.1145549407115,2100.1145549407115
13479.0,2011-04-19 11:27:00,2011-05-23 10:45:00,15,300.95,33,1.0840998685939554,13.836363636363636,20.063333333333333,3331.242909090909,3331.242909090909
13481.0,2011-03-28 09:07:00,2011-10-25 09:07:00,109,1804.56,211,6.931668856767411,15.724928909952608,16.55559633027523,3124.026904265403,3124.026904265403
13482.0,2011-04-21 17:03:00,2011-04-21 17:03:00,11,184.64000000000001,1,0.0328515111695138,334.84,16.785454545454545,67445.2992,67445.2992
13483.0,2011-10-05 11:53:00,2011-10-05 11:53:00,10,140.34,1,0.0328515111695138,304.4,14.034,51263.3952,51263.3952
13484.0,2011-04-12 16:30:00,2011-04-12 16:30:00,8,313.8,1,0.0328515111695138,243.51999999999998,39.225,114624.864,114624.864
13485.0,2011-04-20 13:58:00,2011-04-20 13:58:00,23,454.24,1,0.0328515111695138,700.12,19.749565217391304,165924.7872,165924.7872
13486.0,2011-07-07 17:19:00,2011-09-22 13:13:00,69,1122.41,76,2.4967148488830486,27.636315789473684,16.2668115942029,5394.6569052631585,5394.6569052631585
13487.0,2010-12-21 14:54:00,2011-10-13 12:07:00,34,575.4,295,9.69119579500657,3.5083389830508476,16.923529411764704,712.4817355932203,712.4817355932203
13488.0,2010-12-07 13:01:00,2011-11-22 14:41:00,422,8968.31,350,11.498028909329829,36.70194285714286,21.25191943127962,9359.840790857144,9359.840790857144
13489.0,2011-02-18 10:42:00,2011-08-26 13:16:00,14,449.52,189,6.2089356110381075,2.254814814814815,32.10857142857143,868.7865904761906,868.7865904761906
13491.0,2010-12-02 14:30:00,2011-10-19 08:32:00,86,1215.82,320,10.512483574244415,8.18075,14.137441860465115,1387.8585299999997,1387.8585299999997
13492.0,2011-05-09 10:06:00,2011-07-26 14:25:00,50,1269.84,78,2.562417871222076,19.512820512820515,25.3968,5946.7584,5946.7584
13493.0,2011-02-25 16:42:00,2011-03-09 15:35:00,8,618.63,11,0.36136662286465177,22.13818181818182,77.32875,20543.01512727273,20543.01512727273
13494.0,2011-02-01 11:58:00,2011-02-01 11:58:00,18,316.26000000000005,1,0.0328515111695138,547.92,17.570000000000004,115523.4528,115523.4528
13495.0,2010-12-06 15:14:00,2011-12-02 11:21:00,48,2044.8700000000001,360,11.826544021024967,4.058666666666666,42.60145833333333,2074.861426666667,2074.861426666667
13496.0,2010-12-15 10:17:00,2011-11-29 10:58:00,35,653.33,349,11.465177398160314,3.05272206303725,18.66657142857143,683.8062532951292,683.8062532951292
13497.0,2010-12-06 11:37:00,2011-03-02 09:04:00,19,348.05,85,2.7923784494086727,6.804235294117647,18.318421052631578,1495.7141647058822,1495.7141647058822
13499.0,2011-03-15 08:52:00,2011-11-22 11:21:00,42,1159.1100000000001,252,8.278580814717477,5.073333333333333,27.597857142857144,1680.157542857143,1680.157542857143
13500.0,2011-08-09 12:20:00,2011-11-16 15:35:00,65,1166.77,99,3.252299605781866,19.985858585858587,17.950307692307693,4305.027733333333,4305.027733333333
13501.0,2011-02-24 18:59:00,2011-02-24 18:59:00,52,1340.32,1,0.0328515111695138,1582.8799999999999,25.775384615384613,489592.0895999999,489592.0895999999
13502.0,2011-01-20 09:03:00,2011-11-23 10:39:00,18,292.0,307,10.085413929040735,1.784755700325733,16.22222222222222,347.4324429967427,347.4324429967427
13503.0,2011-09-29 13:23:00,2011-09-29 13:23:00,17,216.85,1,0.0328515111695138,517.48,12.755882352941176,79210.96800000001,79210.96800000001
13504.0,2011-10-06 13:20:00,2011-10-06 13:20:00,22,295.93,1,0.0328515111695138,669.68,13.451363636363636,108097.31039999999,108097.31039999999
13505.0,2011-04-21 12:07:00,2011-09-28 11:56:00,215,4393.63,159,5.223390275952694,41.161006289308176,20.435488372093022,10093.74318490566,10093.74318490566
13506.0,2010-12-05 12:15:00,2011-01-27 13:53:00,26,458.52,53,1.7411300919842312,14.932830188679246,17.635384615384616,3160.1544452830194,3160.1544452830194
13507.0,2011-07-17 11:50:00,2011-12-06 13:13:00,162,2479.16,142,4.664914586070959,34.72732394366197,15.303456790123455,6377.377216901407,6377.377216901407
13508.0,2011-04-10 11:58:00,2011-04-10 11:58:00,12,110.97,1,0.0328515111695138,365.28,9.2475,40535.1216,40535.1216
13509.0,2011-02-28 13:27:00,2011-12-01 10:10:00,44,979.72,275,9.034165571616294,4.8704,22.266363636363636,1301.3531694545454,1301.3531694545454
13510.0,2011-06-09 09:32:00,2011-12-08 13:46:00,115,1791.56,182,5.978975032851511,19.234065934065935,15.578782608695652,3595.7199824175827,3595.7199824175827
13512.0,2011-03-24 10:03:00,2011-03-24 10:03:00,15,251.21,1,0.0328515111695138,456.59999999999997,16.747333333333334,91761.98879999999,91761.98879999999
13513.0,2011-08-05 11:50:00,2011-08-05 11:50:00,10,205.1,1,0.0328515111695138,304.4,20.509999999999998,74918.92799999999,74918.92799999999
13514.0,2011-09-27 09:39:00,2011-09-27 09:39:00,4,152.20000000000002,1,0.0328515111695138,121.75999999999999,38.050000000000004,55595.615999999995,55595.615999999995
13515.0,2011-04-06 10:33:00,2011-09-28 11:26:00,59,891.12,175,5.7490144546649145,10.262628571428571,15.103728813559322,1860.0475062857145,1860.0475062857145
13516.0,2011-04-15 11:06:00,2011-11-18 13:15:00,44,1389.41,217,7.128777923784494,6.172165898617512,31.5775,2338.8188239631336,2338.8188239631336
13517.0,2011-06-13 08:44:00,2011-10-11 11:43:00,141,2128.42,120,3.9421813403416555,35.767,15.09517730496454,6478.9104800000005,6478.9104800000005
13518.0,2011-09-15 10:29:00,2011-09-15 10:29:00,38,659.44,1,0.0328515111695138,1156.72,17.353684210526318,240880.24320000003,240880.24320000003
13519.0,2011-09-22 18:24:00,2011-09-22 18:24:00,8,122.75,1,0.0328515111695138,243.51999999999998,15.34375,44838.119999999995,44838.119999999995
13520.0,2010-12-03 10:36:00,2011-10-12 10:20:00,93,3624.35,312,10.249671484888305,9.073461538461538,38.97150537634408,4243.277461538461,4243.277461538461
13521.0,2011-11-29 15:09:00,2011-12-08 13:50:00,436,1093.65,8,0.2628120893561104,1658.98,2.508371559633028,49936.05900000001,49936.05900000001
13522.0,2011-11-09 15:11:00,2011-11-09 15:11:00,5,125.80000000000001,1,0.0328515111695138,152.2,25.160000000000004,45952.224,45952.224
13523.0,2010-12-08 14:22:00,2011-11-06 15:11:00,172,3964.88,333,10.939553219448094,15.722762762762764,23.051627906976744,4349.223322522523,4349.223322522523
13524.0,2011-05-04 12:26:00,2011-10-30 12:34:00,27,680.1800000000001,179,5.88042049934297,4.5915083798882685,25.191851851851855,1388.0231865921792,1388.0231865921792
13525.0,2011-04-05 15:36:00,2011-11-25 12:01:00,6,628.78,233,7.654402102496714,0.7838626609442061,104.79666666666667,985.7543278969957,985.7543278969957
13527.0,2011-01-17 11:17:00,2011-11-06 12:04:00,223,2287.51,293,9.625492772667542,23.16764505119454,10.257892376681616,2851.8145146757684,2851.8145146757684
13529.0,2011-05-19 11:50:00,2011-09-22 09:15:00,15,307.76,125,4.106438896189225,3.6528,20.517333333333333,899.3485823999999,899.3485823999999
13531.0,2010-12-08 15:03:00,2011-05-18 16:56:00,22,483.8,161,5.289093298291721,4.159503105590062,21.990909090909092,1097.6550559006212,1097.6550559006212
13532.0,2011-11-06 12:25:00,2011-11-06 12:25:00,66,210.31,1,0.0328515111695138,2009.04,3.1865151515151515,76822.0368,76822.0368
13533.0,2011-03-17 12:47:00,2011-06-10 11:54:00,76,270.79,84,2.759526938239159,27.54095238095238,3.563026315789474,1177.5496571428573,1177.5496571428573
13534.0,2010-12-16 15:23:00,2011-12-07 14:52:00,296,5870.08,355,11.662286465177397,25.380957746478877,19.83135135135135,6040.064288450705,6040.064288450705
13536.0,2011-09-25 13:30:00,2011-12-08 16:38:00,179,3448.29,74,2.431011826544021,73.6318918918919,19.264189944134078,17021.505016216215,17021.505016216215
13538.0,2011-01-28 10:40:00,2011-10-27 16:34:00,25,1280.85,272,8.935611038107753,2.797794117647059,51.233999999999995,1720.106205882353,1720.106205882353
13539.0,2011-02-03 15:23:00,2011-09-15 10:18:00,37,631.34,223,7.3258869908015765,5.050582959641256,17.063243243243242,1034.1519067264574,1034.1519067264574
13544.0,2011-04-13 12:09:00,2011-10-31 11:57:00,87,291.41,200,6.570302233902759,13.2414,3.349540229885058,532.2312240000001,532.2312240000001
13546.0,2011-05-23 12:14:00,2011-11-27 14:50:00,98,626.99,188,6.176084099868594,15.867659574468085,6.397857142857143,1218.228229787234,1218.228229787234
13548.0,2011-04-10 11:35:00,2011-09-04 14:50:00,124,682.41,147,4.829172141918528,25.677278911564624,5.503306451612903,1695.7192163265304,1695.7192163265304
13549.0,2011-04-11 13:42:00,2011-11-14 09:20:00,51,918.2,216,7.09592641261498,7.187222222222222,18.00392156862745,1552.7782222222222,1552.7782222222222
13551.0,2011-01-24 14:46:00,2011-01-24 14:46:00,4,91.80000000000001,1,0.0328515111695138,121.75999999999999,22.950000000000003,33532.704000000005,33532.704000000005
13552.0,2011-01-28 10:10:00,2011-10-04 15:19:00,109,3740.07,249,8.180026281208935,13.325140562248997,34.31256880733945,5486.637628915663,5486.637628915663
13555.0,2011-05-22 11:06:00,2011-09-27 12:36:00,136,4149.28,128,4.204993429697766,32.3425,30.50941176470588,11841.0078,11841.0078
13557.0,2011-03-04 12:14:00,2011-11-11 15:24:00,34,584.0600000000001,252,8.278580814717477,4.106984126984127,17.17823529411765,846.6088761904762,846.6088761904762
13558.0,2011-10-02 13:01:00,2011-12-04 11:24:00,175,605.06,62,2.0367936925098555,85.91935483870968,3.457485714285714,3564.779303225806,3564.779303225806
13560.0,2011-12-02 13:11:00,2011-12-02 13:11:00,33,174.37,1,0.0328515111695138,1004.52,5.283939393939394,63693.8736,63693.8736
13561.0,2011-05-08 12:39:00,2011-05-08 12:39:00,14,141.85999999999999,1,0.0328515111695138,426.15999999999997,10.132857142857143,51818.6208,51818.6208
13562.0,2011-04-08 12:42:00,2011-09-19 10:51:00,82,1799.3300000000002,163,5.354796320630749,15.313374233128835,21.943048780487807,4032.2654134969325,4032.2654134969325
13563.0,2011-07-22 17:21:00,2011-09-16 14:45:00,49,777.53,55,1.8068331143232588,27.11927272727273,15.867959183673468,5163.930152727273,5163.930152727273
13564.0,2010-12-06 17:26:00,2011-07-18 14:33:00,83,1749.02,223,7.3258869908015765,11.32968609865471,21.07253012048193,2864.941818834081,2864.941818834081
13565.0,2011-01-09 14:28:00,2011-11-20 14:33:00,38,240.22,315,10.348226018396845,3.6721269841269844,6.321578947368421,278.56368761904764,278.56368761904764
13566.0,2011-09-18 12:40:00,2011-10-30 11:59:00,176,874.71,41,1.3469119579500657,130.66926829268291,4.969943181818182,7793.026068292682,7793.026068292682
13568.0,2011-06-19 14:42:00,2011-06-19 14:42:00,44,192.85,1,0.0328515111695138,1339.36,4.382954545454545,70444.24799999999,70444.24799999999
13569.0,2010-12-07 12:29:00,2011-11-22 13:07:00,85,373.75,350,11.498028909329829,7.392571428571428,4.397058823529412,390.06685714285715,390.06685714285715
13570.0,2011-04-10 13:36:00,2011-04-10 13:36:00,27,239.49,1,0.0328515111695138,821.88,8.870000000000001,87480.90720000002,87480.90720000002
13571.0,2011-03-31 12:43:00,2011-11-27 10:47:00,341,2092.32,240,7.884362680683311,43.25016666666667,6.1358357771261005,3184.511040000001,3184.511040000001
13572.0,2011-05-18 11:59:00,2011-05-18 11:59:00,33,1384.25,1,0.0328515111695138,1004.52,41.946969696969695,505638.83999999997,505638.83999999997
13573.0,2011-03-31 14:47:00,2011-10-20 14:33:00,26,294.40000000000003,202,6.636005256241787,3.9180198019801984,11.323076923076924,532.3684752475248,532.3684752475248
13575.0,2011-06-16 14:24:00,2011-11-16 13:14:00,46,732.07,152,4.993429697766097,9.212105263157895,15.914565217391305,1759.2798,1759.2798
13576.0,2010-12-01 17:24:00,2011-11-29 15:34:00,126,6717.34,362,11.892247043363994,10.595138121546961,53.312222222222225,6778.204296132597,6778.204296132597
13577.0,2011-04-12 10:33:00,2011-11-14 15:19:00,83,1687.6000000000001,216,7.09592641261498,11.696851851851852,20.33253012048193,2853.9191111111113,2853.9191111111113
13579.0,2010-12-05 16:10:00,2011-11-25 08:41:00,23,467.04,354,11.629434954007884,1.9777401129943504,20.30608695652174,481.9219525423729,481.9219525423729
13581.0,2011-02-03 14:41:00,2011-02-03 14:41:00,10,118.0,1,0.0328515111695138,304.4,11.8,43103.04,43103.04
13583.0,2011-07-07 10:40:00,2011-07-07 10:40:00,53,781.03,1,0.0328515111695138,1613.32,14.736415094339621,285294.6384,285294.6384
13584.0,2011-02-06 12:49:00,2011-02-06 12:49:00,24,142.4,1,0.0328515111695138,730.56,5.933333333333334,52015.872,52015.872
13587.0,2011-10-07 12:31:00,2011-10-07 12:31:00,8,712.4,1,0.0328515111695138,243.51999999999998,89.05,260225.47199999998,260225.47199999998
13588.0,2011-03-29 15:53:00,2011-11-24 10:42:00,174,2478.95,239,7.851511169513797,22.161338912133893,14.246839080459768,3788.748351464435,3788.748351464435
13589.0,2011-06-13 12:44:00,2011-11-25 12:10:00,21,379.65,164,5.387647831800263,3.8978048780487806,18.07857142857143,845.6009268292685,845.6009268292685
13590.0,2011-02-09 13:25:00,2011-11-28 12:54:00,87,1981.92,291,9.559789750328514,9.100618556701031,22.780689655172413,2487.8204041237113,2487.8204041237113
13591.0,2011-03-18 12:18:00,2011-10-06 12:26:00,58,1117.13,202,6.636005256241787,8.74019801980198,19.26086206896552,2020.1249821782178,2020.1249821782178
13592.0,2011-03-20 14:01:00,2011-11-04 09:49:00,16,247.95999999999998,228,7.490144546649145,2.1361403508771932,15.497499999999999,397.25802105263165,397.25802105263165
13593.0,2011-01-07 16:32:00,2011-08-23 13:35:00,128,2037.0800000000002,227,7.457293035479632,17.164405286343612,15.914687500000001,3277.9937550660798,3277.9937550660798
13594.0,2011-10-18 10:19:00,2011-10-18 10:19:00,26,396.97,1,0.0328515111695138,791.4399999999999,15.268076923076924,145005.2016,145005.2016
13596.0,2011-11-27 11:57:00,2011-12-04 12:01:00,166,697.04,7,0.22996057818659657,721.8628571428571,4.199036144578313,36373.53874285714,36373.53874285714
13598.0,2011-10-23 14:28:00,2011-10-23 14:28:00,40,180.17000000000002,1,0.0328515111695138,1217.6,4.504250000000001,65812.4976,65812.4976
13599.0,2010-12-08 10:11:00,2011-12-08 16:10:00,247,5153.67,365,11.990801576872535,20.599123287671237,20.86506072874494,5157.623500273973,5157.623500273973
13600.0,2011-01-31 15:27:00,2011-01-31 15:27:00,19,219.52,1,0.0328515111695138,578.36,11.553684210526317,80186.26560000001,80186.26560000001
13601.0,2011-05-12 16:52:00,2011-10-25 17:31:00,99,693.32,166,5.45335085413929,18.15397590361446,7.003232323232324,1525.6381301204822,1525.6381301204822
13602.0,2011-10-06 11:47:00,2011-10-06 11:47:00,23,428.89,1,0.0328515111695138,700.12,18.647391304347824,156664.9392,156664.9392
13603.0,2011-11-13 15:57:00,2011-11-13 15:57:00,27,164.34,1,0.0328515111695138,821.88,6.086666666666667,60030.1152,60030.1152
13606.0,2011-02-01 11:42:00,2011-11-10 17:46:00,43,280.54,282,9.264126149802891,4.6415602836879435,6.524186046511629,363.38883404255324,363.38883404255324
13607.0,2011-10-30 16:17:00,2011-10-30 16:17:00,98,678.01,1,0.0328515111695138,2983.12,6.918469387755102,247663.49279999995,247663.49279999995
13610.0,2011-02-27 14:44:00,2011-11-27 15:38:00,226,1131.88,273,8.968462549277266,25.19941391941392,5.008318584070797,1514.4803164835166,1514.4803164835166
13611.0,2010-12-15 10:31:00,2011-09-11 14:51:00,74,1171.8,270,8.869908015768726,8.342814814814815,15.835135135135134,1585.3152,1585.3152
13614.0,2011-01-13 12:37:00,2011-11-15 14:47:00,201,1610.46,306,10.052562417871222,19.994901960784315,8.01223880597015,1922.4471529411765,1922.4471529411765
13615.0,2011-01-25 08:21:00,2011-01-25 08:21:00,23,417.69,1,0.0328515111695138,700.12,18.160434782608696,152573.80320000002,152573.80320000002
13617.0,2011-06-12 12:55:00,2011-10-30 13:50:00,44,544.18,140,4.599211563731932,9.566857142857142,12.367727272727272,1419.8433599999998,1419.8433599999998
13618.0,2011-06-19 11:09:00,2011-06-19 11:09:00,13,177.34,1,0.0328515111695138,395.71999999999997,13.641538461538461,64778.7552,64778.7552
13621.0,2011-08-15 08:26:00,2011-08-15 08:26:00,19,213.85,1,0.0328515111695138,578.36,11.255263157894737,78115.128,78115.128
13623.0,2011-02-15 13:08:00,2011-11-09 12:00:00,81,747.78,266,8.73850197109067,9.269323308270677,9.231851851851852,1026.8762345864661,1026.8762345864661
13626.0,2011-04-01 10:05:00,2011-04-01 10:05:00,19,257.23,1,0.0328515111695138,578.36,13.53842105263158,93960.97440000002,93960.97440000002
13627.0,2010-12-17 09:52:00,2011-10-11 14:20:00,92,1638.47,298,9.789750328515112,9.39758389261745,17.80945652173913,2008.390340939597,2008.390340939597
13629.0,2011-01-05 12:09:00,2011-11-16 13:21:00,59,7792.36,315,10.348226018396845,5.701460317460318,132.07389830508475,9036.169081904764,9036.169081904764
13630.0,2011-02-27 12:49:00,2011-12-04 15:16:00,71,2031.78,280,9.198423127463863,7.718714285714285,28.61661971830986,2650.602137142857,2650.602137142857
13631.0,2011-03-17 17:13:00,2011-09-01 09:57:00,11,3070.42,167,5.486202365308804,2.0050299401197607,279.1290909090909,6715.946213173654,6715.946213173654
13632.0,2011-04-10 15:07:00,2011-11-15 10:51:00,146,2121.27,218,7.1616294349540075,20.386422018348625,14.529246575342466,3554.392227522936,3554.392227522936
13634.0,2011-01-16 15:30:00,2011-11-06 13:40:00,188,1575.16,293,9.625492772667542,19.531467576791812,8.378510638297874,1963.7353064846423,1963.7353064846423
13635.0,2011-10-03 10:55:00,2011-10-03 10:55:00,62,1071.03,1,0.0328515111695138,1887.28,17.274677419354838,391225.83839999995,391225.83839999995
13636.0,2011-02-27 14:29:00,2011-11-03 10:30:00,63,949.12,248,8.147174770039422,7.732741935483871,15.065396825396826,1397.9619096774193,1397.9619096774193
13637.0,2011-04-27 13:06:00,2011-10-18 13:32:00,101,810.5,174,5.716162943495401,17.66919540229885,8.024752475247524,1701.4910344827586,1701.4910344827586
13638.0,2011-11-24 10:38:00,2011-11-24 10:38:00,8,122.64,1,0.0328515111695138,243.51999999999998,15.33,44797.9392,44797.9392
13639.0,2011-09-26 13:36:00,2011-09-26 13:36:00,40,1033.34,1,0.0328515111695138,1217.6,25.833499999999997,377458.43519999995,377458.43519999995
13642.0,2011-05-08 12:34:00,2011-05-08 12:34:00,66,354.8,1,0.0328515111695138,2009.04,5.375757575757576,129601.34400000001,129601.34400000001
13643.0,2011-06-07 11:40:00,2011-11-08 15:37:00,28,519.44,154,5.059132720105125,5.534545454545454,18.551428571428573,1232.084696103896,1232.084696103896
13644.0,2011-08-26 11:53:00,2011-11-23 14:07:00,146,2624.26,89,2.923784494086728,49.93528089887641,17.974383561643837,10770.670705617978,10770.670705617978
13645.0,2011-08-11 16:11:00,2011-08-11 16:11:00,5,252.1,1,0.0328515111695138,152.2,50.42,92087.088,92087.088
13647.0,2011-04-19 09:49:00,2011-11-30 12:00:00,79,1678.1200000000001,225,7.391590013140604,10.687822222222223,21.2420253164557,2724.3718826666673,2724.3718826666673
13649.0,2010-12-08 14:46:00,2011-03-28 11:51:00,23,346.6,109,3.5808147174770038,6.423119266055046,15.069565217391306,1161.5233761467894,1161.5233761467894
13650.0,2011-03-17 12:37:00,2011-11-23 12:22:00,96,1836.3400000000001,250,8.21287779237845,11.68896,19.128541666666667,2683.1131008,2683.1131008
13651.0,2011-10-31 12:11:00,2011-11-04 14:59:00,6,94.2,4,0.1314060446780552,45.66,15.700000000000001,8602.344,8602.344
13652.0,2010-12-06 09:21:00,2011-10-25 08:51:00,63,1095.08,322,10.578186596583443,5.955652173913044,17.38222222222222,1242.2696347826086,1242.2696347826086
13654.0,2011-03-11 12:54:00,2011-10-27 16:24:00,166,2707.33,230,7.555847568988173,21.969739130434785,16.30921686746988,4299.7108800000005,4299.7108800000005
13655.0,2011-04-12 09:53:00,2011-08-17 14:25:00,56,932.97,127,4.1721419185282524,13.42236220472441,16.66017857142857,2683.427414173228,2683.427414173228
13656.0,2011-01-06 15:42:00,2011-06-28 10:31:00,49,379.65,172,5.650459921156373,8.671860465116279,7.747959183673469,806.2706511627906,806.2706511627906
13657.0,2011-05-22 12:35:00,2011-11-29 12:32:00,16,382.14,190,6.241787122207621,2.5633684210526315,23.88375,734.6742063157894,734.6742063157894
13658.0,2011-05-19 17:15:00,2011-11-30 10:13:00,108,2639.17,194,6.3731931668856765,16.9459793814433,24.43675925925926,4969.2578226804135,4969.2578226804135
13659.0,2011-01-23 12:08:00,2011-05-18 12:37:00,104,1573.2,115,3.7779237844940865,27.528347826086957,15.126923076923077,4997.030400000001,4997.030400000001
13662.0,2011-03-25 13:23:00,2011-09-15 12:04:00,53,897.76,173,5.683311432325887,9.325549132947977,16.938867924528303,1895.5709410404625,1895.5709410404625
13663.0,2011-06-13 15:44:00,2011-06-13 15:44:00,13,189.47,1,0.0328515111695138,395.71999999999997,14.574615384615385,69209.6016,69209.6016
13666.0,2011-02-25 13:05:00,2011-10-10 15:39:00,12,84.65,227,7.457293035479632,1.6091629955947138,7.054166666666667,136.21564757709254,136.21564757709254
13667.0,2011-07-13 15:42:00,2011-07-13 15:42:00,87,305.02,1,0.0328515111695138,2648.2799999999997,3.505977011494253,111417.70559999999,111417.70559999999
13668.0,2010-12-12 12:35:00,2011-12-07 12:11:00,470,6363.59,359,11.793692509855452,39.85181058495822,13.539553191489363,6474.908510306408,6474.908510306408
13669.0,2011-07-13 11:44:00,2011-10-20 09:32:00,9,218.55,98,3.219448094612352,2.7955102040816326,24.283333333333335,814.6116734693878,814.6116734693878
13670.0,2011-09-25 15:25:00,2011-09-25 15:25:00,25,349.7,1,0.0328515111695138,761.0,13.988,127738.416,127738.416
13672.0,2011-01-11 13:54:00,2011-02-11 13:53:00,6,186.39000000000001,30,0.9855453350854139,6.088,31.065,2269.48464,2269.48464
13673.0,2011-11-07 15:40:00,2011-11-21 12:11:00,65,396.92,13,0.42706964520367935,152.20000000000002,6.106461538461539,11152.841353846155,11152.841353846155
13675.0,2011-02-28 12:14:00,2011-07-11 12:57:00,25,486.82000000000005,133,4.369250985545335,5.7218045112781954,19.472800000000003,1337.0346586466167,1337.0346586466167
13678.0,2011-07-11 10:14:00,2011-07-11 10:14:00,16,232.6,1,0.0328515111695138,487.03999999999996,14.5375,84964.128,84964.128
13680.0,2011-01-04 14:12:00,2011-12-08 13:47:00,195,3722.42,337,11.070959264126149,17.61364985163205,19.089333333333332,4034.7939988130574,4034.7939988130574
13681.0,2011-07-07 15:21:00,2011-11-22 11:13:00,57,827.83,137,4.50065703022339,12.664817518248174,14.523333333333333,2207.224397080292,2207.224397080292
13682.0,2011-06-05 14:06:00,2011-06-05 14:06:00,3,59.5,1,0.0328515111695138,91.32,19.833333333333332,21734.159999999996,21734.159999999996
13684.0,2011-02-27 10:13:00,2011-02-27 10:13:00,30,67.23,1,0.0328515111695138,913.1999999999999,2.241,24557.7744,24557.7744
13685.0,2011-10-10 12:59:00,2011-12-07 11:41:00,39,3119.44,57,1.8725361366622864,20.827368421052633,79.98564102564103,19990.684968421054,19990.684968421054
13686.0,2011-06-10 09:10:00,2011-06-10 09:10:00,8,72.0,1,0.0328515111695138,243.51999999999998,9.0,26300.159999999996,26300.159999999996
13689.0,2011-10-07 13:21:00,2011-10-07 13:21:00,6,910.0,1,0.0328515111695138,182.64,151.66666666666666,332404.8,332404.8
13690.0,2011-10-11 15:03:00,2011-10-11 15:03:00,9,172.25,1,0.0328515111695138,273.96,19.13888888888889,62919.479999999996,62919.479999999996
13692.0,2011-04-17 12:57:00,2011-11-15 11:17:00,53,1488.32,211,6.931668856767411,7.646066350710901,28.081509433962264,2576.557012322275,2576.557012322275
13694.0,2010-12-01 12:12:00,2011-12-06 09:32:00,568,65039.62,369,12.12220762155059,46.85615176151762,114.50637323943663,64383.93602601628,64383.93602601628
13695.0,2011-03-25 11:31:00,2011-11-08 14:26:00,90,2504.13,228,7.490144546649145,12.015789473684212,27.823666666666668,4011.8798526315795,4011.8798526315795
13697.0,2011-11-01 09:14:00,2011-11-01 09:14:00,12,151.3,1,0.0328515111695138,365.28,12.608333333333334,55266.864,55266.864
13699.0,2011-07-07 16:51:00,2011-07-07 16:51:00,14,308.58000000000004,1,0.0328515111695138,426.15999999999997,22.041428571428575,112718.10240000002,112718.10240000002
13700.0,2011-01-16 13:18:00,2011-11-13 13:00:00,197,2265.12,300,9.85545335085414,19.988933333333332,11.498071065989848,2758.010112,2758.010112
13703.0,2011-01-25 13:10:00,2011-01-25 13:10:00,1,99.5,1,0.0328515111695138,30.439999999999998,99.5,36345.36,36345.36
13704.0,2011-09-12 14:40:00,2011-12-04 15:13:00,134,2308.06,83,2.726675427069645,49.14409638554217,17.224328358208954,10157.688636144578,10157.688636144578
13705.0,2010-12-01 10:29:00,2011-12-02 12:32:00,28,711.86,366,12.02365308804205,2.328743169398907,25.423571428571428,710.4596196721311,710.4596196721311
13706.0,2011-02-10 09:21:00,2011-02-10 09:21:00,20,330.79,1,0.0328515111695138,608.8,16.5395,120830.97119999999,120830.97119999999
13707.0,2011-01-28 13:27:00,2011-03-17 18:03:00,48,806.41,48,1.5768725361366622,30.44,16.800208333333334,6136.7801,6136.7801
13708.0,2011-03-13 13:46:00,2011-03-13 13:46:00,51,296.88,1,0.0328515111695138,1552.44,5.821176470588235,108444.3264,108444.3264
13709.0,2011-01-28 14:57:00,2011-12-06 10:28:00,336,6328.05,311,10.21681997371879,32.88694533762058,18.833482142857143,7432.5083729903545,7432.5083729903545
13710.0,2011-11-08 08:16:00,2011-11-08 08:16:00,8,180.48,1,0.0328515111695138,243.51999999999998,22.56,65925.73439999999,65925.73439999999
13711.0,2011-05-05 10:29:00,2011-05-05 10:31:00,13,252.06,1,0.0328515111695138,395.71999999999997,19.38923076923077,92072.4768,92072.4768
13712.0,2011-04-07 12:33:00,2011-04-07 12:33:00,10,228.84,1,0.0328515111695138,304.4,22.884,83590.6752,83590.6752
13715.0,2010-12-02 08:52:00,2011-03-03 19:21:00,105,1079.34,91,2.9894875164257555,35.12307692307692,10.279428571428571,4332.541925274725,4332.541925274725
13716.0,2011-03-15 13:49:00,2011-03-15 13:49:00,21,138.28,1,0.0328515111695138,639.24,6.584761904761905,50510.918399999995,50510.918399999995
13717.0,2011-02-14 13:21:00,2011-11-07 14:13:00,102,1445.01,266,8.73850197109067,11.672481203007518,14.166764705882352,1984.3355368421048,1984.3355368421048
13718.0,2011-02-17 11:58:00,2011-04-07 13:24:00,12,306.55,49,1.609724047306176,7.454693877551021,25.545833333333334,2285.2364081632654,2285.2364081632654
13719.0,2011-04-19 13:56:00,2011-11-24 15:26:00,60,1041.68,219,7.194480946123521,8.33972602739726,17.361333333333334,1737.465161643836,1737.465161643836
13720.0,2011-03-30 09:17:00,2011-08-15 12:46:00,43,799.9,138,4.533508541392904,9.484927536231885,18.60232558139535,2117.30052173913,2117.30052173913
13721.0,2011-11-03 14:05:00,2011-11-03 14:05:00,28,524.14,1,0.0328515111695138,852.3199999999999,18.719285714285714,191457.8592,191457.8592
13722.0,2011-03-02 11:43:00,2011-07-31 12:44:00,85,2375.41,151,4.9605781865965834,17.135099337748343,27.945999999999998,5746.2898331125825,5746.2898331125825
13723.0,2011-05-06 17:04:00,2011-05-06 17:04:00,6,199.85000000000002,1,0.0328515111695138,182.64,33.30833333333334,73001.208,73001.208
13725.0,2011-02-04 12:18:00,2011-10-21 10:03:00,104,1980.56,258,8.47568988173456,12.270387596899225,19.043846153846154,2804.10448372093,2804.10448372093
13726.0,2011-08-31 11:06:00,2011-11-01 10:49:00,42,1079.66,61,2.0039421813403417,20.958688524590162,25.70619047619048,6465.216472131147,6465.216472131147
13727.0,2011-11-06 12:16:00,2011-11-11 09:46:00,20,333.48,4,0.1314060446780552,152.2,16.674,30453.3936,30453.3936
13728.0,2011-02-02 12:09:00,2011-11-03 10:49:00,63,1016.14,273,8.968462549277266,7.024615384615386,16.12920634920635,1359.617652747253,1359.617652747253
13730.0,2011-07-01 12:47:00,2011-07-27 08:35:00,43,752.6,25,0.8212877792378449,52.3568,17.50232558139535,10996.389120000002,10996.389120000002
13731.0,2011-04-07 10:10:00,2011-05-04 14:33:00,38,610.59,27,0.8869908015768725,42.84148148148148,16.068157894736842,8260.604266666665,8260.604266666665
13732.0,2011-11-11 15:49:00,2011-11-11 15:49:00,33,491.86,1,0.0328515111695138,1004.52,14.904848484848486,179666.62080000003,179666.62080000003
13735.0,2011-04-19 13:49:00,2011-11-15 11:14:00,196,2885.2400000000002,209,6.865965834428383,28.5466028708134,14.72061224489796,5042.68166124402,5042.68166124402
13736.0,2011-03-24 13:04:00,2011-12-04 15:19:00,191,731.9,255,8.377135348226018,22.800156862745098,3.831937172774869,1048.4252235294116,1048.4252235294116
13737.0,2011-05-23 16:32:00,2011-05-23 16:32:00,30,339.6,1,0.0328515111695138,913.1999999999999,11.32,124049.08799999999,124049.08799999999
13739.0,2011-11-21 13:35:00,2011-11-21 13:35:00,3,216.9,1,0.0328515111695138,91.32,72.3,79229.23199999999,79229.23199999999
13740.0,2011-04-13 10:32:00,2011-04-13 10:32:00,23,350.75,1,0.0328515111695138,700.12,15.25,128121.95999999999,128121.95999999999
13741.0,2011-05-06 13:43:00,2011-09-29 09:19:00,34,668.4300000000001,145,4.763469119579501,7.137655172413793,19.65970588235294,1683.8904165517242,1683.8904165517242
13742.0,2011-01-23 14:59:00,2011-11-23 11:07:00,321,3131.02,303,9.95400788436268,32.24831683168317,9.753956386292835,3774.5841108910895,3774.5841108910895
13743.0,2011-03-25 14:46:00,2011-12-07 10:09:00,41,1341.6,256,8.409986859395532,4.87515625,32.72195121951219,1914.2954999999997,1914.2954999999997
13744.0,2011-02-20 14:08:00,2011-09-05 15:19:00,72,1156.36,197,6.471747700394218,11.12527918781726,16.060555555555553,2144.137973604061,2144.137973604061
13745.0,2011-06-30 16:43:00,2011-06-30 16:43:00,25,300.04,1,0.0328515111695138,761.0,12.001600000000002,109598.61120000001,109598.61120000001
13747.0,2010-12-01 10:37:00,2010-12-01 10:37:00,1,79.6,1,0.0328515111695138,30.439999999999998,79.6,29076.287999999993,29076.287999999993
13748.0,2010-12-01 09:00:00,2011-09-05 09:45:00,28,948.25,278,9.132720105124836,3.0658992805755396,33.86607142857143,1245.9595683453238,1245.9595683453238
13750.0,2011-01-07 11:49:00,2011-10-17 12:16:00,24,1647.26,283,9.296977660972404,2.5814840989399297,68.63583333333334,2126.187748409894,2126.187748409894
13751.0,2011-02-24 15:56:00,2011-02-24 15:56:00,9,296.25,1,0.0328515111695138,273.96,32.916666666666664,108214.19999999998,108214.19999999998
13752.0,2011-04-07 12:04:00,2011-08-07 14:16:00,76,1186.28,122,4.0078843626806835,18.96262295081967,15.608947368421052,3551.8390032786883,3551.8390032786883
13753.0,2011-02-25 12:48:00,2011-02-25 12:48:00,35,741.26,1,0.0328515111695138,1065.3999999999999,21.178857142857144,270767.45279999997,270767.45279999997
13754.0,2011-01-26 14:58:00,2011-07-11 11:51:00,12,282.6,165,5.4204993429697765,2.2138181818181817,23.55,625.6250181818182,625.6250181818182
13755.0,2011-10-07 15:45:00,2011-12-06 12:26:00,342,2161.35,59,1.938239159001314,176.44881355932205,6.319736842105263,13381.320813559321,13381.320813559321
13756.0,2010-12-07 11:41:00,2011-12-07 16:44:00,142,5189.52,365,11.990801576872535,11.84241095890411,36.54591549295775,5193.501001643836,5193.501001643836
13758.0,2010-12-01 12:08:00,2011-11-28 11:11:00,117,3190.55,361,11.85939553219448,9.865595567867038,27.26965811965812,3228.3770193905825,3228.3770193905825
13759.0,2011-09-29 15:40:00,2011-11-06 14:47:00,25,659.4100000000001,37,1.2155059132720105,20.56756756756757,26.376400000000004,6509.980670270272,6509.980670270272
13760.0,2011-03-28 12:52:00,2011-10-16 16:13:00,57,286.79,202,6.636005256241787,8.58950495049505,5.03140350877193,518.607184158416,518.607184158416
13761.0,2011-06-13 08:43:00,2011-10-20 14:01:00,70,1070.65,129,4.23784494086728,16.51782945736434,15.295000000000002,3031.682418604651,3031.682418604651
13762.0,2011-05-05 09:15:00,2011-05-05 09:15:00,7,306.72,1,0.0328515111695138,213.07999999999998,43.81714285714286,112038.68160000001,112038.68160000001
13763.0,2011-10-07 15:13:00,2011-10-07 15:13:00,15,1714.96,1,0.0328515111695138,456.59999999999997,114.33066666666667,626440.5888,535875.9878400022
13764.0,2011-01-06 14:53:00,2011-09-30 12:03:00,208,1521.76,266,8.73850197109067,23.802706766917293,7.3161538461538465,2089.73117593985,2089.73117593985
13767.0,2010-12-01 10:47:00,2011-12-07 15:00:00,368,17220.36,371,12.187910643889618,30.193854447439357,46.79445652173913,16954.860109973048,16954.860109973048
13769.0,2010-12-07 13:28:00,2011-12-07 15:08:00,135,2796.51,365,11.990801576872535,11.258630136986303,20.71488888888889,2798.655267945206,2798.655267945206
13771.0,2011-04-06 15:47:00,2011-10-06 14:18:00,119,2634.45,182,5.978975032851511,19.903076923076924,22.138235294117646,5287.428,5287.428
13772.0,2011-04-14 12:31:00,2011-11-06 11:43:00,177,1132.13,205,6.734559789750328,26.282341463414635,6.396214689265538,2017.2899824390247,2017.2899824390247
13774.0,2011-09-19 12:06:00,2011-09-19 12:06:00,22,345.0,1,0.0328515111695138,669.68,15.681818181818182,126021.59999999999,126021.59999999999
13777.0,2010-12-01 16:01:00,2011-12-09 12:25:00,197,25977.16,372,12.220762155059132,16.12010752688172,131.86375634517768,25507.895174193553,25507.895174193553
13778.0,2011-08-28 15:25:00,2011-08-28 15:25:00,9,178.7,1,0.0328515111695138,273.96,19.855555555555554,65275.53599999999,65275.53599999999
13780.0,2011-06-22 11:43:00,2011-12-02 13:49:00,57,360.01,163,5.354796320630749,10.644662576687116,6.315964912280702,806.7757840490797,806.7757840490797
13781.0,2011-04-03 12:08:00,2011-04-03 12:08:00,17,127.84,1,0.0328515111695138,517.48,7.5200000000000005,46697.395200000006,46697.395200000006
13782.0,2011-01-16 11:08:00,2011-11-27 11:54:00,115,912.0,315,10.348226018396845,11.113015873015874,7.930434782608696,1057.5725714285716,1057.5725714285716
13784.0,2011-01-11 14:38:00,2011-11-30 09:33:00,31,2462.79,322,10.578186596583443,2.93055900621118,79.44483870967741,2793.813450931677,2793.813450931677
13786.0,2010-12-07 13:53:00,2010-12-07 13:53:00,7,230.4,1,0.0328515111695138,213.07999999999998,32.91428571428572,84160.512,84160.512
13787.0,2010-12-10 14:45:00,2011-09-25 12:06:00,31,309.04,288,9.461235216819974,3.276527777777778,9.969032258064518,391.9657333333334,391.9657333333334
13790.0,2011-12-05 15:48:00,2011-12-05 15:48:00,45,348.79999999999995,1,0.0328515111695138,1369.8,7.75111111111111,127409.66399999998,127409.66399999998
13791.0,2011-06-24 16:38:00,2011-08-04 11:44:00,11,1516.0,40,1.314060446780552,8.371,137.8181818181818,13844.112,13844.112
13792.0,2011-02-25 14:03:00,2011-10-04 14:31:00,13,195.55,221,7.260183968462549,1.7905882352941178,15.042307692307693,323.2149502262444,323.2149502262444
13798.0,2010-12-02 17:24:00,2011-12-08 15:51:00,349,37153.85,370,12.155059132720105,28.712324324324324,106.4580229226361,36679.887372972975,36679.887372972975
13799.0,2011-02-18 14:18:00,2011-08-15 12:07:00,39,688.86,177,5.814717477003942,6.707118644067797,17.663076923076922,1421.6202305084744,1421.6202305084744
13800.0,2011-02-03 12:27:00,2011-02-03 12:27:00,33,558.32,1,0.0328515111695138,1004.52,16.91878787878788,203943.12960000004,203943.12960000004
13801.0,2011-10-04 10:15:00,2011-10-04 10:15:00,23,324.8,1,0.0328515111695138,700.12,14.121739130434783,118642.944,118642.944
13802.0,2011-02-01 12:03:00,2011-07-24 10:54:00,60,4599.42,172,5.650459921156373,10.61860465116279,76.657,9767.884520930233,9767.884520930233
13803.0,2011-03-29 12:57:00,2011-03-29 12:57:00,17,277.07,1,0.0328515111695138,517.48,16.298235294117646,101208.1296,101208.1296
13804.0,2011-02-23 09:09:00,2011-11-09 12:32:00,137,2635.79,259,8.508541392904073,16.101467181467182,19.23934306569343,3717.3798115830114,3717.3798115830114
13805.0,2011-08-02 15:29:00,2011-10-18 14:50:00,13,924.5999999999999,76,2.4967148488830486,5.206842105263158,71.12307692307692,4443.919578947369,4443.919578947369
13806.0,2011-10-07 11:43:00,2011-10-07 11:43:00,10,256.38,1,0.0328515111695138,304.4,25.637999999999998,93650.4864,93650.4864
13807.0,2010-12-07 15:48:00,2010-12-07 15:48:00,7,112.6,1,0.0328515111695138,213.07999999999998,16.085714285714285,41130.528,41130.528
13808.0,2011-09-04 12:07:00,2011-12-04 12:18:00,76,1747.66,91,2.9894875164257555,25.422417582417584,22.995526315789476,7015.222470329672,7015.222470329672
13809.0,2011-02-07 13:15:00,2011-02-07 13:15:00,12,155.05,1,0.0328515111695138,365.28,12.920833333333334,56636.664,56636.664
13810.0,2011-10-14 12:57:00,2011-11-11 08:33:00,35,1499.01,27,0.8869908015768725,39.45925925925926,42.828857142857146,20279.939733333336,20279.939733333336
13811.0,2011-04-14 18:40:00,2011-06-09 09:54:00,13,814.5,55,1.8068331143232588,7.194909090909091,62.65384615384615,5409.464727272727,5409.464727272727
13812.0,2011-08-26 12:54:00,2011-10-28 14:27:00,36,539.0,63,2.0696452036793693,17.394285714285715,14.972222222222221,3125.1733333333336,3125.1733333333336
13813.0,2011-07-28 10:33:00,2011-10-31 10:38:00,69,1366.8600000000001,95,3.1208935611038107,22.109052631578948,19.809565217391306,5255.64864,5255.64864
13814.0,2011-07-25 13:54:00,2011-09-08 13:48:00,57,1579.12,44,1.445466491458607,39.43363636363637,27.703859649122805,13109.567127272727,13109.567127272727
13815.0,2011-01-25 12:16:00,2011-11-17 14:19:00,176,4027.36,296,9.724047306176084,18.09945945945946,22.882727272727273,4969.979935135135,4969.979935135135
13816.0,2011-10-06 14:37:00,2011-11-16 08:38:00,28,571.6700000000001,40,1.314060446780552,21.308,20.416785714285716,5220.4904400000005,5220.4904400000005
13817.0,2010-12-23 11:46:00,2011-11-10 17:49:00,24,382.98,322,10.578186596583443,2.2688198757763973,15.957500000000001,434.45631801242234,434.45631801242234
13819.0,2011-01-24 10:38:00,2011-02-11 10:38:00,36,1140.35,18,0.5913272010512484,60.88,31.676388888888887,23141.502666666667,23141.502666666667
13821.0,2011-03-23 11:30:00,2011-07-18 09:49:00,59,385.64,116,3.8107752956636003,15.482413793103449,6.536271186440678,1214.3670620689657,1214.3670620689657
13822.0,2011-10-30 15:55:00,2011-12-04 12:13:00,96,632.0,34,1.1169513797634691,85.94823529411765,6.583333333333333,6789.910588235294,6789.910588235294
13823.0,2011-09-09 10:42:00,2011-11-21 10:22:00,40,957.66,72,2.3653088042049935,16.91111111111111,23.941499999999998,4858.5284,4858.5284
13824.0,2011-02-02 13:07:00,2011-11-07 12:41:00,46,1698.94,277,9.099868593955321,5.055018050541516,36.93347826086956,2240.39279133574,2240.39279133574
13826.0,2011-06-16 13:48:00,2011-06-16 13:48:00,10,189.5,1,0.0328515111695138,304.4,18.95,69220.56,69220.56
13827.0,2011-07-19 15:38:00,2011-10-13 12:38:00,93,412.05,85,2.7923784494086727,33.30494117647059,4.430645161290323,1770.748517647059,1770.748517647059
13828.0,2011-11-17 16:02:00,2011-11-17 16:02:00,15,209.49,1,0.0328515111695138,456.59999999999997,13.966000000000001,76522.50720000001,76522.50720000001
13831.0,2010-12-05 12:13:00,2011-11-23 15:41:00,74,2202.99,353,11.59658344283837,6.381189801699717,29.77013513513513,2279.626592634561,2279.626592634561
13832.0,2011-11-20 15:36:00,2011-11-20 15:36:00,3,52.2,1,0.0328515111695138,91.32,17.400000000000002,19067.616,19067.616
13833.0,2011-07-03 13:27:00,2011-07-03 13:27:00,29,384.8,1,0.0328515111695138,882.76,13.26896551724138,140559.744,140559.744
13835.0,2011-05-08 15:22:00,2011-11-14 15:37:00,55,834.57,190,6.241787122207621,8.811578947368421,15.174000000000001,1604.4827873684212,1604.4827873684212
13837.0,2011-01-26 12:15:00,2011-05-12 12:10:00,19,271.24,105,3.4494086727989486,5.508190476190476,14.275789473684211,943.6052114285716,943.6052114285716
13838.0,2010-12-05 10:45:00,2011-12-04 11:00:00,174,691.73,364,11.957950065703022,14.550989010989012,3.975459770114943,694.1624571428572,694.1624571428572
13841.0,2011-04-01 12:10:00,2011-04-01 12:10:00,1,85.0,1,0.0328515111695138,30.439999999999998,85.0,31048.799999999996,31048.799999999996
13842.0,2010-12-08 10:39:00,2011-10-12 10:51:00,206,3385.62,308,10.11826544021025,20.35922077922078,16.43504854368932,4015.257381818182,4015.257381818182
13844.0,2011-11-28 13:21:00,2011-11-28 13:21:00,20,361.62,1,0.0328515111695138,608.8,18.081,132092.55359999998,132092.55359999998
13845.0,2011-10-06 08:25:00,2011-10-06 08:25:00,9,312.98,1,0.0328515111695138,273.96,34.775555555555556,114325.33439999999,114325.33439999999
13846.0,2010-12-14 16:07:00,2011-11-15 12:07:00,55,865.0600000000001,335,11.005256241787121,4.9976119402985075,15.728363636363637,943.2510949253733,943.2510949253733
13848.0,2010-12-08 15:10:00,2011-09-08 12:58:00,5,1255.0,273,8.968462549277266,0.5575091575091575,251.0,1679.2175824175824,1679.2175824175824
13849.0,2011-06-22 10:11:00,2011-10-19 10:59:00,101,1537.95,119,3.9093298291721417,25.83563025210084,15.227227722772279,4720.860302521009,4720.860302521009
13850.0,2011-08-02 14:04:00,2011-08-02 14:04:00,93,1595.48,1,0.0328515111695138,2830.92,17.155698924731183,582796.9344,535875.9878400022
13851.0,2011-02-24 17:18:00,2011-09-05 12:36:00,81,2651.46,192,6.307490144546649,12.841875,32.73407407407407,5044.40265,5044.40265
13853.0,2011-10-13 14:18:00,2011-10-13 14:18:00,23,1090.1399999999999,1,0.0328515111695138,700.12,47.39739130434782,398206.33919999993,398206.33919999993
13854.0,2010-12-09 10:48:00,2011-12-01 09:06:00,110,8109.5199999999995,356,11.695137976346912,9.40561797752809,73.72290909090908,8320.914229213482,8320.914229213482
13856.0,2011-05-20 13:13:00,2011-06-24 10:03:00,14,388.5,34,1.1169513797634691,12.534117647058823,27.75,4173.861176470588,4173.861176470588
13858.0,2011-10-13 16:17:00,2011-10-13 16:17:00,11,216.17000000000002,1,0.0328515111695138,334.84,19.651818181818182,78962.57759999999,78962.57759999999
13859.0,2011-01-17 16:14:00,2011-01-17 16:14:00,28,201.16,1,0.0328515111695138,852.3199999999999,7.184285714285714,73479.7248,73479.7248
13860.0,2011-09-14 09:27:00,2011-12-08 12:57:00,76,1245.9,85,2.7923784494086727,27.216941176470588,16.39342105263158,5354.1453176470595,5354.1453176470595
13862.0,2011-01-11 15:13:00,2011-11-21 16:24:00,139,2209.36,314,10.315374507227332,13.475031847133758,15.894676258992806,2570.1752254777075,2570.1752254777075
13863.0,2011-04-06 10:20:00,2011-04-06 10:20:00,20,305.78,1,0.0328515111695138,608.8,15.288999999999998,111695.31839999997,111695.31839999997
13865.0,2011-02-23 12:04:00,2011-10-12 13:31:00,30,501.56,231,7.588699080157687,3.9532467532467535,16.718666666666667,793.1161766233768,793.1161766233768
13866.0,2011-09-26 14:54:00,2011-09-26 14:54:00,7,145.67,1,0.0328515111695138,213.07999999999998,20.81,53210.33759999999,53210.33759999999
13867.0,2011-05-05 17:28:00,2011-11-08 15:48:00,61,1015.29,186,6.110381077529566,9.983010752688172,16.644098360655736,1993.8985548387093,1993.8985548387093
13868.0,2011-11-01 12:45:00,2011-12-02 16:32:00,33,3192.54,31,1.0183968462549278,32.40387096774194,96.74363636363637,37618.419716129036,37618.419716129036
13869.0,2010-12-17 15:14:00,2011-08-08 13:53:00,307,3104.9500000000003,233,7.654402102496714,40.10763948497854,10.11384364820847,4867.708738197425,4867.708738197425
13870.0,2011-02-25 09:09:00,2011-12-07 13:23:00,115,2770.94,285,9.362680683311432,12.282807017543862,24.095130434782607,3551.4700463157897,3551.4700463157897
13871.0,2011-02-04 09:30:00,2011-11-17 10:49:00,336,6403.25,286,9.395532194480946,35.761678321678325,19.057291666666668,8178.248811188812,8178.248811188812
13873.0,2011-02-03 09:37:00,2011-08-12 10:08:00,23,389.6,190,6.241787122207621,3.684842105263158,16.93913043478261,749.0162526315789,749.0162526315789
13874.0,2010-12-16 18:20:00,2010-12-16 18:20:00,18,540.45,1,0.0328515111695138,547.92,30.025000000000002,197415.576,197415.576
13875.0,2011-02-11 15:39:00,2011-10-17 09:36:00,104,1786.79,247,8.114323258869907,12.81684210526316,17.180673076923078,2642.423689068826,2642.423689068826
13876.0,2011-10-07 10:22:00,2011-10-07 10:22:00,7,122.7,1,0.0328515111695138,213.07999999999998,17.52857142857143,44819.856,44819.856
13877.0,2011-09-14 15:49:00,2011-09-14 15:49:00,3,117.24,1,0.0328515111695138,91.32,39.08,42825.4272,42825.4272
13878.0,2011-10-16 12:19:00,2011-10-16 12:19:00,36,1281.53,1,0.0328515111695138,1095.84,35.598055555555554,468117.27839999995,468117.27839999995
13880.0,2010-12-07 14:00:00,2011-11-18 13:44:00,165,3219.77,345,11.333771353482259,14.558260869565219,19.513757575757577,3409.0364800000007,3409.0364800000007
13881.0,2011-02-01 10:14:00,2011-12-06 12:50:00,178,17159.52,308,10.11826544021025,17.59194805194805,96.40179775280899,20350.745018181817,20350.745018181817
13882.0,2011-10-06 15:28:00,2011-12-07 11:16:00,65,1191.13,61,2.0039421813403417,32.43606557377049,18.325076923076924,7132.720760655739,7132.720760655739
13883.0,2011-03-31 17:17:00,2011-11-29 10:45:00,142,2674.48,242,7.9500657030223385,17.861487603305786,18.834366197183098,4036.917580165289,4036.917580165289
13884.0,2011-03-01 13:40:00,2011-12-02 16:30:00,59,787.6,276,9.067017082785808,6.507101449275362,13.349152542372881,1042.3714782608695,1042.3714782608695
13885.0,2011-05-23 08:52:00,2011-06-03 15:07:00,28,506.8,11,0.36136662286465177,77.48363636363636,18.1,16829.44581818182,16829.44581818182
13886.0,2011-09-29 13:17:00,2011-09-29 13:17:00,16,243.56,1,0.0328515111695138,487.03999999999996,15.2225,88967.5968,88967.5968
13887.0,2011-05-19 17:22:00,2011-05-19 17:22:00,19,349.55,1,0.0328515111695138,578.36,18.397368421052633,127683.62400000001,127683.62400000001
13888.0,2011-05-05 14:41:00,2011-08-12 10:13:00,40,605.63,98,3.219448094612352,12.424489795918367,15.14075,2257.3931265306123,2257.3931265306123
13889.0,2011-09-08 09:13:00,2011-09-08 09:13:00,15,416.90000000000003,1,0.0328515111695138,456.59999999999997,27.793333333333337,152285.232,152285.232
13890.0,2010-12-16 09:31:00,2011-12-08 15:36:00,110,1883.81,357,11.727989487516425,9.379271708683474,17.125545454545453,1927.5017277310922,1927.5017277310922
13892.0,2011-04-07 12:04:00,2011-11-13 11:50:00,27,632.97,219,7.194480946123521,3.752876712328767,23.443333333333335,1055.759276712329,1055.759276712329
13893.0,2011-02-15 11:30:00,2011-02-15 11:30:00,21,821.1,1,0.0328515111695138,639.24,39.1,299931.408,299931.408
13894.0,2011-02-02 12:54:00,2011-11-16 09:44:00,27,564.62,286,9.395532194480946,2.873706293706294,20.911851851851853,721.1342433566434,721.1342433566434
13895.0,2011-06-28 10:17:00,2011-11-11 16:57:00,118,2593.07,136,4.467805519053877,26.411176470588234,21.975169491525424,6964.680952941176,6964.680952941176
13897.0,2011-10-20 14:30:00,2011-10-20 14:30:00,17,311.16,1,0.0328515111695138,517.48,18.303529411764707,113660.52480000001,113660.52480000001
13898.0,2011-01-18 10:28:00,2011-01-18 10:28:00,12,155.93,1,0.0328515111695138,365.28,12.994166666666667,56958.11039999999,56958.11039999999
13899.0,2011-03-10 09:30:00,2011-11-23 13:40:00,19,388.52,258,8.47568988173456,2.241705426356589,20.448421052631577,550.0720372093023,550.0720372093023
13900.0,2011-03-22 10:13:00,2011-06-09 19:26:00,43,740.95,79,2.59526938239159,16.568607594936708,17.23139534883721,3426.0027341772147,3426.0027341772147
13901.0,2011-01-25 09:01:00,2011-09-28 14:48:00,149,2867.2000000000003,246,8.081471747700395,18.437235772357724,19.24295302013423,4257.442341463416,4257.442341463416
13904.0,2011-02-18 11:18:00,2011-11-02 13:41:00,26,332.64,257,8.442838370565045,3.0795330739299613,12.793846153846154,472.78886848249033,472.78886848249033
13908.0,2011-03-08 12:04:00,2011-09-21 11:49:00,122,2369.55,196,6.438896189224704,18.94734693877551,19.42254098360656,4416.067469387755,4416.067469387755
13911.0,2011-02-04 14:46:00,2011-10-13 15:43:00,148,2580.91,251,8.245729303547963,17.948685258964144,17.43858108108108,3755.9952382470115,3755.9952382470115
13914.0,2011-11-03 16:28:00,2011-11-28 10:35:00,33,626.45,24,0.7884362680683311,41.855000000000004,18.983333333333334,9534.569000000001,9534.569000000001
13917.0,2011-06-01 12:46:00,2011-10-21 09:56:00,18,272.04,141,4.6320630749014455,3.8859574468085105,15.113333333333335,704.7572425531915,704.7572425531915
13918.0,2011-03-31 18:05:00,2011-10-21 12:25:00,30,1212.8400000000001,203,6.668856767411301,4.4985221674876845,40.428000000000004,2182.395050246306,2182.395050246306
13919.0,2011-08-10 10:15:00,2011-10-11 14:24:00,28,384.81,62,2.0367936925098555,13.747096774193547,13.743214285714286,2267.1515612903227,2267.1515612903227
13922.0,2010-12-23 10:38:00,2010-12-23 10:38:00,7,172.25,1,0.0328515111695138,213.07999999999998,24.607142857142858,62919.479999999996,62919.479999999996
13923.0,2011-10-17 12:33:00,2011-10-17 12:33:00,20,351.13,1,0.0328515111695138,608.8,17.5565,128260.7664,128260.7664
13924.0,2011-09-28 15:07:00,2011-12-08 09:39:00,117,1838.8500000000001,70,2.299605781865966,50.87828571428572,15.716666666666669,9595.644685714287,9595.644685714287
13925.0,2011-07-28 12:09:00,2011-09-08 12:47:00,41,678.25,42,1.3797634691195795,29.715238095238096,16.54268292682927,5898.837142857144,5898.837142857144
13926.0,2011-11-16 13:16:00,2011-11-16 13:16:00,11,223.85000000000002,1,0.0328515111695138,334.84,20.35,81767.928,81767.928
13927.0,2011-09-26 12:00:00,2011-09-26 12:00:00,21,348.99,1,0.0328515111695138,639.24,16.61857142857143,127479.0672,127479.0672
13928.0,2011-07-29 15:59:00,2011-11-29 10:33:00,27,464.57,122,4.0078843626806835,6.736721311475409,17.206296296296298,1390.968275409836,1390.968275409836
13929.0,2011-01-17 15:11:00,2011-06-23 15:26:00,9,842.65,157,5.157687253613666,1.744968152866242,93.62777777777778,1960.5298853503186,1960.5298853503186
13930.0,2011-07-26 11:00:00,2011-10-13 09:45:00,17,337.34,78,2.562417871222076,6.634358974358975,19.843529411764706,1579.7891692307692,1579.7891692307692
13931.0,2011-03-04 08:43:00,2011-09-05 10:12:00,58,1237.53,185,6.077529566360052,9.543351351351351,21.336724137931036,2443.4862616216215,2443.4862616216215
13932.0,2011-02-18 12:02:00,2011-02-18 12:02:00,16,307.4,1,0.0328515111695138,487.03999999999996,19.2125,112287.07199999999,112287.07199999999
13933.0,2011-07-14 13:35:00,2011-08-22 14:03:00,23,608.79,39,1.281208935611038,17.95179487179487,26.469130434782606,5702.020799999998,5702.020799999998
13934.0,2011-03-21 08:39:00,2011-03-21 08:39:00,31,922.1,1,0.0328515111695138,943.64,29.74516129032258,336824.688,336824.688
13936.0,2011-06-13 08:47:00,2011-06-13 08:47:00,26,376.58,1,0.0328515111695138,791.4399999999999,14.483846153846153,137557.14239999998,137557.14239999998
13937.0,2011-06-23 16:35:00,2011-06-23 16:35:00,9,158.85,1,0.0328515111695138,273.96,17.65,58024.72799999999,58024.72799999999
13938.0,2011-11-04 14:37:00,2011-11-04 14:37:00,7,71.66,1,0.0328515111695138,213.07999999999998,10.237142857142857,26175.964799999998,26175.964799999998
13939.0,2011-02-01 11:30:00,2011-11-16 13:33:00,45,568.55,288,9.461235216819974,4.75625,12.634444444444444,721.1109166666665,721.1109166666665
13940.0,2011-07-18 16:05:00,2011-11-22 15:15:00,49,839.14,126,4.139290407358739,11.837777777777777,17.12530612244898,2432.706819047619,2432.706819047619
13941.0,2010-12-02 10:17:00,2011-11-18 09:43:00,45,5112.96,350,11.498028909329829,3.9137142857142857,113.62133333333334,5336.177225142857,5336.177225142857
13946.0,2011-03-17 10:02:00,2011-09-21 13:33:00,11,561.57,188,6.176084099868594,1.781063829787234,51.051818181818184,1091.1185617021279,1091.1185617021279
13947.0,2011-10-05 14:42:00,2011-10-05 14:42:00,5,90.60000000000001,1,0.0328515111695138,152.2,18.12,33094.368,33094.368
13948.0,2010-12-14 10:18:00,2010-12-14 10:18:00,3,102.0,1,0.0328515111695138,91.32,34.0,37258.56,37258.56
13949.0,2011-09-06 11:55:00,2011-12-07 09:35:00,160,2427.32,91,2.9894875164257555,53.52087912087912,15.170750000000002,9743.422523076924,9743.422523076924
13950.0,2011-04-07 11:29:00,2011-11-28 14:44:00,35,745.0600000000001,235,7.720105124835742,4.533617021276596,21.287428571428574,1158.10858212766,1158.10858212766
13951.0,2011-02-18 15:21:00,2011-06-16 16:43:00,39,674.45,118,3.876478318002628,10.060677966101695,17.293589743589745,2087.822847457627,2087.822847457627
13952.0,2011-04-15 09:27:00,2011-05-06 09:00:00,137,3251.071,20,0.657030223390276,208.514,23.730445255474454,59377.560744,59377.560744
13953.0,2010-12-22 10:29:00,2011-12-02 16:04:00,20,3515.68,345,11.333771353482259,1.7646376811594204,175.784,3722.340841739131,3722.340841739131
13954.0,2011-09-30 10:52:00,2011-12-08 12:50:00,25,439.92,69,2.266754270696452,11.028985507246377,17.5968,2328.8982260869566,2328.8982260869566
13955.0,2011-02-07 12:24:00,2011-07-08 17:19:00,33,322.96,151,4.9605781865965834,6.652450331125828,9.786666666666665,781.2637668874172,781.2637668874172
13956.0,2011-03-13 12:51:00,2011-12-04 13:20:00,152,1026.42,266,8.73850197109067,17.394285714285715,6.752763157894737,1409.5139007518799,1409.5139007518799
13959.0,2010-12-12 13:56:00,2011-09-21 15:06:00,92,598.2,283,9.296977660972404,9.895689045936397,6.502173913043479,772.1218939929331,772.1218939929331
13960.0,2011-09-29 12:39:00,2011-11-18 15:27:00,12,230.22,50,1.6425755584756898,7.3056,19.185,1681.895232,1681.895232
13962.0,2011-04-08 11:21:00,2011-11-18 08:47:00,11,169.54999999999998,223,7.3258869908015765,1.5015246636771302,15.413636363636362,277.72746188340807,277.72746188340807
13963.0,2010-12-07 09:21:00,2011-02-04 14:43:00,35,664.54,59,1.938239159001314,18.05762711864407,18.986857142857144,4114.291037288136,4114.291037288136
13967.0,2011-07-17 12:02:00,2011-07-17 12:02:00,2,80.7,1,0.0328515111695138,60.879999999999995,40.35,29478.095999999998,29478.095999999998
13969.0,2010-12-09 19:32:00,2011-12-02 15:11:00,626,9053.94,357,11.727989487516425,53.376582633053225,14.463162939297126,9263.930541176473,9263.930541176473
13971.0,2011-02-27 12:27:00,2011-11-21 12:06:00,149,2758.26,266,8.73850197109067,17.05097744360902,18.511812080536913,3787.733882706767,3787.733882706767
13972.0,2011-05-22 11:34:00,2011-09-30 11:54:00,15,190.25,131,4.303547963206308,3.4854961832061067,12.683333333333334,530.4925190839695,530.4925190839695
13973.0,2011-02-25 15:21:00,2011-02-25 15:21:00,11,264.7,1,0.0328515111695138,334.84,24.063636363636363,96689.61599999998,96689.61599999998
13974.0,2011-10-21 14:41:00,2011-10-21 14:41:00,28,413.59000000000003,1,0.0328515111695138,852.3199999999999,14.77107142857143,151076.15519999998,151076.15519999998
13975.0,2011-03-08 12:19:00,2011-11-08 13:19:00,338,2526.28,245,8.04862023653088,41.994775510204086,7.474201183431953,3766.528809795919,3766.528809795919
13976.0,2011-05-17 09:13:00,2011-05-17 09:13:00,10,357.98,1,0.0328515111695138,304.4,35.798,130762.9344,130762.9344
13978.0,2011-10-25 15:04:00,2011-11-25 11:36:00,15,196.79,30,0.9855453350854139,15.22,13.119333333333334,2396.11504,2396.11504
13979.0,2011-09-27 13:32:00,2011-09-27 13:32:00,54,869.87,1,0.0328515111695138,1643.76,16.108703703703704,317746.1136,317746.1136
13980.0,2011-10-10 13:34:00,2011-10-10 13:34:00,11,200.14,1,0.0328515111695138,334.84,18.19454545454545,73107.13919999999,73107.13919999999
13982.0,2010-12-09 13:57:00,2011-10-31 16:24:00,111,1871.81,326,10.709592641261498,10.364539877300613,16.863153153153153,2097.345879754601,2097.345879754601
13983.0,2010-12-08 10:38:00,2011-11-10 11:06:00,107,2603.43,337,11.070959264126149,9.66492581602374,24.3311214953271,2821.901811275964,2821.901811275964
13984.0,2010-12-08 15:58:00,2011-11-13 12:38:00,16,920.51,339,11.136662286465176,1.4366961651917405,57.531875,991.8698902654867,991.8698902654867
13985.0,2011-03-20 13:48:00,2011-12-05 17:06:00,349,7060.13,260,8.541392904073588,40.85984615384615,20.229598853868197,9918.939563076923,9918.939563076923
13986.0,2011-11-22 15:00:00,2011-11-22 15:00:00,13,320.46,1,0.0328515111695138,395.71999999999997,24.650769230769228,117057.62879999998,117057.62879999998
13988.0,2011-03-30 11:48:00,2011-11-20 10:15:00,234,4147.96,234,7.687253613666228,30.44,17.726324786324785,6475.071917948718,6475.071917948718
13989.0,2011-04-14 15:39:00,2011-10-05 09:47:00,41,1266.08,173,5.683311432325887,7.214104046242775,30.88,2673.2583953757226,2673.2583953757226
13990.0,2011-05-10 15:19:00,2011-05-10 15:19:00,16,311.3,1,0.0328515111695138,487.03999999999996,19.45625,113711.66399999999,113711.66399999999
13991.0,2011-07-19 12:58:00,2011-11-27 16:18:00,84,855.97,131,4.303547963206308,19.518778625954198,10.190119047619048,2386.784134351145,2386.784134351145
13992.0,2011-11-09 15:23:00,2011-11-09 15:23:00,5,76.8,1,0.0328515111695138,152.2,15.36,28053.504,28053.504
13993.0,2011-01-13 10:43:00,2011-10-28 09:06:00,121,3466.36,287,9.42838370565046,12.833588850174218,28.647603305785125,4411.818748432056,4411.818748432056
13994.0,2011-07-14 18:28:00,2011-12-06 11:05:00,155,2313.14,144,4.730617608409987,32.765277777777776,14.923483870967742,5867.665133333333,5867.665133333333
13995.0,2011-04-08 08:20:00,2011-11-24 14:22:00,86,1393.69,230,7.555847568988173,11.381913043478262,16.205697674418605,2213.4221008695654,2213.4221008695654
13999.0,2010-12-13 11:23:00,2011-11-29 13:40:00,208,3901.81,351,11.530880420499342,18.03851851851852,18.758701923076924,4060.5503042735045,4060.5503042735045
14000.0,2011-05-12 16:50:00,2011-05-12 16:50:00,15,635.66,1,0.0328515111695138,456.59999999999997,42.37733333333333,232193.8848,232193.8848
14001.0,2010-12-01 12:58:00,2011-10-25 10:31:00,39,2043.0800000000002,327,10.74244415243101,3.6304587155963306,52.38666666666667,2282.2515669724776,2282.2515669724776
14002.0,2011-07-06 14:59:00,2011-07-28 15:55:00,47,529.73,22,0.7227332457293035,65.03090909090909,11.270851063829788,8795.44429090909,8795.44429090909
14004.0,2011-02-24 09:28:00,2011-10-27 14:40:00,171,4582.64,245,8.04862023653088,21.24587755102041,26.799064327485382,6832.435670204083,6832.435670204083
14005.0,2011-05-08 10:33:00,2011-11-30 12:41:00,84,2874.72,206,6.767411300919842,12.41242718446602,34.22285714285714,5097.464667961165,5097.464667961165
14006.0,2011-01-31 15:11:00,2011-08-16 09:39:00,30,962.19,196,6.438896189224704,4.659183673469388,32.073,1793.2079755102045,1793.2079755102045
14009.0,2011-05-18 13:00:00,2011-05-25 15:47:00,42,695.61,7,0.22996057818659657,182.64000000000001,16.562142857142856,36298.91725714286,36298.91725714286
14012.0,2011-03-07 12:26:00,2011-03-07 12:26:00,11,328.8,1,0.0328515111695138,334.84,29.89090909090909,120104.06399999998,120104.06399999998
14013.0,2011-03-09 08:59:00,2011-08-21 15:01:00,34,473.02,165,5.4204993429697765,6.272484848484849,13.91235294117647,1047.1802763636365,1047.1802763636365
14014.0,2011-09-23 13:18:00,2011-09-23 13:18:00,39,505.18,1,0.0328515111695138,1187.1599999999999,12.953333333333333,184532.15039999998,184532.15039999998
14015.0,2011-10-18 10:02:00,2011-10-18 10:02:00,20,917.34,1,0.0328515111695138,608.8,45.867000000000004,335085.9552,335085.9552
14016.0,2010-12-17 14:21:00,2011-07-01 11:29:00,161,4341.21,195,6.40604467805519,25.132512820512822,26.964037267080744,8132.088147692308,8132.088147692308
14019.0,2011-07-24 15:39:00,2011-10-24 10:13:00,66,1421.6100000000001,91,2.9894875164257555,22.077362637362636,21.539545454545458,5706.436272527473,5706.436272527473
14020.0,2011-09-12 15:32:00,2011-11-23 09:22:00,39,642.8,71,2.3324572930354797,16.72056338028169,16.48205128205128,3307.0701971830977,3307.0701971830977
14021.0,2011-03-28 15:10:00,2011-07-07 15:46:00,22,631.9,101,3.3180026281208934,6.630495049504951,28.722727272727273,2285.3508118811883,2285.3508118811883
14022.0,2011-04-28 14:39:00,2011-04-28 14:39:00,28,440.0,1,0.0328515111695138,852.3199999999999,15.714285714285714,160723.19999999998,160723.19999999998
14023.0,2011-04-03 15:50:00,2011-12-02 13:58:00,31,584.07,242,7.9500657030223385,3.8993388429752067,18.840967741935486,881.6078082644631,881.6078082644631
14024.0,2011-08-07 13:31:00,2011-08-10 11:30:00,16,327.7,2,0.0657030223390276,243.51999999999998,20.48125,59851.12799999999,59851.12799999999
14027.0,2011-10-10 09:01:00,2011-10-10 09:01:00,6,104.82,1,0.0328515111695138,182.64,17.47,38288.6496,38288.6496
14029.0,2011-07-18 16:57:00,2011-10-07 14:46:00,15,467.66,80,2.628120893561104,5.7075000000000005,31.177333333333333,2135.3355600000004,2135.3355600000004
14030.0,2010-12-08 16:11:00,2011-11-21 16:48:00,243,2360.09,348,11.432325886990801,21.255517241379312,9.712304526748971,2477.280675862069,2477.280675862069
14031.0,2010-12-02 16:34:00,2011-12-02 17:13:00,250,17286.86,365,11.990801576872535,20.84931506849315,69.14744,17300.121152876716,17300.121152876716
14032.0,2010-12-08 10:53:00,2011-12-07 15:23:00,143,2975.59,364,11.957950065703022,11.958571428571428,20.80832167832168,2986.0536131868134,2986.0536131868134
14034.0,2011-07-05 13:06:00,2011-11-17 14:02:00,89,651.8199999999999,135,4.434954007884363,20.067851851851852,7.323820224719101,1763.6800711111111,1763.6800711111111
14035.0,2011-02-15 12:48:00,2011-11-11 10:03:00,66,1428.02,268,8.804204993429698,7.496417910447761,21.636666666666667,1946.3699462686563,1946.3699462686563
14036.0,2011-02-28 09:26:00,2011-02-28 09:26:00,38,626.65,1,0.0328515111695138,1156.72,16.49078947368421,228902.712,228902.712
14037.0,2010-12-10 11:39:00,2011-06-16 13:57:00,28,147.20000000000002,188,6.176084099868594,4.533617021276596,5.257142857142858,286.00646808510646,286.00646808510646
14038.0,2011-05-16 14:05:00,2011-09-22 13:37:00,92,1560.38,128,4.204993429697766,21.87875,16.960652173913044,4452.9344249999995,4452.9344249999995
14039.0,2011-11-06 13:48:00,2011-11-06 13:48:00,6,152.2,1,0.0328515111695138,182.64,25.366666666666664,55595.61599999999,55595.61599999999
14040.0,2011-01-12 14:57:00,2011-10-30 12:42:00,235,3614.92,290,9.526938239159001,24.666896551724136,15.38263829787234,4553.303371034483,4553.303371034483
14041.0,2011-03-18 13:25:00,2011-03-18 13:25:00,21,141.41,1,0.0328515111695138,639.24,6.733809523809524,51654.2448,51654.2448
14044.0,2011-02-03 11:39:00,2011-11-13 12:05:00,209,652.82,283,9.296977660972404,22.480424028268555,3.1235406698564594,842.6222247349825,842.6222247349825
14045.0,2010-12-01 11:32:00,2011-08-22 15:27:00,6,1659.75,264,8.672798948751643,0.6918181818181818,276.625,2296.4904545454547,2296.4904545454547
14046.0,2011-02-28 14:48:00,2011-02-28 14:48:00,14,154.99,1,0.0328515111695138,426.15999999999997,11.070714285714287,56614.7472,56614.7472
14047.0,2010-12-02 10:09:00,2011-12-01 11:43:00,32,1308.6100000000001,364,11.957950065703022,2.676043956043956,40.894062500000004,1313.2117054945056,1313.2117054945056
14048.0,2011-02-07 14:53:00,2011-02-07 14:53:00,85,409.93,1,0.0328515111695138,2587.4,4.822705882352941,149739.2304,149739.2304
14049.0,2011-01-26 11:27:00,2011-11-23 12:20:00,488,5681.72,301,9.888304862023652,49.3512292358804,11.642868852459017,6895.078676411961,6895.078676411961
14050.0,2011-08-25 13:46:00,2011-11-08 10:00:00,54,746.36,74,2.431011826544021,22.212972972972974,13.821481481481483,3684.1943351351356,3684.1943351351356
14051.0,2010-12-08 12:49:00,2011-12-09 10:20:00,210,15610.390000000001,365,11.990801576872535,17.513424657534248,74.33519047619048,15622.365093698632,15622.365093698632
14052.0,2011-11-20 12:30:00,2011-11-20 12:30:00,56,225.35999999999999,1,0.0328515111695138,1704.6399999999999,4.024285714285714,82319.50079999998,82319.50079999998
14053.0,2011-07-03 12:21:00,2011-08-07 14:27:00,4,260.25,35,1.149802890932983,3.4788571428571426,65.0625,2716.117714285714,2716.117714285714
14054.0,2011-10-05 15:49:00,2011-10-05 15:49:00,6,92.46000000000001,1,0.0328515111695138,182.64,15.410000000000002,33773.7888,33773.7888
14055.0,2011-08-25 15:04:00,2011-08-25 15:04:00,10,725.6400000000001,1,0.0328515111695138,304.4,72.56400000000001,265061.7792,265061.7792
14056.0,2011-02-28 15:19:00,2011-12-08 13:36:00,1106,8214.65,282,9.264126149802891,119.38524822695035,7.427350813743218,10640.59344680851,10640.59344680851
14057.0,2010-12-14 12:11:00,2011-11-16 10:32:00,284,6217.96,336,11.038107752956636,25.72904761904762,21.894225352112677,6759.810800000001,6759.810800000001
14059.0,2011-03-18 10:06:00,2011-03-18 10:06:00,8,183.6,1,0.0328515111695138,243.51999999999998,22.95,67065.408,67065.408
14060.0,2010-12-02 12:11:00,2011-12-05 12:29:00,202,6140.42,368,12.089356110381077,16.708913043478262,30.39811881188119,6095.034286956522,6095.034286956522
14062.0,2010-12-10 15:56:00,2011-11-30 10:04:00,111,10464.85,354,11.629434954007884,9.544745762711864,94.27792792792793,10798.306237288136,10798.306237288136
14064.0,2011-03-10 12:59:00,2011-11-10 13:14:00,80,1353.74,245,8.04862023653088,9.939591836734694,16.92175,2018.3434579591835,2018.3434579591835
14066.0,2011-03-18 12:21:00,2011-03-18 12:21:00,7,152.55,1,0.0328515111695138,213.07999999999998,21.792857142857144,55723.46400000001,55723.46400000001
14067.0,2011-09-04 12:00:00,2011-10-07 10:21:00,52,374.7,32,1.0512483574244416,49.464999999999996,7.2057692307692305,4277.200499999999,4277.200499999999
14068.0,2011-01-23 16:02:00,2011-01-23 16:02:00,24,265.85,1,0.0328515111695138,730.56,11.077083333333334,97109.688,97109.688
14071.0,2011-03-20 11:33:00,2011-12-06 12:27:00,324,1438.82,261,8.5742444152431,37.787586206896556,4.440802469135802,2013.6864735632182,2013.6864735632182
14073.0,2011-11-07 15:49:00,2011-11-07 15:49:00,13,151.04,1,0.0328515111695138,395.71999999999997,11.618461538461538,55171.8912,55171.8912
14075.0,2011-03-23 16:35:00,2011-12-05 08:38:00,43,942.26,256,8.409986859395532,5.112968749999999,21.913023255813954,1344.4872375,1344.4872375
14076.0,2011-08-02 15:19:00,2011-08-02 15:19:00,46,122.47,1,0.0328515111695138,1400.24,2.662391304347826,44735.8416,44735.8416
14077.0,2011-03-10 15:52:00,2011-10-30 12:35:00,42,499.42,233,7.654402102496714,5.487038626609443,11.890952380952381,782.9533802575108,782.9533802575108
14078.0,2010-12-01 12:54:00,2011-08-30 12:16:00,65,1049.37,271,8.902759526938238,7.301107011070111,16.144153846153845,1414.44233800738,1414.44233800738
14079.0,2011-08-07 12:10:00,2011-08-07 12:10:00,12,375.1,1,0.0328515111695138,365.28,31.258333333333336,137016.528,137016.528
14080.0,2011-11-07 11:09:00,2011-11-07 11:09:00,4,45.599999999999994,1,0.0328515111695138,121.75999999999999,11.399999999999999,16656.767999999996,16656.767999999996
14081.0,2010-12-05 15:47:00,2011-02-10 16:17:00,153,934.52,67,2.2010512483574245,69.51223880597014,6.10797385620915,5094.9472477611935,5094.9472477611935
14082.0,2010-12-10 11:02:00,2010-12-10 11:02:00,29,182.25,1,0.0328515111695138,882.76,6.2844827586206895,66572.28,66572.28
14083.0,2010-12-03 12:24:00,2011-12-05 13:14:00,181,1018.43,367,12.056504599211562,15.01264305177112,5.626685082872928,1013.6569765667577,1013.6569765667577
14085.0,2010-12-06 12:39:00,2011-12-07 13:46:00,450,4448.54,366,12.02365308804205,37.42622950819672,9.885644444444445,4439.788773770492,4439.788773770492
14087.0,2011-12-07 12:41:00,2011-12-07 12:41:00,69,194.42,1,0.0328515111695138,2100.36,2.8176811594202897,71017.7376,71017.7376
14088.0,2011-01-21 13:07:00,2011-11-29 16:16:00,589,50491.81,312,10.249671484888305,57.46525641025641,85.7246349745331,59114.25755384615,59114.25755384615
14089.0,2011-10-14 10:38:00,2011-10-14 10:38:00,14,161.0,1,0.0328515111695138,426.15999999999997,11.5,58810.07999999999,58810.07999999999
14090.0,2011-01-19 10:51:00,2011-01-19 10:51:00,1,76.32000000000001,1,0.0328515111695138,30.439999999999998,76.32000000000001,27878.1696,27878.1696
14092.0,2010-12-16 15:47:00,2011-12-02 12:13:00,214,4076.9100000000003,350,11.498028909329829,18.611885714285716,19.050981308411217,4254.896242285715,4254.896242285715
14093.0,2011-11-27 16:27:00,2011-11-27 16:27:00,105,442.85,1,0.0328515111695138,3196.2,4.217619047619048,161764.24800000002,161764.24800000002
14096.0,2011-08-30 10:49:00,2011-12-05 17:17:00,5111,65164.79,97,3.1865965834428382,1603.9055670103094,12.749909998043435,245395.81949690724,245395.81949690724
14098.0,2011-11-03 10:13:00,2011-11-03 10:13:00,21,147.35,1,0.0328515111695138,639.24,7.016666666666667,53824.008,53824.008
14099.0,2010-12-20 11:14:00,2011-11-23 13:53:00,250,3104.17,338,11.103810775295663,22.514792899408285,12.41668,3354.7077443786984,3354.7077443786984
14100.0,2011-07-25 11:01:00,2011-07-25 11:01:00,26,194.9,1,0.0328515111695138,791.4399999999999,7.496153846153846,71193.07199999999,71193.07199999999
14101.0,2011-01-17 13:09:00,2011-09-27 12:28:00,35,5976.79,252,8.278580814717477,4.227777777777778,170.76542857142857,8663.49940952381,8663.49940952381
14102.0,2011-10-26 12:46:00,2011-12-04 15:38:00,79,1360.28,39,1.281208935611038,61.66051282051282,17.21873417721519,12740.591753846154,12740.591753846154
14104.0,2011-06-27 12:49:00,2011-07-08 12:50:00,21,216.21,11,0.36136662286465177,58.11272727272728,10.295714285714286,7179.744436363638,7179.744436363638
14105.0,2011-04-14 17:58:00,2011-04-14 17:58:00,74,1266.23,1,0.0328515111695138,2252.56,17.111216216216217,462528.49439999997,462528.49439999997
14107.0,2010-12-10 13:29:00,2011-10-19 12:12:00,123,2703.23,312,10.249671484888305,12.000384615384615,21.977479674796747,3164.8585076923073,3164.8585076923073
14108.0,2011-08-30 11:32:00,2011-11-09 10:41:00,34,597.91,70,2.299605781865966,14.785142857142857,17.585588235294118,3120.0652114285713,3120.0652114285713
14109.0,2011-09-28 10:18:00,2011-09-28 10:18:00,9,144.2,1,0.0328515111695138,273.96,16.022222222222222,52673.37599999999,52673.37599999999
14110.0,2011-03-18 09:59:00,2011-12-06 12:26:00,155,5683.15,263,8.639947437582128,17.939923954372624,36.66548387096774,7893.311908745247,7893.311908745247
14111.0,2011-04-12 11:36:00,2011-11-25 13:44:00,10,692.85,227,7.457293035479632,1.3409691629955949,69.285,1114.9085814977975,1114.9085814977975
14112.0,2011-03-09 11:28:00,2011-11-17 12:30:00,160,2915.15,253,8.31143232588699,19.250592885375497,18.2196875,4208.877438735179,4208.877438735179
14113.0,2010-12-20 12:14:00,2011-12-06 12:18:00,34,1840.42,351,11.530880420499342,2.9486039886039888,54.13,1915.295206837607,1915.295206837607
14114.0,2011-01-13 11:05:00,2011-03-11 09:42:00,15,386.53,56,1.8396846254927726,8.153571428571428,25.768666666666665,2521.279971428571,2521.279971428571
14116.0,2011-08-10 12:44:00,2011-11-20 10:29:00,72,1382.74,101,3.3180026281208934,21.69980198019802,19.204722222222223,5000.864031683169,5000.864031683169
14117.0,2011-07-19 09:49:00,2011-07-19 09:49:00,3,90.0,1,0.0328515111695138,91.32,30.0,32875.2,32875.2
14121.0,2011-10-11 10:39:00,2011-12-06 12:19:00,159,2780.15,56,1.8396846254927726,86.42785714285715,17.485220125786164,18134.521285714287,18134.521285714287
14124.0,2011-09-16 13:32:00,2011-09-16 13:32:00,5,419.58,1,0.0328515111695138,152.2,83.916,153264.1824,153264.1824
14125.0,2011-09-22 15:40:00,2011-11-29 12:47:00,167,2740.43,67,2.2010512483574245,75.87283582089552,16.409760479041914,14940.660752238804,14940.660752238804
14126.0,2011-11-29 12:21:00,2011-12-02 11:45:00,15,706.1300000000001,2,0.0657030223390276,228.29999999999998,47.07533333333334,128967.5832,128967.5832
14127.0,2011-02-02 12:26:00,2011-08-09 10:49:00,44,709.71,187,6.14323258869908,7.162352941176471,16.129772727272726,1386.325501604278,1386.325501604278
14128.0,2011-03-29 10:49:00,2011-10-10 12:00:00,46,637.5,195,6.40604467805519,7.180717948717949,13.858695652173912,1194.1846153846154,1194.1846153846154
14129.0,2011-03-24 08:44:00,2011-12-08 11:02:00,52,1123.8600000000001,259,8.508541392904073,6.111505791505792,21.61269230769231,1585.0331305019306,1585.0331305019306
14130.0,2011-01-24 16:05:00,2011-01-24 16:05:00,67,483.86,1,0.0328515111695138,2039.48,7.221791044776119,176744.38079999998,176744.38079999998
14132.0,2011-06-09 12:04:00,2011-12-07 13:35:00,200,3586.03,181,5.946123521681997,33.6353591160221,17.93015,7237.044411049725,7237.044411049725
14133.0,2011-01-28 11:27:00,2011-08-02 11:34:00,28,605.64,186,6.110381077529566,4.58236559139785,21.63,1189.398812903226,1189.398812903226
14135.0,2010-12-02 10:27:00,2011-12-08 11:38:00,134,4690.31,371,12.187910643889618,10.994501347708896,35.00231343283583,4617.995786522912,4617.995786522912
14138.0,2011-10-07 09:38:00,2011-12-08 12:44:00,47,982.38,62,2.0367936925098555,23.07548387096774,20.901702127659576,5787.802683870968,5787.802683870968
14139.0,2011-10-24 13:34:00,2011-10-24 13:34:00,26,415.82,1,0.0328515111695138,791.4399999999999,15.993076923076924,151890.7296,151890.7296
14140.0,2011-11-08 11:20:00,2011-12-06 09:05:00,66,935.05,27,0.8869908015768725,74.4088888888889,14.167424242424241,12650.187555555556,12650.187555555556
14141.0,2011-08-26 14:40:00,2011-12-07 09:53:00,40,915.13,102,3.350854139290407,11.937254901960785,22.87825,3277.242023529412,3277.242023529412
14142.0,2010-12-01 16:33:00,2010-12-01 16:33:00,22,311.81,1,0.0328515111695138,669.68,14.173181818181819,113897.9568,113897.9568
14143.0,2011-07-29 09:48:00,2011-07-29 09:48:00,7,115.8,1,0.0328515111695138,213.07999999999998,16.54285714285714,42299.42399999999,42299.42399999999
14145.0,2011-05-06 13:01:00,2011-10-24 12:10:00,11,3742.2,170,5.5847568988173455,1.9696470588235295,340.2,8040.887152941177,8040.887152941177
14146.0,2010-12-17 15:52:00,2011-12-01 10:18:00,210,4191.0,348,11.432325886990801,18.36896551724138,19.957142857142856,4399.104827586207,4399.104827586207
14147.0,2011-02-27 11:42:00,2011-09-22 18:10:00,5,483.4,207,6.800262812089356,0.7352657004830918,96.67999999999999,853.0258550724637,853.0258550724637
14148.0,2011-04-20 12:02:00,2011-04-20 12:02:00,3,157.2,1,0.0328515111695138,91.32,52.4,57422.015999999996,57422.015999999996
14149.0,2011-05-03 09:44:00,2011-05-03 09:44:00,28,446.62,1,0.0328515111695138,852.3199999999999,15.950714285714286,163141.35359999997,163141.35359999997
14150.0,2010-12-15 10:04:00,2011-11-04 10:05:00,26,658.64,324,10.64388961892247,2.442716049382716,25.33230769230769,742.5556148148147,742.5556148148147
14152.0,2011-04-19 15:46:00,2011-09-25 12:54:00,49,621.29,158,5.19053876478318,9.440253164556962,12.67938775510204,1436.359564556962,1436.359564556962
14154.0,2011-04-14 15:58:00,2011-04-14 16:26:00,52,1345.62,1,0.0328515111695138,1582.8799999999999,25.87730769230769,491528.0735999999,491528.0735999999
14155.0,2011-03-18 14:13:00,2011-03-18 14:13:00,6,118.75,1,0.0328515111695138,182.64,19.791666666666668,43377.0,43377.0
14156.0,2010-12-03 11:48:00,2011-11-30 10:54:00,1400,117379.63,361,11.85939553219448,118.0498614958449,83.84259285714286,118771.27769085875,118771.27769085875
14157.0,2011-02-27 13:04:00,2011-11-20 11:32:00,48,432.88,265,8.705650459921156,5.513660377358491,9.018333333333333,596.6883260377358,596.6883260377358
14158.0,2011-10-30 15:08:00,2011-10-30 15:08:00,41,507.65999999999997,1,0.0328515111695138,1248.04,12.381951219512194,185438.04479999997,185438.04479999997
14159.0,2010-12-12 11:17:00,2011-11-20 12:36:00,1204,4693.01,343,11.268068331143231,106.85061224489797,3.8978488372093025,4997.850416326532,4997.850416326532
14161.0,2010-12-05 13:18:00,2011-05-08 11:41:00,108,1110.52,153,5.026281208935611,21.487058823529413,10.282592592592593,2651.3120627450985,2651.3120627450985
14162.0,2011-02-20 12:32:00,2011-06-19 11:36:00,25,289.36,118,3.876478318002628,6.4491525423728815,11.5744,895.7408542372882,895.7408542372882
14163.0,2011-04-14 17:33:00,2011-09-13 15:18:00,52,2445.91,151,4.9605781865965834,10.482649006622516,47.036730769230765,5916.834468874172,5916.834468874172
14164.0,2011-09-20 12:18:00,2011-09-30 12:24:00,29,1631.77,10,0.328515111695138,88.276,56.26793103448276,59605.294559999995,59605.294559999995
14165.0,2011-03-09 12:39:00,2011-03-09 12:39:00,25,122.53999999999999,1,0.0328515111695138,761.0,4.901599999999999,44761.411199999995,44761.411199999995
14167.0,2011-01-12 15:44:00,2011-10-31 14:29:00,52,574.84,291,9.559789750328514,5.439450171821306,11.054615384615385,721.5723546391753,721.5723546391753
14171.0,2011-09-02 16:43:00,2011-09-02 16:43:00,58,363.79,1,0.0328515111695138,1765.52,6.272241379310345,132885.21120000002,132885.21120000002
14173.0,2011-05-04 14:03:00,2011-11-29 11:54:00,29,450.84,208,6.83311432325887,4.244038461538461,15.546206896551723,791.7443999999998,791.7443999999998
14174.0,2011-11-06 13:17:00,2011-11-06 13:17:00,26,134.46,1,0.0328515111695138,791.4399999999999,5.171538461538462,49115.5488,49115.5488
14175.0,2011-01-14 12:22:00,2011-10-11 11:55:00,149,3222.3,269,8.83705650459921,16.860817843866172,21.626174496644296,4375.619866171004,4375.619866171004
14176.0,2010-12-07 11:45:00,2011-02-15 13:12:00,31,576.9000000000001,70,2.299605781865966,13.480571428571428,18.609677419354842,3010.4290285714287,3010.4290285714287
14177.0,2011-06-13 11:10:00,2011-09-14 15:11:00,42,559.41,93,3.055190538764783,13.74709677419355,13.319285714285714,2197.2181161290323,2197.2181161290323
14178.0,2011-06-10 12:51:00,2011-12-01 12:01:00,327,1620.93,173,5.683311432325887,57.53687861271676,4.9569724770642205,3422.5046843930636,3422.5046843930636
14179.0,2011-10-18 14:00:00,2011-10-30 12:07:00,165,719.78,11,0.36136662286465177,456.6,4.36230303030303,23901.930763636366,23901.930763636366
14180.0,2010-12-02 13:08:00,2011-11-29 10:56:00,240,4748.52,361,11.85939553219448,20.23711911357341,19.785500000000003,4804.818242659281,4804.818242659281
14184.0,2011-10-04 12:43:00,2011-10-04 12:43:00,24,452.89,1,0.0328515111695138,730.56,18.870416666666667,165431.6592,165431.6592
14185.0,2011-01-12 13:52:00,2011-01-12 13:52:00,3,197.65,1,0.0328515111695138,91.32,65.88333333333334,72197.592,72197.592
14188.0,2011-02-02 13:46:00,2011-11-09 12:45:00,65,2054.36,279,9.165571616294349,7.091756272401434,31.605538461538462,2689.665307526882,2689.665307526882
14189.0,2010-12-06 11:42:00,2011-12-07 15:55:00,265,4654.08,366,12.02365308804205,22.039890710382515,17.56256603773585,4644.9244327868855,4644.9244327868855
14191.0,2011-05-03 10:30:00,2011-12-08 09:23:00,259,4684.76,218,7.1616294349540075,36.16495412844037,18.08787644787645,7849.766664220186,7849.766664220186
14193.0,2011-03-15 11:38:00,2011-10-03 09:34:00,42,853.39,201,6.603153745072273,6.360597014925373,20.318809523809524,1550.8771104477612,1550.8771104477612
14194.0,2011-02-04 14:51:00,2011-12-05 10:38:00,579,11349.52,303,9.95400788436268,58.16752475247525,19.601934369602763,13682.352031683171,13682.352031683171
14195.0,2011-04-01 16:50:00,2011-05-22 10:29:00,7,1012.0,50,1.6425755584756898,4.2616000000000005,144.57142857142858,7393.267200000001,7393.267200000001
14196.0,2011-08-25 10:25:00,2011-08-25 10:25:00,6,335.52,1,0.0328515111695138,182.64,55.919999999999995,122558.7456,122558.7456
14198.0,2011-04-14 14:54:00,2011-11-21 16:35:00,39,701.4,221,7.260183968462549,5.371764705882353,17.984615384615385,1159.3094660633483,1159.3094660633483
14199.0,2011-05-05 13:44:00,2011-05-05 13:44:00,2,185.39999999999998,1,0.0328515111695138,60.879999999999995,92.69999999999999,67722.91199999998,67722.91199999998
14201.0,2010-12-15 13:25:00,2011-10-10 13:27:00,37,747.44,299,9.822601839684625,3.7668227424749166,20.20108108108108,913.126699665552,913.126699665552
14204.0,2011-12-07 13:38:00,2011-12-07 13:38:00,44,161.03,1,0.0328515111695138,1339.36,3.659772727272727,58821.03839999999,58821.03839999999
14205.0,2011-03-20 15:07:00,2011-11-23 10:55:00,24,466.7,247,8.114323258869907,2.9577327935222675,19.445833333333333,690.1869473684211,690.1869473684211
14206.0,2011-04-14 16:38:00,2011-04-14 16:38:00,20,328.15999999999997,1,0.0328515111695138,608.8,16.407999999999998,119870.28479999996,119870.28479999996
14208.0,2011-09-06 12:48:00,2011-09-06 12:48:00,10,151.74,1,0.0328515111695138,304.4,15.174000000000001,55427.58720000001,55427.58720000001
14209.0,2011-01-11 12:56:00,2011-11-29 10:18:00,87,2073.43,321,10.545335085413928,8.250093457943926,23.83252873563218,2359.447072897196,2359.447072897196
14210.0,2010-12-03 12:43:00,2011-08-26 12:36:00,102,1905.8400000000001,265,8.705650459921156,11.716528301886793,18.684705882352944,2627.038623396227,2627.038623396227
14211.0,2011-02-17 15:50:00,2011-10-17 13:23:00,112,2241.1,241,7.917214191852825,14.146390041493778,20.009821428571428,3396.80086307054,3396.80086307054
14212.0,2011-09-11 12:45:00,2011-09-11 12:45:00,9,1070.48,1,0.0328515111695138,273.96,118.94222222222223,391024.93439999997,391024.93439999997
14214.0,2011-03-07 12:26:00,2011-11-09 10:31:00,67,1004.38,246,8.081471747700395,8.290569105691057,14.990746268656716,1491.3818146341464,1491.3818146341464
14215.0,2010-12-06 15:34:00,2011-11-28 12:19:00,108,1789.72,356,11.695137976346912,9.234606741573034,16.57148148148148,1836.373375280899,1836.373375280899
14216.0,2011-11-02 10:51:00,2011-12-06 14:56:00,59,1839.3,34,1.1169513797634691,52.82235294117647,31.17457627118644,19760.573647058824,19760.573647058824
14217.0,2010-12-08 13:28:00,2011-12-08 11:53:00,100,2004.98,364,11.957950065703022,8.362637362637363,20.0498,2012.0304791208794,2012.0304791208794
14218.0,2011-10-28 10:00:00,2011-10-28 10:00:00,12,169.48000000000002,1,0.0328515111695138,365.28,14.123333333333335,61907.6544,61907.6544
14219.0,2011-12-05 16:23:00,2011-12-05 16:23:00,7,89.94,1,0.0328515111695138,213.07999999999998,12.848571428571429,32853.2832,32853.2832
14220.0,2010-12-16 18:18:00,2011-04-06 13:23:00,21,632.4000000000001,110,3.6136662286465175,5.811272727272728,30.114285714285717,2100.0279272727275,2100.0279272727275
14221.0,2011-01-04 15:33:00,2011-10-28 13:42:00,193,3432.8,296,9.724047306176084,19.8477027027027,17.78652849740933,4236.2607567567575,4236.2607567567575
14222.0,2011-06-15 16:42:00,2011-06-15 16:42:00,41,683.17,1,0.0328515111695138,1248.04,16.662682926829266,249548.33759999997,249548.33759999997
14223.0,2011-03-20 16:02:00,2011-09-08 13:38:00,60,991.13,171,5.617608409986859,10.680701754385964,16.518833333333333,2117.192785964912,2117.192785964912
14224.0,2011-01-23 13:58:00,2011-08-21 13:24:00,118,1050.1200000000001,209,6.865965834428383,17.18622009569378,8.899322033898306,1835.3484861244021,1835.3484861244021
14226.0,2011-03-15 15:36:00,2011-11-11 11:34:00,67,2232.19,240,7.884362680683311,8.497833333333334,33.31626865671642,3397.39318,3397.39318
14227.0,2011-02-28 12:27:00,2011-11-13 15:48:00,175,3350.96,258,8.47568988173456,20.647286821705425,19.148342857142858,4744.335925581395,4744.335925581395
14229.0,2011-01-10 12:03:00,2011-10-19 10:04:00,40,1547.2,281,9.231274638633376,4.333096085409253,38.68,2011.2498790035593,2011.2498790035593
14231.0,2011-02-24 11:55:00,2011-06-09 11:05:00,50,925.71,104,3.416557161629435,14.634615384615385,18.514200000000002,3251.3783538461544,3251.3783538461544
14232.0,2011-03-20 12:44:00,2011-10-28 11:09:00,115,2048.07,221,7.260183968462549,15.839819004524887,17.80930434782609,3385.1538895927606,3385.1538895927606
14233.0,2011-01-26 12:43:00,2011-10-21 15:54:00,35,1462.72,268,8.804204993429698,3.975373134328358,41.792,1993.665528358209,1993.665528358209
14234.0,2011-10-13 13:58:00,2011-11-17 17:53:00,159,775.46,35,1.149802890932983,138.28457142857144,4.877106918238994,8093.143680000001,8093.143680000001
14235.0,2011-03-24 13:23:00,2011-09-25 14:37:00,79,3144.86,185,6.077529566360052,12.998702702702703,39.80835443037975,6209.483571891893,6209.483571891893
14236.0,2010-12-02 18:49:00,2011-09-20 09:13:00,15,490.86,291,9.559789750328514,1.5690721649484538,32.724000000000004,616.1558103092785,616.1558103092785
14237.0,2010-12-01 13:20:00,2010-12-01 13:20:00,9,161.0,1,0.0328515111695138,273.96,17.88888888888889,58810.08,58810.08
14238.0,2011-01-17 14:40:00,2011-01-17 14:40:00,8,146.85,1,0.0328515111695138,243.51999999999998,18.35625,53641.367999999995,53641.367999999995
14239.0,2011-01-27 14:45:00,2011-10-27 14:40:00,112,2380.85,272,8.935611038107753,12.534117647058823,21.257589285714285,3197.3414999999995,3197.3414999999995
14240.0,2011-04-28 11:40:00,2011-11-09 13:45:00,42,890.34,195,6.40604467805519,6.556307692307692,21.19857142857143,1667.8122830769234,1667.8122830769234
14241.0,2011-06-09 11:46:00,2011-06-09 11:46:00,10,213.70000000000002,1,0.0328515111695138,304.4,21.37,78060.33600000001,78060.33600000001
14242.0,2011-01-18 08:53:00,2011-04-19 11:46:00,16,280.55,91,2.9894875164257555,5.352087912087912,17.534375,1126.146197802198,1126.146197802198
14243.0,2010-12-09 08:34:00,2011-12-01 11:12:00,141,2588.77,357,11.727989487516425,12.022521008403363,18.360070921985816,2648.8120605042022,2648.8120605042022
14245.0,2011-03-21 10:41:00,2011-05-04 08:40:00,108,1693.45,43,1.4126149802890933,76.4539534883721,15.680092592592594,14385.660837209303,14385.660837209303
14246.0,2011-04-08 08:25:00,2011-08-21 11:50:00,75,1474.06,135,4.434954007884363,16.91111111111111,19.654133333333334,3988.4787911111116,3988.4787911111116
14247.0,2011-03-06 15:21:00,2011-03-06 15:21:00,20,136.77,1,0.0328515111695138,608.8,6.838500000000001,49959.3456,49959.3456
14248.0,2011-01-25 14:45:00,2011-01-25 14:45:00,8,302.58,1,0.0328515111695138,243.51999999999998,37.8225,110526.42239999998,110526.42239999998
14250.0,2011-09-11 13:44:00,2011-12-02 14:30:00,111,1904.05,82,2.6938239159001314,41.205365853658535,17.153603603603603,8481.846146341462,8481.846146341462
14251.0,2011-10-13 12:46:00,2011-12-08 08:32:00,78,2879.7000000000003,55,1.8068331143232588,43.16945454545455,36.91923076923077,19125.39665454546,19125.39665454546
14256.0,2010-12-10 11:44:00,2011-03-24 13:17:00,53,969.0600000000001,104,3.416557161629435,15.512692307692308,18.284150943396227,3403.6368923076925,3403.6368923076925
14257.0,2011-01-25 10:49:00,2011-10-06 16:54:00,106,3099.7200000000003,254,8.344283837056505,12.703307086614172,29.242641509433966,4457.739061417324,4457.739061417324
14258.0,2011-01-06 12:18:00,2011-11-30 15:27:00,111,12669.98,328,10.775295663600525,10.301341463414634,114.14396396396396,14110.031385365852,14110.031385365852
14259.0,2011-07-21 10:44:00,2011-07-21 10:44:00,5,120.0,1,0.0328515111695138,152.2,24.0,43833.6,43833.6
14261.0,2011-09-22 10:47:00,2011-10-20 10:04:00,52,1163.45,27,0.8869908015768725,58.62518518518519,22.37403846153846,15740.185777777777,15740.185777777777
14262.0,2011-04-13 12:23:00,2011-12-01 14:17:00,143,2618.23,232,7.621550591327201,18.762586206896554,18.3093006993007,4122.357993103449,4122.357993103449
14264.0,2011-04-08 12:20:00,2011-07-08 10:20:00,17,333.97,90,2.9566360052562417,5.749777777777778,19.64529411764706,1355.4729066666669,1355.4729066666669
14265.0,2011-07-14 09:10:00,2011-08-22 13:32:00,31,530.18,39,1.281208935611038,24.195897435897436,17.10258064516129,4965.747446153846,4965.747446153846
14267.0,2011-03-24 11:38:00,2011-06-30 10:09:00,55,1516.24,97,3.1865965834428382,17.25979381443299,27.568,5709.815950515464,5709.815950515464
14270.0,2011-01-12 09:33:00,2011-01-12 09:33:00,29,492.65000000000003,1,0.0328515111695138,882.76,16.98793103448276,179955.192,179955.192
14271.0,2011-04-28 12:47:00,2011-04-28 12:47:00,10,112.32000000000001,1,0.0328515111695138,304.4,11.232000000000001,41028.2496,41028.2496
14272.0,2011-03-30 13:57:00,2011-09-27 10:08:00,33,437.96,180,5.913272010512483,5.580666666666667,13.271515151515151,888.7668266666667,888.7668266666667
14273.0,2011-04-11 13:24:00,2011-10-19 13:20:00,29,559.97,190,6.241787122207621,4.646105263157895,19.309310344827587,1076.5570610526318,1076.5570610526318
14276.0,2011-02-23 09:38:00,2011-09-02 09:45:00,64,1119.74,191,6.274638633377135,10.19979057591623,17.4959375,2141.458781151832,2141.458781151832
14277.0,2011-05-11 13:20:00,2011-11-24 15:01:00,225,4216.2,197,6.471747700394218,34.766497461928935,18.738666666666667,7817.733685279189,7817.733685279189
14280.0,2011-05-27 10:37:00,2011-05-27 10:37:00,8,134.04,1,0.0328515111695138,243.51999999999998,16.755,48962.131199999996,48962.131199999996
14282.0,2010-12-07 12:21:00,2011-12-06 17:04:00,156,3729.34,364,11.957950065703022,13.045714285714286,23.906025641025643,3742.454162637363,3742.454162637363
14284.0,2011-09-14 13:04:00,2011-11-09 08:11:00,32,595.25,55,1.8068331143232588,17.710545454545457,18.6015625,3953.325818181819,3953.325818181819
14285.0,2011-06-16 12:36:00,2011-11-18 14:50:00,27,1910.01,155,5.091984231274639,5.3024516129032255,70.74111111111111,4501.215824516129,4501.215824516129
14286.0,2011-04-11 08:16:00,2011-11-16 10:34:00,280,4628.75,219,7.194480946123521,38.91872146118722,16.53125,7720.501369863014,7720.501369863014
14287.0,2011-05-25 11:41:00,2011-12-01 13:25:00,9,176.63,190,6.241787122207621,1.4418947368421053,19.625555555555554,339.5758231578947,339.5758231578947
14288.0,2011-05-10 13:22:00,2011-05-10 13:22:00,16,426.6,1,0.0328515111695138,487.03999999999996,26.6625,155828.448,155828.448
14289.0,2011-02-23 12:33:00,2011-12-01 11:44:00,47,911.26,280,9.198423127463863,5.109571428571429,19.388510638297873,1188.8037600000002,1188.8037600000002
14290.0,2010-12-13 10:24:00,2011-11-28 14:02:00,101,2314.65,350,11.498028909329829,8.784114285714287,22.917326732673267,2415.701005714286,2415.701005714286
14291.0,2011-03-09 15:20:00,2011-12-08 10:26:00,237,3883.25,273,8.968462549277266,26.42593406593407,16.385021097046412,5195.873846153846,5195.873846153846
14292.0,2011-03-02 08:26:00,2011-12-02 11:50:00,100,4871.93,275,9.034165571616294,11.06909090909091,48.719300000000004,6471.340328727274,6471.340328727274
14293.0,2010-12-06 10:18:00,2011-12-06 15:17:00,61,1046.56,365,11.990801576872535,5.08723287671233,17.15672131147541,1047.3628405479453,1047.3628405479453
14295.0,2011-10-30 15:50:00,2011-10-30 15:50:00,5,166.20000000000002,1,0.0328515111695138,152.2,33.24,60709.53599999999,60709.53599999999
14297.0,2011-03-10 08:31:00,2011-11-22 09:06:00,62,1305.33,257,8.442838370565045,7.343501945525293,21.053709677419352,1855.2954957198444,1855.2954957198444
14298.0,2010-12-14 12:59:00,2011-12-01 13:12:00,1637,51527.3,352,11.563731931668856,141.56329545454545,31.476664630421503,53471.2845,53471.2845
14299.0,2010-12-09 10:30:00,2011-12-01 16:05:00,143,3965.62,357,11.727989487516425,12.193053221288517,27.73160839160839,4057.5957243697485,4057.5957243697485
14300.0,2011-11-21 08:57:00,2011-11-21 08:57:00,3,43.2,1,0.0328515111695138,91.32,14.4,15780.096000000001,15780.096000000001
14301.0,2011-08-14 15:33:00,2011-08-14 15:33:00,13,640.14,1,0.0328515111695138,395.71999999999997,49.24153846153846,233830.33919999996,233830.33919999996
14304.0,2011-05-01 11:50:00,2011-05-01 11:50:00,17,383.45,1,0.0328515111695138,517.48,22.555882352941175,140066.616,140066.616
14305.0,2011-07-27 14:14:00,2011-09-29 15:29:00,105,1858.96,64,2.102496714848883,49.940625,17.70438095238095,10610.0142,10610.0142
14306.0,2011-09-15 10:31:00,2011-10-19 13:23:00,33,2093.32,34,1.1169513797634691,29.54470588235294,63.4339393939394,22489.644988235294,22489.644988235294
14307.0,2010-12-01 11:41:00,2011-09-12 09:38:00,180,2995.7200000000003,284,9.329829172141919,19.292957746478873,16.64288888888889,3853.0866253521135,3853.0866253521135
14309.0,2010-12-16 13:05:00,2011-12-01 13:33:00,117,2352.53,350,11.498028909329829,10.175657142857142,20.10709401709402,2455.2347382857142,2455.2347382857142
14311.0,2011-04-11 10:14:00,2011-04-11 10:14:00,20,310.26,1,0.0328515111695138,608.8,15.513,113331.77279999999,113331.77279999999
14312.0,2011-01-06 16:35:00,2011-10-24 09:46:00,87,1611.5900000000001,290,9.526938239159001,9.132,18.52402298850575,2029.9365351724136,2029.9365351724136
14314.0,2011-08-25 10:39:00,2011-08-25 10:39:00,8,120.0,1,0.0328515111695138,243.51999999999998,15.0,43833.6,43833.6
14315.0,2011-03-18 12:59:00,2011-10-26 12:06:00,101,2481.13,221,7.260183968462549,13.911493212669685,24.565643564356435,4100.937404524887,4100.937404524887
14317.0,2011-10-06 10:44:00,2011-10-06 10:44:00,24,508.58,1,0.0328515111695138,730.56,21.190833333333334,185774.1024,185774.1024
14320.0,2011-01-11 09:12:00,2011-05-17 09:24:00,31,477.79,126,4.139290407358739,7.4892063492063485,15.412580645161292,1385.135961904762,1385.135961904762
14321.0,2011-01-10 11:35:00,2011-11-29 09:47:00,123,1530.75,322,10.578186596583443,11.627701863354037,12.445121951219512,1736.4980124223603,1736.4980124223603
14323.0,2011-04-15 11:44:00,2011-08-17 11:37:00,36,605.0600000000001,123,4.040735873850197,8.909268292682926,16.807222222222222,1796.8806243902436,1796.8806243902436
14326.0,2011-04-11 15:04:00,2011-04-11 15:04:00,8,183.85,1,0.0328515111695138,243.51999999999998,22.98125,67156.72799999999,67156.72799999999
14327.0,2011-06-29 13:58:00,2011-06-29 13:58:00,12,311.65000000000003,1,0.0328515111695138,365.28,25.970833333333335,113839.512,113839.512
14329.0,2011-01-14 13:42:00,2011-11-22 15:50:00,259,5014.84,312,10.249671484888305,25.269102564102564,19.362316602316604,5871.220369230769,5871.220369230769
14331.0,2011-07-27 15:14:00,2011-08-07 13:17:00,28,462.66,10,0.328515111695138,85.232,16.52357142857143,16900.04448,16900.04448
14332.0,2011-07-15 10:33:00,2011-11-17 11:54:00,26,866.3100000000001,125,4.106438896189225,6.331519999999999,33.31961538461539,2531.5657344,2531.5657344
14333.0,2011-10-03 10:38:00,2011-10-03 10:38:00,15,415.2,1,0.0328515111695138,456.59999999999997,27.68,151664.256,151664.256
14334.0,2010-12-16 17:37:00,2011-11-23 10:01:00,162,2552.21,341,11.202365308804204,14.461231671554254,15.754382716049383,2733.933339589443,2733.933339589443
14335.0,2011-09-04 13:07:00,2011-11-23 13:41:00,63,468.26,80,2.628120893561104,23.9715,7.432698412698413,2138.07516,2138.07516
14336.0,2011-03-08 16:48:00,2011-11-23 11:40:00,90,1614.91,259,8.508541392904073,10.577606177606178,17.943444444444445,2277.584265637066,2277.584265637066
14338.0,2011-05-27 13:30:00,2011-07-01 14:08:00,31,588.22,35,1.149802890932983,26.961142857142857,18.97483870967742,6139.000045714287,6139.000045714287
14339.0,2011-04-11 11:06:00,2011-04-11 11:06:00,14,309.52000000000004,1,0.0328515111695138,426.15999999999997,22.10857142857143,113061.4656,113061.4656
14340.0,2011-05-05 09:44:00,2011-05-05 09:44:00,6,134.7,1,0.0328515111695138,182.64,22.45,49203.215999999986,49203.215999999986
14341.0,2011-01-25 13:55:00,2011-10-25 15:48:00,129,2182.28,273,8.968462549277266,14.383736263736266,16.916899224806205,2919.938602197803,2919.938602197803
14342.0,2011-05-13 13:50:00,2011-11-18 13:21:00,21,668.5600000000001,188,6.176084099868594,3.400212765957447,31.836190476190477,1298.997855319149,1298.997855319149
14344.0,2010-12-06 11:58:00,2011-08-04 13:51:00,71,889.9300000000001,241,7.917214191852825,8.96780082987552,12.534225352112676,1348.853238174274,1348.853238174274
14345.0,2011-11-01 09:51:00,2011-11-01 09:51:00,6,108.98,1,0.0328515111695138,182.64,18.163333333333334,39808.2144,39808.2144
14346.0,2011-02-15 13:52:00,2011-08-11 09:47:00,60,1021.58,176,5.781865965834428,10.377272727272727,17.026333333333334,2120.2428545454545,2120.2428545454545
14348.0,2011-03-24 16:23:00,2011-03-24 16:23:00,18,409.57,1,0.0328515111695138,547.92,22.753888888888888,149607.7296,149607.7296
14349.0,2011-11-29 15:39:00,2011-11-29 15:39:00,31,133.5,1,0.0328515111695138,943.64,4.306451612903226,48764.880000000005,48764.880000000005
14350.0,2011-03-10 14:14:00,2011-03-10 14:14:00,18,282.93,1,0.0328515111695138,547.92,15.718333333333334,103348.6704,103348.6704
14351.0,2011-06-28 11:56:00,2011-06-28 11:56:00,1,51.0,1,0.0328515111695138,30.439999999999998,51.0,18629.28,18629.28
14352.0,2011-03-11 14:58:00,2011-07-05 15:41:00,47,1078.96,116,3.8107752956636003,12.33344827586207,22.95659574468085,3397.607834482759,3397.607834482759
14353.0,2011-05-08 16:06:00,2011-05-08 16:06:00,6,90.6,1,0.0328515111695138,182.64,15.1,33094.367999999995,33094.367999999995
14354.0,2011-11-09 15:36:00,2011-12-04 11:32:00,9,163.62,24,0.7884362680683311,11.415000000000001,18.18,2490.2964,2490.2964
14355.0,2010-12-09 12:16:00,2010-12-09 12:16:00,11,174.4,1,0.0328515111695138,334.84,15.854545454545455,63704.831999999995,63704.831999999995
14356.0,2011-09-19 14:43:00,2011-09-21 09:18:00,33,701.23,1,0.0328515111695138,1004.52,21.24939393939394,256145.2944,256145.2944
14357.0,2011-10-27 16:23:00,2011-10-27 16:23:00,41,225.77,1,0.0328515111695138,1248.04,5.506585365853659,82469.2656,82469.2656
14359.0,2011-09-13 09:03:00,2011-11-20 13:17:00,55,912.1800000000001,68,2.2339027595269383,24.620588235294118,16.585090909090912,4900.016329411766,4900.016329411766
14360.0,2011-09-06 11:58:00,2011-11-08 09:12:00,118,2128.23,62,2.0367936925098555,57.93419354838709,18.035847457627117,12538.707329032257,12538.707329032257
14362.0,2011-11-17 15:08:00,2011-11-17 15:08:00,41,161.2,1,0.0328515111695138,1248.04,3.9317073170731707,58883.136,58883.136
14364.0,2011-05-12 12:56:00,2011-08-23 11:01:00,69,3717.35,102,3.350854139290407,20.591764705882355,53.87463768115942,13312.486352941178,13312.486352941178
14367.0,2011-03-08 14:12:00,2011-12-01 13:19:00,524,9261.52,267,8.771353482260183,59.73992509363296,17.67465648854962,12670.591856179777,12670.591856179777
14368.0,2011-01-24 09:52:00,2011-01-24 09:52:00,8,155.0,1,0.0328515111695138,243.51999999999998,19.375,56618.399999999994,56618.399999999994
14371.0,2011-02-17 16:35:00,2011-02-17 16:35:00,4,100.5,1,0.0328515111695138,121.75999999999999,25.125,36710.64,36710.64
14373.0,2010-12-16 15:40:00,2010-12-16 15:40:00,4,76.55,1,0.0328515111695138,121.75999999999999,19.1375,27962.183999999997,27962.183999999997
14375.0,2011-06-07 13:44:00,2011-06-07 13:44:00,75,257.68,1,0.0328515111695138,2283.0,3.4357333333333333,94125.3504,94125.3504
14377.0,2011-03-22 13:38:00,2011-06-01 13:32:00,11,617.05,70,2.299605781865966,4.783428571428571,56.095454545454544,3219.9431999999993,3219.9431999999993
14379.0,2011-02-17 15:03:00,2011-10-26 16:43:00,46,348.1,251,8.245729303547963,5.578645418326694,7.567391304347827,506.5895139442232,506.5895139442232
14381.0,2011-10-18 17:10:00,2011-10-18 17:10:00,56,202.68,1,0.0328515111695138,1704.6399999999999,3.619285714285714,74034.95039999999,74034.95039999999
14382.0,2011-11-13 16:18:00,2011-11-13 16:18:00,131,626.07,1,0.0328515111695138,3987.64,4.779160305343511,228690.84959999996,228690.84959999996
14383.0,2011-06-29 10:18:00,2011-11-01 15:53:00,59,1247.69,125,4.106438896189225,14.36768,21.14728813559322,3646.0496256,3646.0496256
14385.0,2011-11-16 11:55:00,2011-11-30 15:36:00,14,202.10999999999999,14,0.45992115637319314,30.44,14.43642857142857,5273.338628571429,5273.338628571429
14386.0,2011-02-16 09:45:00,2011-02-16 09:45:00,7,142.4,1,0.0328515111695138,213.07999999999998,20.342857142857145,52015.872,52015.872
14387.0,2011-08-22 14:13:00,2011-11-07 12:29:00,140,1770.56,76,2.4967148488830486,56.07368421052632,12.646857142857142,8509.870484210525,8509.870484210525
14388.0,2010-12-02 11:02:00,2011-11-29 13:32:00,186,3212.84,362,11.892247043363994,15.640441988950277,17.273333333333333,3241.9508154696136,3241.9508154696136
14389.0,2011-06-02 12:04:00,2011-10-05 15:17:00,45,1043.46,125,4.106438896189225,10.9584,23.188000000000002,3049.2405504,3049.2405504
14390.0,2010-12-02 11:57:00,2011-11-29 13:49:00,286,4652.82,362,11.892247043363994,24.0492817679558,16.268601398601398,4694.978148066298,4694.978148066298
14393.0,2011-05-05 18:16:00,2011-05-05 18:16:00,5,67.95,1,0.0328515111695138,152.2,13.59,24820.775999999998,24820.775999999998
14395.0,2010-12-02 18:15:00,2011-12-07 14:34:00,350,3507.71,369,12.12220762155059,28.872628726287267,10.02202857142857,3472.3477203252037,3472.3477203252037
14396.0,2010-12-03 15:19:00,2011-10-05 16:09:00,73,487.99,306,10.052562417871222,7.261830065359477,6.684794520547945,582.5261019607843,582.5261019607843
14397.0,2011-05-10 12:25:00,2011-12-07 09:22:00,87,2612.96,210,6.898817345597897,12.610857142857144,30.034022988505747,4545.057280000001,4545.057280000001
14400.0,2011-07-13 15:50:00,2011-07-13 15:50:00,25,574.7,1,0.0328515111695138,761.0,22.988000000000003,209926.41600000003,209926.41600000003
14401.0,2010-12-15 09:07:00,2011-12-05 13:30:00,182,4051.48,355,11.662286465177397,15.605859154929579,22.26087912087912,4168.801730704226,4168.801730704226
14403.0,2011-04-06 14:23:00,2011-08-01 12:57:00,20,1475.81,116,3.8107752956636003,5.248275862068966,73.7905,4647.2748,4647.2748
14404.0,2010-12-05 16:00:00,2011-11-06 12:30:00,103,1474.32,335,11.005256241787121,9.359164179104479,14.31378640776699,1607.5809241791046,1607.5809241791046
14406.0,2011-08-12 16:54:00,2011-08-12 16:54:00,8,156.75,1,0.0328515111695138,243.51999999999998,19.59375,57257.63999999999,57257.63999999999
14407.0,2011-03-08 11:59:00,2011-08-24 14:02:00,73,2157.73,169,5.551905387647832,13.148639053254438,29.557945205479452,4663.761031952663,4663.761031952663
14408.0,2011-03-20 14:41:00,2011-11-29 11:41:00,107,2606.53,253,8.31143232588699,12.873833992094863,24.360093457943925,3763.2935905138343,3763.2935905138343
14409.0,2010-12-06 15:03:00,2011-09-29 18:18:00,54,2059.4500000000003,297,9.756898817345597,5.534545454545455,38.137962962962966,2532.915474747475,2532.915474747475
14410.0,2011-02-07 09:36:00,2011-09-08 15:08:00,193,1105.07,213,6.9973718791064385,27.581784037558688,5.725751295336787,1895.1172281690137,1895.1172281690137
14411.0,2011-02-02 10:56:00,2011-02-02 10:56:00,14,1063.0,1,0.0328515111695138,426.15999999999997,75.92857142857143,388292.63999999996,388292.63999999996
14412.0,2011-09-28 08:48:00,2011-10-28 10:45:00,43,770.03,30,0.9855453350854139,43.63066666666667,17.90767441860465,9375.885279999999,9375.885279999999
14413.0,2010-12-12 13:37:00,2010-12-12 13:37:00,23,122.7,1,0.0328515111695138,700.12,5.334782608695653,44819.856,44819.856
14414.0,2010-12-16 11:11:00,2011-09-09 12:09:00,97,1496.98,267,8.771353482260183,11.058726591760301,15.432783505154639,2048.0032,2048.0032
14415.0,2010-12-14 13:31:00,2011-12-08 14:38:00,590,5900.28,359,11.793692509855452,50.02674094707521,10.000474576271186,6003.493811699164,6003.493811699164
14416.0,2011-10-28 15:10:00,2011-11-17 15:22:00,14,490.22,20,0.657030223390276,21.308,35.01571428571429,8953.37808,8953.37808
14418.0,2011-08-23 17:18:00,2011-12-06 11:39:00,124,1937.25,104,3.416557161629435,36.293846153846154,15.622983870967742,6804.218076923076,6804.218076923076
14419.0,2010-12-10 10:56:00,2011-11-29 11:22:00,206,1058.06,354,11.629434954007884,17.71367231638418,5.13621359223301,1091.7744542372882,1091.7744542372882
14420.0,2011-09-01 18:07:00,2011-09-01 18:07:00,29,387.52,1,0.0328515111695138,882.76,13.362758620689654,141553.30559999996,141553.30559999996
14421.0,2011-05-12 10:49:00,2011-10-13 13:24:00,27,813.11,154,5.059132720105125,5.336883116883117,30.115185185185187,1928.6546805194807,1928.6546805194807
14422.0,2011-03-17 17:26:00,2011-12-09 11:26:00,222,4263.64,266,8.73850197109067,25.40481203007519,19.205585585585588,5854.971500751881,5854.971500751881
14423.0,2011-05-05 15:12:00,2011-05-05 15:12:00,3,265.2,1,0.0328515111695138,91.32,88.39999999999999,96872.25599999998,96872.25599999998
14424.0,2011-11-22 11:48:00,2011-11-22 11:48:00,1,322.08,1,0.0328515111695138,30.439999999999998,322.08,117649.38239999997,117649.38239999997
14426.0,2011-01-31 09:51:00,2011-11-16 12:25:00,224,4481.67,289,9.494086727989487,23.59363321799308,20.007455357142856,5664.5827598615915,5664.5827598615915
14427.0,2011-10-07 09:10:00,2011-10-20 14:23:00,17,363.34000000000003,13,0.42706964520367935,39.80615384615385,21.37294117647059,10209.295015384616,10209.295015384616
14428.0,2011-01-18 16:39:00,2011-12-02 13:17:00,144,1244.83,317,10.413929040735873,13.827634069400633,8.644652777777777,1434.4211432176658,1434.4211432176658
14431.0,2011-02-10 10:40:00,2011-02-10 10:40:00,17,470.36,1,0.0328515111695138,517.48,27.668235294117647,171813.10080000001,171813.10080000001
14432.0,2011-09-11 14:09:00,2011-11-30 08:04:00,382,2255.51,79,2.59526938239159,147.19088607594938,5.904476439790576,10429.021427848102,10429.021427848102
14434.0,2011-09-28 15:31:00,2011-11-18 08:56:00,12,1372.8,50,1.6425755584756898,7.3056,114.39999999999999,10029.12768,10029.12768
14436.0,2011-09-02 10:13:00,2011-09-02 10:13:00,9,89.06,1,0.0328515111695138,273.96,9.895555555555555,32531.836799999997,32531.836799999997
14437.0,2010-12-09 09:27:00,2010-12-09 09:27:00,5,63.0,1,0.0328515111695138,152.2,12.6,23012.64,23012.64
14438.0,2011-02-06 14:56:00,2011-02-06 14:56:00,9,131.9,1,0.0328515111695138,273.96,14.655555555555557,48180.432,48180.432
14439.0,2011-01-24 11:39:00,2011-01-24 11:39:00,32,2661.24,1,0.0328515111695138,974.0799999999999,83.16375,972097.7471999999,535875.9878400022
14440.0,2010-12-09 12:49:00,2011-12-01 15:42:00,55,2357.68,357,11.727989487516425,4.689635854341737,42.86690909090909,2412.36232605042,2412.36232605042
14441.0,2011-03-29 12:01:00,2011-12-09 09:07:00,51,1712.89,254,8.344283837056505,6.111968503937008,33.58607843137255,2463.324642519685,2463.324642519685
14442.0,2011-01-27 09:33:00,2011-05-19 11:36:00,63,1589.82,112,3.679369250985545,17.122500000000002,25.235238095238095,5185.084371428573,5185.084371428573
14443.0,2010-12-06 11:03:00,2011-10-17 10:10:00,93,1420.2,314,10.315374507227332,9.015668789808917,15.270967741935484,1652.1358471337578,1652.1358471337578
14446.0,2011-04-07 12:10:00,2011-12-09 11:34:00,293,1039.58,245,8.04862023653088,36.40375510204082,3.548054607508532,1549.9501322448978,1549.9501322448978
14447.0,2011-03-04 10:49:00,2011-11-21 08:28:00,70,1163.23,261,8.5742444152431,8.163984674329502,16.617571428571427,1627.9871816091954,1627.9871816091954
14448.0,2010-12-10 17:26:00,2011-11-30 13:50:00,20,375.35,354,11.629434954007884,1.719774011299435,18.767500000000002,387.31030508474583,387.31030508474583
14449.0,2010-12-02 14:09:00,2011-11-21 12:06:00,258,907.1,353,11.59658344283837,22.247932011331446,3.5158914728682173,938.6557733711049,938.6557733711049
14450.0,2011-01-23 11:53:00,2011-06-12 10:46:00,40,483.25,139,4.566360052562418,8.759712230215827,12.08125,1269.9392805755397,1269.9392805755397
14451.0,2011-05-29 12:35:00,2011-10-10 13:38:00,109,662.59,134,4.402102496714849,24.760895522388058,6.078807339449542,1806.20056119403,1806.20056119403
14452.0,2011-09-07 11:32:00,2011-11-29 12:06:00,62,264.44,83,2.726675427069645,22.73831325301205,4.26516129032258,1163.7908819277106,1163.7908819277106
14453.0,2011-06-02 14:15:00,2011-06-02 14:15:00,22,119.93,1,0.0328515111695138,669.68,5.451363636363637,43808.0304,43808.0304
14456.0,2011-07-20 13:06:00,2011-12-04 13:59:00,970,3062.4,137,4.50065703022339,215.52408759124089,3.1571134020618556,8165.2078248175185,8165.2078248175185
14457.0,2011-02-02 09:39:00,2011-02-02 09:39:00,4,113.64,1,0.0328515111695138,121.75999999999999,28.41,41510.4192,41510.4192
14459.0,2011-07-07 13:35:00,2011-07-07 13:35:00,37,1837.92,1,0.0328515111695138,1126.28,49.67351351351351,671355.4175999999,535875.9878400022
14460.0,2011-02-02 11:55:00,2011-08-21 14:19:00,16,434.34,200,6.570302233902759,2.4352,27.14625,793.278576,793.278576
14461.0,2011-03-23 12:15:00,2011-07-14 17:11:00,180,2103.06,113,3.712220762155059,48.48849557522124,11.683666666666666,6798.281033628318,6798.281033628318
14462.0,2011-01-04 12:45:00,2011-10-04 15:55:00,240,2004.02,273,8.968462549277266,26.76043956043956,8.350083333333334,2681.4228043956045,2681.4228043956045
14463.0,2011-05-18 14:42:00,2011-09-02 15:20:00,6,529.62,107,3.515111695137976,1.7069158878504673,88.27,1808.033585046729,1808.033585046729
14465.0,2011-02-10 12:13:00,2011-04-07 12:38:00,130,1058.6200000000001,56,1.8396846254927726,70.66428571428573,8.14323076923077,6905.227028571431,6905.227028571431
14466.0,2010-12-02 13:36:00,2011-11-10 14:07:00,72,2272.4,343,11.268068331143231,6.389737609329447,31.561111111111114,2420.006623906706,2420.006623906706
14467.0,2011-01-31 12:35:00,2011-11-22 12:48:00,90,598.76,295,9.69119579500657,9.28677966101695,6.652888888888889,741.4069586440678,741.4069586440678
14470.0,2011-02-25 11:56:00,2011-11-28 10:31:00,43,461.19,275,9.034165571616294,4.759709090909091,10.725348837209303,612.5944843636364,612.5944843636364
14472.0,2010-12-19 14:03:00,2011-08-28 11:01:00,281,1936.84,251,8.245729303547963,34.07824701195219,6.892669039145908,2818.680937051793,2818.680937051793
14473.0,2011-03-02 13:56:00,2011-09-26 15:10:00,7,234.34,208,6.83311432325887,1.0244230769230769,33.47714285714286,411.5370923076923,411.5370923076923
14474.0,2011-10-24 13:26:00,2011-10-24 13:26:00,29,547.66,1,0.0328515111695138,882.76,18.884827586206896,200049.2448,200049.2448
14475.0,2011-02-08 10:12:00,2011-09-29 10:46:00,42,925.85,233,7.654402102496714,5.487038626609443,22.04404761904762,1451.4784892703865,1451.4784892703865
14476.0,2011-03-27 15:39:00,2011-03-27 15:39:00,19,215.7,1,0.0328515111695138,578.36,11.352631578947367,78790.896,78790.896
14477.0,2011-02-15 15:44:00,2011-11-20 11:11:00,10,1309.6,277,9.099868593955321,1.0989169675090253,130.95999999999998,1726.9699927797833,1726.9699927797833
14479.0,2010-12-09 12:59:00,2011-03-31 09:07:00,18,316.25,111,3.6465177398160313,4.936216216216216,17.569444444444443,1040.718918918919,1040.718918918919
14480.0,2011-11-28 16:35:00,2011-11-28 16:35:00,13,279.05,1,0.0328515111695138,395.71999999999997,21.465384615384615,101931.38399999999,101931.38399999999
14481.0,2011-02-25 13:53:00,2011-06-28 10:38:00,30,636.51,122,4.0078843626806835,7.485245901639344,21.217,1905.7735475409831,1905.7735475409831
14482.0,2011-04-14 16:41:00,2011-11-21 13:14:00,144,2068.15,220,7.227332457293035,19.924363636363637,14.362152777777778,3433.8810545454553,3433.8810545454553
14483.0,2011-03-03 10:26:00,2011-03-03 10:26:00,9,137.1,1,0.0328515111695138,273.96,15.233333333333333,50079.88799999999,50079.88799999999
14484.0,2011-10-20 14:11:00,2011-10-20 14:11:00,14,321.92,1,0.0328515111695138,426.15999999999997,22.994285714285716,117590.9376,117590.9376
14485.0,2011-11-01 12:25:00,2011-11-01 12:25:00,47,165.75,1,0.0328515111695138,1430.68,3.526595744680851,60545.16,60545.16
14487.0,2010-12-06 13:22:00,2011-11-13 12:17:00,144,1196.33,341,11.202365308804204,12.85442815249267,8.307847222222222,1281.5115026392964,1281.5115026392964
14488.0,2011-10-03 09:30:00,2011-10-03 09:30:00,46,1064.28,1,0.0328515111695138,1400.24,23.136521739130433,388760.1984,388760.1984
14489.0,2011-05-16 14:51:00,2011-05-16 14:51:00,30,463.38,1,0.0328515111695138,913.1999999999999,15.446,169263.4464,169263.4464
14491.0,2010-12-02 12:10:00,2011-06-17 15:22:00,17,340.93,197,6.471747700394218,2.6268020304568527,20.05470588235294,632.1569055837563,632.1569055837563
14493.0,2011-07-07 16:59:00,2011-12-02 16:14:00,120,2383.2400000000002,147,4.829172141918528,24.848979591836734,19.860333333333337,5922.108212244899,5922.108212244899
14494.0,2011-11-14 09:21:00,2011-11-14 09:21:00,7,139.56,1,0.0328515111695138,213.07999999999998,19.937142857142856,50978.47679999999,50978.47679999999
14495.0,2011-08-10 14:13:00,2011-10-20 12:28:00,6,123.80000000000001,70,2.299605781865966,2.609142857142857,20.633333333333336,646.0237714285715,646.0237714285715
14496.0,2010-12-01 15:35:00,2011-02-01 09:01:00,19,538.8100000000001,61,2.0039421813403417,9.481311475409836,28.35842105263158,3226.5002754098364,3226.5002754098364
14497.0,2011-02-03 17:01:00,2011-02-03 17:01:00,29,475.37,1,0.0328515111695138,882.76,16.392068965517243,173643.15360000002,173643.15360000002
14498.0,2010-12-13 11:29:00,2011-10-28 12:09:00,193,1957.32,319,10.4796320630749,18.41667711598746,10.141554404145078,2241.2847949843263,2241.2847949843263
14499.0,2011-03-06 11:55:00,2011-11-13 13:01:00,194,815.32,252,8.278580814717477,23.433968253968253,4.2026804123711345,1181.8257523809525,1181.8257523809525
14500.0,2011-06-03 10:08:00,2011-09-12 16:45:00,7,356.85,101,3.3180026281208934,2.10970297029703,50.978571428571435,1290.5957227722774,1290.5957227722774
14501.0,2011-01-24 10:43:00,2011-06-09 12:02:00,10,251.21,136,4.467805519053877,2.238235294117647,25.121000000000002,674.7205058823531,674.7205058823531
14502.0,2011-01-30 15:52:00,2011-11-20 11:50:00,624,2470.67,293,9.625492772667542,64.82784982935154,3.9594070512820516,3080.1581488054608,3080.1581488054608
14503.0,2011-06-14 10:00:00,2011-12-06 13:30:00,164,3543.26,175,5.7490144546649145,28.52662857142857,21.605243902439025,7395.897215999999,7395.897215999999
14504.0,2011-03-06 14:38:00,2011-10-23 16:00:00,107,673.26,231,7.588699080157687,14.09991341991342,6.2921495327102805,1064.6251636363638,1064.6251636363638
14505.0,2010-12-12 16:14:00,2011-11-22 15:45:00,799,5905.64,344,11.300919842312746,70.70220930232558,7.391289111389237,6270.965637209303,6270.965637209303
14506.0,2010-12-05 14:25:00,2011-11-22 13:02:00,316,2012.17,351,11.530880420499342,27.40467236467237,6.367626582278481,2094.0326427350433,2094.0326427350433
14507.0,2011-03-08 17:23:00,2011-11-16 12:21:00,96,1383.18,252,8.278580814717477,11.596190476190475,14.408125,2004.9523428571429,2004.9523428571429
14508.0,2011-09-11 11:29:00,2011-11-17 19:48:00,57,276.42,67,2.2010512483574245,25.896716417910447,4.849473684210526,1507.0253373134328,1507.0253373134328
14511.0,2011-07-29 12:13:00,2011-11-28 17:05:00,68,1314.81,122,4.0078843626806835,16.96655737704918,19.33544117647059,3936.670465573771,3936.670465573771
14512.0,2011-04-21 19:05:00,2011-06-05 12:39:00,23,275.28,44,1.445466491458607,15.911818181818182,11.968695652173912,2285.3245090909086,2285.3245090909086
14513.0,2011-02-24 09:36:00,2011-08-31 11:25:00,12,455.59000000000003,188,6.176084099868594,1.9429787234042555,37.965833333333336,885.2016765957447,885.2016765957447
14514.0,2011-01-12 15:22:00,2011-10-09 16:05:00,73,1055.35,270,8.869908015768726,8.230074074074073,14.456849315068492,1427.7712888888886,1427.7712888888886
14515.0,2011-05-05 12:13:00,2011-11-22 11:37:00,101,2102.09,200,6.570302233902759,15.372200000000001,20.812772277227726,3839.257176000001,3839.257176000001
14517.0,2011-07-21 11:42:00,2011-11-06 14:20:00,18,330.45,108,3.54796320630749,5.073333333333333,18.358333333333334,1117.6553333333334,1117.6553333333334
14518.0,2011-10-06 14:43:00,2011-10-06 14:43:00,16,174.37,1,0.0328515111695138,487.03999999999996,10.898125,63693.8736,63693.8736
14520.0,2011-02-22 09:15:00,2011-12-08 09:46:00,4,270.6,289,9.494086727989487,0.4213148788927336,67.65,342.02341868512116,342.02341868512116
14522.0,2011-05-25 16:01:00,2011-11-15 13:24:00,17,974.54,173,5.683311432325887,2.99121387283237,57.32588235294117,2057.6876947976875,2057.6876947976875
14523.0,2011-08-23 13:13:00,2011-08-23 13:13:00,12,241.09,1,0.0328515111695138,365.28,20.090833333333332,88065.35519999999,88065.35519999999
14524.0,2010-12-14 11:01:00,2011-11-08 12:29:00,203,1867.68,329,10.808147174770038,18.78212765957447,9.20039408866995,2073.63571550152,2073.63571550152
14525.0,2010-12-13 17:40:00,2011-11-20 11:37:00,291,4332.2,341,11.202365308804204,25.976656891495605,14.887285223367696,4640.6628035190615,4640.6628035190615
14527.0,2010-12-05 13:17:00,2011-12-07 12:19:00,972,8508.82,366,12.02365308804205,80.84065573770492,8.753930041152262,8492.081337704918,8492.081337704918
14528.0,2011-11-02 17:09:00,2011-11-02 17:09:00,18,364.21999999999997,1,0.0328515111695138,547.92,20.234444444444442,133042.2816,133042.2816
14529.0,2011-08-21 14:10:00,2011-10-10 15:27:00,229,620.04,50,1.6425755584756898,139.4152,2.707598253275109,4529.764223999999,4529.764223999999
14530.0,2011-02-16 10:47:00,2011-11-14 10:38:00,216,2925.91,270,8.869908015768726,24.352,13.54587962962963,3958.431128888889,3958.431128888889
14532.0,2010-12-22 13:48:00,2011-04-17 13:05:00,64,932.85,115,3.7779237844940865,16.940521739130435,14.57578125,2963.0560695652175,2963.0560695652175
14533.0,2010-12-22 11:07:00,2011-11-15 12:05:00,62,1949.72,328,10.775295663600525,5.75390243902439,31.44709677419355,2171.3223219512197,2171.3223219512197
14534.0,2011-01-25 12:33:00,2011-12-07 12:19:00,519,4447.05,315,10.348226018396845,50.15352380952381,8.56849710982659,5156.8838857142855,5156.8838857142855
14535.0,2011-04-05 12:50:00,2011-10-10 15:39:00,330,2864.19,188,6.176084099868594,53.43191489361703,8.679363636363636,5565.060229787234,5565.060229787234
14536.0,2011-03-25 12:21:00,2011-03-25 12:21:00,19,171.8,1,0.0328515111695138,578.36,9.042105263157895,62755.10400000001,62755.10400000001
14537.0,2011-10-13 10:54:00,2011-10-13 10:54:00,10,355.56,1,0.0328515111695138,304.4,35.556,129878.95679999999,129878.95679999999
14538.0,2011-03-28 14:57:00,2011-10-06 10:31:00,19,388.25,191,6.274638633377135,3.028062827225131,20.43421052631579,742.5128795811519,742.5128795811519
14539.0,2011-10-26 12:03:00,2011-11-24 09:50:00,32,537.48,28,0.9198423127463863,34.78857142857143,16.79625,7011.810514285715,7011.810514285715
14540.0,2011-02-03 15:02:00,2011-11-30 10:15:00,76,996.26,299,9.822601839684625,7.737257525083613,13.108684210526315,1217.1031866220735,1217.1031866220735
14541.0,2011-01-24 14:16:00,2011-10-12 10:08:00,111,1461.65,260,8.541392904073588,12.99553846153846,13.168018018018019,2053.5058153846153,2053.5058153846153
14542.0,2011-06-07 08:19:00,2011-06-07 08:19:00,5,103.25,1,0.0328515111695138,152.2,20.65,37715.15999999999,37715.15999999999
14543.0,2010-12-10 11:51:00,2011-11-11 12:45:00,72,3630.33,336,11.038107752956636,6.522857142857143,50.42125,3946.687328571429,3946.687328571429
14544.0,2010-12-13 12:50:00,2011-11-15 15:06:00,114,2024.45,337,11.070959264126149,10.297210682492583,17.758333333333333,2194.3355964391694,2194.3355964391694
14546.0,2011-04-05 12:37:00,2011-12-04 13:00:00,399,2578.09,243,7.982917214191852,49.98172839506173,6.4613784461152886,3875.410350617284,3875.410350617284
14547.0,2011-10-16 14:35:00,2011-12-06 11:06:00,366,4007.54,50,1.6425755584756898,222.82080000000002,10.949562841530055,29277.484224000007,29277.484224000007
14548.0,2011-01-26 08:38:00,2011-07-12 12:19:00,4,652.8,167,5.486202365308804,0.7291017964071856,163.2,1427.8729580838324,1427.8729580838324
14549.0,2011-02-01 13:47:00,2011-02-01 13:47:00,56,289.24,1,0.0328515111695138,1704.6399999999999,5.165,105653.5872,105653.5872
14550.0,2011-10-26 12:14:00,2011-11-29 12:12:00,48,765.62,33,1.0840998685939554,44.276363636363634,15.950416666666667,8474.717381818182,8474.717381818182
14551.0,2011-05-19 18:21:00,2011-11-21 13:36:00,10,186.23,185,6.077529566360052,1.6454054054054055,18.622999999999998,367.70861837837833,367.70861837837833
14552.0,2011-07-11 12:49:00,2011-07-11 12:49:00,58,165.07,1,0.0328515111695138,1765.52,2.8460344827586206,60296.76959999999,60296.76959999999
14553.0,2011-01-04 15:40:00,2011-11-20 13:20:00,113,859.27,319,10.4796320630749,10.78282131661442,7.604159292035398,983.9314909090908,983.9314909090908
14554.0,2011-10-18 13:04:00,2011-11-29 16:44:00,216,2381.04,42,1.3797634691195795,156.54857142857142,11.023333333333333,20708.245028571426,20708.245028571426
14555.0,2011-02-10 17:19:00,2011-10-13 16:24:00,21,324.14,244,8.015768725361367,2.6198360655737702,15.435238095238095,485.25352131147537,485.25352131147537
14557.0,2011-09-15 15:48:00,2011-09-15 15:48:00,16,788.38,1,0.0328515111695138,487.03999999999996,49.27375,287979.4464,287979.4464
14560.0,2010-12-17 09:22:00,2011-12-02 15:22:00,74,2237.77,350,11.498028909329829,6.435885714285715,30.240135135135134,2335.464644571429,2335.464644571429
14561.0,2011-06-08 13:26:00,2011-09-25 12:39:00,69,1080.76,108,3.54796320630749,19.44777777777778,15.6631884057971,3655.370488888889,3655.370488888889
14562.0,2011-02-08 14:45:00,2011-12-06 11:05:00,423,5074.77,300,9.85545335085414,42.9204,11.997092198581562,6179.039952000001,6179.039952000001
14565.0,2010-12-13 13:25:00,2011-09-05 09:07:00,127,3099.12,265,8.705650459921156,14.58822641509434,24.40251968503937,4271.873787169811,4271.873787169811
14566.0,2011-08-21 11:05:00,2011-08-21 11:05:00,4,1432.0,1,0.0328515111695138,121.75999999999999,358.0,523080.95999999996,523080.95999999996
14567.0,2011-08-01 13:48:00,2011-10-14 10:21:00,33,1530.3600000000001,73,2.3981603153745072,13.760547945205479,46.374545454545455,7657.669873972602,7657.669873972602
14569.0,2011-12-08 14:58:00,2011-12-08 14:58:00,12,227.39,1,0.0328515111695138,365.28,18.949166666666667,83061.0192,83061.0192
14570.0,2011-03-04 10:39:00,2011-03-04 10:58:00,29,218.06,1,0.0328515111695138,882.76,7.519310344827586,79652.9568,79652.9568
14572.0,2011-01-19 17:23:00,2011-12-06 14:40:00,270,2832.84,320,10.512483574244415,25.68375,10.492,3233.68686,3233.68686
14573.0,2010-12-02 19:59:00,2011-06-13 11:15:00,235,1653.42,192,6.307490144546649,37.25729166666667,7.035829787234043,3145.63155,3145.63155
14576.0,2010-12-02 17:51:00,2010-12-02 17:51:00,1,35.400000000000006,1,0.0328515111695138,30.439999999999998,35.400000000000006,12930.912,12930.912
14577.0,2010-12-12 11:26:00,2011-11-27 12:47:00,123,859.71,350,11.498028909329829,10.697485714285715,6.989512195121952,897.2424822857145,897.2424822857145
14578.0,2011-12-06 17:18:00,2011-12-06 17:18:00,24,168.63,1,0.0328515111695138,730.56,7.02625,61597.16639999999,61597.16639999999
14581.0,2011-11-23 12:39:00,2011-11-23 12:39:00,17,138.6,1,0.0328515111695138,517.48,8.152941176470588,50627.80799999999,50627.80799999999
14582.0,2011-10-30 11:56:00,2011-10-30 11:56:00,6,114.11,1,0.0328515111695138,182.64,19.018333333333334,41682.1008,41682.1008
14583.0,2011-05-18 11:28:00,2011-12-04 12:32:00,330,1052.55,200,6.570302233902759,50.226,3.1895454545454545,1922.3773199999998,1922.3773199999998
14584.0,2011-05-25 17:31:00,2011-06-23 18:33:00,100,1042.26,29,0.9526938239159001,104.96551724137932,10.4226,13128.163199999999,13128.163199999999
14585.0,2011-10-20 14:33:00,2011-10-20 14:33:00,29,157.05,1,0.0328515111695138,882.76,5.415517241379311,57367.224,57367.224
14586.0,2011-03-08 10:04:00,2011-03-08 10:04:00,19,237.35999999999999,1,0.0328515111695138,578.36,12.492631578947368,86702.8608,86702.8608
14587.0,2011-01-12 13:16:00,2011-11-21 11:34:00,383,1601.14,312,10.249671484888305,37.367051282051285,4.180522193211488,1874.5654461538466,1874.5654461538466
14589.0,2010-12-03 11:42:00,2010-12-03 11:42:00,3,39.75,1,0.0328515111695138,91.32,13.25,14519.880000000001,14519.880000000001
14591.0,2011-05-10 14:09:00,2011-11-24 13:57:00,197,1447.14,197,6.471747700394218,30.44,7.345888324873097,2683.3060873096447,2683.3060873096447
14592.0,2011-10-06 18:08:00,2011-11-04 16:35:00,164,570.46,28,0.9198423127463863,178.29142857142858,3.4784146341463416,7442.058171428573,7442.058171428573
14593.0,2011-05-25 11:14:00,2011-11-18 12:48:00,152,617.99,177,5.814717477003942,26.140564971751413,4.065723684210527,1275.3637694915255,1275.3637694915255
14594.0,2010-12-01 13:54:00,2011-12-02 13:28:00,53,379.83,365,11.990801576872535,4.420054794520548,7.166603773584906,380.1213764383562,380.1213764383562
14595.0,2011-01-30 13:36:00,2011-11-20 12:12:00,102,1740.6000000000001,293,9.625492772667542,10.596860068259387,17.064705882352943,2169.9876040955633,2169.9876040955633
14597.0,2011-06-01 12:33:00,2011-11-28 13:13:00,55,883.15,180,5.913272010512483,9.301111111111112,16.05727272727273,1792.2057333333337,1792.2057333333337
14598.0,2011-10-26 13:19:00,2011-10-26 13:19:00,50,221.97,1,0.0328515111695138,1522.0,4.4394,81081.2016,81081.2016
14600.0,2011-02-07 09:48:00,2011-02-07 09:48:00,25,393.33000000000004,1,0.0328515111695138,761.0,15.733200000000002,143675.5824,143675.5824
14601.0,2011-11-29 09:48:00,2011-11-29 09:48:00,7,213.96,1,0.0328515111695138,213.07999999999998,30.565714285714286,78155.3088,78155.3088
14603.0,2011-03-10 10:27:00,2011-03-10 10:27:00,2,660.0,1,0.0328515111695138,60.879999999999995,330.0,241084.8,241084.8
14606.0,2010-12-01 16:57:00,2011-12-08 19:28:00,2700,12156.65,372,12.220762155059132,220.93548387096774,4.502462962962963,11937.046,11937.046
14607.0,2011-03-23 15:22:00,2011-11-24 10:35:00,86,16569.5,245,8.04862023653088,10.685061224489797,192.66860465116278,24704.110040816326,24704.110040816326
14608.0,2010-12-12 14:49:00,2011-12-05 16:52:00,20,1785.15,358,11.76084099868594,1.7005586592178772,89.25750000000001,1821.451374301676,1821.451374301676
14609.0,2011-02-16 12:10:00,2011-09-28 12:54:00,4,601.56,224,7.35873850197109,0.5435714285714286,150.39,980.9724857142857,980.9724857142857
14616.0,2011-01-26 12:42:00,2011-04-11 09:54:00,3,406.08000000000004,74,2.431011826544021,1.234054054054054,135.36,2004.4986810810815,2004.4986810810815
14618.0,2011-01-06 11:59:00,2011-11-30 13:45:00,16,553.44,328,10.775295663600525,1.4848780487804878,34.59,616.343180487805,616.343180487805
14619.0,2011-04-08 07:37:00,2011-04-08 07:37:00,20,394.44,1,0.0328515111695138,608.8,19.722,144081.04320000001,144081.04320000001
14620.0,2011-03-01 08:30:00,2011-05-18 11:58:00,26,412.78000000000003,78,2.562417871222076,10.146666666666667,15.876153846153848,1933.0804923076923,1933.0804923076923
14621.0,2010-12-16 13:00:00,2011-12-08 16:22:00,92,1788.3600000000001,357,11.727989487516425,7.844481792717088,19.438695652173916,1829.837929411765,1829.837929411765
14622.0,2011-06-08 12:42:00,2011-06-08 12:42:00,21,320.58000000000004,1,0.0328515111695138,639.24,15.265714285714287,117101.4624,117101.4624
14623.0,2011-04-18 13:54:00,2011-11-07 13:56:00,134,889.25,203,6.668856767411301,20.093399014778328,6.6361940298507465,1600.1243349753695,1600.1243349753695
14624.0,2011-10-11 14:39:00,2011-10-13 13:44:00,13,225.85,1,0.0328515111695138,395.71999999999997,17.373076923076923,82498.48799999998,82498.48799999998
14625.0,2010-12-13 15:36:00,2011-05-27 15:32:00,53,899.63,164,5.387647831800263,9.837317073170732,16.974150943396225,2003.761258536585,2003.761258536585
14626.0,2011-04-20 13:18:00,2011-11-16 10:37:00,122,2791.27,209,6.865965834428383,17.768803827751196,22.87926229508197,4878.445481339713,4878.445481339713
14628.0,2011-04-11 14:43:00,2011-09-09 14:58:00,24,671.96,151,4.9605781865965834,4.838145695364238,27.998333333333335,1625.5201907284768,1625.5201907284768
14629.0,2011-10-23 16:13:00,2011-12-05 16:55:00,152,959.01,43,1.4126149802890933,107.60186046511627,6.309276315789473,8146.6784372093025,8146.6784372093025
14631.0,2011-02-14 09:31:00,2011-10-20 11:17:00,41,1006.98,248,8.147174770039422,5.0324193548387095,24.56048780487805,1483.1840903225807,1483.1840903225807
14632.0,2011-03-22 08:49:00,2011-03-22 08:49:00,8,114.56,1,0.0328515111695138,243.51999999999998,14.32,41846.476800000004,41846.476800000004
14633.0,2011-03-18 17:07:00,2011-03-18 17:07:00,20,344.90000000000003,1,0.0328515111695138,608.8,17.245,125985.07199999999,125985.07199999999
14636.0,2011-03-16 09:52:00,2011-11-03 16:12:00,28,609.85,232,7.621550591327201,3.673793103448276,21.780357142857145,960.1983103448276,960.1983103448276
14638.0,2011-10-20 10:10:00,2011-10-20 10:10:00,16,443.6,1,0.0328515111695138,487.03999999999996,27.725,162038.20799999998,162038.20799999998
14639.0,2010-12-13 13:50:00,2011-10-18 15:06:00,172,2984.4900000000002,309,10.151116951379763,16.943948220064726,17.35168604651163,3528.0728388349526,3528.0728388349526
14640.0,2011-04-26 12:31:00,2011-11-15 13:07:00,106,2125.08,203,6.668856767411301,15.894778325123154,20.047924528301888,3823.8877950738924,3823.8877950738924
14641.0,2011-11-18 10:42:00,2011-11-18 10:42:00,7,110.46000000000001,1,0.0328515111695138,213.07999999999998,15.780000000000001,40348.8288,40348.8288
14642.0,2011-10-12 11:08:00,2011-10-12 11:08:00,2,96.12,1,0.0328515111695138,60.879999999999995,48.06,35110.7136,35110.7136
14643.0,2010-12-16 17:53:00,2011-06-22 14:41:00,31,693.8100000000001,187,6.14323258869908,5.0462032085561495,22.380967741935486,1355.2669347593583,1355.2669347593583
14644.0,2011-02-14 14:14:00,2011-10-03 08:30:00,26,830.76,230,7.555847568988173,3.4410434782608696,31.95230769230769,1319.39136,1319.39136
14645.0,2011-03-09 09:52:00,2011-07-06 09:15:00,30,597.09,118,3.876478318002628,7.738983050847458,19.903000000000002,1848.3477559322037,1848.3477559322037
14646.0,2010-12-20 10:09:00,2011-12-08 12:12:00,2076,280206.02,353,11.59658344283837,179.01824362606234,134.97399807321773,289953.6968430595,289953.6968430595
14647.0,2011-05-22 13:40:00,2011-05-22 13:40:00,30,243.22,1,0.0328515111695138,913.1999999999999,8.107333333333333,88843.40159999998,88843.40159999998
14649.0,2011-05-11 14:37:00,2011-12-05 12:30:00,199,1417.29,207,6.800262812089356,29.263574879227054,7.122060301507537,2501.003339130435,2501.003339130435
14651.0,2011-05-12 16:29:00,2011-10-03 15:52:00,102,654.6,143,4.697766097240473,21.712447552447554,6.41764705882353,1672.1139020979022,1672.1139020979022
14652.0,2011-09-23 14:21:00,2011-09-23 14:21:00,29,114.18,1,0.0328515111695138,882.76,3.937241379310345,41707.6704,41707.6704
14653.0,2011-01-05 13:40:00,2011-12-08 13:45:00,237,1947.55,337,11.070959264126149,21.407359050445105,8.217510548523206,2110.9823857566766,2110.9823857566766
14655.0,2011-05-01 14:59:00,2011-12-01 16:28:00,49,1932.23,214,7.030223390275952,6.9699065420560755,39.43326530612245,3298.1540859813085,3298.1540859813085
14656.0,2011-03-01 13:19:00,2011-06-23 13:51:00,80,291.05,114,3.7450722733245727,21.361403508771932,3.638125,932.5854736842106,932.5854736842106
14657.0,2011-01-17 15:19:00,2011-11-22 12:47:00,126,848.22,308,10.11826544021025,12.452727272727273,6.7319047619047625,1005.9668883116883,1005.9668883116883
14658.0,2011-08-14 15:42:00,2011-12-04 15:35:00,29,247.15,111,3.6465177398160313,7.952792792792793,8.522413793103448,813.3238918918919,813.3238918918919
14659.0,2011-01-28 12:43:00,2011-12-01 12:17:00,253,2529.93,306,10.052562417871222,25.167712418300653,9.999723320158102,3020.0419294117646,3020.0419294117646
14660.0,2011-08-31 10:40:00,2011-09-14 11:34:00,30,285.74,14,0.45992115637319314,65.22857142857143,9.524666666666667,7455.364799999999,7455.364799999999
14661.0,2011-11-13 11:51:00,2011-11-13 11:51:00,4,107.95,1,0.0328515111695138,121.75999999999999,26.9875,39431.976,39431.976
14662.0,2011-01-27 17:41:00,2011-11-11 12:13:00,168,771.17,287,9.42838370565046,17.818536585365855,4.590297619047619,981.5086327526134,981.5086327526134
14664.0,2011-11-06 14:56:00,2011-11-20 10:59:00,99,637.89,13,0.42706964520367935,231.8123076923077,6.443333333333333,17923.727630769234,17923.727630769234
14665.0,2011-02-02 09:08:00,2011-10-10 09:14:00,90,1835.7,250,8.21287779237845,10.9584,20.39666666666667,2682.177984,2682.177984
14666.0,2011-11-15 12:57:00,2011-11-15 12:57:00,14,195.25,1,0.0328515111695138,426.15999999999997,13.946428571428571,71320.92,71320.92
14667.0,2010-12-06 13:13:00,2011-11-29 11:30:00,573,9241.2,357,11.727989487516425,48.85747899159664,16.127748691099477,9455.533714285715,9455.533714285715
14669.0,2011-01-11 12:30:00,2011-04-12 11:43:00,170,1269.99,90,2.9566360052562417,57.49777777777778,7.470529411764706,5154.46608,5154.46608
14670.0,2011-03-04 13:58:00,2011-03-04 14:13:00,132,411.53,1,0.0328515111695138,4018.08,3.1176515151515147,150323.67839999998,150323.67839999998
14672.0,2011-01-07 15:48:00,2011-04-19 10:19:00,61,765.5500000000001,101,3.3180026281208934,18.384554455445546,12.55,2768.7139009900993,2768.7139009900993
14673.0,2010-12-07 12:49:00,2011-12-06 14:31:00,74,1736.4,364,11.957950065703022,6.188351648351649,23.464864864864865,1742.506021978022,1742.506021978022
14675.0,2011-11-23 12:58:00,2011-11-23 12:58:00,102,604.75,1,0.0328515111695138,3104.88,5.928921568627451,220903.08000000002,220903.08000000002
14676.0,2011-03-01 14:26:00,2011-11-08 13:29:00,42,2548.2400000000002,251,8.245729303547963,5.0935458167330685,60.672380952380955,3708.4506262948216,3708.4506262948216
14680.0,2010-12-03 12:05:00,2011-11-14 16:59:00,258,28754.11,346,11.366622864651774,22.698034682080927,111.45003875968993,30356.362141040467,30356.362141040467
14681.0,2011-05-12 10:45:00,2011-09-29 15:52:00,7,498.95,140,4.599211563731932,1.522,71.27857142857142,1301.8318285714286,1301.8318285714286
14682.0,2011-05-22 12:51:00,2011-06-05 12:12:00,2,52.0,13,0.42706964520367935,4.683076923076923,26.0,1461.1200000000001,1461.1200000000001
14684.0,2010-12-12 12:44:00,2011-11-14 11:33:00,421,1236.28,336,11.038107752956636,38.14059523809524,2.9365320665083137,1344.0129714285715,1344.0129714285715
14687.0,2011-08-25 11:59:00,2011-08-25 11:59:00,15,628.38,1,0.0328515111695138,456.59999999999997,41.892,229534.64640000003,229534.64640000003
14688.0,2010-12-01 09:37:00,2011-12-02 12:26:00,327,5630.87,366,12.02365308804205,27.196393442622952,17.219785932721713,5619.792878688525,5619.792878688525
14689.0,2011-05-15 11:22:00,2011-05-15 11:22:00,13,112.80000000000001,1,0.0328515111695138,395.71999999999997,8.676923076923078,41203.584,41203.584
14690.0,2011-07-11 11:58:00,2011-10-26 15:39:00,50,371.7,107,3.515111695137976,14.224299065420562,7.434,1268.9212710280376,1268.9212710280376
14691.0,2011-05-11 09:55:00,2011-11-09 12:30:00,71,2114.33,182,5.978975032851511,11.874945054945055,29.779295774647885,4243.5300131868125,4243.5300131868125
14692.0,2011-01-21 13:47:00,2011-07-25 15:08:00,68,591.55,185,6.077529566360052,11.188756756756757,8.699264705882353,1168.007481081081,1168.007481081081
14693.0,2011-03-20 12:50:00,2011-03-20 12:50:00,8,172.9,1,0.0328515111695138,243.51999999999998,21.6125,63156.912,63156.912
14696.0,2010-12-01 15:37:00,2011-12-05 13:43:00,130,2078.95,368,12.089356110381077,10.753260869565217,15.991923076923076,2063.5838478260866,2063.5838478260866
14697.0,2011-05-05 15:29:00,2011-05-05 15:39:00,22,188.61,1,0.0328515111695138,669.68,8.57318181818182,68895.4608,68895.4608
14698.0,2011-10-19 12:54:00,2011-12-08 12:26:00,210,1250.76,49,1.609724047306176,130.45714285714286,5.9559999999999995,9324.032914285714,9324.032914285714
14699.0,2011-05-09 14:54:00,2011-05-09 14:54:00,8,109.13000000000001,1,0.0328515111695138,243.51999999999998,13.641250000000001,39863.0064,39863.0064
14700.0,2011-04-15 13:16:00,2011-11-07 14:40:00,115,2235.3,206,6.767411300919842,16.993203883495145,19.437391304347827,3963.6426407766985,3963.6426407766985
14701.0,2011-01-27 12:40:00,2011-11-29 12:38:00,335,2549.37,305,10.019710906701707,33.43409836065574,7.610059701492537,3053.225815081967,3053.225815081967
14702.0,2010-12-09 19:23:00,2011-12-08 19:29:00,347,3292.14,364,11.957950065703022,29.01835164835165,9.487435158501441,3303.7167560439566,3303.7167560439566
14703.0,2011-11-25 09:23:00,2011-11-25 09:23:00,22,318.17,1,0.0328515111695138,669.68,14.462272727272728,116221.13759999999,116221.13759999999
14704.0,2011-06-12 13:59:00,2011-11-28 12:51:00,415,1546.91,168,5.519053876478318,75.19404761904762,3.7274939759036148,3363.424314285715,3363.424314285715
14705.0,2011-05-25 12:39:00,2011-05-25 12:39:00,1,179.0,1,0.0328515111695138,30.439999999999998,179.0,65385.119999999995,65385.119999999995
14708.0,2010-12-06 12:23:00,2011-12-07 08:21:00,28,1126.3700000000001,365,11.990801576872535,2.3351232876712333,40.227500000000006,1127.2340646575346,1127.2340646575346
14709.0,2010-12-16 13:43:00,2011-11-24 15:41:00,196,4921.04,343,11.268068331143231,17.394285714285715,25.10734693877551,5240.692394169097,5240.692394169097
14710.0,2011-10-11 13:49:00,2011-11-25 14:53:00,139,606.13,45,1.4783180026281209,94.02577777777778,4.360647482014389,4920.159253333333,4920.159253333333
14711.0,2011-03-22 13:32:00,2011-11-29 14:58:00,357,2868.8,252,8.278580814717477,43.123333333333335,8.035854341736695,4158.393904761904,4158.393904761904
14712.0,2011-08-19 13:33:00,2011-11-10 12:59:00,25,917.07,82,2.6938239159001314,9.28048780487805,36.6828,4085.2113365853666,4085.2113365853666
14713.0,2010-12-09 18:58:00,2011-11-30 16:26:00,339,2666.36,355,11.662286465177397,29.06805633802817,7.865368731563422,2743.571776901409,2743.571776901409
14714.0,2011-11-15 13:07:00,2011-11-15 13:07:00,10,160.19,1,0.0328515111695138,304.4,16.019,58514.20319999999,58514.20319999999
14715.0,2011-01-12 13:27:00,2011-11-15 12:10:00,71,867.38,306,10.052562417871222,7.062875816993464,12.21661971830986,1035.4136156862746,1035.4136156862746
14716.0,2011-07-14 12:42:00,2011-10-27 17:29:00,55,329.68,105,3.4494086727989486,15.944761904761906,5.9941818181818185,1146.909622857143,1146.909622857143
14719.0,2011-04-04 14:17:00,2011-12-08 12:43:00,237,1602.13,247,8.114323258869907,29.20761133603239,6.7600421940928275,2369.3362202429153,2369.3362202429153
14720.0,2011-08-05 12:06:00,2011-12-04 12:02:00,37,663.81,120,3.9421813403416555,9.385666666666667,17.94081081081081,2020.63764,2020.63764
14722.0,2011-07-15 14:58:00,2011-07-15 14:58:00,29,187.92,1,0.0328515111695138,882.76,6.4799999999999995,68643.41759999999,68643.41759999999
14723.0,2010-12-03 14:18:00,2011-11-29 15:23:00,278,1158.3,361,11.85939553219448,23.4413296398892,4.1665467625899275,1172.032753462604,1172.032753462604
14725.0,2011-11-15 12:42:00,2011-11-15 12:42:00,52,718.08,1,0.0328515111695138,1582.8799999999999,13.80923076923077,262300.2624,262300.2624
14727.0,2011-03-10 14:45:00,2011-03-10 14:45:00,10,268.58,1,0.0328515111695138,304.4,26.857999999999997,98106.90239999998,98106.90239999998
14729.0,2010-12-01 12:43:00,2010-12-01 12:43:00,71,313.49,1,0.0328515111695138,2161.24,4.415352112676056,114511.62719999999,114511.62719999999
14730.0,2011-03-08 12:49:00,2011-12-08 14:39:00,501,2005.06,275,9.034165571616294,55.45614545454546,4.0021157684630735,2663.3029701818177,2663.3029701818177
14731.0,2011-05-11 13:06:00,2011-10-23 15:54:00,45,380.02,165,5.4204993429697765,8.301818181818183,8.444888888888888,841.2951854545456,841.2951854545456
14732.0,2011-01-04 14:40:00,2011-12-01 14:34:00,147,2702.4900000000002,330,10.840998685939553,13.559636363636363,18.384285714285717,2991.4107490909096,2991.4107490909096
14733.0,2010-12-07 11:30:00,2011-11-23 15:39:00,202,9585.91,351,11.530880420499342,17.51817663817664,47.455,9975.90086837607,9975.90086837607
14735.0,2010-12-16 16:05:00,2011-12-06 12:09:00,194,6065.6900000000005,354,11.629434954007884,16.68180790960452,31.266443298969076,6258.969613559322,6258.969613559322
14737.0,2010-12-21 13:49:00,2011-12-06 10:16:00,17,1164.55,349,11.465177398160314,1.4827507163323783,68.50294117647059,1218.8734212034385,1218.8734212034385
14738.0,2011-01-27 14:10:00,2011-10-28 08:56:00,54,1314.45,273,8.968462549277266,6.021098901098902,24.34166666666667,1758.7629890109893,1758.7629890109893
14739.0,2010-12-07 14:58:00,2011-12-05 16:54:00,60,3902.28,363,11.925098554533507,5.031404958677687,65.038,3926.7901884297526,3926.7901884297526
14740.0,2011-03-01 08:35:00,2011-05-26 18:17:00,89,1448.21,86,2.8252299605781865,31.50186046511628,16.272022471910113,6151.187776744187,6151.187776744187
14741.0,2010-12-02 08:43:00,2011-11-28 08:48:00,59,1400.3400000000001,361,11.85939553219448,4.974958448753463,23.734576271186445,1416.9423689750695,1416.9423689750695
14744.0,2010-12-08 10:21:00,2011-11-23 12:51:00,26,1099.98,350,11.498028909329829,2.261257142857143,42.30692307692308,1148.0019840000002,1148.0019840000002
14745.0,2011-02-27 15:25:00,2011-08-19 10:05:00,69,1220.26,172,5.650459921156373,12.21139534883721,17.684927536231886,2591.4917023255816,2591.4917023255816
14747.0,2011-04-04 14:09:00,2011-04-04 14:09:00,18,328.2,1,0.0328515111695138,547.92,18.233333333333334,119884.896,119884.896
14748.0,2010-12-06 10:19:00,2011-11-10 18:33:00,89,1415.75,339,11.136662286465176,7.991622418879057,15.907303370786517,1525.5019469026552,1525.5019469026552
14752.0,2011-10-27 11:55:00,2011-10-27 11:55:00,5,389.64000000000004,1,0.0328515111695138,152.2,77.92800000000001,142327.6992,142327.6992
14753.0,2011-09-13 14:50:00,2011-09-13 14:50:00,30,563.15,1,0.0328515111695138,913.1999999999999,18.771666666666665,205707.43199999997,205707.43199999997
14754.0,2011-02-17 12:21:00,2011-10-26 12:01:00,41,638.05,250,8.21287779237845,4.99216,15.562195121951218,932.2676159999999,932.2676159999999
14755.0,2011-01-09 14:02:00,2011-11-30 11:24:00,235,5010.28,324,10.64388961892247,22.078395061728397,21.320340425531914,5648.626785185185,5648.626785185185
14756.0,2011-11-24 18:13:00,2011-11-24 18:13:00,38,738.96,1,0.0328515111695138,1156.72,19.446315789473687,269927.30880000006,269927.30880000006
14757.0,2011-09-25 14:36:00,2011-09-25 14:36:00,19,420.5,1,0.0328515111695138,578.36,22.13157894736842,153600.24,153600.24
14758.0,2011-03-25 12:10:00,2011-07-18 08:21:00,71,1484.06,114,3.7450722733245727,18.95824561403509,20.90225352112676,4755.240673684211,4755.240673684211
14759.0,2011-04-21 10:55:00,2011-12-05 12:03:00,102,1625.97,228,7.490144546649145,13.617894736842105,15.940882352941177,2604.975094736842,2604.975094736842
14760.0,2011-02-15 16:27:00,2011-02-15 16:27:00,5,89.2,1,0.0328515111695138,152.2,17.84,32582.975999999995,32582.975999999995
14761.0,2011-01-09 12:03:00,2011-10-12 12:10:00,11,255.9,276,9.067017082785808,1.2131884057971014,23.263636363636365,338.6780869565217,338.6780869565217
14762.0,2011-03-21 08:20:00,2011-03-21 08:20:00,21,300.52,1,0.0328515111695138,639.24,14.310476190476189,109773.94559999999,109773.94559999999
14764.0,2011-10-24 11:54:00,2011-10-24 11:54:00,6,278.3,1,0.0328515111695138,182.64,46.38333333333333,101657.424,101657.424
14765.0,2011-06-16 19:49:00,2011-11-10 19:53:00,39,254.11,147,4.829172141918528,8.075918367346938,6.515641025641026,631.4374204081632,631.4374204081632
14766.0,2010-12-08 15:33:00,2011-12-01 16:05:00,135,2473.37,358,11.76084099868594,11.478770949720671,18.321259259259257,2523.666462569832,2523.666462569832
14768.0,2011-08-04 13:25:00,2011-11-22 12:54:00,5,192.60000000000002,109,3.5808147174770038,1.3963302752293578,38.52,645.4397064220184,645.4397064220184
14769.0,2010-12-17 11:40:00,2011-12-07 10:24:00,1090,10674.75,354,11.629434954007884,93.72768361581922,9.79334862385321,11014.894576271186,11014.894576271186
14770.0,2011-01-20 15:00:00,2011-04-21 14:21:00,52,876.4200000000001,90,2.9566360052562417,17.587555555555557,16.85423076923077,3557.0966400000007,3557.0966400000007
14772.0,2011-08-19 15:04:00,2011-08-19 15:04:00,9,139.26,1,0.0328515111695138,273.96,15.473333333333333,50868.892799999994,50868.892799999994
14775.0,2010-12-02 16:38:00,2011-10-12 15:27:00,60,1011.9,313,10.282522996057818,5.8351437699680515,16.865,1180.9163961661343,1180.9163961661343
14776.0,2011-01-31 13:17:00,2011-10-19 15:34:00,117,2538.2999999999997,261,8.5742444152431,13.645517241379311,21.694871794871794,3552.4529655172414,3552.4529655172414
14778.0,2011-02-04 11:43:00,2011-08-04 15:23:00,35,730.86,181,5.946123521681997,5.886187845303867,20.881714285714285,1474.9643138121546,1474.9643138121546
14779.0,2011-01-20 12:04:00,2011-03-04 12:42:00,41,386.15,43,1.4126149802890933,29.024186046511627,9.418292682926829,3280.2993488372094,3280.2993488372094
14780.0,2011-09-21 15:15:00,2011-10-16 12:46:00,27,447.68,24,0.7884362680683311,34.245000000000005,16.58074074074074,6813.6896000000015,6813.6896000000015
14782.0,2011-01-24 11:12:00,2011-01-24 11:12:00,6,200.10000000000002,1,0.0328515111695138,182.64,33.35,73092.52799999999,73092.52799999999
14784.0,2011-01-20 09:25:00,2011-11-13 13:30:00,15,289.99,297,9.756898817345597,1.5373737373737375,19.332666666666668,356.65840808080816,356.65840808080816
14785.0,2011-11-24 13:40:00,2011-11-29 13:21:00,3,77.4,4,0.1314060446780552,22.83,25.8,7068.168,7068.168
14788.0,2011-11-13 15:52:00,2011-12-02 17:06:00,30,679.44,19,0.6241787122207622,48.06315789473684,22.648000000000003,13062.4128,13062.4128
14789.0,2011-11-11 08:59:00,2011-11-11 08:59:00,6,197.64,1,0.0328515111695138,182.64,32.94,72193.9392,72193.9392
14790.0,2011-03-31 11:49:00,2011-11-23 09:28:00,46,745.06,236,7.752956636005256,5.933220338983051,16.19695652173913,1153.2013423728813,1153.2013423728813
14792.0,2011-10-07 09:19:00,2011-10-07 09:19:00,2,6.2,1,0.0328515111695138,60.879999999999995,3.1,2264.736,2264.736
14793.0,2011-11-18 14:50:00,2011-11-18 14:50:00,14,228.99,1,0.0328515111695138,426.15999999999997,16.356428571428573,83645.4672,83645.4672
14794.0,2011-01-09 16:11:00,2011-12-07 10:11:00,80,1319.91,331,10.873850197109066,7.3570996978851975,16.498875,1456.6064193353477,1456.6064193353477
14795.0,2011-06-26 13:04:00,2011-06-26 13:04:00,6,131.45000000000002,1,0.0328515111695138,182.64,21.908333333333335,48016.056000000004,48016.056000000004
14796.0,2010-12-08 10:40:00,2011-12-08 15:31:00,1141,8022.49,365,11.990801576872535,95.15627397260275,7.031104294478528,8028.644238904111,8028.644238904111
14798.0,2011-02-02 15:26:00,2011-10-18 10:58:00,12,173.74,257,8.442838370565045,1.4213229571984436,14.478333333333333,246.9406505836576,246.9406505836576
14799.0,2011-10-19 16:16:00,2011-10-19 16:16:00,13,157.7,1,0.0328515111695138,395.71999999999997,12.13076923076923,57604.65599999999,57604.65599999999
14800.0,2010-12-05 11:10:00,2011-10-23 12:46:00,385,4339.74,322,10.578186596583443,36.39565217391304,11.272051948051947,4923.0441838509305,4923.0441838509305
14801.0,2011-10-09 15:24:00,2011-10-09 15:24:00,59,193.14,1,0.0328515111695138,1795.96,3.273559322033898,70550.17919999998,70550.17919999998
14803.0,2011-02-20 13:21:00,2011-06-30 13:58:00,44,845.5500000000001,130,4.270696452036794,10.302769230769231,19.217045454545456,2375.8654153846155,2375.8654153846155
14804.0,2011-12-01 11:20:00,2011-12-01 11:20:00,12,353.27,1,0.0328515111695138,365.28,29.439166666666665,129042.46559999998,129042.46559999998
14805.0,2011-01-30 10:43:00,2011-11-24 16:20:00,47,554.65,298,9.789750328515112,4.800939597315436,11.801063829787234,679.8743355704697,679.8743355704697
14806.0,2011-09-25 15:32:00,2011-09-25 15:32:00,11,193.39000000000001,1,0.0328515111695138,334.84,17.580909090909092,70641.49919999999,70641.49919999999
14808.0,2011-06-20 12:53:00,2011-10-31 12:21:00,235,2741.17,132,4.336399474375821,54.19242424242424,11.664553191489363,7585.564981818183,7585.564981818183
14810.0,2010-12-05 12:08:00,2011-10-30 11:19:00,255,2087.88,328,10.775295663600525,23.665243902439023,8.187764705882353,2325.1853853658536,2325.1853853658536
14813.0,2010-12-05 11:54:00,2010-12-05 11:57:00,30,155.43,1,0.0328515111695138,913.1999999999999,5.181,56775.47039999999,56775.47039999999
14815.0,2011-10-03 11:36:00,2011-11-03 11:36:00,53,778.5,31,1.0183968462549278,52.04258064516129,14.68867924528302,9173.24129032258,9173.24129032258
14816.0,2011-05-26 13:16:00,2011-05-26 13:16:00,4,271.85,1,0.0328515111695138,121.75999999999999,67.9625,99301.36799999999,99301.36799999999
14817.0,2011-03-07 13:51:00,2011-05-23 13:35:00,63,1110.34,76,2.4967148488830486,25.23315789473684,17.624444444444443,5336.64467368421,5336.64467368421
14818.0,2011-03-31 12:28:00,2011-09-27 11:01:00,48,657.8,179,5.88042049934297,8.16268156424581,13.704166666666666,1342.3529832402232,1342.3529832402232
14819.0,2011-05-31 13:50:00,2011-10-06 13:41:00,13,272.07,127,4.1721419185282524,3.1159055118110235,20.928461538461537,782.5333039370078,782.5333039370078
14820.0,2011-06-19 14:56:00,2011-11-18 15:41:00,29,507.29,152,4.993429697766097,5.807631578947368,17.492758620689656,1219.0979684210527,1219.0979684210527
14821.0,2010-12-08 08:43:00,2010-12-08 08:43:00,2,48.800000000000004,1,0.0328515111695138,60.879999999999995,24.400000000000002,17825.664,17825.664
14823.0,2011-05-29 12:48:00,2011-06-12 13:12:00,70,321.43,14,0.45992115637319314,152.20000000000002,4.591857142857143,8386.567885714287,8386.567885714287
14824.0,2011-09-09 14:12:00,2011-11-29 14:20:00,29,1127.71,81,2.6609724047306176,10.898271604938271,38.88655172413793,5085.554429629629,5085.554429629629
14825.0,2010-12-06 12:30:00,2011-12-06 11:38:00,121,2226.9100000000003,364,11.957950065703022,10.11879120879121,18.40421487603306,2234.740892307693,2234.740892307693
14828.0,2011-01-07 09:50:00,2011-05-27 10:16:00,17,2139.76,140,4.599211563731932,3.696285714285714,125.86823529411765,5582.93952,5582.93952
14829.0,2010-12-02 16:12:00,2011-11-10 16:16:00,42,697.55,343,11.268068331143231,3.7273469387755105,16.60833333333333,742.8602448979591,742.8602448979591
14830.0,2011-10-17 14:29:00,2011-10-17 14:29:00,40,197.13,1,0.0328515111695138,1217.6,4.92825,72007.6464,72007.6464
14834.0,2011-04-13 15:00:00,2011-11-22 10:30:00,67,1720.3,222,7.293035479632063,9.186846846846848,25.676119402985073,2830.5909189189188,2830.5909189189188
14836.0,2011-11-09 13:26:00,2011-11-29 16:45:00,6,102.45,20,0.657030223390276,9.132,17.075,1871.1468,1871.1468
14837.0,2011-05-22 12:49:00,2011-09-11 10:58:00,108,1649.5,111,3.6465177398160313,29.6172972972973,15.273148148148149,5428.192432432433,5428.192432432433
14840.0,2011-03-17 12:00:00,2011-03-17 12:00:00,4,62.85,1,0.0328515111695138,121.75999999999999,15.7125,22957.847999999998,22957.847999999998
14841.0,2010-12-16 10:28:00,2011-10-17 15:03:00,138,3295.76,305,10.019710906701707,13.772852459016395,23.88231884057971,3947.1318452459027,3947.1318452459027
14842.0,2011-02-04 15:32:00,2011-10-27 12:37:00,145,2824.69,264,8.672798948751643,16.718939393939394,19.480620689655172,3908.3437999999996,3908.3437999999996
14844.0,2011-04-12 13:10:00,2011-10-07 10:41:00,130,3189.81,177,5.814717477003942,22.357062146892655,24.537,6582.902806779661,6582.902806779661
14847.0,2011-07-14 10:52:00,2011-07-14 10:52:00,13,309.40000000000003,1,0.0328515111695138,395.71999999999997,23.800000000000004,113017.63200000001,113017.63200000001
14849.0,2010-12-01 12:22:00,2011-11-18 10:58:00,388,7930.54,351,11.530880420499342,33.648774928774934,20.439536082474227,8253.184191452992,8253.184191452992
14850.0,2011-02-01 11:21:00,2011-02-01 11:21:00,21,325.75,1,0.0328515111695138,639.24,15.511904761904763,118989.95999999999,118989.95999999999
14851.0,2011-03-28 14:59:00,2011-11-16 14:20:00,28,511.35,232,7.621550591327201,3.673793103448276,18.2625,805.1117586206897,805.1117586206897
14852.0,2011-04-01 13:22:00,2011-10-12 13:20:00,143,2836.69,193,6.340341655716163,22.5539896373057,19.83699300699301,5368.840016580311,5368.840016580311
14853.0,2011-05-12 15:17:00,2011-11-15 16:56:00,9,475.8,187,6.14323258869908,1.4650267379679145,52.86666666666667,929.412962566845,929.412962566845
14854.0,2011-03-10 12:22:00,2011-09-22 17:00:00,127,2759.83,196,6.438896189224704,19.723877551020408,21.730944881889762,5143.4219510204075,5143.4219510204075
14855.0,2011-07-28 12:06:00,2011-08-12 14:02:00,20,645.65,15,0.49277266754270693,40.586666666666666,32.2825,15722.868799999998,15722.868799999998
14856.0,2011-10-14 09:35:00,2011-11-03 14:53:00,66,1311.38,20,0.657030223390276,100.452,19.86939393939394,23951.04432,23951.04432
14857.0,2011-07-14 15:03:00,2011-10-11 09:23:00,60,1173.1200000000001,88,2.890932982917214,20.754545454545454,19.552000000000003,4869.514472727273,4869.514472727273
14859.0,2011-05-19 14:42:00,2011-11-27 11:18:00,58,1353.74,191,6.274638633377135,9.243560209424084,23.340344827586208,2588.974592670157,2588.974592670157
14860.0,2011-11-20 14:17:00,2011-11-20 14:17:00,11,170.32,1,0.0328515111695138,334.84,15.483636363636363,62214.489599999986,62214.489599999986
14861.0,2011-10-18 12:54:00,2011-10-18 12:54:00,6,125.79,1,0.0328515111695138,182.64,20.965,45948.5712,45948.5712
14862.0,2011-07-14 11:20:00,2011-11-14 10:01:00,48,841.2,122,4.0078843626806835,11.97639344262295,17.525000000000002,2518.6355409836065,2518.6355409836065
14863.0,2011-11-10 15:04:00,2011-11-10 15:04:00,11,266.76,1,0.0328515111695138,334.84,24.25090909090909,97442.09279999998,97442.09279999998
14865.0,2010-12-02 18:23:00,2011-12-02 16:25:00,4,52.2,364,11.957950065703022,0.3345054945054945,13.05,52.38356043956044,52.38356043956044
14866.0,2010-12-08 14:58:00,2011-11-29 11:45:00,99,14389.9,355,11.662286465177397,8.488901408450705,145.35252525252525,14806.59907605634,14806.59907605634
14867.0,2011-01-07 16:34:00,2011-06-07 11:39:00,36,710.28,150,4.92772667542707,7.3056,19.73,1729.673856,1729.673856
14868.0,2011-04-20 13:36:00,2011-12-06 14:49:00,144,2953.59,230,7.555847568988173,19.05808695652174,20.511041666666667,4690.8145878260875,4690.8145878260875
14869.0,2011-08-28 16:09:00,2011-12-01 12:36:00,71,725.7,94,3.088042049934297,22.99191489361702,10.221126760563381,2820.0393191489366,2820.0393191489366
14870.0,2011-03-23 10:51:00,2011-03-23 10:51:00,13,327.25,1,0.0328515111695138,395.71999999999997,25.173076923076923,119537.88,119537.88
14871.0,2010-12-14 12:18:00,2011-12-06 13:42:00,98,522.38,357,11.727989487516425,8.35607843137255,5.330408163265306,534.4957042016807,534.4957042016807
14873.0,2011-05-13 13:52:00,2011-05-13 13:52:00,28,519.68,1,0.0328515111695138,852.3199999999999,18.56,189828.71039999998,189828.71039999998
14875.0,2011-03-22 11:53:00,2011-08-24 12:20:00,47,1465.32,155,5.091984231274639,9.230193548387097,31.17702127659574,3453.239287741935,3453.239287741935
14878.0,2010-12-16 12:11:00,2011-11-27 11:15:00,124,1485.54,345,11.333771353482259,10.940753623188407,11.980161290322581,1572.8639165217392,1572.8639165217392
14880.0,2011-02-24 12:27:00,2011-09-23 13:42:00,47,706.19,211,6.931668856767411,6.780473933649289,15.025319148936171,1222.545418009479,1222.545418009479
14881.0,2011-11-20 11:06:00,2011-11-20 11:06:00,17,255.4,1,0.0328515111695138,517.48,15.023529411764706,93292.512,93292.512
14882.0,2011-11-06 10:15:00,2011-11-13 12:47:00,11,589.7,7,0.22996057818659657,47.83428571428572,53.60909090909092,30772.230857142866,30772.230857142866
14883.0,2011-05-12 09:49:00,2011-11-21 10:23:00,53,761.59,193,6.340341655716163,8.35917098445596,14.369622641509434,1441.4175917098446,1441.4175917098446
14885.0,2011-07-31 12:05:00,2011-07-31 12:05:00,15,765.3199999999999,1,0.0328515111695138,456.59999999999997,51.02133333333333,279556.08959999995,279556.08959999995
14886.0,2011-04-01 08:56:00,2011-04-01 08:56:00,18,364.8,1,0.0328515111695138,547.92,20.266666666666666,133254.14399999997,133254.14399999997
14887.0,2011-09-21 15:32:00,2011-09-21 15:32:00,6,1862.0,1,0.0328515111695138,182.64,310.3333333333333,680151.3599999999,535875.9878400022
14888.0,2011-05-16 14:58:00,2011-05-16 14:58:00,20,369.2,1,0.0328515111695138,608.8,18.46,134861.376,134861.376
14889.0,2011-01-07 15:19:00,2011-01-07 15:19:00,10,135.9,1,0.0328515111695138,304.4,13.59,49641.551999999996,49641.551999999996
14890.0,2011-03-31 11:57:00,2011-03-31 11:57:00,7,125.65,1,0.0328515111695138,213.07999999999998,17.95,45897.43199999999,45897.43199999999
14891.0,2011-06-05 10:58:00,2011-07-14 18:08:00,33,554.38,39,1.281208935611038,25.756923076923076,16.79939393939394,5192.4083692307695,5192.4083692307695
14893.0,2011-11-28 10:49:00,2011-11-30 12:31:00,73,1237.8500000000001,2,0.0657030223390276,1111.06,16.956849315068496,226080.924,226080.924
14894.0,2011-09-15 13:51:00,2011-09-15 13:51:00,23,655.75,1,0.0328515111695138,700.12,28.51086956521739,239532.36,239532.36
14895.0,2011-02-22 13:08:00,2011-12-02 09:23:00,498,11138.710000000001,282,9.264126149802891,53.755744680851066,22.366887550200804,14428.184357446811,14428.184357446811
14896.0,2010-12-09 12:24:00,2011-05-19 10:20:00,43,468.77000000000004,160,5.256241787122208,8.18075,10.901627906976746,1070.2019100000002,1070.2019100000002
14897.0,2011-02-16 08:37:00,2011-12-02 10:32:00,55,1366.38,289,9.494086727989487,5.793079584775087,24.84327272727273,1727.02867266436,1727.02867266436
14898.0,2010-12-03 15:25:00,2011-11-16 14:54:00,116,1303.52,347,11.399474375821287,10.175907780979829,11.237241379310344,1372.1895838616715,1372.1895838616715
14901.0,2010-12-02 11:20:00,2011-11-28 17:09:00,96,1421.29,361,11.85939553219448,8.094847645429363,14.805104166666666,1438.1407512465375,1438.1407512465375
14902.0,2011-11-14 10:34:00,2011-11-14 10:34:00,20,332.66,1,0.0328515111695138,608.8,16.633000000000003,121514.0448,121514.0448
14903.0,2011-03-06 11:50:00,2011-11-18 16:07:00,355,2810.63,257,8.442838370565045,42.047470817120626,7.917267605633803,3994.812943190662,3994.812943190662
14904.0,2011-11-14 09:13:00,2011-12-07 12:55:00,69,1025.44,23,0.7555847568988173,91.32000000000001,14.86144927536232,16285.770573913047,16285.770573913047
14905.0,2011-04-20 10:48:00,2011-07-05 12:41:00,17,616.15,76,2.4967148488830486,6.808947368421053,36.24411764705882,2961.4114736842103,2961.4114736842103
14907.0,2010-12-07 10:14:00,2011-12-06 14:14:00,165,3501.1,364,11.957950065703022,13.798351648351648,21.21878787878788,3513.4115604395606,3513.4115604395606
14908.0,2011-09-26 12:56:00,2011-09-26 12:56:00,9,277.8,1,0.0328515111695138,273.96,30.866666666666667,101474.784,101474.784
14910.0,2011-10-16 11:06:00,2011-12-07 10:06:00,30,434.35,51,1.6754270696452036,17.905882352941177,14.478333333333333,3110.9680000000003,3110.9680000000003
14911.0,2010-12-01 14:05:00,2011-12-08 15:54:00,5675,143825.06,372,12.220762155059132,464.3736559139785,25.343622907488985,141226.92988387097,141226.92988387097
14912.0,2011-04-07 11:06:00,2011-11-23 09:20:00,27,867.85,229,7.522996057818659,3.588995633187773,32.14259259259259,1384.3154934497816,1384.3154934497816
14913.0,2010-12-15 14:35:00,2011-11-04 08:29:00,87,1227.43,323,10.611038107752956,8.199009287925698,14.108390804597702,1388.0979269349848,1388.0979269349848
14915.0,2011-03-07 09:39:00,2011-09-09 13:34:00,12,307.48,186,6.110381077529566,1.9638709677419355,25.623333333333335,603.8510451612904,603.8510451612904
14916.0,2011-01-19 15:30:00,2011-09-30 09:20:00,77,1268.98,253,8.31143232588699,9.264347826086958,16.48025974025974,1832.146301976285,1832.146301976285
14918.0,2011-07-08 12:50:00,2011-08-16 11:50:00,45,1610.15,38,1.2483574244415243,36.04736842105263,35.781111111111116,15477.778736842107,15477.778736842107
14920.0,2011-05-11 10:31:00,2011-05-11 10:32:00,57,977.77,1,0.0328515111695138,1735.08,17.153859649122808,357159.8256,357159.8256
14921.0,2011-05-22 12:51:00,2011-11-09 13:17:00,78,1316.07,171,5.617608409986859,13.884912280701755,16.872692307692308,2811.3102315789474,2811.3102315789474
14923.0,2011-10-20 11:51:00,2011-10-20 11:51:00,44,749.1,1,0.0328515111695138,1339.36,17.025000000000002,273631.248,273631.248
14924.0,2011-04-08 09:25:00,2011-04-08 09:25:00,10,310.05,1,0.0328515111695138,304.4,31.005000000000003,113255.06400000001,113255.06400000001
14929.0,2011-11-07 17:21:00,2011-11-07 17:21:00,11,223.88,1,0.0328515111695138,334.84,20.35272727272727,81778.88639999999,81778.88639999999
14930.0,2011-03-10 14:42:00,2011-08-23 10:31:00,128,2372.86,165,5.4204993429697765,23.614060606060605,18.53796875,5253.080610909091,5253.080610909091
14931.0,2011-04-13 09:32:00,2011-12-05 10:19:00,41,1257.68,236,7.752956636005256,5.288305084745763,30.675121951219513,1946.6328406779662,1946.6328406779662
14932.0,2010-12-09 11:48:00,2010-12-09 11:48:00,17,363.53,1,0.0328515111695138,517.48,21.384117647058822,132790.2384,132790.2384
14934.0,2011-03-02 11:48:00,2011-09-19 10:10:00,87,1890.94,200,6.570302233902759,13.2414,21.734942528735633,3453.6128160000007,3453.6128160000007
14935.0,2011-02-15 14:44:00,2011-02-15 14:44:00,10,1784.71,1,0.0328515111695138,304.4,178.471,651918.8687999999,535875.9878400022
14936.0,2011-03-09 11:53:00,2011-11-06 10:30:00,364,8137.02,241,7.917214191852825,45.975767634854776,22.35445054945055,12333.156288796683,12333.156288796683
14937.0,2011-08-01 14:16:00,2011-10-14 12:29:00,34,1621.88,73,2.3981603153745072,14.177534246575343,47.70235294117647,8115.620909589042,8115.620909589042
14944.0,2011-02-16 12:47:00,2011-11-10 09:10:00,170,5900.25,266,8.73850197109067,19.454135338345864,34.707352941176474,8102.418496240602,8102.418496240602
14946.0,2011-11-25 13:33:00,2011-11-25 13:33:00,3,100.9,1,0.0328515111695138,91.32,33.63333333333333,36856.75199999999,36856.75199999999
14947.0,2011-08-01 09:31:00,2011-09-28 15:48:00,14,290.82,58,1.9053876478318001,7.347586206896552,20.77285714285714,1831.564303448276,1831.564303448276
14948.0,2011-05-04 14:52:00,2011-11-16 17:16:00,63,1101.97,196,6.438896189224704,9.784285714285714,17.491587301587302,2053.712253061224,2053.712253061224
14950.0,2011-11-20 13:48:00,2011-11-20 13:48:00,19,371.2,1,0.0328515111695138,578.36,19.53684210526316,135591.93600000002,135591.93600000002
14951.0,2011-09-21 15:15:00,2011-09-21 15:15:00,20,311.69,1,0.0328515111695138,608.8,15.5845,113854.1232,113854.1232
14952.0,2010-12-10 12:48:00,2011-10-11 10:33:00,138,8099.49,304,9.986859395532194,13.818157894736842,58.69195652173913,9732.176668421052,9732.176668421052
14953.0,2011-11-14 14:59:00,2011-11-14 14:59:00,55,289.82,1,0.0328515111695138,1674.2,5.269454545454545,105865.4496,105865.4496
14954.0,2011-11-27 14:30:00,2011-11-27 14:30:00,85,336.17,1,0.0328515111695138,2587.4,3.9549411764705886,122796.17760000001,122796.17760000001
14957.0,2011-03-31 17:59:00,2011-03-31 17:59:00,12,58.49,1,0.0328515111695138,365.28,4.8741666666666665,21365.227199999998,21365.227199999998
14958.0,2011-04-08 11:28:00,2011-07-15 14:20:00,42,499.68,98,3.219448094612352,13.045714285714286,11.897142857142857,1862.480718367347,1862.480718367347
14959.0,2011-02-16 13:00:00,2011-10-06 18:23:00,59,695.42,232,7.621550591327201,7.7412068965517244,11.786779661016949,1094.9268,1094.9268
14960.0,2011-06-21 13:38:00,2011-12-01 12:54:00,27,221.27,162,5.321944809461235,5.073333333333333,8.195185185185185,498.9228740740741,498.9228740740741
14961.0,2010-12-14 11:38:00,2011-11-29 09:42:00,312,7044.68,349,11.465177398160314,27.21283667621777,22.579102564102566,7373.2971644699155,7373.2971644699155
14962.0,2011-03-14 09:42:00,2011-03-14 09:42:00,5,126.7,1,0.0328515111695138,152.2,25.34,46280.975999999995,46280.975999999995
14963.0,2011-06-09 12:30:00,2011-11-30 12:16:00,198,1487.8,173,5.683311432325887,34.83884393063584,7.514141414141414,3141.408,3141.408
14964.0,2011-04-06 14:13:00,2011-04-06 14:13:00,13,206.21,1,0.0328515111695138,395.71999999999997,15.862307692307693,75324.3888,75324.3888
14965.0,2011-09-04 13:15:00,2011-09-04 13:20:00,83,599.0,1,0.0328515111695138,2526.52,7.216867469879518,218802.72000000003,218802.72000000003
14966.0,2011-11-25 12:20:00,2011-11-25 12:20:00,38,191.32,1,0.0328515111695138,1156.72,5.034736842105263,69885.3696,69885.3696
14967.0,2011-10-21 11:06:00,2011-10-21 11:06:00,6,463.8,1,0.0328515111695138,182.64,77.3,169416.86399999997,169416.86399999997
14968.0,2011-11-09 13:58:00,2011-11-09 13:58:00,37,147.59,1,0.0328515111695138,1126.28,3.988918918918919,53911.675200000005,53911.675200000005
14970.0,2011-01-27 12:23:00,2011-10-02 13:44:00,34,1592.06,248,8.147174770039422,4.173225806451613,46.825294117647054,2344.9503096774188,2344.9503096774188
14971.0,2011-10-27 13:33:00,2011-11-04 17:07:00,160,1116.57,8,0.2628120893561104,608.8,6.9785625,50982.58619999999,50982.58619999999
14972.0,2011-08-03 14:54:00,2011-08-03 14:54:00,18,114.77,1,0.0328515111695138,547.92,6.376111111111111,41923.1856,41923.1856
14973.0,2011-04-28 12:22:00,2011-08-24 15:51:00,32,1314.45,118,3.876478318002628,8.25491525423729,41.0765625,4069.002508474577,4069.002508474577
14974.0,2011-11-02 13:01:00,2011-11-02 13:01:00,21,114.39,1,0.0328515111695138,639.24,5.4471428571428575,41784.3792,41784.3792
14975.0,2011-10-13 14:08:00,2011-10-13 14:08:00,11,279.94,1,0.0328515111695138,334.84,25.44909090909091,102256.48319999999,102256.48319999999
14976.0,2011-01-17 11:09:00,2011-10-13 16:37:00,72,790.86,269,8.83705650459921,8.147509293680297,10.984166666666667,1073.9232,1073.9232
14978.0,2011-01-13 12:03:00,2011-09-28 13:07:00,216,1931.42,258,8.47568988173456,25.484651162790698,8.941759259259259,2734.531386046511,2734.531386046511
14981.0,2011-04-07 13:45:00,2011-04-07 13:45:00,8,102.12,1,0.0328515111695138,243.51999999999998,12.765,37302.393599999996,37302.393599999996
14984.0,2011-06-12 11:04:00,2011-11-20 14:28:00,41,213.27,161,5.289093298291721,7.7518012422360245,5.201707317073171,483.8712149068323,483.8712149068323
14985.0,2010-12-16 19:51:00,2011-05-25 14:29:00,87,296.75,159,5.223390275952694,16.655849056603774,3.410919540229885,681.7411320754717,681.7411320754717
14987.0,2010-12-09 12:13:00,2011-11-24 09:59:00,4,326.4,349,11.465177398160314,0.3488825214899714,81.6,341.62576504298,341.62576504298
14988.0,2011-05-12 12:05:00,2011-05-12 12:05:00,40,334.54,1,0.0328515111695138,1217.6,8.3635,122200.7712,122200.7712
14995.0,2011-03-04 13:14:00,2011-11-01 11:39:00,61,233.23000000000002,241,7.917214191852825,7.704730290456432,3.82344262295082,353.50313029045645,353.50313029045645
14997.0,2011-06-14 16:52:00,2011-10-24 13:28:00,26,546.1999999999999,131,4.303547963206308,6.041526717557252,21.007692307692306,1523.0224122137404,1523.0224122137404
14998.0,2011-04-12 16:28:00,2011-06-22 17:30:00,75,429.87,71,2.3324572930354797,32.15492957746479,5.7316,2211.5903323943667,2211.5903323943667
15000.0,2011-10-23 11:42:00,2011-10-23 11:42:00,77,490.52,1,0.0328515111695138,2343.88,6.37038961038961,179177.1456,179177.1456
15002.0,2010-12-07 13:16:00,2011-08-16 10:44:00,115,1641.76,251,8.245729303547963,13.946613545816733,14.276173913043479,2389.251365737052,2389.251365737052
15004.0,2011-07-15 14:05:00,2011-07-15 14:05:00,158,1246.32,1,0.0328515111695138,4809.5199999999995,7.888101265822784,455255.7695999999,455255.7695999999
15005.0,2010-12-08 14:36:00,2011-11-24 12:25:00,1119,6316.57,350,11.498028909329829,97.32102857142857,5.6448346738159065,6592.333398857142,6592.333398857142
15006.0,2011-10-19 15:08:00,2011-10-19 15:08:00,144,502.09,1,0.0328515111695138,4383.36,3.486736111111111,183403.43519999998,183403.43519999998
15007.0,2011-07-03 16:00:00,2011-07-03 16:00:00,12,156.91,1,0.0328515111695138,365.28,13.075833333333334,57316.0848,57316.0848
15009.0,2011-11-14 17:40:00,2011-11-27 13:35:00,182,1261.78,12,0.39421813403416556,461.67333333333335,6.932857142857142,38408.5832,38408.5832
15010.0,2011-11-04 12:42:00,2011-11-04 12:42:00,20,308.94,1,0.0328515111695138,608.8,15.447,112849.60319999998,112849.60319999998
15012.0,2010-12-01 12:49:00,2011-10-17 12:22:00,128,423.04,319,10.4796320630749,12.214169278996867,3.305,484.41395360501576,484.41395360501576
15014.0,2011-06-16 19:40:00,2011-10-27 20:07:00,35,260.17,133,4.369250985545335,8.010526315789473,7.433428571428572,714.5481022556392,714.5481022556392
15016.0,2011-06-20 12:06:00,2011-06-20 12:06:00,20,170.04,1,0.0328515111695138,608.8,8.501999999999999,62112.21119999999,62112.21119999999
15017.0,2011-11-06 10:33:00,2011-11-06 10:33:00,20,125.58,1,0.0328515111695138,608.8,6.279,45871.8624,45871.8624
15018.0,2010-12-07 10:47:00,2011-11-01 12:47:00,31,496.21,329,10.808147174770038,2.8682066869300913,16.006774193548388,550.9288413373861,550.9288413373861
15019.0,2011-03-18 12:35:00,2011-03-18 12:35:00,70,266.0,1,0.0328515111695138,2130.7999999999997,3.8,97164.47999999998,97164.47999999998
15021.0,2010-12-08 12:17:00,2011-12-01 11:53:00,472,1914.82,357,11.727989487516425,40.24560224089636,4.056822033898305,1959.2309512605043,1959.2309512605043
15022.0,2011-10-23 15:47:00,2011-11-28 12:35:00,135,905.04,35,1.149802890932983,117.41142857142857,6.704,9445.514605714287,9445.514605714287
15023.0,2010-12-05 13:49:00,2011-12-06 17:23:00,562,6802.76,366,12.02365308804205,46.74120218579235,12.104555160142349,6789.377521311477,6789.377521311477
15024.0,2010-12-07 13:20:00,2011-11-30 12:06:00,155,1661.33,357,11.727989487516425,13.21624649859944,10.718258064516128,1699.8616873949577,1699.8616873949577
15025.0,2011-11-06 15:20:00,2011-11-06 15:20:00,72,377.01,1,0.0328515111695138,2191.68,5.23625,137714.2128,137714.2128
15026.0,2011-03-07 13:45:00,2011-09-20 13:52:00,61,469.0,197,6.471747700394218,9.425583756345178,7.688524590163935,869.6259898477158,869.6259898477158
15027.0,2011-04-15 14:14:00,2011-11-09 10:16:00,35,1066.15,207,6.800262812089356,5.1468599033816425,30.461428571428574,1881.3684637681163,1881.3684637681163
15028.0,2010-12-06 12:47:00,2011-12-01 14:06:00,48,627.13,360,11.826544021024967,4.058666666666666,13.065208333333333,636.3279066666666,636.3279066666666
15030.0,2011-03-16 15:34:00,2011-09-29 10:50:00,7,518.28,196,6.438896189224704,1.0871428571428572,74.03999999999999,965.9046857142856,965.9046857142856
15031.0,2011-03-02 14:46:00,2011-12-05 14:19:00,111,668.14,277,9.099868593955321,12.19797833935018,6.019279279279279,881.0764592057762,881.0764592057762
15032.0,2010-12-08 12:57:00,2011-03-28 15:03:00,52,4959.1,110,3.6136662286465175,14.389818181818182,95.3673076923077,16467.81861818182,16467.81861818182
15033.0,2011-01-14 13:28:00,2011-12-05 12:40:00,510,2586.67,324,10.64388961892247,47.91481481481482,5.071901960784314,2916.230918518519,2916.230918518519
15034.0,2010-12-21 09:47:00,2011-11-24 12:11:00,394,4308.61,338,11.103810775295663,35.48331360946746,10.935558375634518,4656.358168047337,4656.358168047337
15035.0,2011-09-11 11:08:00,2011-09-11 11:08:00,27,252.73000000000002,1,0.0328515111695138,821.88,9.36037037037037,92317.2144,92317.2144
15036.0,2011-06-13 12:19:00,2011-09-28 15:42:00,127,465.55,107,3.515111695137976,36.129719626168225,3.665748031496063,1589.30938317757,1589.30938317757
15038.0,2010-12-05 10:54:00,2011-10-12 11:33:00,130,705.49,311,10.21681997371879,12.724115755627011,5.426846153846154,828.6218237942123,828.6218237942123
15039.0,2010-12-06 11:26:00,2011-11-30 11:31:00,1502,19914.44,359,11.793692509855452,127.35621169916436,13.25861517976032,20262.80402005571,20262.80402005571
15041.0,2011-06-22 16:16:00,2011-06-22 16:16:00,67,180.35,1,0.0328515111695138,2039.48,2.6917910447761195,65878.248,65878.248
15042.0,2011-05-24 16:25:00,2011-05-24 16:25:00,5,135.93,1,0.0328515111695138,152.2,27.186,49652.51039999999,49652.51039999999
15043.0,2011-11-08 14:26:00,2011-11-08 14:26:00,3,537.0,1,0.0328515111695138,91.32,179.0,196155.36,196155.36
15044.0,2010-12-12 14:27:00,2011-11-20 13:20:00,453,7700.2300000000005,342,11.235216819973719,40.31964912280702,16.998300220750554,8224.386007017547,8224.386007017547
15045.0,2011-03-27 11:44:00,2011-07-11 11:33:00,12,735.66,105,3.4494086727989486,3.478857142857143,61.305,2559.256045714286,2559.256045714286
15046.0,2011-01-05 15:30:00,2011-11-30 15:50:00,206,5213.7699999999995,329,10.808147174770038,19.05969604863222,25.309563106796116,5788.7109592705165,5788.7109592705165
15047.0,2011-03-15 10:49:00,2011-03-15 10:49:00,22,343.62,1,0.0328515111695138,669.68,15.61909090909091,125517.51359999999,125517.51359999999
15048.0,2010-12-06 12:15:00,2011-10-05 14:55:00,97,384.05,303,9.95400788436268,9.744818481848185,3.959278350515464,462.9893861386139,462.9893861386139
15049.0,2011-03-11 12:13:00,2011-03-11 12:13:00,3,121.17000000000002,1,0.0328515111695138,91.32,40.39000000000001,44260.977600000006,44260.977600000006
15050.0,2011-09-29 13:22:00,2011-11-14 16:17:00,78,1782.09,46,1.5111695137976346,51.61565217391305,22.84730769230769,14151.344243478263,14151.344243478263
15051.0,2011-07-12 15:29:00,2011-11-16 15:38:00,143,1391.61,127,4.1721419185282524,34.27496062992126,9.731538461538461,4002.577171653543,4002.577171653543
15052.0,2011-01-24 15:52:00,2011-01-24 15:52:00,30,215.78,1,0.0328515111695138,913.1999999999999,7.192666666666667,78820.11839999999,78820.11839999999
15053.0,2011-03-03 12:06:00,2011-12-05 12:08:00,71,697.79,277,9.099868593955321,7.80231046931408,9.828028169014084,920.1759249097473,920.1759249097473
15054.0,2011-10-30 14:33:00,2011-11-27 15:02:00,114,302.1,28,0.9198423127463863,123.93428571428572,2.6500000000000004,3941.110285714286,3941.110285714286
15057.0,2011-01-28 09:09:00,2011-03-09 15:17:00,25,1489.5,40,1.314060446780552,19.025,59.58,13602.113999999998,13602.113999999998
15058.0,2011-01-31 15:35:00,2011-11-14 14:57:00,276,2124.99,286,9.395532194480946,29.375664335664336,7.699239130434782,2714.0431720279717,2714.0431720279717
15059.0,2011-01-09 11:54:00,2011-10-30 11:35:00,237,1337.72,293,9.625492772667542,24.622116040955632,5.644388185654009,1667.7213706484645,1667.7213706484645
15060.0,2011-11-30 14:03:00,2011-12-01 13:47:00,121,303.09000000000003,1,0.0328515111695138,3683.24,2.5048760330578514,110712.7152,110712.7152
15061.0,2010-12-02 15:19:00,2011-12-06 12:06:00,403,54534.14,368,12.089356110381077,33.335108695652174,135.32044665012407,54131.061573913044,54131.061573913044
15062.0,2010-12-15 15:37:00,2011-09-29 16:51:00,57,987.86,288,9.461235216819974,6.024583333333333,17.330877192982456,1252.9357666666665,1252.9357666666665
15063.0,2011-05-10 13:25:00,2011-05-10 13:25:00,5,370.79999999999995,1,0.0328515111695138,152.2,74.16,135445.82399999996,135445.82399999996
15065.0,2011-02-21 12:54:00,2011-11-02 09:45:00,155,3158.13,253,8.31143232588699,18.64901185770751,20.37503225806452,4559.6906181818185,4559.6906181818185
15066.0,2011-10-17 13:25:00,2011-10-17 13:25:00,42,893.59,1,0.0328515111695138,1278.48,21.275952380952383,326410.55520000006,326410.55520000006
15067.0,2011-03-02 12:10:00,2011-09-22 13:20:00,82,1744.76,204,6.701708278580814,12.235686274509805,21.277560975609756,3124.146729411765,3124.146729411765
15068.0,2011-03-28 14:27:00,2011-10-24 14:47:00,104,553.36,210,6.898817345597897,15.07504761904762,5.320769230769231,962.5301942857143,962.5301942857143
15069.0,2011-06-13 14:16:00,2011-06-13 14:16:00,70,1109.53,1,0.0328515111695138,2130.7999999999997,15.850428571428571,405289.1183999999,405289.1183999999
15070.0,2010-12-02 11:23:00,2010-12-02 11:23:00,1,106.2,1,0.0328515111695138,30.439999999999998,106.2,38792.736000000004,38792.736000000004
15071.0,2011-03-09 10:19:00,2011-09-07 11:43:00,26,982.07,182,5.978975032851511,4.348571428571429,37.77192307692308,1971.0468659340663,1971.0468659340663
15073.0,2011-06-06 09:59:00,2011-11-30 10:44:00,54,1043.41,177,5.814717477003942,9.286779661016949,19.322407407407407,2153.315281355932,2153.315281355932
15074.0,2011-08-26 14:45:00,2011-08-26 14:45:00,42,748.87,1,0.0328515111695138,1278.48,17.830238095238094,273547.23360000004,273547.23360000004
15075.0,2011-09-23 12:27:00,2011-09-23 12:27:00,27,773.03,1,0.0328515111695138,821.88,28.63074074074074,282372.3984,282372.3984
15076.0,2011-06-20 08:23:00,2011-06-20 08:23:00,49,880.85,1,0.0328515111695138,1491.56,17.976530612244897,321756.888,321756.888
15078.0,2010-12-06 12:38:00,2011-12-02 15:41:00,440,9743.11,361,11.85939553219448,37.101385041551254,22.14343181818182,9858.623880332412,9858.623880332412
15079.0,2010-12-09 09:25:00,2011-05-11 12:45:00,47,895.61,153,5.026281208935611,9.350849673202614,19.055531914893617,2138.2249725490196,2138.2249725490196
15081.0,2010-12-07 16:20:00,2011-11-17 17:08:00,33,504.8,345,11.333771353482259,2.9116521739130437,15.296969696969697,534.4734608695653,534.4734608695653
15083.0,2011-03-28 12:18:00,2011-03-28 12:18:00,5,88.2,1,0.0328515111695138,152.2,17.64,32217.696,32217.696
15087.0,2011-03-03 10:34:00,2011-03-03 10:34:00,15,306.94,1,0.0328515111695138,456.59999999999997,20.462666666666667,112119.0432,112119.0432
15088.0,2011-10-03 14:05:00,2011-11-18 13:14:00,57,1160.07,45,1.4783180026281209,38.55733333333333,20.352105263157895,9416.674879999999,9416.674879999999
15089.0,2011-08-03 14:14:00,2011-11-29 16:31:00,145,2420.84,118,3.876478318002628,37.405084745762714,16.69544827586207,7493.935891525425,7493.935891525425
15090.0,2011-02-04 14:03:00,2011-02-04 14:03:00,23,381.32,1,0.0328515111695138,700.12,16.57913043478261,139288.56960000002,139288.56960000002
15091.0,2011-10-03 12:47:00,2011-10-03 12:47:00,30,480.71,1,0.0328515111695138,913.1999999999999,16.023666666666667,175593.7488,175593.7488
15092.0,2011-03-01 12:24:00,2011-05-08 14:10:00,26,457.81,68,2.2339027595269383,11.638823529411765,17.608076923076922,2459.2475999999997,2459.2475999999997
15093.0,2010-12-02 18:25:00,2011-11-21 13:09:00,108,4597.02,353,11.59658344283837,9.313087818696884,42.565000000000005,4756.938996033995,4756.938996033995
15095.0,2011-05-20 14:27:00,2011-08-28 12:01:00,47,1370.6000000000001,99,3.252299605781866,14.451313131313132,29.161702127659577,5057.098666666667,5057.098666666667
15096.0,2011-10-28 10:27:00,2011-10-28 10:27:00,11,219.39000000000001,1,0.0328515111695138,334.84,19.944545454545455,80138.7792,80138.7792
15097.0,2011-12-05 14:03:00,2011-12-05 14:03:00,25,248.08,1,0.0328515111695138,761.0,9.923200000000001,90618.6624,90618.6624
15098.0,2011-06-10 15:22:00,2011-06-10 15:33:00,3,39916.5,1,0.0328515111695138,91.32,13305.5,14580699.120000001,535875.9878400022
15099.0,2011-09-16 13:13:00,2011-09-16 13:13:00,23,410.48,1,0.0328515111695138,700.12,17.84695652173913,149940.1344,149940.1344
15100.0,2010-12-01 09:09:00,2011-01-10 10:35:00,3,876.0,40,1.314060446780552,2.283,292.0,7999.632,7999.632
15101.0,2010-12-15 12:54:00,2011-12-01 10:18:00,8,317.53000000000003,350,11.498028909329829,0.6957714285714286,39.691250000000004,331.39245257142863,331.39245257142863
15103.0,2011-09-14 13:54:00,2011-11-08 14:53:00,35,703.36,55,1.8068331143232588,19.37090909090909,20.096,4671.333469090909,4671.333469090909
15104.0,2011-03-02 14:16:00,2011-05-27 12:29:00,69,1027.44,85,2.7923784494086727,24.710117647058823,14.890434782608697,4415.332743529412,4415.332743529412
15105.0,2011-07-28 10:09:00,2011-11-21 16:54:00,101,2298.93,116,3.8107752956636003,26.503793103448277,22.76168316831683,7239.2512965517235,7239.2512965517235
15106.0,2011-03-15 12:52:00,2011-11-22 09:16:00,100,1422.52,251,8.245729303547963,12.12749003984064,14.2252,2070.1916557768927,2070.1916557768927
15107.0,2010-12-02 13:45:00,2011-02-01 14:46:00,16,319.5,61,2.0039421813403417,7.984262295081967,19.96875,1913.2288524590165,1913.2288524590165
15108.0,2011-04-26 10:54:00,2011-07-21 10:24:00,60,1300.25,85,2.7923784494086727,21.487058823529413,21.670833333333334,5587.709647058824,5587.709647058824
15109.0,2011-04-08 09:58:00,2011-04-08 09:58:00,28,484.95,1,0.0328515111695138,852.3199999999999,17.319642857142856,177142.536,177142.536
15110.0,2011-01-25 11:41:00,2011-11-16 11:16:00,35,996.1,294,9.658344283837057,3.623809523809524,28.46,1237.6034285714286,1237.6034285714286
15111.0,2010-12-02 11:45:00,2011-11-10 16:58:00,84,1567.48,343,11.268068331143231,7.454693877551021,18.660476190476192,1669.2976513119538,1669.2976513119538
15113.0,2011-10-16 15:27:00,2011-11-30 08:23:00,100,3609.33,44,1.445466491458607,69.18181818181819,36.0933,29964.00141818182,29964.00141818182
15114.0,2011-02-11 08:45:00,2011-11-09 15:05:00,197,2760.56,271,8.902759526938238,22.1279704797048,14.012994923857867,3720.949656088561,3720.949656088561
15115.0,2011-11-21 14:59:00,2011-11-21 14:59:00,21,340.11,1,0.0328515111695138,639.24,16.195714285714285,124235.38079999998,124235.38079999998
15116.0,2011-05-19 08:50:00,2011-11-22 12:25:00,45,1352.75,187,6.14323258869908,7.325133689839572,30.06111111111111,2642.419893048128,2642.419893048128
15117.0,2011-05-08 12:38:00,2011-11-25 08:12:00,79,1551.78,200,6.570302233902759,12.023800000000001,19.64278481012658,2834.1709920000003,2834.1709920000003
15118.0,2011-07-28 14:54:00,2011-07-28 14:54:00,1,244.8,1,0.0328515111695138,30.439999999999998,244.8,89420.544,89420.544
15119.0,2011-04-08 09:08:00,2011-04-08 09:08:00,14,266.4,1,0.0328515111695138,426.15999999999997,19.02857142857143,97310.59199999999,97310.59199999999
15120.0,2011-07-29 09:48:00,2011-07-29 09:48:00,21,358.82,1,0.0328515111695138,639.24,17.086666666666666,131069.7696,131069.7696
15121.0,2011-02-24 12:41:00,2011-10-20 14:51:00,28,457.72,238,7.818659658344283,3.5811764705882356,16.34714285714286,702.5040403361347,702.5040403361347
15122.0,2011-02-15 09:59:00,2011-08-17 16:48:00,82,1633.78,183,6.011826544021025,13.639781420765027,19.924146341463413,3261.132013114754,3261.132013114754
15123.0,2011-05-17 14:57:00,2011-12-02 13:12:00,106,2199.31,198,6.504599211563732,16.296161616161616,20.748207547169812,4057.393721212121,4057.393721212121
15124.0,2011-06-01 09:06:00,2011-11-17 10:09:00,15,184.19,169,5.551905387647832,2.701775147928994,12.279333333333334,398.1119715976331,398.1119715976331
15125.0,2011-03-14 09:59:00,2011-11-14 13:57:00,127,11528.48,245,8.04862023653088,15.779102040816328,90.77543307086614,17188.257854693882,17188.257854693882
15127.0,2011-10-05 10:30:00,2011-10-05 10:30:00,16,406.53000000000003,1,0.0328515111695138,487.03999999999996,25.408125000000002,148497.2784,148497.2784
15128.0,2011-05-04 12:32:00,2011-10-10 13:54:00,102,1471.0,159,5.223390275952694,19.52754716981132,14.42156862745098,3379.414339622642,3379.414339622642
15129.0,2011-02-21 09:09:00,2011-10-20 14:40:00,84,3447.4,241,7.917214191852825,10.609792531120332,41.04047619047619,5225.171253112034,5225.171253112034
15130.0,2011-06-23 10:15:00,2011-06-23 10:15:00,22,330.11,1,0.0328515111695138,669.68,15.005,120582.5808,120582.5808
15132.0,2011-03-22 12:02:00,2011-11-21 17:10:00,52,977.9300000000001,244,8.015768725361367,6.487213114754098,18.806346153846157,1464.009304918033,1464.009304918033
15133.0,2011-02-11 10:38:00,2011-08-04 10:44:00,29,982.42,174,5.716162943495401,5.073333333333333,33.87655172413793,2062.4044689655175,2062.4044689655175
15134.0,2011-04-13 11:05:00,2011-11-25 08:55:00,73,1387.99,225,7.391590013140604,9.876088888888889,19.013561643835615,2253.355498666667,2253.355498666667
15135.0,2011-04-14 19:16:00,2011-04-14 19:16:00,9,139.05,1,0.0328515111695138,273.96,15.450000000000001,50792.183999999994,50792.183999999994
15136.0,2011-09-04 16:05:00,2011-12-07 12:26:00,68,1286.7,93,3.055190538764783,22.25720430107527,18.92205882352941,5053.825548387097,5053.825548387097
15139.0,2011-01-07 12:44:00,2011-04-14 11:39:00,13,178.96,96,3.1537450722733245,4.122083333333333,13.766153846153847,680.9428,680.9428
15140.0,2011-03-20 14:37:00,2011-10-18 14:07:00,80,2354.25,211,6.931668856767411,11.541232227488152,29.428125,4075.6418957345977,4075.6418957345977
15142.0,2011-10-24 12:51:00,2011-10-24 12:51:00,26,498.74,1,0.0328515111695138,791.4399999999999,19.182307692307692,182179.74719999998,182179.74719999998
15143.0,2011-04-28 12:03:00,2011-04-28 12:03:00,14,259.45,1,0.0328515111695138,426.15999999999997,18.532142857142855,94771.89599999998,94771.89599999998
15144.0,2011-01-31 13:17:00,2011-12-01 15:12:00,217,6580.4400000000005,304,9.986859395532194,21.728552631578946,30.32460829493088,7906.9181684210525,7906.9181684210525
15145.0,2011-04-05 15:20:00,2011-12-05 17:21:00,67,1194.73,244,8.015768725361367,8.358524590163935,17.83179104477612,1788.569567213115,1788.569567213115
15146.0,2011-02-21 13:07:00,2011-06-28 12:09:00,91,1327.16,126,4.139290407358739,21.984444444444442,14.584175824175825,3847.500038095238,3847.500038095238
15147.0,2011-04-13 15:57:00,2011-04-13 15:57:00,28,623.5,1,0.0328515111695138,852.3199999999999,22.267857142857142,227752.07999999996,227752.07999999996
15148.0,2011-11-29 08:21:00,2011-11-29 08:21:00,20,301.29,1,0.0328515111695138,608.8,15.0645,110055.21119999999,110055.21119999999
15149.0,2011-07-29 10:58:00,2011-07-29 10:58:00,23,520.8000000000001,1,0.0328515111695138,700.12,22.643478260869568,190237.82400000002,190237.82400000002
15150.0,2011-03-15 14:21:00,2011-11-22 12:52:00,343,5314.47,251,8.245729303547963,41.59729083665339,15.494081632653062,7734.141839043827,7734.141839043827
15152.0,2011-06-05 15:36:00,2011-11-30 12:32:00,271,4745.69,177,5.814717477003942,46.60587570621469,17.511771217712177,9793.817193220339,9793.817193220339
15153.0,2011-11-08 17:09:00,2011-11-08 17:09:00,22,329.25,1,0.0328515111695138,669.68,14.965909090909092,120268.43999999999,120268.43999999999
15154.0,2011-09-25 16:05:00,2011-09-25 16:05:00,85,296.42,1,0.0328515111695138,2587.4,3.487294117647059,108276.29760000002,108276.29760000002
15156.0,2011-11-06 12:41:00,2011-12-08 18:22:00,55,961.49,32,1.0512483574244416,52.31875,17.481636363636365,10975.408350000002,10975.408350000002
15157.0,2010-12-16 13:44:00,2011-12-06 11:28:00,125,1936.07,354,11.629434954007884,10.748587570621469,15.48856,1997.7617220338984,1997.7617220338984
15158.0,2011-10-25 13:53:00,2011-10-25 13:53:00,7,401.40000000000003,1,0.0328515111695138,213.07999999999998,57.34285714285715,146623.392,146623.392
15159.0,2010-12-13 15:44:00,2011-12-08 12:05:00,710,18641.010000000002,359,11.793692509855452,60.20167130919221,26.254943661971833,18967.09786295265,18967.09786295265
15160.0,2010-12-17 14:15:00,2010-12-17 14:15:00,4,158.16,1,0.0328515111695138,121.75999999999999,39.54,57772.68479999999,57772.68479999999
15163.0,2011-05-31 15:22:00,2011-11-21 13:10:00,29,304.47,173,5.683311432325887,5.102658959537572,10.49896551724138,642.871685549133,642.871685549133
15164.0,2011-01-04 14:21:00,2011-10-02 12:05:00,103,843.05,270,8.869908015768726,11.612296296296297,8.18495145631068,1140.5529777777779,1140.5529777777779
15165.0,2010-12-01 14:03:00,2010-12-01 14:03:00,27,487.75,1,0.0328515111695138,821.88,18.064814814814813,178165.31999999998,178165.31999999998
15167.0,2011-01-23 12:41:00,2011-01-23 12:41:00,41,163.0,1,0.0328515111695138,1248.04,3.975609756097561,59540.64,59540.64
15168.0,2011-11-14 11:26:00,2011-11-14 11:26:00,5,106.56,1,0.0328515111695138,152.2,21.312,38924.2368,38924.2368
15171.0,2011-01-12 15:36:00,2011-01-12 15:36:00,5,1289.5,1,0.0328515111695138,152.2,257.9,471028.5599999999,471028.5599999999
15172.0,2011-04-17 11:56:00,2011-12-01 11:51:00,110,1624.05,227,7.457293035479632,14.750660792951543,14.764090909090909,2613.361162995595,2613.361162995595
15174.0,2011-01-21 09:06:00,2011-01-21 09:06:00,11,135.75,1,0.0328515111695138,334.84,12.340909090909092,49586.759999999995,49586.759999999995
15175.0,2011-09-29 11:31:00,2011-09-29 11:31:00,23,224.14,1,0.0328515111695138,700.12,9.745217391304347,81873.85919999999,81873.85919999999
15178.0,2011-03-24 15:12:00,2011-03-24 15:12:00,3,40.5,1,0.0328515111695138,91.32,13.5,14793.84,14793.84
15179.0,2011-01-24 13:48:00,2011-11-21 12:53:00,93,2206.9500000000003,300,9.85545335085414,9.4364,23.730645161290326,2687.182320000001,2687.182320000001
15180.0,2010-12-07 14:57:00,2010-12-07 14:57:00,6,87.5,1,0.0328515111695138,182.64,14.583333333333334,31962.0,31962.0
15181.0,2011-03-15 12:03:00,2011-10-04 13:58:00,16,689.48,203,6.668856767411301,2.3992118226600985,43.0925,1240.6564256157635,1240.6564256157635
15182.0,2011-03-16 12:42:00,2011-07-08 13:37:00,29,622.85,114,3.7450722733245727,7.743508771929825,21.477586206896554,1995.7425263157897,1995.7425263157897
15184.0,2011-06-02 12:06:00,2011-11-10 13:41:00,63,406.76,161,5.289093298291721,11.911304347826087,6.456507936507936,922.8651726708074,922.8651726708074
15185.0,2011-09-30 14:06:00,2011-09-30 14:06:00,21,310.62,1,0.0328515111695138,639.24,14.791428571428572,113463.27360000001,113463.27360000001
15186.0,2011-06-24 14:54:00,2011-11-25 14:58:00,19,411.41,154,5.059132720105125,3.7555844155844156,21.653157894736843,975.8431480519481,975.8431480519481
15187.0,2011-05-11 13:49:00,2011-12-08 11:56:00,91,4777.18,210,6.898817345597897,13.190666666666667,52.49648351648352,8309.563382857144,8309.563382857144
15189.0,2011-01-11 12:29:00,2011-12-08 13:22:00,212,16225.39,331,10.873850197109066,19.496314199395773,76.53485849056604,17905.771780060426,17905.771780060426
15192.0,2010-12-09 14:56:00,2011-08-12 11:41:00,51,1044.32,245,8.04862023653088,6.336489795918368,20.47686274509804,1557.0171820408164,1557.0171820408164
15193.0,2011-10-10 08:23:00,2011-10-10 08:23:00,19,499.32,1,0.0328515111695138,578.36,26.28,182391.60960000003,182391.60960000003
15194.0,2010-12-06 15:00:00,2011-12-06 15:10:00,310,7616.53,365,11.990801576872535,25.85315068493151,24.569451612903226,7622.372817534248,7622.372817534248
15195.0,2011-12-07 12:20:00,2011-12-07 12:20:00,1,3861.0,1,0.0328515111695138,30.439999999999998,3861.0,1410346.08,535875.9878400022
15197.0,2010-12-16 18:01:00,2011-11-29 10:00:00,32,1079.61,347,11.399474375821287,2.807146974063401,33.7378125,1136.4839792507205,1136.4839792507205
15198.0,2011-08-07 15:16:00,2011-09-08 14:42:00,10,193.64,31,1.0183968462549278,9.819354838709677,19.363999999999997,2281.70384516129,2281.70384516129
15199.0,2011-02-04 14:04:00,2011-10-11 15:12:00,13,1268.7,249,8.180026281208935,1.5892369477911648,97.5923076923077,1861.1676144578316,1861.1676144578316
15201.0,2011-04-06 14:02:00,2011-09-13 14:53:00,69,1236.54,160,5.256241787122208,13.12725,17.92086956521739,2823.0208199999997,2823.0208199999997
15203.0,2011-02-01 12:29:00,2011-11-14 08:16:00,142,1827.8,285,9.362680683311432,15.166596491228072,12.871830985915492,2342.6624,2342.6624
15204.0,2010-12-17 13:49:00,2010-12-17 13:49:00,9,316.58,1,0.0328515111695138,273.96,35.175555555555555,115640.34239999998,115640.34239999998
15205.0,2011-08-04 16:07:00,2011-09-15 19:36:00,37,653.24,42,1.3797634691195795,26.816190476190478,17.655135135135136,5681.321600000001,5681.321600000001
15206.0,2011-03-09 08:59:00,2011-11-29 13:41:00,9,420.3,265,8.705650459921156,1.033811320754717,46.7,579.3478641509435,579.3478641509435
15208.0,2010-12-21 13:03:00,2011-12-08 17:24:00,42,870.12,352,11.563731931668856,3.632045454545455,20.717142857142857,902.9472545454546,902.9472545454546
15210.0,2011-04-28 16:11:00,2011-04-28 16:11:00,20,331.18,1,0.0328515111695138,608.8,16.559,120973.43039999998,120973.43039999998
15211.0,2010-12-09 16:08:00,2011-10-10 13:31:00,52,894.4100000000001,304,9.986859395532194,5.206842105263158,17.20019230769231,1074.7042263157896,1074.7042263157896
15212.0,2011-04-12 13:45:00,2011-04-12 13:45:00,5,101.8,1,0.0328515111695138,152.2,20.36,37185.50399999999,37185.50399999999
15213.0,2011-01-14 11:05:00,2011-01-25 12:21:00,24,328.35,11,0.36136662286465177,66.41454545454546,13.68125,10903.608000000002,10903.608000000002
15214.0,2011-04-11 09:46:00,2011-12-08 12:07:00,110,1661.44,241,7.917214191852825,13.893775933609959,15.104000000000001,2518.219100414938,2518.219100414938
15215.0,2011-09-04 12:24:00,2011-10-24 11:41:00,35,734.94,49,1.609724047306176,21.742857142857144,20.998285714285714,5478.752718367347,5478.752718367347
15216.0,2011-09-13 11:41:00,2011-09-13 11:41:00,2,96.6,1,0.0328515111695138,60.879999999999995,48.3,35286.047999999995,35286.047999999995
15218.0,2011-01-25 11:20:00,2011-11-29 11:48:00,166,5756.89,308,10.11826544021025,16.405974025974025,34.680060240963854,6827.52201038961,6827.52201038961
15219.0,2011-06-16 16:57:00,2011-06-16 16:57:00,9,305.75,1,0.0328515111695138,273.96,33.97222222222222,111684.35999999999,111684.35999999999
15220.0,2011-03-04 10:24:00,2011-10-19 12:39:00,117,1778.96,229,7.522996057818659,15.552314410480351,15.204786324786324,2837.635409606987,2837.635409606987
15221.0,2010-12-08 13:08:00,2010-12-08 13:08:00,5,403.25,1,0.0328515111695138,152.2,80.65,147299.16,147299.16
15222.0,2011-01-25 08:03:00,2011-01-25 08:03:00,5,585.0,1,0.0328515111695138,152.2,117.0,213688.8,213688.8
15223.0,2011-04-04 12:17:00,2011-04-28 11:31:00,20,755.75,23,0.7555847568988173,26.469565217391306,37.7875,12002.624347826088,12002.624347826088
15224.0,2010-12-12 12:34:00,2010-12-16 15:02:00,14,322.08,4,0.1314060446780552,106.53999999999999,23.005714285714284,29412.345599999993,29412.345599999993
15225.0,2011-04-19 14:51:00,2011-04-19 14:51:00,23,409.40000000000003,1,0.0328515111695138,700.12,17.8,149545.632,149545.632
15226.0,2011-02-02 11:41:00,2011-02-02 11:41:00,8,154.41,1,0.0328515111695138,243.51999999999998,19.30125,56402.8848,56402.8848
15227.0,2011-01-26 15:31:00,2011-11-03 11:59:00,58,1219.4,280,9.198423127463863,6.305428571428571,21.024137931034485,1590.7944000000002,1590.7944000000002
15228.0,2011-02-18 09:04:00,2011-10-04 13:56:00,125,3386.71,228,7.490144546649145,16.688596491228072,27.09368,5425.8659157894745,5425.8659157894745
15230.0,2011-04-13 11:04:00,2011-04-14 14:39:00,23,429.6,1,0.0328515111695138,700.12,18.678260869565218,156924.288,156924.288
15232.0,2011-07-22 12:21:00,2011-08-18 16:27:00,31,612.06,27,0.8869908015768725,34.949629629629634,19.743870967741934,8280.491733333334,8280.491733333334
15234.0,2011-03-08 08:53:00,2011-03-08 08:53:00,14,197.0,1,0.0328515111695138,426.15999999999997,14.071428571428571,71960.15999999999,71960.15999999999
15235.0,2010-12-01 17:22:00,2011-05-06 09:44:00,143,2247.51,155,5.091984231274639,28.083354838709678,15.716853146853149,5296.5835664516135,5296.5835664516135
15236.0,2011-02-14 10:52:00,2011-02-14 10:52:00,15,321.05,1,0.0328515111695138,456.59999999999997,21.403333333333332,117273.14399999999,117273.14399999999
15237.0,2011-04-26 15:04:00,2011-12-08 09:46:00,99,1412.32,225,7.391590013140604,13.393600000000001,14.265858585858584,2292.8544426666667,2292.8544426666667
15238.0,2011-06-08 16:00:00,2011-11-10 14:28:00,50,1071.99,154,5.059132720105125,9.883116883116884,21.4398,2542.7045922077928,2542.7045922077928
15239.0,2011-09-22 09:53:00,2011-11-29 14:14:00,49,780.59,68,2.2339027595269383,21.93470588235294,15.930408163265307,4193.145811764706,4193.145811764706
15240.0,2011-02-01 08:23:00,2011-10-26 09:50:00,78,1706.57,267,8.771353482260183,8.892584269662922,21.879102564102563,2334.741159550562,2334.741159550562
15241.0,2011-03-01 11:02:00,2011-10-04 09:05:00,110,1756.44,216,7.09592641261498,15.501851851851853,15.967636363636364,2970.3352000000004,2970.3352000000004
15243.0,2011-09-26 14:12:00,2011-09-26 14:12:00,22,316.68,1,0.0328515111695138,669.68,14.394545454545455,115676.8704,115676.8704
15244.0,2011-04-05 15:12:00,2011-10-05 13:19:00,34,631.57,182,5.978975032851511,5.686593406593407,18.57558823529412,1267.5818109890113,1267.5818109890113
15245.0,2011-03-23 13:42:00,2011-07-28 18:56:00,89,2515.84,127,4.1721419185282524,21.331968503937006,28.267865168539327,7236.110513385826,7236.110513385826
15246.0,2010-12-16 09:46:00,2011-04-15 14:45:00,33,514.15,120,3.9421813403416555,8.371,15.58030303030303,1565.0726,1565.0726
15247.0,2011-08-09 12:52:00,2011-08-09 12:52:00,6,356.0,1,0.0328515111695138,182.64,59.333333333333336,130039.68,130039.68
15249.0,2011-03-28 12:49:00,2011-11-08 11:45:00,350,6688.46,224,7.35873850197109,47.5625,19.109885714285713,10906.967271428572,10906.967271428572
15251.0,2011-04-12 10:38:00,2011-11-30 15:02:00,111,10484.99,232,7.621550591327201,14.56396551724138,94.45936936936937,16508.435979310347,16508.435979310347
15252.0,2011-06-09 14:15:00,2011-11-03 13:30:00,44,740.78,146,4.7963206307490145,9.173698630136986,16.83590909090909,1853.3706739726028,1853.3706739726028
15253.0,2011-06-23 12:19:00,2011-11-23 16:22:00,53,918.2,153,5.026281208935611,10.544575163398692,17.324528301886794,2192.1574901960785,2192.1574901960785
15254.0,2011-08-04 15:04:00,2011-08-04 15:04:00,18,300.36,1,0.0328515111695138,547.92,16.686666666666667,109715.5008,109715.5008
15255.0,2011-10-04 12:43:00,2011-10-04 12:43:00,47,890.85,1,0.0328515111695138,1430.68,18.95425531914894,325409.6880000001,325409.6880000001
15256.0,2011-07-14 11:47:00,2011-07-14 11:47:00,6,98.45,1,0.0328515111695138,182.64,16.408333333333335,35961.816000000006,35961.816000000006
15257.0,2011-03-01 12:58:00,2011-03-01 12:58:00,7,317.15,1,0.0328515111695138,213.07999999999998,45.30714285714286,115848.55199999998,115848.55199999998
15258.0,2011-05-06 14:16:00,2011-06-24 12:30:00,34,623.16,48,1.5768725361366622,21.561666666666667,18.328235294117647,4742.2476,4742.2476
15260.0,2010-12-02 12:09:00,2011-08-31 13:55:00,77,1810.77,272,8.935611038107753,8.617205882352941,23.516493506493507,2431.7575941176474,2431.7575941176474
15261.0,2011-07-27 15:20:00,2011-07-27 15:20:00,19,254.82,1,0.0328515111695138,578.36,13.41157894736842,93080.6496,93080.6496
15262.0,2011-01-20 12:16:00,2011-01-20 12:16:00,10,178.95000000000002,1,0.0328515111695138,304.4,17.895000000000003,65366.856,65366.856
15263.0,2011-08-25 10:26:00,2011-08-25 10:26:00,12,156.51,1,0.0328515111695138,365.28,13.042499999999999,57169.97279999999,57169.97279999999
15264.0,2011-10-06 13:49:00,2011-10-06 13:49:00,23,393.74,1,0.0328515111695138,700.12,17.11913043478261,143825.3472,143825.3472
15265.0,2011-04-18 12:16:00,2011-07-11 14:46:00,82,1506.1200000000001,84,2.759526938239159,29.715238095238096,18.36731707317073,6549.4704,6549.4704
15266.0,2011-01-05 13:40:00,2011-01-05 13:40:00,6,119.3,1,0.0328515111695138,182.64,19.883333333333333,43577.903999999995,43577.903999999995
15267.0,2011-06-10 10:24:00,2011-11-17 15:59:00,11,1717.36,160,5.256241787122208,2.09275,156.12363636363636,3920.7328800000005,3920.7328800000005
15269.0,2011-11-16 09:32:00,2011-11-16 09:32:00,2,408.8,1,0.0328515111695138,60.879999999999995,204.4,149326.46399999998,149326.46399999998
15270.0,2011-02-02 13:25:00,2011-11-24 09:24:00,41,2379.49,294,9.658344283837057,4.2450340136054425,58.03634146341463,2956.3949224489797,2956.3949224489797
15271.0,2010-12-09 13:47:00,2011-12-02 14:11:00,274,2507.07,358,11.76084099868594,23.297653631284916,9.149890510948905,2558.0517586592177,2558.0517586592177
15272.0,2011-09-14 16:36:00,2011-10-13 12:59:00,63,721.94,28,0.9198423127463863,68.49000000000001,11.45936507936508,9418.222971428573,9418.222971428573
15274.0,2011-11-21 14:17:00,2011-12-05 16:57:00,47,716.57,14,0.45992115637319314,102.19142857142857,15.246170212765959,18696.334971428572,18696.334971428572
15275.0,2011-11-02 11:20:00,2011-11-02 11:20:00,41,615.14,1,0.0328515111695138,1248.04,15.003414634146342,224698.3392,224698.3392
15276.0,2011-10-04 16:39:00,2011-10-04 16:39:00,52,135.31,1,0.0328515111695138,1582.8799999999999,2.602115384615385,49426.0368,49426.0368
15277.0,2011-10-24 10:08:00,2011-10-24 10:08:00,12,255.89999999999998,1,0.0328515111695138,365.28,21.325,93475.152,93475.152
15279.0,2010-12-20 10:48:00,2010-12-20 10:48:00,19,290.51,1,0.0328515111695138,578.36,15.29,106117.4928,106117.4928
15280.0,2011-06-20 17:14:00,2011-06-20 17:14:00,16,113.12,1,0.0328515111695138,487.03999999999996,7.07,41320.4736,41320.4736
15281.0,2011-01-10 15:51:00,2011-10-12 09:10:00,139,2332.15,274,9.00131406044678,15.442189781021897,16.778057553956835,3109.0793868613137,3109.0793868613137
15286.0,2011-10-21 11:08:00,2011-10-21 11:08:00,3,240.55,1,0.0328515111695138,91.32,80.18333333333334,87868.10399999999,87868.10399999999
15287.0,2011-09-30 12:30:00,2011-11-17 15:34:00,20,486.69,48,1.5768725361366622,12.683333333333334,24.3345,3703.7108999999996,3703.7108999999996
15288.0,2010-12-09 13:59:00,2011-10-27 16:58:00,88,2306.52,322,10.578186596583443,8.319006211180124,26.210454545454546,2616.5392099378882,2616.5392099378882
15289.0,2011-04-04 12:44:00,2011-11-10 13:49:00,58,939.78,220,7.227332457293035,8.02509090909091,16.20310344827586,1560.3765381818182,1560.3765381818182
15290.0,2010-12-15 16:03:00,2011-12-05 11:39:00,204,7943.22,354,11.629434954007884,17.541694915254237,38.93735294117647,8196.325993220338,8196.325993220338
15291.0,2010-12-01 09:32:00,2011-11-14 11:02:00,103,4668.3,348,11.432325886990801,9.009540229885058,45.32330097087379,4900.105241379311,4900.105241379311
15292.0,2011-05-22 15:00:00,2011-05-22 15:00:00,25,180.94,1,0.0328515111695138,761.0,7.2376,66093.76319999999,66093.76319999999
15296.0,2011-01-17 11:57:00,2011-10-20 11:47:00,194,3672.86,275,9.034165571616294,21.474036363636365,18.932268041237116,4878.626548363637,4878.626548363637
15297.0,2011-10-07 09:42:00,2011-11-29 16:32:00,39,641.94,53,1.7411300919842312,22.399245283018868,16.46,4424.298928301887,4424.298928301887
15298.0,2010-12-08 13:55:00,2011-12-07 17:17:00,192,4799.9,364,11.957950065703022,16.056263736263737,24.999479166666664,4816.778769230768,4816.778769230768
15299.0,2010-12-02 16:48:00,2011-10-03 14:19:00,7,4507.01,304,9.986859395532194,0.700921052631579,643.8585714285715,5415.528331578948,5415.528331578948
15300.0,2011-10-06 17:08:00,2011-10-06 17:08:00,28,496.44,1,0.0328515111695138,852.3199999999999,17.73,181339.60319999998,181339.60319999998
15301.0,2010-12-06 12:21:00,2011-10-20 09:57:00,243,5070.35,317,10.413929040735873,23.334132492113568,20.865637860082305,5842.578700315458,5842.578700315458
15303.0,2011-02-22 13:59:00,2011-02-22 13:59:00,31,574.02,1,0.0328515111695138,943.64,18.516774193548386,209678.0256,209678.0256
15304.0,2010-12-06 11:42:00,2011-10-10 10:23:00,23,694.4,307,10.085413929040735,2.2805211726384367,30.191304347826087,826.2229055374593,826.2229055374593
15306.0,2011-07-14 15:22:00,2011-10-06 12:56:00,58,1174.3500000000001,83,2.726675427069645,21.27132530120482,20.24741379310345,5168.271903614458,5168.271903614458
15307.0,2011-09-05 11:38:00,2011-09-05 11:38:00,12,205.3,1,0.0328515111695138,365.28,17.108333333333334,74991.984,74991.984
15308.0,2011-03-10 13:08:00,2011-03-10 13:08:00,19,310.47,1,0.0328515111695138,578.36,16.340526315789475,113408.48160000003,113408.48160000003
15311.0,2010-12-01 09:41:00,2011-12-09 12:00:00,2379,60767.9,373,12.253613666228645,194.14680965147454,25.543463640184953,59510.183678284186,59510.183678284186
15312.0,2010-12-20 12:51:00,2011-09-25 13:10:00,47,924.85,279,9.165571616294349,5.1278853046594985,19.677659574468084,1210.857376344086,1210.857376344086
15313.0,2011-08-21 16:02:00,2011-08-21 16:02:00,1,52.0,1,0.0328515111695138,30.439999999999998,52.0,18994.559999999998,18994.559999999998
15314.0,2011-05-24 14:39:00,2011-05-24 14:39:00,24,327.97,1,0.0328515111695138,730.56,13.665416666666667,119800.8816,119800.8816
15315.0,2011-08-15 15:17:00,2011-10-06 12:51:00,37,570.5,51,1.6754270696452036,22.083921568627453,15.41891891891892,4086.1223529411773,4086.1223529411773
15316.0,2011-01-17 11:34:00,2011-01-17 11:34:00,1,165.0,1,0.0328515111695138,30.439999999999998,165.0,60271.2,60271.2
15318.0,2011-12-06 11:30:00,2011-12-06 11:30:00,33,312.62,1,0.0328515111695138,1004.52,9.473333333333333,114193.8336,114193.8336
15319.0,2011-03-01 12:48:00,2011-03-01 12:48:00,16,204.5,1,0.0328515111695138,487.03999999999996,12.78125,74699.76,74699.76
15320.0,2011-10-26 13:27:00,2011-10-26 13:27:00,36,267.13,1,0.0328515111695138,1095.84,7.420277777777778,97577.24639999999,97577.24639999999
15321.0,2011-02-21 11:10:00,2011-09-30 09:40:00,95,2748.31,220,7.227332457293035,13.144545454545455,28.92957894736842,4563.193985454545,4563.193985454545
15322.0,2011-09-15 09:34:00,2011-09-15 09:34:00,42,679.68,1,0.0328515111695138,1278.48,16.18285714285714,248273.51039999997,248273.51039999997
15325.0,2011-08-28 11:55:00,2011-08-28 11:55:00,49,162.29,1,0.0328515111695138,1491.56,3.3120408163265305,59281.29119999999,59281.29119999999
15326.0,2011-01-10 11:38:00,2011-01-10 11:38:00,29,311.71,1,0.0328515111695138,882.76,10.748620689655171,113861.42879999998,113861.42879999998
15327.0,2011-10-18 11:55:00,2011-10-18 11:55:00,10,208.75,1,0.0328515111695138,304.4,20.875,76252.2,76252.2
15329.0,2011-06-21 10:37:00,2011-10-31 15:36:00,57,1049.7,132,4.336399474375821,13.144545454545455,18.41578947368421,2904.806181818182,2904.806181818182
15330.0,2011-10-10 12:30:00,2011-11-07 17:50:00,13,714.9599999999999,28,0.9198423127463863,14.132857142857144,54.99692307692307,9327.163885714286,9327.163885714286
15332.0,2010-12-05 12:00:00,2010-12-08 14:43:00,35,1661.06,3,0.09855453350854139,355.1333333333333,47.45885714285714,202250.6656,202250.6656
15333.0,2011-05-15 13:27:00,2011-05-15 13:27:00,16,1028.56,1,0.0328515111695138,487.03999999999996,64.285,375712.39679999993,375712.39679999993
15334.0,2011-06-19 13:51:00,2011-07-06 11:22:00,99,351.67,16,0.5256241787122208,188.3475,3.5522222222222224,8028.6261,8028.6261
15335.0,2011-10-17 12:50:00,2011-10-17 12:50:00,36,173.97,1,0.0328515111695138,1095.84,4.8325,63547.7616,63547.7616
15339.0,2011-01-25 13:15:00,2011-10-04 12:51:00,86,574.07,251,8.245729303547963,10.42964143426295,6.675232558139536,835.4433848605579,835.4433848605579
15341.0,2011-09-20 09:40:00,2011-09-20 09:40:00,17,2020.52,1,0.0328515111695138,517.48,118.85411764705883,738055.5456000001,535875.9878400022
15342.0,2011-08-02 10:19:00,2011-08-02 10:19:00,24,406.09000000000003,1,0.0328515111695138,730.56,16.920416666666668,148336.5552,148336.5552
15343.0,2011-09-13 13:55:00,2011-09-13 13:55:00,21,364.5,1,0.0328515111695138,639.24,17.357142857142858,133144.56,133144.56
15344.0,2011-09-26 14:48:00,2011-12-09 10:45:00,26,563.94,73,2.3981603153745072,10.841643835616438,21.69,2821.8630575342468,2821.8630575342468
15345.0,2011-10-25 11:28:00,2011-10-25 11:28:00,20,393.54,1,0.0328515111695138,608.8,19.677,143752.29119999998,143752.29119999998
15346.0,2011-01-11 11:18:00,2011-01-11 11:18:00,17,252.42000000000002,1,0.0328515111695138,517.48,14.848235294117648,92203.97760000001,92203.97760000001
15347.0,2010-12-08 15:25:00,2010-12-08 15:25:00,5,201.60000000000002,1,0.0328515111695138,152.2,40.32000000000001,73640.448,73640.448
15348.0,2011-09-28 13:17:00,2011-09-28 13:17:00,9,158.04,1,0.0328515111695138,273.96,17.56,57728.85119999999,57728.85119999999
15349.0,2011-06-05 15:46:00,2011-07-04 16:06:00,72,473.81,29,0.9526938239159001,75.57517241379311,6.580694444444444,5968.045406896552,5968.045406896552
15350.0,2010-12-01 13:33:00,2010-12-01 13:33:00,5,115.65,1,0.0328515111695138,152.2,23.130000000000003,42244.632,42244.632
15351.0,2010-12-05 11:49:00,2011-11-27 12:52:00,225,1960.11,357,11.727989487516425,19.184873949579835,8.711599999999999,2005.5713747899163,2005.5713747899163
15353.0,2010-12-07 11:49:00,2011-03-30 12:15:00,63,777.02,113,3.712220762155059,16.970973451327435,12.333650793650794,2511.768722123894,2511.768722123894
15355.0,2011-10-17 15:22:00,2011-11-10 13:44:00,14,277.05,23,0.7555847568988173,18.528695652173912,19.789285714285715,4400.035826086956,4400.035826086956
15356.0,2010-12-06 14:05:00,2011-11-08 13:11:00,519,2766.5,336,11.038107752956636,47.018928571428575,5.330443159922929,3007.5807142857147,3007.5807142857147
15358.0,2010-12-09 10:04:00,2011-12-05 09:04:00,551,8347.2,360,11.826544021024967,46.59011111111111,15.149183303085302,8469.625600000001,8469.625600000001
15360.0,2011-10-31 09:35:00,2011-10-31 09:35:00,13,427.93,1,0.0328515111695138,395.71999999999997,32.917692307692306,156314.27039999998,156314.27039999998
15361.0,2010-12-13 09:52:00,2010-12-13 09:52:00,7,418.92,1,0.0328515111695138,213.07999999999998,59.84571428571429,153023.09759999998,153023.09759999998
15363.0,2010-12-02 12:28:00,2010-12-02 12:28:00,16,326.0,1,0.0328515111695138,487.03999999999996,20.375,119081.27999999998,119081.27999999998
15364.0,2011-03-30 13:39:00,2011-09-05 09:46:00,29,913.19,158,5.19053876478318,5.587088607594937,31.489310344827587,2111.202805063291,2111.202805063291
15365.0,2011-01-28 13:08:00,2011-11-14 08:29:00,114,2314.32,289,9.494086727989487,12.007474048442907,20.301052631578948,2925.1723515570934,2925.1723515570934
15366.0,2010-12-16 15:59:00,2011-09-25 15:01:00,44,602.51,282,9.264126149802891,4.749503546099291,13.69340909090909,780.4427404255321,780.4427404255321
15367.0,2011-03-09 13:53:00,2011-10-13 14:13:00,95,1877.5900000000001,218,7.1616294349540075,13.265137614678899,19.764105263157898,3146.0829137614687,3146.0829137614687
15368.0,2011-11-18 14:42:00,2011-11-18 14:42:00,4,446.94000000000005,1,0.0328515111695138,121.75999999999999,111.73500000000001,163258.2432,163258.2432
15370.0,2011-01-11 11:32:00,2011-10-30 10:58:00,94,2386.05,291,9.559789750328514,9.832852233676977,25.383510638297874,2995.107711340207,2995.107711340207
15372.0,2011-07-25 16:39:00,2011-07-25 16:39:00,27,2007.4,1,0.0328515111695138,821.88,74.34814814814816,733263.0720000002,535875.9878400022
15373.0,2010-12-03 14:40:00,2011-12-01 15:05:00,132,2415.91,363,11.925098554533507,11.06909090909091,18.302348484848483,2431.0843107438013,2431.0843107438013
15374.0,2011-08-03 09:59:00,2011-08-03 09:59:00,3,168.0,1,0.0328515111695138,91.32,56.0,61367.04,61367.04
15376.0,2011-05-01 13:45:00,2011-10-30 15:04:00,117,1233.3600000000001,182,5.978975032851511,19.568571428571428,10.541538461538462,2475.39418021978,2475.39418021978
15379.0,2010-12-16 13:02:00,2011-06-23 13:13:00,194,3703.29,189,6.2089356110381075,31.245291005291005,19.089123711340207,7157.342704761905,7157.342704761905
15380.0,2010-12-09 15:01:00,2011-12-01 12:13:00,36,1690.26,356,11.695137976346912,3.0782022471910113,46.95166666666667,1734.3207101123596,1734.3207101123596
15381.0,2011-03-16 13:44:00,2011-05-10 11:55:00,8,596.85,54,1.773981603153745,4.50962962962963,74.60625,4037.358666666667,4037.358666666667
15382.0,2011-02-17 12:01:00,2011-11-25 10:58:00,302,5955.71,280,9.198423127463863,32.831714285714284,19.7208940397351,7769.649102857142,7769.649102857142
15384.0,2010-12-15 11:34:00,2011-06-23 10:57:00,41,642.41,189,6.2089356110381075,6.603386243386244,15.668536585365853,1241.5847873015873,1241.5847873015873
15385.0,2011-10-30 15:11:00,2011-10-30 15:11:00,12,316.88,1,0.0328515111695138,365.28,26.406666666666666,115749.9264,115749.9264
15386.0,2011-06-06 13:47:00,2011-06-06 13:47:00,31,394.14,1,0.0328515111695138,943.64,12.714193548387096,143971.45919999998,143971.45919999998
15388.0,2011-03-14 13:53:00,2011-03-14 13:53:00,10,140.54,1,0.0328515111695138,304.4,14.053999999999998,51336.451199999996,51336.451199999996
15389.0,2011-06-20 16:18:00,2011-06-20 16:18:00,1,500.0,1,0.0328515111695138,30.439999999999998,500.0,182639.99999999997,182639.99999999997
15392.0,2010-12-14 15:50:00,2011-12-05 11:01:00,84,1535.53,355,11.662286465177397,7.202704225352114,18.280119047619046,1579.9954884507042,1579.9954884507042
15393.0,2011-03-03 16:58:00,2011-11-23 16:48:00,12,231.86,264,8.672798948751643,1.3836363636363636,19.32166666666667,320.8099272727273,320.8099272727273
15394.0,2010-12-16 12:46:00,2011-11-30 11:49:00,85,2183.54,348,11.432325886990801,7.435057471264368,25.68870588235294,2291.9640551724137,2291.9640551724137
15395.0,2011-01-18 12:40:00,2011-01-18 12:40:00,7,107.45,1,0.0328515111695138,213.07999999999998,15.35,39249.335999999996,39249.335999999996
15396.0,2011-08-19 10:56:00,2011-08-19 10:56:00,14,288.18,1,0.0328515111695138,426.15999999999997,20.584285714285716,105266.3904,105266.3904
15397.0,2011-02-23 09:25:00,2011-02-23 09:25:00,6,94.0,1,0.0328515111695138,182.64,15.666666666666666,34336.31999999999,34336.31999999999
15398.0,2011-09-22 14:56:00,2011-11-23 16:47:00,73,1345.53,62,2.0367936925098555,35.84064516129032,18.43191780821918,7927.341909677418,7927.341909677418
15399.0,2011-09-21 15:57:00,2011-12-08 13:04:00,50,815.77,77,2.5295663600525624,19.766233766233768,16.3154,3869.9281246753253,3869.9281246753253
15400.0,2011-03-06 11:27:00,2011-09-08 13:57:00,12,716.2,186,6.110381077529566,1.9638709677419355,59.68333333333334,1406.5243870967743,1406.5243870967743
15402.0,2011-05-27 13:32:00,2011-07-14 12:17:00,42,626.77,47,1.5440210249671484,27.201702127659576,14.923095238095238,4871.203097872341,4871.203097872341
15405.0,2011-06-03 14:44:00,2011-06-03 14:44:00,8,349.1,1,0.0328515111695138,243.51999999999998,43.6375,127519.24799999999,127519.24799999999
15406.0,2011-02-11 16:19:00,2011-11-08 13:22:00,53,510.71000000000004,269,8.83705650459921,5.9974721189591085,9.636037735849058,693.502411895911,693.502411895911
15407.0,2011-02-07 13:18:00,2011-11-06 11:55:00,153,1056.44,271,8.902759526938238,17.185682656826568,6.90483660130719,1423.9719675276754,1423.9719675276754
15408.0,2011-03-20 15:02:00,2011-03-20 15:02:00,34,267.18,1,0.0328515111695138,1034.96,7.858235294117647,97595.5104,97595.5104
15410.0,2011-03-23 10:15:00,2011-09-16 14:47:00,122,3450.84,177,5.814717477003942,20.981242937853107,28.285573770491805,7121.597938983052,7121.597938983052
15411.0,2011-06-10 12:30:00,2011-11-13 15:19:00,99,1358.88,156,5.124835742444152,19.317692307692308,13.726060606060607,3181.8697846153846,3181.8697846153846
15412.0,2011-06-21 15:24:00,2011-06-21 15:24:00,10,190.53,1,0.0328515111695138,304.4,19.053,69596.7984,69596.7984
15414.0,2011-04-11 13:45:00,2011-11-30 09:50:00,39,774.9000000000001,232,7.621550591327201,5.117068965517242,19.86923076923077,1220.0666896551727,1220.0666896551727
15415.0,2011-01-30 14:13:00,2011-01-30 14:13:00,48,572.8100000000001,1,0.0328515111695138,1461.12,11.933541666666668,209236.0368,209236.0368
15416.0,2011-03-02 08:41:00,2011-10-06 09:38:00,192,3984.32,218,7.1616294349540075,26.80954128440367,20.75166666666667,6676.111970642203,6676.111970642203
15417.0,2011-09-15 15:26:00,2011-09-15 15:26:00,28,508.8,1,0.0328515111695138,852.3199999999999,18.17142857142857,185854.46399999998,185854.46399999998
15419.0,2011-11-15 09:23:00,2011-11-15 09:23:00,8,135.86,1,0.0328515111695138,243.51999999999998,16.9825,49626.940800000004,49626.940800000004
15421.0,2011-02-02 14:36:00,2011-10-12 09:20:00,53,950.36,251,8.245729303547963,6.427569721115538,17.93132075471698,1383.0577721115537,1383.0577721115537
15422.0,2011-01-20 14:17:00,2011-01-20 16:17:00,6,97.7,1,0.0328515111695138,182.64,16.283333333333335,35687.856,35687.856
15423.0,2011-11-01 14:01:00,2011-11-01 14:01:00,2,43.5,1,0.0328515111695138,60.879999999999995,21.75,15889.679999999998,15889.679999999998
15424.0,2011-03-30 13:00:00,2011-03-30 13:02:00,17,383.34,1,0.0328515111695138,517.48,22.54941176470588,140026.4352,140026.4352
15426.0,2010-12-05 13:55:00,2011-11-20 15:36:00,292,1447.39,350,11.498028909329829,25.395657142857143,4.956815068493151,1510.5789120000004,1510.5789120000004
15427.0,2011-10-23 14:47:00,2011-11-06 14:29:00,306,1483.14,13,0.42706964520367935,716.5107692307693,4.84686274509804,41673.95224615385,41673.95224615385
15428.0,2011-11-24 16:54:00,2011-11-24 16:54:00,6,93.78,1,0.0328515111695138,182.64,15.63,34255.9584,34255.9584
15429.0,2011-09-25 13:42:00,2011-11-13 12:28:00,82,397.35,48,1.5768725361366622,52.001666666666665,4.845731707317073,3023.8334999999997,3023.8334999999997
15432.0,2011-11-16 16:30:00,2011-11-16 16:30:00,10,171.19000000000003,1,0.0328515111695138,304.4,17.119000000000003,62532.283200000005,62532.283200000005
15433.0,2011-03-17 14:12:00,2011-05-10 10:45:00,41,533.3,53,1.7411300919842312,23.547924528301888,13.00731707317073,3675.5438490566034,3675.5438490566034
15434.0,2011-05-23 14:18:00,2011-12-01 13:33:00,55,1041.48,191,6.274638633377135,8.76544502617801,18.936,1991.789604188482,1991.789604188482
15435.0,2011-11-17 16:39:00,2011-11-17 16:39:00,29,149.29,1,0.0328515111695138,882.76,5.147931034482759,54532.6512,54532.6512
15436.0,2011-04-19 16:52:00,2011-11-27 16:05:00,329,1122.53,221,7.260183968462549,45.31565610859729,3.4119452887537993,1855.3744723981904,1855.3744723981904
15437.0,2011-03-22 13:11:00,2011-03-22 13:11:00,45,200.16,1,0.0328515111695138,1369.8,4.4479999999999995,73114.44479999998,73114.44479999998
15438.0,2011-07-31 14:19:00,2011-07-31 14:19:00,25,156.57999999999998,1,0.0328515111695138,761.0,6.263199999999999,57195.54239999999,57195.54239999999
15440.0,2011-05-15 11:30:00,2011-10-16 12:16:00,62,383.68,154,5.059132720105125,12.255064935064935,6.188387096774194,910.0690285714286,910.0690285714286
15442.0,2011-04-05 12:24:00,2011-04-05 12:24:00,2,594.0,1,0.0328515111695138,60.879999999999995,297.0,216976.31999999995,216976.31999999995
15443.0,2011-01-23 13:25:00,2011-12-08 10:40:00,382,3236.91,318,10.446780551905388,36.5662893081761,8.473586387434555,3718.1713358490565,3718.1713358490565
15444.0,2011-10-30 16:12:00,2011-11-30 17:37:00,219,1418.26,31,1.0183968462549278,215.04387096774192,6.476073059360731,16711.677832258065,16711.677832258065
15445.0,2011-03-20 15:06:00,2011-03-20 15:06:00,5,113.5,1,0.0328515111695138,152.2,22.7,41459.28,41459.28
15447.0,2011-01-13 11:26:00,2011-01-13 11:26:00,9,155.17000000000002,1,0.0328515111695138,273.96,17.241111111111113,56680.4976,56680.4976
15448.0,2011-01-31 10:42:00,2011-01-31 10:42:00,28,494.64,1,0.0328515111695138,852.3199999999999,17.665714285714284,180682.09919999997,180682.09919999997
15449.0,2011-03-23 10:43:00,2011-11-13 15:02:00,60,974.52,235,7.720105124835742,7.771914893617022,16.242,1514.7773004255323,1514.7773004255323
15450.0,2011-11-09 17:11:00,2011-11-09 17:11:00,30,429.84,1,0.0328515111695138,913.1999999999999,14.328,157011.9552,157011.9552
15452.0,2011-03-20 15:21:00,2011-11-10 12:13:00,58,538.73,234,7.687253613666228,7.544957264957265,9.28844827586207,840.9713435897438,840.9713435897438
15453.0,2011-06-05 12:37:00,2011-12-08 10:59:00,286,1388.37,185,6.077529566360052,47.058594594594595,4.854440559440559,2741.317803243243,2741.317803243243
15454.0,2010-12-12 14:21:00,2010-12-12 14:21:00,25,179.1,1,0.0328515111695138,761.0,7.164,65421.648,65421.648
15456.0,2010-12-15 15:34:00,2011-03-01 13:51:00,60,447.22,75,2.463863337713535,24.352,7.453666666666667,2178.140288,2178.140288
15457.0,2011-03-22 15:31:00,2011-03-22 15:31:00,58,237.07,1,0.0328515111695138,1765.52,4.087413793103448,86596.9296,86596.9296
15458.0,2011-11-14 13:08:00,2011-11-14 13:08:00,7,161.64,1,0.0328515111695138,213.07999999999998,23.09142857142857,59043.85919999999,59043.85919999999
15460.0,2010-12-20 16:08:00,2010-12-20 16:08:00,58,216.76,1,0.0328515111695138,1765.52,3.7372413793103445,79178.09279999998,79178.09279999998
15462.0,2011-06-05 15:36:00,2011-09-06 13:11:00,11,234.6,92,3.0223390275952693,3.6395652173913047,21.327272727272728,931.4640000000002,931.4640000000002
15463.0,2011-11-10 12:57:00,2011-11-10 12:57:00,7,126.14,1,0.0328515111695138,213.07999999999998,18.02,46076.41919999999,46076.41919999999
15464.0,2011-01-05 15:56:00,2011-01-05 15:56:00,157,1048.85,1,0.0328515111695138,4779.08,6.680573248407643,383123.92799999996,383123.92799999996
15465.0,2010-12-05 10:12:00,2011-11-20 10:11:00,97,7354.62,349,11.465177398160314,8.460401146131806,75.82082474226804,7697.69511060172,7697.69511060172
15466.0,2011-09-15 14:08:00,2011-09-15 14:08:00,57,334.53,1,0.0328515111695138,1735.08,5.868947368421052,122197.11839999999,122197.11839999999
15467.0,2011-07-10 14:42:00,2011-11-30 14:17:00,52,524.88,142,4.664914586070959,11.147042253521127,10.093846153846155,1350.1983549295776,1350.1983549295776
15468.0,2011-10-19 13:38:00,2011-10-19 13:49:00,24,467.51,1,0.0328515111695138,730.56,19.479583333333334,170772.0528,170772.0528
15469.0,2011-08-11 16:54:00,2011-10-20 16:21:00,24,538.55,69,2.266754270696452,10.587826086956522,22.43958333333333,2851.0368695652173,2851.0368695652173
15471.0,2011-12-07 14:12:00,2011-12-07 14:12:00,77,469.48,1,0.0328515111695138,2343.88,6.097142857142857,171491.6544,171491.6544
15472.0,2011-08-18 15:17:00,2011-08-18 15:17:00,76,371.56,1,0.0328515111695138,2313.44,4.888947368421053,135723.43680000002,135723.43680000002
15473.0,2011-10-10 11:12:00,2011-11-25 15:15:00,11,1771.2,46,1.5111695137976346,7.279130434782609,161.01818181818183,14064.868173913048,14064.868173913048
15475.0,2011-09-23 15:20:00,2011-09-23 15:20:00,29,454.11,1,0.0328515111695138,882.76,15.65896551724138,165877.30080000003,165877.30080000003
15478.0,2011-10-14 11:09:00,2011-10-30 14:19:00,46,1441.42,16,0.5256241787122208,87.515,31.33521739130435,32907.6186,32907.6186
15480.0,2011-08-15 14:32:00,2011-08-15 14:32:00,45,905.5,1,0.0328515111695138,1369.8,20.122222222222224,330761.04000000004,330761.04000000004
15482.0,2010-12-16 10:08:00,2011-11-24 10:46:00,98,11054.96,343,11.268068331143231,8.697142857142858,112.80571428571427,11773.048946938776,11773.048946938776
15483.0,2011-03-18 12:26:00,2011-07-01 13:07:00,88,233.81,105,3.4494086727989486,25.51161904761905,2.656931818181818,813.3915885714285,813.3915885714285
15484.0,2011-09-22 13:31:00,2011-12-08 15:03:00,188,3594.31,77,2.5295663600525624,74.32103896103897,19.118670212765956,17051.033205194803,17051.033205194803
15485.0,2010-12-01 13:23:00,2011-11-09 14:31:00,86,2575.0,343,11.268068331143231,7.632186588921283,29.941860465116278,2742.262390670554,2742.262390670554
15488.0,2011-09-08 10:11:00,2011-09-08 10:11:00,2,91.32000000000001,1,0.0328515111695138,60.879999999999995,45.660000000000004,33357.3696,33357.3696
15489.0,2011-05-12 12:54:00,2011-11-17 08:53:00,50,1134.28,188,6.176084099868594,8.095744680851064,22.6856,2203.8819063829787,2203.8819063829787
15491.0,2011-04-18 10:04:00,2011-09-05 15:56:00,154,3100.09,140,4.599211563731932,33.484,20.130454545454548,8088.577680000001,8088.577680000001
15492.0,2011-09-26 14:02:00,2011-11-11 14:53:00,35,659.46,46,1.5111695137976346,23.160869565217393,18.841714285714286,5236.685843478262,5236.685843478262
15493.0,2011-03-14 11:44:00,2011-11-07 12:04:00,297,2001.8,238,7.818659658344283,37.98605042016807,6.74006734006734,3072.3424537815126,3072.3424537815126
15494.0,2011-08-10 15:29:00,2011-11-18 14:51:00,125,1299.23,99,3.252299605781866,38.43434343434343,10.39384,4793.764993939394,4793.764993939394
15497.0,2011-01-24 10:01:00,2011-11-22 11:51:00,15,1262.2,302,9.921156373193167,1.5119205298013245,84.14666666666668,1526.6768741721855,1526.6768741721855
15498.0,2010-12-08 12:29:00,2011-12-07 12:48:00,512,13316.4,364,11.957950065703022,42.816703296703295,26.00859375,13363.2269010989,13363.2269010989
15500.0,2011-09-19 13:47:00,2011-12-01 13:47:00,68,1131.56,73,2.3981603153745072,28.355068493150686,16.640588235294118,5662.140230136987,5662.140230136987
15502.0,2010-12-05 15:40:00,2011-11-24 12:48:00,213,10384.93,353,11.59658344283837,18.36747875354108,48.75553990610329,10746.196120113316,10746.196120113316
15503.0,2010-12-12 10:57:00,2010-12-12 10:57:00,70,147.09,1,0.0328515111695138,2130.7999999999997,2.1012857142857144,53729.0352,53729.0352
15504.0,2011-09-19 13:45:00,2011-09-19 13:45:00,13,52.83,1,0.0328515111695138,395.71999999999997,4.063846153846153,19297.742399999996,19297.742399999996
15505.0,2011-07-07 13:33:00,2011-10-18 07:56:00,97,3610.96,102,3.350854139290407,28.947843137254903,37.22639175257732,12931.484988235294,12931.484988235294
15506.0,2011-07-24 11:45:00,2011-11-17 12:11:00,164,979.26,116,3.8107752956636003,43.03586206896552,5.971097560975609,3083.6559724137933,3083.6559724137933
15507.0,2011-06-21 11:19:00,2011-06-21 11:19:00,46,492.36,1,0.0328515111695138,1400.24,10.703478260869565,179849.2608,179849.2608
15508.0,2011-04-18 15:31:00,2011-06-03 15:43:00,92,1000.27,46,1.5111695137976346,60.88,10.8725,7943.0136,7943.0136
15510.0,2011-01-13 12:10:00,2011-01-13 12:10:00,1,250.0,1,0.0328515111695138,30.439999999999998,250.0,91319.99999999999,91319.99999999999
15511.0,2011-09-15 15:05:00,2011-11-28 09:43:00,160,909.23,73,2.3981603153745072,66.71780821917808,5.6826875,4549.637457534247,4549.637457534247
15512.0,2010-12-15 12:01:00,2011-07-07 10:20:00,7,121.0,203,6.668856767411301,1.0496551724137932,17.285714285714285,217.72847290640394,217.72847290640394
15513.0,2010-12-01 11:22:00,2011-11-06 14:36:00,308,14758.22,340,11.169513797634691,27.575058823529414,47.9162987012987,15855.537063529413,15855.537063529413
15514.0,2010-12-10 13:50:00,2011-11-27 14:40:00,178,4139.46,352,11.563731931668856,15.392954545454545,23.255393258426967,4295.630536363637,4295.630536363637
15516.0,2011-10-24 11:33:00,2011-10-26 10:51:00,15,62.43,1,0.0328515111695138,456.59999999999997,4.162,22804.430399999997,22804.430399999997
15517.0,2011-04-20 14:02:00,2011-04-20 14:02:00,27,267.03,1,0.0328515111695138,821.88,9.889999999999999,97540.71839999998,97540.71839999998
15518.0,2011-01-11 12:55:00,2011-10-06 13:05:00,214,1942.45,268,8.804204993429698,24.306567164179103,9.076869158878505,2647.5303582089555,2647.5303582089555
15520.0,2011-12-08 10:58:00,2011-12-08 10:58:00,18,343.5,1,0.0328515111695138,547.92,19.083333333333332,125473.68,125473.68
15521.0,2011-03-30 09:15:00,2011-10-30 13:42:00,185,3000.2,214,7.030223390275952,26.31495327102804,16.217297297297296,5121.089046728972,5121.089046728972
15522.0,2011-09-13 12:26:00,2011-11-07 11:26:00,57,398.84,54,1.773981603153745,32.13111111111111,6.99719298245614,2697.9310222222216,2697.9310222222216
15523.0,2011-09-16 16:29:00,2011-09-16 16:29:00,10,412.01000000000005,1,0.0328515111695138,304.4,41.20100000000001,150499.01280000003,150499.01280000003
15524.0,2011-11-15 12:09:00,2011-11-15 12:09:00,1,440.0,1,0.0328515111695138,30.439999999999998,440.0,160723.19999999998,160723.19999999998
15525.0,2010-12-01 13:17:00,2011-12-07 14:43:00,178,825.92,371,12.187910643889618,14.604636118598384,4.64,813.1861390835579,813.1861390835579
15526.0,2011-11-06 15:01:00,2011-11-06 15:04:00,4,148.44,1,0.0328515111695138,121.75999999999999,37.11,54222.163199999995,54222.163199999995
15527.0,2010-12-20 14:15:00,2011-11-21 12:17:00,163,2429.78,335,11.005256241787121,14.811104477611941,14.906625766871167,2649.403099701493,2649.403099701493
15528.0,2011-03-30 16:14:00,2011-03-30 16:14:00,26,229.33,1,0.0328515111695138,791.4399999999999,8.820384615384615,83769.66239999999,83769.66239999999
15529.0,2010-12-08 12:24:00,2011-11-17 11:29:00,672,3995.23,343,11.268068331143231,59.63755102040817,5.945282738095238,4254.745231486881,4254.745231486881
15530.0,2011-04-07 11:16:00,2011-11-18 12:25:00,108,1502.3500000000001,225,7.391590013140604,14.6112,13.91064814814815,2439.0151466666666,2439.0151466666666
15531.0,2011-11-09 17:47:00,2011-12-01 18:43:00,228,2007.44,22,0.7227332457293035,315.46909090909094,8.804561403508773,33330.80378181819,33330.80378181819
15532.0,2010-12-16 16:45:00,2011-11-14 14:51:00,256,1580.93,332,10.90670170827858,23.47180722891566,6.1755078125,1739.4039469879517,1739.4039469879517
15533.0,2011-09-11 15:41:00,2011-11-20 15:35:00,83,807.57,69,2.266754270696452,36.61623188405797,9.729759036144578,4275.205356521738,4275.205356521738
15535.0,2011-01-16 12:35:00,2011-06-19 16:02:00,75,536.4,154,5.059132720105125,14.824675324675324,7.152,1272.3129350649351,1272.3129350649351
15537.0,2011-06-29 13:10:00,2011-06-29 13:10:00,24,110.92,1,0.0328515111695138,730.56,4.621666666666667,40516.857599999996,40516.857599999996
15539.0,2011-12-02 13:36:00,2011-12-02 13:36:00,41,538.46,1,0.0328515111695138,1248.04,13.133170731707319,196688.66880000004,196688.66880000004
15540.0,2011-11-28 13:51:00,2011-11-28 13:51:00,15,213.3,1,0.0328515111695138,456.59999999999997,14.22,77914.224,77914.224
15541.0,2011-08-17 14:58:00,2011-08-17 14:58:00,29,85.13000000000001,1,0.0328515111695138,882.76,2.9355172413793107,31096.286400000005,31096.286400000005
15543.0,2011-02-24 15:26:00,2011-02-24 15:26:00,28,127.86,1,0.0328515111695138,852.3199999999999,4.566428571428571,46704.70079999999,46704.70079999999
15544.0,2010-12-02 12:47:00,2011-11-30 16:43:00,259,3546.71,363,11.925098554533507,21.718898071625347,13.693861003861004,3568.9868561983476,3568.9868561983476
15545.0,2010-12-03 17:28:00,2011-10-16 13:24:00,81,292.71999999999997,316,10.38107752956636,7.802658227848101,3.613827160493827,338.36949873417717,338.36949873417717
15547.0,2010-12-12 13:26:00,2011-12-02 12:52:00,702,4954.84,354,11.629434954007884,60.36406779661017,7.058176638176638,5112.723037288136,5112.723037288136
15549.0,2011-01-27 15:38:00,2011-09-23 16:22:00,115,1693.26,239,7.851511169513797,14.646861924686194,14.724,2587.9247397489544,2587.9247397489544
15550.0,2011-02-11 12:49:00,2011-12-05 15:38:00,61,575.63,297,9.756898817345597,6.251986531986533,9.43655737704918,707.9667555555557,707.9667555555557
15551.0,2011-11-03 12:37:00,2011-11-03 12:37:00,29,436.06,1,0.0328515111695138,882.76,15.036551724137931,159283.9968,159283.9968
15552.0,2011-05-06 14:47:00,2011-05-06 14:47:00,17,90.12,1,0.0328515111695138,517.48,5.301176470588236,32919.0336,32919.0336
15553.0,2011-10-10 14:02:00,2011-10-10 14:02:00,56,437.23,1,0.0328515111695138,1704.6399999999999,7.807678571428572,159711.3744,159711.3744
15554.0,2011-03-07 09:00:00,2011-03-07 09:00:00,14,217.2,1,0.0328515111695138,426.15999999999997,15.514285714285714,79338.81599999999,79338.81599999999
15555.0,2010-12-05 14:45:00,2011-11-27 16:19:00,899,4805.17,357,11.727989487516425,76.65422969187676,5.345016685205784,4916.617640336135,4916.617640336135
15556.0,2011-11-15 16:08:00,2011-11-15 16:08:00,31,279.77,1,0.0328515111695138,943.64,9.024838709677418,102194.38559999998,102194.38559999998
15557.0,2011-11-11 12:46:00,2011-11-11 12:46:00,20,473.65000000000003,1,0.0328515111695138,608.8,23.6825,173014.87199999997,173014.87199999997
15561.0,2011-05-08 11:38:00,2011-11-28 11:07:00,27,800.5899999999999,203,6.668856767411301,4.048669950738916,29.65148148148148,1440.5887448275862,1440.5887448275862
15562.0,2010-12-23 09:55:00,2010-12-23 09:55:00,1,134.55,1,0.0328515111695138,30.439999999999998,134.55,49148.424,49148.424
15563.0,2010-12-16 11:27:00,2011-11-17 14:50:00,113,1400.44,336,11.038107752956636,10.237261904761905,12.393274336283186,1522.4783428571427,1522.4783428571427
15565.0,2011-09-30 10:44:00,2011-10-20 14:33:00,8,173.16000000000003,20,0.657030223390276,12.176,21.645000000000003,3162.5942400000004,3162.5942400000004
15567.0,2011-11-21 10:48:00,2011-11-21 10:48:00,7,186.01,1,0.0328515111695138,213.07999999999998,26.572857142857142,67945.7328,67945.7328
15568.0,2011-09-27 14:37:00,2011-12-07 11:27:00,53,758.29,70,2.299605781865966,23.047428571428572,14.307358490566036,3956.9738742857144,3956.9738742857144
15569.0,2011-01-11 13:26:00,2011-08-28 10:15:00,31,1375.71,228,7.490144546649145,4.1387719298245615,44.377741935483876,2204.0322315789476,2204.0322315789476
15570.0,2010-12-05 12:57:00,2011-12-02 14:47:00,323,4165.52,362,11.892247043363994,27.160552486187846,12.896346749226007,4203.2628331491715,4203.2628331491715
15571.0,2011-09-22 13:15:00,2011-11-28 10:02:00,57,650.4300000000001,66,2.1681997371879107,26.28909090909091,11.411052631578949,3599.8344000000006,3599.8344000000006
15572.0,2011-03-06 14:44:00,2011-12-05 10:09:00,215,2552.86,273,8.968462549277266,23.972893772893777,11.873767441860466,3415.782786813187,3415.782786813187
15573.0,2011-09-15 12:16:00,2011-11-08 11:38:00,104,607.45,53,1.7411300919842312,59.73132075471698,5.840865384615385,4186.59124528302,4186.59124528302
15574.0,2010-12-02 15:46:00,2011-06-15 12:01:00,168,702.25,194,6.3731931668856765,26.36041237113402,4.180059523809524,1322.2571134020618,1322.2571134020618
15576.0,2011-11-02 12:03:00,2011-11-02 12:03:00,45,940.67,1,0.0328515111695138,1369.8,20.903777777777776,343607.93759999995,343607.93759999995
15577.0,2011-02-07 13:32:00,2011-07-11 17:03:00,39,258.88,154,5.059132720105125,7.708831168831169,6.637948717948718,614.0499116883117,614.0499116883117
15578.0,2011-06-30 13:03:00,2011-06-30 13:03:00,13,127.1,1,0.0328515111695138,395.71999999999997,9.776923076923076,46427.087999999996,46427.087999999996
15579.0,2011-01-30 12:09:00,2011-10-02 12:45:00,51,348.6,245,8.04862023653088,6.336489795918368,6.835294117647059,519.7412571428572,519.7412571428572
15581.0,2010-12-08 14:38:00,2011-08-11 09:38:00,149,3679.9700000000003,245,8.04862023653088,18.51248979591837,24.69778523489933,5486.609965714288,5486.609965714288
15582.0,2011-05-03 13:36:00,2011-11-15 09:55:00,44,682.9100000000001,195,6.40604467805519,6.868512820512821,15.52068181818182,1279.248024615385,1279.248024615385
15584.0,2011-06-30 16:39:00,2011-11-16 10:55:00,123,725.11,138,4.533508541392904,27.131304347826088,5.895203252032521,1919.3346434782611,1919.3346434782611
15585.0,2011-06-16 08:38:00,2011-06-16 08:38:00,31,455.3,1,0.0328515111695138,943.64,14.687096774193549,166311.984,166311.984
15587.0,2010-12-23 09:59:00,2011-10-20 13:37:00,9,913.68,301,9.888304862023652,0.9101661129568107,101.52,1108.800765448505,1108.800765448505
15589.0,2011-02-02 10:46:00,2011-03-29 09:54:00,29,478.53,54,1.773981603153745,16.34740740740741,16.50103448275862,3236.9896000000003,3236.9896000000003
15592.0,2011-10-24 08:59:00,2011-10-24 08:59:00,24,388.58,1,0.0328515111695138,730.56,16.190833333333334,141940.5024,141940.5024
15593.0,2011-09-30 11:46:00,2011-09-30 11:46:00,5,199.8,1,0.0328515111695138,152.2,39.96,72982.94399999999,72982.94399999999
15594.0,2011-04-19 10:08:00,2011-11-24 08:53:00,103,1771.78,218,7.1616294349540075,14.382201834862386,17.201747572815535,2968.788066055046,2968.788066055046
15596.0,2010-12-09 16:10:00,2011-08-31 10:55:00,77,1406.59,264,8.672798948751643,8.878333333333334,18.267402597402597,1946.209072727273,1946.209072727273
15597.0,2011-11-04 13:26:00,2011-11-04 13:26:00,22,324.57,1,0.0328515111695138,669.68,14.753181818181817,118558.92959999997,118558.92959999997
15598.0,2011-10-17 16:04:00,2011-10-17 16:04:00,14,240.68,1,0.0328515111695138,426.15999999999997,17.19142857142857,87915.59039999999,87915.59039999999
15599.0,2011-05-19 13:05:00,2011-11-13 11:44:00,52,761.74,177,5.814717477003942,8.942824858757062,14.648846153846154,1572.0247864406779,1572.0247864406779
15601.0,2010-12-02 10:39:00,2011-11-28 15:15:00,410,6776.56,361,11.85939553219448,34.57174515235457,16.52819512195122,6856.902595013852,6856.902595013852
15602.0,2010-12-06 15:35:00,2011-12-01 14:14:00,46,1297.8700000000001,359,11.793692509855452,3.9003899721448474,28.214565217391307,1320.5736869080783,1320.5736869080783
15603.0,2011-09-22 10:04:00,2011-09-22 10:04:00,2,48.480000000000004,1,0.0328515111695138,60.879999999999995,24.240000000000002,17708.7744,17708.7744
15604.0,2011-10-18 14:47:00,2011-10-18 14:47:00,17,216.39000000000001,1,0.0328515111695138,517.48,12.728823529411766,79042.93920000002,79042.93920000002
15605.0,2010-12-01 13:38:00,2011-11-03 14:17:00,67,1198.23,337,11.070959264126149,6.051869436201781,17.88402985074627,1298.7817637982198,1298.7817637982198
15606.0,2011-01-19 12:07:00,2011-10-09 15:47:00,77,2920.16,263,8.639947437582128,8.912091254752852,37.92415584415584,4055.802451711026,4055.802451711026
15607.0,2011-01-07 12:44:00,2011-01-07 12:44:00,13,104.76,1,0.0328515111695138,395.71999999999997,8.05846153846154,38266.7328,38266.7328
15608.0,2011-08-11 09:56:00,2011-11-11 13:20:00,60,1093.68,92,3.0223390275952693,19.85217391304348,18.228,4342.385113043479,4342.385113043479
15609.0,2011-06-08 13:00:00,2011-06-08 13:00:00,16,298.48,1,0.0328515111695138,487.03999999999996,18.655,109028.7744,109028.7744
15610.0,2011-10-19 10:36:00,2011-10-19 10:36:00,6,112.46000000000001,1,0.0328515111695138,182.64,18.743333333333336,41079.3888,41079.3888
15611.0,2011-01-09 11:32:00,2011-11-30 12:36:00,43,1591.45,325,10.676741130091983,4.027446153846154,37.01046511627907,1788.691864615385,1788.691864615385
15612.0,2011-10-09 12:49:00,2011-11-03 14:52:00,6,195.15,25,0.8212877792378449,7.3056,32.525,2851.3756799999996,2851.3756799999996
15615.0,2010-12-15 16:21:00,2011-11-29 14:42:00,423,10399.74,348,11.432325886990801,37.00034482758621,24.585673758865248,10916.140882758622,10916.140882758622
15618.0,2011-07-26 10:13:00,2011-11-07 08:34:00,45,776.851,103,3.383705650459921,13.299029126213593,17.263355555555556,2755.030420194175,2755.030420194175
15619.0,2011-11-29 08:14:00,2011-11-29 08:14:00,3,336.4,1,0.0328515111695138,91.32,112.13333333333333,122880.19199999998,122880.19199999998
15620.0,2010-12-16 14:34:00,2011-10-14 12:41:00,100,1553.18,301,9.888304862023652,10.11295681063123,15.5318,1884.8690710963456,1884.8690710963456
15621.0,2011-11-18 11:49:00,2011-12-05 14:01:00,16,1293.03,17,0.5584756898817346,28.64941176470588,80.814375,27783.411670588233,27783.411670588233
15622.0,2011-03-02 13:42:00,2011-10-27 16:44:00,185,3709.56,239,7.851511169513797,23.56234309623431,20.051675675675675,5669.573543096234,5669.573543096234
15623.0,2011-07-21 17:26:00,2011-07-21 17:26:00,19,301.03000000000003,1,0.0328515111695138,578.36,15.843684210526318,109960.23840000002,109960.23840000002
15624.0,2011-03-28 13:32:00,2011-08-15 11:38:00,34,588.13,139,4.566360052562418,7.445755395683453,17.297941176470587,1545.5548661870503,1545.5548661870503
15625.0,2011-04-18 14:01:00,2011-08-28 10:21:00,64,1534.26,131,4.303547963206308,14.87145038167939,23.9728125,4278.125899236641,4278.125899236641
15626.0,2011-01-14 10:10:00,2011-09-26 10:03:00,49,675.8,254,8.344283837056505,5.872283464566929,13.791836734693877,971.8748976377954,971.8748976377954
15628.0,2010-12-08 09:51:00,2011-12-05 10:24:00,155,2870.2400000000002,362,11.892247043363994,13.033701657458565,18.51767741935484,2896.2465944751384,2896.2465944751384
15630.0,2011-05-19 10:16:00,2011-10-25 15:36:00,60,1186.35,159,5.223390275952694,11.486792452830189,19.772499999999997,2725.4712452830186,2725.4712452830186
15632.0,2011-03-10 08:29:00,2011-11-24 09:51:00,167,3285.31,259,8.508541392904073,19.627335907335908,19.67251497005988,4633.428713513513,4633.428713513513
15634.0,2011-11-22 16:28:00,2011-11-22 16:28:00,15,243.55,1,0.0328515111695138,456.59999999999997,16.236666666666668,88963.944,88963.944
15636.0,2011-03-02 14:50:00,2011-09-11 11:17:00,25,724.76,192,6.307490144546649,3.963541666666667,28.9904,1378.8559,1378.8559
15637.0,2011-10-18 08:28:00,2011-10-18 08:28:00,15,223.36,1,0.0328515111695138,456.59999999999997,14.890666666666668,81588.94080000001,81588.94080000001
15639.0,2011-07-28 14:30:00,2011-07-28 14:30:00,25,425.32,1,0.0328515111695138,761.0,17.0128,155360.8896,155360.8896
15640.0,2010-12-02 15:40:00,2011-12-05 14:35:00,484,12515.66,367,12.056504599211562,40.14430517711172,25.858801652892563,12457.00350081744,12457.00350081744
15641.0,2010-12-15 14:45:00,2011-08-26 14:04:00,119,1887.2,253,8.31143232588699,14.317628458498024,15.858823529411765,2724.7289169960477,2724.7289169960477
15643.0,2011-03-02 14:34:00,2011-06-01 07:38:00,33,664.0,90,2.9566360052562417,11.161333333333333,20.12121212121212,2694.9546666666665,2694.9546666666665
15644.0,2011-03-23 15:37:00,2011-06-26 14:54:00,238,813.0,94,3.088042049934297,77.07148936170213,3.4159663865546217,3159.2834042553195,3159.2834042553195
15645.0,2011-11-21 11:55:00,2011-11-21 11:55:00,52,612.01,1,0.0328515111695138,1582.8799999999999,11.769423076923077,223555.0128,223555.0128
15646.0,2010-12-02 16:59:00,2011-07-05 09:53:00,35,447.64000000000004,214,7.030223390275952,4.978504672897197,12.789714285714288,764.0838280373833,764.0838280373833
15648.0,2011-03-17 18:59:00,2011-05-19 15:53:00,25,657.35,62,2.0367936925098555,12.274193548387096,26.294,3872.8517419354835,3872.8517419354835
15649.0,2010-12-07 10:06:00,2011-01-07 13:34:00,2,816.0,31,1.0183968462549278,1.9638709677419355,408.0,9615.112258064517,9615.112258064517
15651.0,2011-03-24 08:56:00,2011-11-03 08:41:00,32,646.3,223,7.3258869908015765,4.368071748878924,20.196875,1058.6567892376681,1058.6567892376681
15652.0,2011-09-09 14:22:00,2011-09-09 14:22:00,21,337.74,1,0.0328515111695138,639.24,16.082857142857144,123369.66720000003,123369.66720000003
15653.0,2011-08-16 09:50:00,2011-09-08 10:49:00,6,877.44,23,0.7555847568988173,7.940869565217391,146.24,13935.273182608697,13935.273182608697
15654.0,2011-11-13 15:15:00,2011-11-30 13:08:00,21,922.53,16,0.5256241787122208,39.9525,43.93,21061.3599,21061.3599
15655.0,2011-04-10 15:25:00,2011-04-10 15:25:00,34,560.6700000000001,1,0.0328515111695138,1034.96,16.49029411764706,204801.53760000004,204801.53760000004
15656.0,2011-02-28 15:32:00,2011-10-25 14:56:00,47,748.5,238,7.818659658344283,6.011260504201681,15.925531914893616,1148.7902521008405,1148.7902521008405
15657.0,2011-11-17 12:19:00,2011-11-17 12:19:00,1,30.0,1,0.0328515111695138,30.439999999999998,30.0,10958.4,10958.4
15658.0,2010-12-02 10:53:00,2011-06-02 15:22:00,48,1024.1000000000001,182,5.978975032851511,8.028131868131869,21.33541666666667,2055.4024615384624,2055.4024615384624
15659.0,2011-10-27 09:23:00,2011-10-27 09:23:00,11,306.45,1,0.0328515111695138,334.84,27.85909090909091,111940.056,111940.056
15660.0,2010-12-09 09:49:00,2011-11-14 16:58:00,90,1600.86,340,11.169513797634691,8.05764705882353,17.787333333333333,1719.888649411765,1719.888649411765
15661.0,2011-01-05 12:32:00,2011-01-26 13:56:00,5,309.8,21,0.6898817345597897,7.247619047619048,61.96,5388.749714285715,5388.749714285715
15663.0,2011-08-25 15:50:00,2011-08-25 15:50:00,9,138.14,1,0.0328515111695138,273.96,15.348888888888887,50459.77919999999,50459.77919999999
15664.0,2011-10-20 10:57:00,2011-10-20 10:57:00,17,386.43,1,0.0328515111695138,517.48,22.731176470588235,141155.1504,141155.1504
15665.0,2011-04-10 15:09:00,2011-06-24 14:57:00,116,2242.01,74,2.431011826544021,47.71675675675676,19.327672413793106,11067.046118918921,11067.046118918921
15667.0,2011-10-31 10:56:00,2011-10-31 10:56:00,13,301.32000000000005,1,0.0328515111695138,395.71999999999997,23.17846153846154,110066.1696,110066.1696
15668.0,2011-05-06 10:39:00,2011-05-06 10:39:00,1,76.32000000000001,1,0.0328515111695138,30.439999999999998,76.32000000000001,27878.1696,27878.1696
15669.0,2011-03-21 09:13:00,2011-10-30 16:03:00,33,684.34,223,7.3258869908015765,4.50457399103139,20.737575757575758,1120.967332735426,1120.967332735426
15670.0,2011-02-16 10:50:00,2011-02-16 10:50:00,12,173.05,1,0.0328515111695138,365.28,14.420833333333334,63211.704,63211.704
15671.0,2011-03-14 09:37:00,2011-11-21 12:43:00,78,2657.13,252,8.278580814717477,9.421904761904761,34.065769230769234,3851.5732,3851.5732
15673.0,2011-01-16 16:25:00,2011-09-12 16:12:00,155,2881.02,238,7.818659658344283,19.824369747899162,18.587225806451613,4421.76044369748,4421.76044369748
15674.0,2011-03-30 09:19:00,2011-09-27 15:17:00,114,2446.6,181,5.946123521681997,19.172154696132598,21.46140350877193,4937.536176795581,4937.536176795581
15675.0,2011-03-04 14:21:00,2011-09-19 13:48:00,21,323.69,198,6.504599211563732,3.2284848484848485,15.413809523809524,597.1590060606061,597.1590060606061
15676.0,2011-03-01 10:19:00,2011-11-21 12:40:00,202,3435.76,265,8.705650459921156,23.203320754716984,17.00871287128713,4735.903444528303,4735.903444528303
15677.0,2011-10-21 15:36:00,2011-10-21 15:36:00,33,657.23,1,0.0328515111695138,1004.52,19.916060606060608,240072.9744,240072.9744
15678.0,2011-10-18 09:25:00,2011-10-18 09:25:00,12,352.7,1,0.0328515111695138,365.28,29.391666666666666,128834.25599999998,128834.25599999998
15679.0,2011-06-10 08:24:00,2011-11-15 16:19:00,110,781.28,158,5.19053876478318,21.19240506329114,7.102545454545455,1806.2402430379748,1806.2402430379748
15680.0,2010-12-08 14:43:00,2011-11-30 13:46:00,78,1333.68,356,11.695137976346912,6.669438202247191,17.09846153846154,1368.445591011236,1368.445591011236
15681.0,2011-03-04 13:46:00,2011-11-14 16:30:00,53,1426.16,255,8.377135348226018,6.326745098039216,26.90867924528302,2042.9322541176473,2042.9322541176473
15683.0,2011-08-14 12:56:00,2011-08-14 12:56:00,10,193.75,1,0.0328515111695138,304.4,19.375,70773.0,70773.0
15687.0,2011-01-13 15:13:00,2011-12-01 08:33:00,166,2993.1,321,10.545335085413928,15.741557632398756,18.030722891566263,3405.979962616823,3405.979962616823
15689.0,2010-12-13 09:57:00,2011-08-12 09:37:00,9,254.1,241,7.917214191852825,1.1367634854771784,28.233333333333334,385.13546887966805,385.13546887966805
15690.0,2011-08-31 11:40:00,2011-12-05 15:59:00,19,239.76,96,3.1537450722733245,6.024583333333333,12.618947368421052,912.2868,912.2868
15691.0,2011-04-01 15:13:00,2011-04-01 15:13:00,2,136.8,1,0.0328515111695138,60.879999999999995,68.4,49970.304000000004,49970.304000000004
15692.0,2011-11-11 14:12:00,2011-11-11 14:12:00,12,191.04,1,0.0328515111695138,365.28,15.92,69783.0912,69783.0912
15694.0,2010-12-02 07:49:00,2011-12-09 09:44:00,78,6479.4,372,12.220762155059132,6.3825806451612905,83.06923076923077,6362.352774193549,6362.352774193549
15695.0,2011-03-18 08:31:00,2011-03-18 08:32:00,22,409.98,1,0.0328515111695138,669.68,18.635454545454547,149757.4944,149757.4944
15696.0,2011-01-17 11:24:00,2011-11-06 14:02:00,171,2736.46,293,9.625492772667542,17.765324232081912,16.002690058479534,3411.5157296928337,3411.5157296928337
15699.0,2011-11-22 08:26:00,2011-11-22 08:26:00,18,309.65,1,0.0328515111695138,547.92,17.202777777777776,113108.95199999996,113108.95199999996
15700.0,2011-06-19 15:36:00,2011-06-20 16:53:00,86,696.68,1,0.0328515111695138,2617.8399999999997,8.10093023255814,254483.27039999998,254483.27039999998
15701.0,2011-08-21 12:36:00,2011-12-07 14:39:00,237,1542.14,108,3.54796320630749,66.7988888888889,6.506919831223629,5215.860177777779,5215.860177777779
15703.0,2011-03-20 10:51:00,2011-03-20 10:51:00,5,211.5,1,0.0328515111695138,152.2,42.3,77256.72,77256.72
15704.0,2011-05-08 12:42:00,2011-07-22 13:35:00,117,2293.62,75,2.463863337713535,47.4864,19.603589743589744,11170.846848000001,11170.846848000001
15705.0,2011-05-22 15:37:00,2011-05-22 15:37:00,6,143.1,1,0.0328515111695138,182.64,23.849999999999998,52271.567999999985,52271.567999999985
15706.0,2011-08-15 14:32:00,2011-10-07 10:09:00,55,1060.56,52,1.7082785808147174,32.19615384615385,19.28290909090909,7450.026092307693,7450.026092307693
15707.0,2011-09-14 14:19:00,2011-11-04 14:35:00,214,945.58,51,1.6754270696452036,127.7286274509804,4.418598130841121,6772.577694117646,6772.577694117646
15708.0,2010-12-05 11:12:00,2011-10-30 10:54:00,288,3364.2400000000002,328,10.775295663600525,26.72780487804878,11.68138888888889,3746.6145951219514,3746.6145951219514
15709.0,2011-03-01 10:38:00,2011-03-01 10:38:00,6,133.25,1,0.0328515111695138,182.64,22.208333333333332,48673.56,48673.56
15712.0,2011-02-25 11:32:00,2011-11-30 14:09:00,53,1072.3600000000001,278,9.132720105124836,5.803309352517985,20.233207547169815,1409.0347510791369,1409.0347510791369
15713.0,2010-12-08 15:16:00,2011-07-19 13:34:00,19,356.7,222,7.293035479632063,2.6052252252252255,18.773684210526316,586.9161081081081,586.9161081081081
15714.0,2011-09-23 11:25:00,2011-11-28 11:26:00,35,330.88,66,2.1681997371879107,16.14242424242424,9.453714285714286,1831.2703999999999,1831.2703999999999
15716.0,2010-12-05 12:26:00,2011-07-17 11:59:00,118,1118.81,223,7.3258869908015765,16.10726457399103,9.481440677966102,1832.640882511211,1832.640882511211
15717.0,2011-04-19 13:21:00,2011-04-19 13:21:00,7,150.3,1,0.0328515111695138,213.07999999999998,21.47142857142857,54901.583999999995,54901.583999999995
15719.0,2011-01-06 12:31:00,2011-11-07 12:29:00,937,5045.61,304,9.986859395532194,93.82328947368421,5.384855923159018,6062.698752631579,6062.698752631579
15720.0,2011-11-15 14:48:00,2011-11-15 14:48:00,128,598.73,1,0.0328515111695138,3896.3199999999997,4.677578125,218704.0944,218704.0944
15721.0,2011-11-28 12:14:00,2011-11-28 12:14:00,91,507.08000000000004,1,0.0328515111695138,2770.04,5.572307692307692,185226.1824,185226.1824
15722.0,2011-02-22 12:24:00,2011-11-04 11:43:00,69,2222.56,254,8.344283837056505,8.269133858267717,32.21101449275362,3196.286286614173,3196.286286614173
15723.0,2010-12-10 11:12:00,2010-12-10 11:12:00,41,203.10000000000002,1,0.0328515111695138,1248.04,4.953658536585366,74188.368,74188.368
15724.0,2011-02-28 10:40:00,2011-05-22 14:40:00,11,218.25,83,2.726675427069645,4.03421686746988,19.84090909090909,960.5103614457831,960.5103614457831
15725.0,2011-11-24 14:51:00,2011-11-24 14:51:00,32,415.25,1,0.0328515111695138,974.0799999999999,12.9765625,151682.52,151682.52
15727.0,2010-12-15 15:47:00,2011-11-23 12:36:00,302,5178.96,342,11.235216819973719,26.879766081871345,17.14887417218543,5531.492715789474,5531.492715789474
15729.0,2011-05-11 12:36:00,2011-05-11 12:36:00,5,85.0,1,0.0328515111695138,152.2,17.0,31048.799999999996,31048.799999999996
15730.0,2011-05-17 12:43:00,2011-10-05 12:31:00,70,1120.88,140,4.599211563731932,15.22,16.01257142857143,2924.536045714286,2924.536045714286
15732.0,2010-12-02 15:00:00,2011-05-11 14:24:00,14,294.12,159,5.223390275952694,2.680251572327044,21.00857142857143,675.699079245283,675.699079245283
15733.0,2011-03-02 09:05:00,2011-03-02 09:05:00,10,162.3,1,0.0328515111695138,304.4,16.23,59284.94399999999,59284.94399999999
15734.0,2011-05-23 14:59:00,2011-08-17 10:50:00,26,1339.45,85,2.7923784494086727,9.311058823529413,51.517307692307696,5756.168188235295,5756.168188235295
15737.0,2011-04-11 10:01:00,2011-11-25 11:21:00,72,1205.1200000000001,228,7.490144546649145,9.612631578947369,16.73777777777778,1930.7290947368422,1930.7290947368422
15738.0,2010-12-02 12:50:00,2011-11-21 08:26:00,173,4812.42,353,11.59658344283837,14.918186968838528,27.817456647398846,4979.832231161474,4979.832231161474
15739.0,2011-10-04 13:42:00,2011-10-04 13:42:00,8,449.12,1,0.0328515111695138,243.51999999999998,56.14,164054.55359999998,164054.55359999998
15740.0,2011-10-21 14:29:00,2011-10-21 14:29:00,9,154.88,1,0.0328515111695138,273.96,17.20888888888889,56574.566399999996,56574.566399999996
15743.0,2011-06-08 10:14:00,2011-11-23 17:19:00,88,784.46,168,5.519053876478318,15.944761904761904,8.914318181818182,1705.6401714285712,1705.6401714285712
15744.0,2011-09-23 09:52:00,2011-09-23 09:52:00,3,34.8,1,0.0328515111695138,91.32,11.6,12711.743999999999,12711.743999999999
15745.0,2011-04-17 13:04:00,2011-11-20 13:45:00,62,1094.5900000000001,217,7.128777923784494,8.697142857142858,17.65467741935484,1842.543019354839,1842.543019354839
15746.0,2011-07-28 15:21:00,2011-07-28 15:21:00,28,196.88,1,0.0328515111695138,852.3199999999999,7.031428571428571,71916.32639999999,71916.32639999999
15747.0,2011-06-20 11:30:00,2011-11-27 12:26:00,93,974.04,160,5.256241787122208,17.69325,10.473548387096773,2223.73332,2223.73332
15748.0,2011-10-30 12:51:00,2011-10-30 12:51:00,21,149.31,1,0.0328515111695138,639.24,7.11,54539.9568,54539.9568
15749.0,2011-01-11 12:55:00,2011-04-18 13:20:00,10,44534.3,97,3.1865965834428382,3.138144329896907,4453.43,167706.07323711342,167706.07323711342
15750.0,2010-12-08 10:36:00,2011-12-07 12:34:00,293,2465.48,364,11.957950065703022,24.502527472527472,8.414607508532423,2474.14981978022,2474.14981978022
15752.0,2010-12-02 09:43:00,2011-10-31 11:37:00,411,2637.38,333,10.939553219448094,37.57009009009009,6.41698296836983,2893.039538738739,2893.039538738739
15753.0,2011-02-08 12:41:00,2011-02-08 12:41:00,1,79.2,1,0.0328515111695138,30.439999999999998,79.2,28930.176,28930.176
15754.0,2011-04-07 12:24:00,2011-10-19 14:40:00,28,458.57,195,6.40604467805519,4.370871794871795,16.3775,859.0074338461541,859.0074338461541
15755.0,2011-02-18 11:53:00,2011-11-29 14:57:00,141,2364.25,284,9.329829172141919,15.11281690140845,16.7677304964539,3040.8916901408447,3040.8916901408447
15756.0,2011-04-04 14:00:00,2011-10-09 13:30:00,192,532.96,187,6.14323258869908,31.253903743315508,2.7758333333333334,1041.0675336898396,1041.0675336898396
15757.0,2011-05-06 11:40:00,2011-10-05 12:14:00,45,714.42,152,4.993429697766097,9.011842105263158,15.876,1716.8640631578946,1716.8640631578946
15758.0,2011-11-15 10:48:00,2011-11-15 10:48:00,9,205.25,1,0.0328515111695138,273.96,22.805555555555557,74973.72,74973.72
15759.0,2010-12-16 15:29:00,2011-05-05 15:13:00,7,253.04000000000002,139,4.566360052562418,1.5329496402877698,36.14857142857143,664.967274820144,664.967274820144
15762.0,2011-09-23 15:17:00,2011-10-05 16:15:00,37,583.75,12,0.39421813403416556,93.85666666666667,15.777027027027026,17769.35,17769.35
15763.0,2011-09-23 12:10:00,2011-11-08 09:44:00,61,1086.92,45,1.4783180026281209,41.263111111111115,17.818360655737706,8822.891946666667,8822.891946666667
15764.0,2011-03-08 09:23:00,2011-09-12 17:58:00,180,3279.9700000000003,188,6.176084099868594,29.144680851063832,18.222055555555556,6372.911923404256,6372.911923404256
15766.0,2011-10-06 17:03:00,2011-10-06 17:03:00,11,315.06,1,0.0328515111695138,334.84,28.64181818181818,115085.11679999999,115085.11679999999
15768.0,2011-04-28 09:20:00,2011-08-16 10:48:00,27,621.83,110,3.6136662286465175,7.471636363636364,23.030740740740743,2064.9278400000003,2064.9278400000003
15769.0,2010-12-03 15:16:00,2011-12-02 13:52:00,130,56252.72,363,11.925098554533507,10.90137741046832,432.7132307692308,56606.04286942149,56606.04286942149
15773.0,2011-12-04 12:48:00,2011-12-04 12:48:00,10,635.6800000000001,1,0.0328515111695138,304.4,63.568000000000005,232201.19040000002,232201.19040000002
15774.0,2011-10-02 12:04:00,2011-10-02 12:04:00,25,270.8,1,0.0328515111695138,761.0,10.832,98917.824,98917.824
15775.0,2011-04-08 12:56:00,2011-04-08 12:56:00,7,104.9,1,0.0328515111695138,213.07999999999998,14.985714285714286,38317.872,38317.872
15776.0,2011-07-29 13:46:00,2011-07-29 13:46:00,18,241.62,1,0.0328515111695138,547.92,13.423333333333334,88258.95360000001,88258.95360000001
15777.0,2010-12-13 16:38:00,2011-04-12 16:43:00,21,1047.1100000000001,120,3.9421813403416555,5.327,49.86238095238096,3187.4028400000007,3187.4028400000007
15780.0,2010-12-17 11:43:00,2011-06-09 12:01:00,29,475.28000000000003,174,5.716162943495401,5.073333333333333,16.38896551724138,997.7602206896553,997.7602206896553
15781.0,2011-02-07 09:15:00,2011-11-14 14:57:00,20,345.46000000000004,280,9.198423127463863,2.1742857142857144,17.273000000000003,450.6772457142858,450.6772457142858
15782.0,2011-09-11 14:29:00,2011-11-30 10:49:00,43,2614.74,79,2.59526938239159,16.568607594936708,60.80790697674418,12090.028192405061,12090.028192405061
15783.0,2011-11-29 09:50:00,2011-11-29 09:50:00,14,246.3,1,0.0328515111695138,426.15999999999997,17.592857142857145,89968.464,89968.464
15785.0,2011-02-17 14:17:00,2011-11-07 11:33:00,83,2328.9700000000003,262,8.607095926412615,9.64320610687023,28.059879518072293,3247.0464183206113,3247.0464183206113
15786.0,2011-08-17 13:33:00,2011-10-24 14:13:00,267,4932.2,68,2.2339027595269383,119.52176470588235,18.47265917602996,26494.617882352934,26494.617882352934
15787.0,2011-10-09 13:11:00,2011-11-13 14:55:00,206,948.05,35,1.149802890932983,179.16114285714286,4.602184466019417,9894.391542857142,9894.391542857142
15789.0,2010-12-16 14:35:00,2010-12-16 14:35:00,25,351.3,1,0.0328515111695138,761.0,14.052,128322.864,128322.864
15790.0,2011-11-29 14:53:00,2011-11-29 14:53:00,35,220.85,1,0.0328515111695138,1065.3999999999999,6.31,80672.08799999999,80672.08799999999
15791.0,2011-05-19 15:15:00,2011-10-27 10:14:00,75,1612.69,160,5.256241787122208,14.26875,21.502533333333336,3681.771270000001,3681.771270000001
15793.0,2011-03-16 10:45:00,2011-11-25 09:31:00,12,965.61,253,8.31143232588699,1.4437944664031621,80.4675,1394.1423747035574,1394.1423747035574
15795.0,2011-07-13 10:43:00,2011-07-13 10:43:00,42,610.01,1,0.0328515111695138,1278.48,14.524047619047618,222824.45279999997,222824.45279999997
15796.0,2011-02-10 15:40:00,2011-12-08 19:55:00,133,2711.56,301,9.888304862023652,13.450232558139536,20.38766917293233,3290.6267003322264,3290.6267003322264
15797.0,2011-01-24 15:47:00,2011-08-18 17:04:00,8,2207.4,206,6.767411300919842,1.1821359223300971,275.925,3914.1702524271846,3914.1702524271846
15799.0,2011-01-09 15:13:00,2011-09-25 12:46:00,98,884.14,258,8.47568988173456,11.56248062015504,9.021836734693878,1251.7777488372094,1251.7777488372094
15800.0,2011-04-07 12:39:00,2011-08-24 14:23:00,119,699.08,139,4.566360052562418,26.060143884892085,5.874621848739496,1837.1218877697843,1837.1218877697843
15801.0,2011-08-22 09:53:00,2011-10-24 13:52:00,64,1063.95,63,2.0696452036793693,30.9231746031746,16.62421875,6168.883428571427,6168.883428571427
15802.0,2011-07-20 11:38:00,2011-07-20 11:38:00,1,451.42,1,0.0328515111695138,30.439999999999998,451.42,164894.6976,164894.6976
15803.0,2011-10-19 14:56:00,2011-10-19 14:56:00,8,415.82000000000005,1,0.0328515111695138,243.51999999999998,51.977500000000006,151890.72960000002,151890.72960000002
15804.0,2011-05-25 10:12:00,2011-12-09 12:31:00,262,4206.39,198,6.504599211563732,40.27919191919192,16.05492366412214,7760.15221818182,7760.15221818182
15805.0,2010-12-10 09:33:00,2011-11-16 16:32:00,301,5528.4800000000005,341,11.202365308804204,26.869325513196483,18.367043189368772,5922.120746041056,5922.120746041056
15806.0,2011-03-08 09:24:00,2011-10-24 14:35:00,31,784.58,230,7.555847568988173,4.1027826086956525,25.309032258064516,1246.0494886956521,1246.0494886956521
15807.0,2011-09-23 14:43:00,2011-10-20 14:10:00,48,903.9,26,0.8541392904073587,56.19692307692308,18.83125,12699.099692307693,12699.099692307693
15808.0,2010-12-05 13:05:00,2011-02-06 14:33:00,208,3734.9700000000003,63,2.0696452036793693,100.50031746031746,17.95658653846154,21655.71177142857,21655.71177142857
15809.0,2011-02-10 11:16:00,2011-11-03 16:40:00,35,515.77,266,8.73850197109067,4.005263157894737,14.736285714285714,708.272427067669,708.272427067669
15810.0,2011-02-16 09:11:00,2011-09-22 09:38:00,89,1391.98,218,7.1616294349540075,12.427339449541286,15.640224719101123,2332.396579816514,2332.396579816514
15811.0,2010-12-09 15:29:00,2011-11-17 15:31:00,133,2218.62,343,11.268068331143231,11.80326530612245,16.681353383458646,2362.733275801749,2362.733275801749
15812.0,2011-01-26 12:12:00,2011-08-24 14:19:00,41,1801.14,210,6.898817345597897,5.943047619047619,43.930243902439024,3132.954377142857,3132.954377142857
15813.0,2011-04-14 09:09:00,2011-05-16 08:13:00,40,1303.9099999999999,31,1.0183968462549278,39.277419354838706,32.59775,15364.26596129032,15364.26596129032
15814.0,2011-10-20 09:04:00,2011-11-23 08:17:00,72,1945.3300000000002,33,1.0840998685939554,66.41454545454545,27.018472222222226,21533.03461818182,21533.03461818182
15815.0,2011-03-25 08:43:00,2011-10-07 12:42:00,49,2100.6,196,6.438896189224704,7.61,42.86938775510204,3914.8324897959183,3914.8324897959183
15819.0,2011-03-08 09:45:00,2011-10-21 14:50:00,123,1905.45,227,7.457293035479632,16.493920704845817,15.491463414634147,3066.179629955948,3066.179629955948
15820.0,2011-01-24 12:00:00,2011-01-24 12:00:00,17,206.98,1,0.0328515111695138,517.48,12.175294117647057,75605.6544,75605.6544
15821.0,2011-10-09 13:28:00,2011-10-26 15:48:00,62,570.96,17,0.5584756898817346,111.0164705882353,9.209032258064516,12268.251105882353,12268.251105882353
15822.0,2010-12-15 13:38:00,2011-12-06 14:50:00,33,885.47,356,11.695137976346912,2.821685393258427,26.832424242424242,908.5519146067415,908.5519146067415
15823.0,2010-12-02 15:08:00,2010-12-02 15:08:00,1,15.0,1,0.0328515111695138,30.439999999999998,15.0,5479.2,5479.2
15825.0,2011-06-20 13:27:00,2011-06-20 13:27:00,20,532.94,1,0.0328515111695138,608.8,26.647000000000002,194672.3232,194672.3232
15826.0,2011-05-13 10:44:00,2011-10-14 16:05:00,68,1654.31,154,5.059132720105125,13.441038961038961,24.328088235294118,3923.937381818182,3923.937381818182
15827.0,2010-12-02 13:06:00,2011-09-27 15:35:00,115,1836.09,299,9.822601839684625,11.707692307692309,15.966,2243.100184615385,2243.100184615385
15829.0,2011-07-22 10:23:00,2011-09-01 16:45:00,51,636.14,41,1.3469119579500657,37.86439024390244,12.473333333333333,5667.541931707317,5667.541931707317
15830.0,2011-11-02 10:40:00,2011-11-02 10:40:00,39,576.0,1,0.0328515111695138,1187.1599999999999,14.76923076923077,210401.27999999997,210401.27999999997
15831.0,2011-01-19 14:52:00,2011-10-12 13:14:00,68,801.76,265,8.705650459921156,7.8110188679245285,11.790588235294118,1105.158086037736,1105.158086037736
15832.0,2011-03-30 15:29:00,2011-03-30 15:29:00,54,836.79,1,0.0328515111695138,1643.76,15.49611111111111,305662.65119999996,305662.65119999996
15834.0,2011-03-07 17:52:00,2011-09-30 14:41:00,273,2233.75,206,6.767411300919842,40.34038834951456,8.182234432234432,3960.8941747572817,3960.8941747572817
15835.0,2011-01-13 10:35:00,2011-10-26 15:47:00,50,954.09,286,9.395532194480946,5.321678321678322,19.0818,1218.566416783217,1218.566416783217
15836.0,2011-10-20 17:13:00,2011-10-20 17:13:00,10,137.37,1,0.0328515111695138,304.4,13.737,50178.513600000006,50178.513600000006
15837.0,2011-10-06 09:01:00,2011-10-06 09:01:00,24,391.98,1,0.0328515111695138,730.56,16.3325,143182.4544,143182.4544
15838.0,2010-12-07 11:26:00,2011-11-28 14:00:00,167,33643.08,356,11.695137976346912,14.279438202247192,201.45556886227547,34520.06815280899,34520.06815280899
15839.0,2011-07-14 16:35:00,2011-11-06 13:54:00,62,1048.49,114,3.7450722733245727,16.555087719298246,16.911129032258064,3359.582694736842,3359.582694736842
15840.0,2011-06-20 11:42:00,2011-10-12 09:08:00,27,355.56,113,3.712220762155059,7.273274336283186,13.168888888888889,1149.3712991150442,1149.3712991150442
15841.0,2011-01-05 11:25:00,2011-09-28 12:15:00,47,1224.06,266,8.73850197109067,5.378496240601503,26.043829787234042,1680.919687218045,1680.919687218045
15843.0,2011-02-09 10:19:00,2011-02-09 10:19:00,8,118.95,1,0.0328515111695138,243.51999999999998,14.86875,43450.056,43450.056
15844.0,2011-10-24 15:19:00,2011-10-24 15:19:00,11,130.73999999999998,1,0.0328515111695138,334.84,11.885454545454543,47756.70719999999,47756.70719999999
15845.0,2011-01-06 17:19:00,2011-11-22 09:42:00,138,3711.77,319,10.4796320630749,13.168401253918496,26.896884057971015,4250.267541065831,4250.267541065831
15847.0,2011-02-24 16:46:00,2011-11-01 14:41:00,22,389.27,249,8.180026281208935,2.6894779116465863,17.694090909090907,571.0544,571.0544
15850.0,2011-06-24 14:16:00,2011-11-20 14:14:00,97,238.85,148,4.862023653088042,19.95054054054054,2.4623711340206187,589.5076216216216,589.5076216216216
15852.0,2011-05-26 13:26:00,2011-06-06 11:22:00,22,160.71,10,0.328515111695138,66.968,7.305000000000001,5870.41488,5870.41488
15853.0,2011-10-19 10:38:00,2011-10-19 10:38:00,30,110.8,1,0.0328515111695138,913.1999999999999,3.6933333333333334,40473.024,40473.024
15854.0,2010-12-13 11:47:00,2011-12-05 13:39:00,140,2974.65,357,11.727989487516425,11.937254901960786,21.247500000000002,3043.641882352942,3043.641882352942
15855.0,2011-03-21 12:32:00,2011-07-26 10:20:00,80,712.24,126,4.139290407358739,19.326984126984126,8.903,2064.817676190476,2064.817676190476
15856.0,2010-12-09 13:34:00,2011-12-05 17:09:00,645,16387.57,361,11.85939553219448,54.38725761772854,25.40708527131783,16581.860303601108,16581.860303601108
15857.0,2011-11-21 12:18:00,2011-11-21 12:18:00,14,297.0,1,0.0328515111695138,426.15999999999997,21.214285714285715,108488.16,108488.16
15858.0,2010-12-07 14:31:00,2011-11-24 12:48:00,191,1438.85,351,11.530880420499342,16.564216524216526,7.533246073298429,1497.387829059829,1497.387829059829
15860.0,2010-12-06 11:38:00,2011-10-30 11:25:00,142,977.21,327,10.74244415243101,13.218593272171255,6.881760563380282,1091.6063266055048,1091.6063266055048
15861.0,2011-03-17 20:12:00,2011-11-27 15:59:00,546,3165.36,254,8.344283837056505,65.4340157480315,5.797362637362638,4552.136617322835,4552.136617322835
15862.0,2010-12-01 11:21:00,2011-12-01 13:28:00,147,832.88,365,11.990801576872535,12.259397260273975,5.665850340136054,833.5189216438357,833.5189216438357
15863.0,2011-05-31 11:36:00,2011-11-14 12:49:00,18,68.84,167,5.486202365308804,3.2809580838323353,3.8244444444444445,150.57410299401198,150.57410299401198
15864.0,2011-01-27 16:43:00,2011-11-17 13:32:00,20,1936.32,293,9.625492772667542,2.077815699658703,96.816,2413.989657337884,2413.989657337884
15865.0,2011-05-10 11:44:00,2011-10-30 12:43:00,40,895.13,173,5.683311432325887,7.0381502890173415,22.37825,1890.017840462428,1890.017840462428
15866.0,2011-08-30 14:09:00,2011-08-30 14:09:00,45,230.53,1,0.0328515111695138,1369.8,5.122888888888889,84207.9984,84207.9984
15867.0,2010-12-05 14:17:00,2011-12-04 13:32:00,461,3812.64,363,11.925098554533507,38.657961432506895,8.270368763557483,3836.587160330579,3836.587160330579
15869.0,2011-03-07 17:19:00,2011-03-07 17:23:00,15,149.64,1,0.0328515111695138,456.59999999999997,9.975999999999999,54660.49919999999,54660.49919999999
15870.0,2011-11-07 10:58:00,2011-11-07 10:58:00,76,354.09000000000003,1,0.0328515111695138,2313.44,4.659078947368421,129341.9952,129341.9952
15872.0,2011-11-25 11:54:00,2011-11-25 11:55:00,128,360.93,1,0.0328515111695138,3896.3199999999997,2.819765625,131840.5104,131840.5104
15874.0,2011-02-28 13:28:00,2011-10-07 12:31:00,120,4405.88,220,7.227332457293035,16.603636363636365,36.71566666666667,7315.362938181819,7315.362938181819
15877.0,2011-11-22 11:18:00,2011-12-08 11:53:00,129,493.28,16,0.5256241787122208,245.42249999999999,3.823875968992248,11261.5824,11261.5824
15880.0,2010-12-05 13:00:00,2010-12-05 13:00:00,105,343.28,1,0.0328515111695138,3196.2,3.269333333333333,125393.31839999997,125393.31839999997
15881.0,2010-12-10 13:32:00,2011-01-31 16:59:00,29,501.39,52,1.7082785808147174,16.976153846153846,17.289310344827587,3522.071907692308,3522.071907692308
15882.0,2010-12-06 13:01:00,2011-05-25 11:35:00,23,516.36,169,5.551905387647832,4.1427218934911245,22.450434782608696,1116.0708923076925,1116.0708923076925
15883.0,2011-11-06 14:50:00,2011-12-07 17:05:00,49,396.48,31,1.0183968462549278,48.114838709677414,8.091428571428573,4671.8133677419355,4671.8133677419355
15885.0,2011-02-03 15:28:00,2011-09-08 10:43:00,18,379.35,216,7.09592641261498,2.5366666666666666,21.075000000000003,641.5230000000001,641.5230000000001
15886.0,2011-10-10 14:25:00,2011-10-10 14:25:00,12,181.09,1,0.0328515111695138,365.28,15.090833333333334,66148.5552,66148.5552
15888.0,2011-09-20 12:30:00,2011-09-20 12:30:00,12,168.31,1,0.0328515111695138,365.28,14.025833333333333,61480.27679999999,61480.27679999999
15889.0,2010-12-05 15:12:00,2011-07-06 11:10:00,93,446.87,212,6.964520367936925,13.353396226415095,4.80505376344086,769.965441509434,769.965441509434
15891.0,2011-04-27 12:35:00,2011-04-27 12:35:00,62,524.52,1,0.0328515111695138,1887.28,8.459999999999999,191596.66559999998,191596.66559999998
15894.0,2010-12-05 14:06:00,2011-03-31 13:50:00,41,263.55,115,3.7779237844940865,10.852521739130436,6.4280487804878055,837.1264695652176,837.1264695652176
15895.0,2011-07-13 10:27:00,2011-07-13 10:27:00,11,179.17,1,0.0328515111695138,334.84,16.288181818181815,65447.21759999999,65447.21759999999
15897.0,2011-05-29 13:32:00,2011-05-29 13:50:00,24,222.05,1,0.0328515111695138,730.56,9.252083333333333,81110.424,81110.424
15898.0,2010-12-06 11:01:00,2011-12-08 15:23:00,86,1388.88,367,12.056504599211562,7.13307901907357,16.149767441860465,1382.3708076294279,1382.3708076294279
15899.0,2010-12-06 10:36:00,2010-12-06 10:36:00,4,56.25,1,0.0328515111695138,121.75999999999999,14.0625,20546.999999999996,20546.999999999996
15900.0,2011-11-16 12:19:00,2011-11-16 12:19:00,51,351.11,1,0.0328515111695138,1552.44,6.884509803921569,128253.46080000002,128253.46080000002
15901.0,2011-07-08 12:18:00,2011-11-23 12:43:00,116,363.88,138,4.533508541392904,25.587246376811592,3.136896551724138,963.1745391304348,963.1745391304348
15903.0,2011-02-17 14:04:00,2011-11-30 08:08:00,74,5126.76,285,9.362680683311432,7.903719298245615,69.28054054054054,6570.887343157896,6570.887343157896
15904.0,2011-12-01 14:50:00,2011-12-01 14:50:00,30,164.68,1,0.0328515111695138,913.1999999999999,5.489333333333334,60154.3104,60154.3104
15906.0,2011-03-29 13:28:00,2011-11-20 12:24:00,150,1567.69,235,7.720105124835742,19.429787234042553,10.451266666666667,2436.7906519148937,2436.7906519148937
15907.0,2011-05-13 13:01:00,2011-12-06 12:21:00,249,967.45,206,6.767411300919842,36.79398058252427,3.8853413654618474,1715.4860970873783,1715.4860970873783
15909.0,2011-06-19 10:38:00,2011-06-19 10:38:00,7,191.94,1,0.0328515111695138,213.07999999999998,27.419999999999998,70111.84319999999,70111.84319999999
15910.0,2011-01-27 11:55:00,2011-12-09 10:51:00,267,1232.18,315,10.348226018396845,25.80152380952381,4.614906367041199,1428.8593980952382,1428.8593980952382
15912.0,2011-04-20 17:10:00,2011-06-14 14:29:00,19,264.62,54,1.773981603153745,10.71037037037037,13.927368421052632,1790.007288888889,1790.007288888889
15916.0,2010-12-08 13:07:00,2011-11-23 13:46:00,155,1528.09,350,11.498028909329829,13.480571428571428,9.858645161290323,1594.8020434285716,1594.8020434285716
15917.0,2011-04-06 10:40:00,2011-04-06 10:40:00,12,123.1,1,0.0328515111695138,365.28,10.258333333333333,44965.96799999999,44965.96799999999
15918.0,2011-03-13 15:55:00,2011-06-02 11:42:00,40,334.23,80,2.628120893561104,15.22,8.35575,1526.09418,1526.09418
15919.0,2010-12-06 11:26:00,2011-11-20 11:28:00,143,639.89,349,11.465177398160314,12.472550143266476,4.4747552447552446,669.7393100286533,669.7393100286533
15920.0,2011-07-08 15:16:00,2011-07-08 15:31:00,60,167.5,1,0.0328515111695138,1826.3999999999999,2.7916666666666665,61184.39999999999,61184.39999999999
15921.0,2011-06-20 11:03:00,2011-06-20 11:03:00,25,336.03000000000003,1,0.0328515111695138,761.0,13.441200000000002,122745.03840000002,122745.03840000002
15922.0,2010-12-01 13:51:00,2010-12-01 13:51:00,11,369.5,1,0.0328515111695138,334.84,33.59090909090909,134970.96,134970.96
15923.0,2010-12-02 12:16:00,2010-12-02 12:16:00,21,127.08,1,0.0328515111695138,639.24,6.051428571428572,46419.7824,46419.7824
15925.0,2011-05-29 15:35:00,2011-05-29 15:35:00,12,207.15,1,0.0328515111695138,365.28,17.2625,75667.75199999998,75667.75199999998
15930.0,2011-10-03 14:52:00,2011-10-03 14:52:00,21,426.63,1,0.0328515111695138,639.24,20.315714285714286,155839.4064,155839.4064
15932.0,2011-02-23 14:50:00,2011-12-05 17:13:00,115,2495.87,285,9.362680683311432,12.282807017543862,21.703217391304346,3198.917170526316,3198.917170526316
15933.0,2011-09-14 12:05:00,2011-11-18 13:14:00,74,1107.46,65,2.135348226018397,34.65476923076923,14.965675675675676,6223.584443076923,6223.584443076923
15935.0,2011-04-12 09:35:00,2011-04-14 13:27:00,12,416.86,2,0.0657030223390276,182.64,34.73833333333334,76135.3104,76135.3104
15937.0,2011-10-06 15:48:00,2011-10-06 15:48:00,7,145.35000000000002,1,0.0328515111695138,213.07999999999998,20.764285714285716,53093.448,53093.448
15938.0,2011-01-20 10:11:00,2011-08-19 12:56:00,18,404.58000000000004,211,6.931668856767411,2.596777251184834,22.47666666666667,700.4027601895735,700.4027601895735
15939.0,2011-01-12 12:43:00,2011-09-11 11:30:00,76,6115.01,241,7.917214191852825,9.599336099585063,80.46065789473684,9268.426775103735,9268.426775103735
15940.0,2011-02-01 16:18:00,2011-02-01 16:18:00,1,35.8,1,0.0328515111695138,30.439999999999998,35.8,13077.023999999998,13077.023999999998
15942.0,2011-07-29 09:01:00,2011-07-29 09:01:00,14,337.44,1,0.0328515111695138,426.15999999999997,24.102857142857143,123260.0832,123260.0832
15944.0,2011-03-08 10:33:00,2011-03-08 10:33:00,6,325.1,1,0.0328515111695138,182.64,54.18333333333334,118752.52799999999,118752.52799999999
15945.0,2010-12-09 13:14:00,2010-12-09 13:14:00,2,181.0,1,0.0328515111695138,60.879999999999995,90.5,66115.68,66115.68
15947.0,2011-09-18 10:46:00,2011-09-18 10:46:00,29,1708.24,1,0.0328515111695138,882.76,58.9048275862069,623985.9072,535875.9878400022
15948.0,2011-10-27 08:35:00,2011-12-01 15:32:00,60,955.24,35,1.149802890932983,52.182857142857145,15.920666666666667,9969.430491428573,9969.430491428573
15949.0,2011-09-29 17:34:00,2011-11-23 09:09:00,19,364.72,54,1.773981603153745,10.71037037037037,19.19578947368421,2467.1281777777776,2467.1281777777776
15950.0,2010-12-15 11:56:00,2011-11-08 11:09:00,98,1765.51,327,10.74244415243101,9.122691131498472,18.015408163265306,1972.188051376147,1972.188051376147
15951.0,2011-02-27 11:57:00,2011-12-01 08:34:00,41,708.22,276,9.067017082785808,4.521884057971015,17.273658536585366,937.3137739130436,937.3137739130436
15952.0,2011-04-28 12:55:00,2011-11-06 11:18:00,91,806.57,191,6.274638633377135,14.50282722513089,8.863406593406594,1542.5334534031413,1542.5334534031413
15953.0,2010-12-05 15:15:00,2011-11-24 15:32:00,98,1659.3799999999999,354,11.629434954007884,8.426892655367231,16.932448979591836,1712.2551593220337,1712.2551593220337
15955.0,2010-12-02 11:22:00,2011-11-15 14:15:00,183,4416.26,348,11.432325886990801,16.007241379310344,24.13256830601093,4635.550151724137,4635.550151724137
15957.0,2011-11-08 12:14:00,2011-11-08 12:14:00,42,428.89,1,0.0328515111695138,1278.48,10.211666666666666,156664.9392,156664.9392
15958.0,2011-09-26 13:41:00,2011-09-26 13:41:00,7,104.35,1,0.0328515111695138,213.07999999999998,14.907142857142857,38116.96799999999,38116.96799999999
15963.0,2011-10-25 13:05:00,2011-11-20 11:33:00,28,470.76,25,0.8212877792378449,34.092800000000004,16.812857142857144,6878.368512000001,6878.368512000001
15965.0,2010-12-07 13:18:00,2011-11-22 16:44:00,122,845.64,350,11.498028909329829,10.610514285714286,6.931475409836065,882.5582262857142,882.5582262857142
15967.0,2011-01-25 11:57:00,2011-11-16 15:41:00,84,418.83,295,9.69119579500657,8.667661016949154,4.986071428571428,518.6109233898305,518.6109233898305
15969.0,2011-06-07 12:19:00,2011-12-07 11:06:00,20,666.1,182,5.978975032851511,3.345054945054945,33.305,1336.8846593406595,1336.8846593406595
15970.0,2011-02-09 12:08:00,2011-02-09 12:08:00,11,314.09999999999997,1,0.0328515111695138,334.84,28.55454545454545,114734.44799999997,114734.44799999997
15971.0,2011-02-01 16:47:00,2011-11-22 12:50:00,35,4199.85,293,9.625492772667542,3.636177474402731,119.9957142857143,5235.908559726964,5235.908559726964
15973.0,2010-12-08 11:42:00,2010-12-08 11:42:00,4,307.82000000000005,1,0.0328515111695138,121.75999999999999,76.95500000000001,112440.4896,112440.4896
15974.0,2011-02-24 10:10:00,2011-10-31 13:13:00,176,3442.15,249,8.180026281208935,21.51582329317269,19.557670454545455,5049.592578313253,5049.592578313253
15975.0,2011-09-16 13:33:00,2011-09-16 13:33:00,24,371.01,1,0.0328515111695138,730.56,15.45875,135522.5328,135522.5328
15976.0,2011-05-03 17:12:00,2011-06-27 13:00:00,98,430.94,54,1.773981603153745,55.24296296296296,4.39734693877551,2915.069688888889,2915.069688888889
15977.0,2011-10-31 16:24:00,2011-11-22 13:29:00,65,1054.73,21,0.6898817345597897,94.21904761904761,16.226615384615386,18346.274971428575,18346.274971428575
15978.0,2011-09-23 15:21:00,2011-09-23 15:21:00,49,1098.78,1,0.0328515111695138,1491.56,22.42408163265306,401362.3584,401362.3584
15980.0,2011-03-30 15:05:00,2011-09-12 09:41:00,43,2398.86,165,5.4204993429697765,7.932848484848485,55.78744186046512,5310.639883636364,5310.639883636364
15981.0,2011-02-01 13:50:00,2011-11-15 08:00:00,97,3408.48,286,9.395532194480946,10.324055944055944,35.13896907216495,4353.32019020979,4353.32019020979
15983.0,2010-12-01 12:15:00,2011-11-17 17:34:00,113,1475.02,351,11.530880420499342,9.799772079772081,13.053274336283186,1535.0293606837608,1535.0293606837608
15984.0,2010-12-06 13:21:00,2011-12-07 12:16:00,270,2837.67,365,11.990801576872535,22.517260273972607,10.50988888888889,2839.8468427397265,2839.8468427397265
15985.0,2011-04-17 11:04:00,2011-08-08 16:31:00,37,1142.42,113,3.712220762155059,9.9670796460177,30.876216216216218,3692.9484743362837,3692.9484743362837
15986.0,2011-11-09 15:17:00,2011-11-09 15:17:00,14,168.12,1,0.0328515111695138,426.15999999999997,12.008571428571429,61410.8736,61410.8736
15987.0,2010-12-06 08:34:00,2011-11-27 15:38:00,140,1451.28,356,11.695137976346912,11.970786516853932,10.366285714285715,1489.1111191011237,1489.1111191011237
15988.0,2011-11-20 13:23:00,2011-11-20 13:23:00,27,158.03,1,0.0328515111695138,821.88,5.852962962962963,57725.19840000001,57725.19840000001
15990.0,2011-02-25 15:35:00,2011-10-26 15:58:00,52,792.11,243,7.982917214191852,6.513909465020577,15.232884615384616,1190.7075753086422,1190.7075753086422
15992.0,2011-12-06 11:00:00,2011-12-06 11:00:00,3,41.989999999999995,1,0.0328515111695138,91.32,13.996666666666664,15338.107199999999,15338.107199999999
15993.0,2011-10-26 16:21:00,2011-12-01 10:45:00,552,2797.57,35,1.149802890932983,480.0822857142857,5.068061594202899,29197.039131428573,29197.039131428573
15994.0,2011-10-16 12:28:00,2011-10-16 12:28:00,35,427.07,1,0.0328515111695138,1065.3999999999999,12.202,156000.1296,156000.1296
15996.0,2010-12-08 15:59:00,2011-09-12 15:14:00,130,1060.68,277,9.099868593955321,14.285920577617329,8.159076923076924,1398.7190989169676,1398.7190989169676
15998.0,2010-12-12 13:32:00,2011-11-03 12:45:00,506,3089.97,325,10.676741130091983,47.392738461538464,6.106660079051383,3472.936128,3472.936128
16000.0,2011-12-07 12:14:00,2011-12-07 12:17:00,9,12393.7,1,0.0328515111695138,273.96,1377.0777777777778,4527170.736,535875.9878400022
16003.0,2010-12-15 12:09:00,2011-11-10 09:57:00,103,2735.37,329,10.808147174770038,9.52984802431611,26.556990291262135,3037.0089775075985,3037.0089775075985
16005.0,2011-03-14 11:46:00,2011-11-27 13:47:00,218,615.39,258,8.47568988173456,25.72062015503876,2.822889908256881,871.2777488372094,871.2777488372094
16006.0,2011-05-12 13:12:00,2011-05-12 13:12:00,8,101.4,1,0.0328515111695138,243.51999999999998,12.675,37039.392,37039.392
16007.0,2011-05-08 13:32:00,2011-10-23 11:05:00,385,1701.94,167,5.486202365308804,70.17604790419162,4.420623376623377,3722.6625341317367,3722.6625341317367
16008.0,2011-05-19 10:54:00,2011-11-16 10:32:00,33,478.78,180,5.913272010512483,5.580666666666667,14.508484848484848,971.6042133333333,971.6042133333333
16009.0,2011-07-03 11:26:00,2011-11-17 16:51:00,90,992.71,137,4.50065703022339,19.997080291970804,11.030111111111111,2646.8402102189784,2646.8402102189784
16010.0,2010-12-12 12:18:00,2011-04-08 10:14:00,86,407.5,116,3.8107752956636003,22.567586206896554,4.738372093023256,1283.2034482758622,1283.2034482758622
16011.0,2010-12-08 16:34:00,2011-12-01 16:31:00,212,3362.71,357,11.727989487516425,18.076414565826333,15.86183962264151,3440.7022655462188,3440.7022655462188
16012.0,2011-07-07 18:02:00,2011-11-04 13:25:00,94,1415.29,119,3.9093298291721417,24.045042016806725,15.05627659574468,4344.345640336134,4344.345640336134
16013.0,2010-12-03 13:09:00,2011-12-06 10:36:00,139,37130.6,367,12.056504599211562,11.529046321525886,267.126618705036,36956.58192915532,36956.58192915532
16014.0,2011-02-21 17:42:00,2011-11-02 12:04:00,145,662.38,253,8.31143232588699,17.445849802371544,4.5681379310344825,956.3405786561266,956.3405786561266
16015.0,2011-10-21 12:56:00,2011-12-06 10:58:00,182,705.39,45,1.4783180026281209,123.11288888888889,3.875769230769231,5725.88576,5725.88576
16016.0,2010-12-08 12:36:00,2011-12-06 14:35:00,235,1508.76,363,11.925098554533507,19.706336088154274,6.420255319148936,1518.2365090909093,1518.2365090909093
16017.0,2011-10-23 12:56:00,2011-10-23 12:56:00,32,211.88,1,0.0328515111695138,974.0799999999999,6.62125,77395.52639999999,77395.52639999999
16018.0,2011-06-12 13:52:00,2011-10-31 14:13:00,28,408.9,141,4.6320630749014455,6.044822695035461,14.603571428571428,1059.312,1059.312
16019.0,2010-12-10 12:29:00,2011-10-24 11:51:00,160,3786.24,317,10.413929040735873,15.364037854889592,23.663999999999998,4362.895101577287,4362.895101577287
16020.0,2011-10-05 13:54:00,2011-11-23 11:18:00,46,851.01,48,1.5768725361366622,29.171666666666667,18.500217391304346,6476.186099999999,6476.186099999999
16022.0,2011-03-24 13:16:00,2011-03-24 13:16:00,76,628.28,1,0.0328515111695138,2313.44,8.266842105263157,229498.11839999998,229498.11839999998
16023.0,2011-03-18 13:32:00,2011-10-24 16:34:00,101,719.81,220,7.227332457293035,13.974727272727273,7.126831683168317,1195.146349090909,1195.146349090909
16024.0,2011-11-27 13:26:00,2011-11-27 13:26:00,64,251.24,1,0.0328515111695138,1948.1599999999999,3.925625,91772.9472,91772.9472
16025.0,2011-11-10 11:45:00,2011-11-10 11:45:00,28,439.65999999999997,1,0.0328515111695138,852.3199999999999,15.702142857142857,160599.0048,160599.0048
16026.0,2011-10-27 13:53:00,2011-10-27 13:53:00,32,236.09,1,0.0328515111695138,974.0799999999999,7.3778125,86238.9552,86238.9552
16027.0,2011-02-10 12:19:00,2011-09-09 10:47:00,16,934.62,210,6.898817345597897,2.3192380952380955,58.41375,1625.704731428572,1625.704731428572
16029.0,2010-12-01 09:57:00,2011-11-01 10:27:00,242,81024.84,335,11.005256241787121,21.989492537313435,334.813388429752,88348.51807522387,88348.51807522387
16030.0,2011-02-03 11:28:00,2011-02-03 11:28:00,29,331.24,1,0.0328515111695138,882.76,11.422068965517242,120995.34720000002,120995.34720000002
16031.0,2011-04-06 14:23:00,2011-09-08 13:07:00,100,548.94,154,5.059132720105125,19.766233766233768,5.489400000000001,1302.0571636363638,1302.0571636363638
16033.0,2010-12-05 10:36:00,2011-12-04 12:44:00,1137,8816.4,364,11.957950065703022,95.08318681318681,7.754089709762533,8847.402725274726,8847.402725274726
16034.0,2011-01-11 11:54:00,2011-05-27 16:17:00,22,437.70000000000005,136,4.467805519053877,4.924117647058823,19.895454545454548,1175.610705882353,1175.610705882353
16036.0,2011-03-21 13:01:00,2011-09-13 14:53:00,55,758.9200000000001,176,5.781865965834428,9.512500000000001,13.798545454545456,1575.1039636363641,1575.1039636363641
16037.0,2010-12-16 10:18:00,2011-03-15 09:13:00,39,855.02,88,2.890932982917214,13.490454545454545,21.923589743589744,3549.1102909090914,3549.1102909090914
16038.0,2011-05-22 11:29:00,2011-12-02 12:40:00,26,471.78,194,6.3731931668856765,4.07958762886598,18.145384615384614,888.3082391752578,888.3082391752578
16040.0,2011-03-16 09:58:00,2011-10-05 13:47:00,65,1313.55,203,6.668856767411301,9.74679802955665,20.20846153846154,2363.6135172413797,2363.6135172413797
16041.0,2011-07-21 16:27:00,2011-11-09 12:25:00,6,3166.4,110,3.6136662286465175,1.6603636363636365,527.7333333333333,10514.750836363637,10514.750836363637
16042.0,2011-01-11 13:25:00,2011-11-17 17:50:00,71,1197.27,310,10.183968462549277,6.9717419354838706,16.862957746478873,1410.7702761290323,1410.7702761290323
16043.0,2011-01-26 11:14:00,2011-11-02 12:50:00,39,773.99,280,9.198423127463863,4.239857142857143,19.845897435897434,1009.7252399999999,1009.7252399999999
16045.0,2011-02-22 14:55:00,2011-08-12 12:41:00,83,1340.7,170,5.5847568988173455,14.861882352941176,16.15301204819277,2880.769976470588,2880.769976470588
16048.0,2010-12-01 15:27:00,2010-12-01 15:28:00,8,256.44,1,0.0328515111695138,243.51999999999998,32.055,93672.4032,93672.4032
16049.0,2011-09-25 14:33:00,2011-10-30 13:19:00,312,1111.79,34,1.1169513797634691,279.33176470588234,3.563429487179487,11944.548564705881,11944.548564705881
16050.0,2011-06-19 11:44:00,2011-06-19 11:44:00,10,137.9,1,0.0328515111695138,304.4,13.790000000000001,50372.11200000001,50372.11200000001
16052.0,2011-10-16 15:13:00,2011-10-16 15:13:00,34,362.06,1,0.0328515111695138,1034.96,10.648823529411764,132253.2768,132253.2768
16053.0,2011-08-09 14:57:00,2011-11-07 11:21:00,84,1511.95,89,2.923784494086728,28.729887640449437,17.999404761904763,6205.450516853933,6205.450516853933
16054.0,2011-07-17 13:08:00,2011-07-17 13:08:00,70,783.9,1,0.0328515111695138,2130.7999999999997,11.198571428571428,286342.99199999997,286342.99199999997
16055.0,2011-05-03 09:26:00,2011-05-03 09:26:00,8,134.8,1,0.0328515111695138,243.51999999999998,16.85,49239.744,49239.744
16056.0,2011-10-25 15:19:00,2011-10-25 15:19:00,68,664.85,1,0.0328515111695138,2069.92,9.777205882352941,242856.408,242856.408
16057.0,2011-02-28 10:35:00,2011-11-23 15:23:00,121,2263.12,268,8.804204993429698,13.743432835820895,18.703471074380165,3084.598782089552,3084.598782089552
16059.0,2010-12-07 10:36:00,2011-10-05 09:56:00,180,1459.8600000000001,301,9.888304862023652,18.203322259136215,8.110333333333333,1771.6201355481728,1771.6201355481728
16062.0,2010-12-10 12:00:00,2011-11-30 12:15:00,64,1153.62,355,11.662286465177397,5.487774647887324,18.0253125,1187.0262354929578,1187.0262354929578
16063.0,2011-03-24 14:55:00,2011-03-24 14:56:00,23,335.32,1,0.0328515111695138,700.12,14.57913043478261,122485.68960000001,122485.68960000001
16065.0,2010-12-09 13:03:00,2010-12-09 13:03:00,74,372.09,1,0.0328515111695138,2252.56,5.028243243243243,135917.03519999998,135917.03519999998
16066.0,2011-08-07 14:33:00,2011-11-23 11:54:00,102,1521.87,107,3.515111695137976,29.017570093457945,14.920294117647058,5195.408164485982,5195.408164485982
16070.0,2011-11-07 16:36:00,2011-11-17 15:50:00,33,852.15,9,0.2956636005256242,111.61333333333333,25.82272727272727,34585.92799999999,34585.92799999999
16071.0,2011-10-26 11:14:00,2011-10-26 11:14:00,21,326.24,1,0.0328515111695138,639.24,15.535238095238096,119168.9472,119168.9472
16072.0,2011-02-24 14:32:00,2011-02-24 14:32:00,23,584.3199999999999,1,0.0328515111695138,700.12,25.405217391304344,213440.40959999998,213440.40959999998
16073.0,2011-02-15 15:41:00,2011-02-15 15:41:00,1,122.4,1,0.0328515111695138,30.439999999999998,122.4,44710.272,44710.272
16076.0,2011-05-15 12:31:00,2011-12-06 14:59:00,129,2234.73,205,6.734559789750328,19.154926829268295,17.323488372093024,3981.961826341464,3981.961826341464
16078.0,2011-03-01 09:47:00,2011-03-01 09:47:00,1,79.2,1,0.0328515111695138,30.439999999999998,79.2,28930.176,28930.176
16079.0,2011-10-30 13:06:00,2011-11-23 12:48:00,21,1352.0,23,0.7555847568988173,27.79304347826087,64.38095238095238,21472.111304347825,21472.111304347825
16080.0,2011-03-10 14:44:00,2011-09-19 10:42:00,10,217.16,192,6.307490144546649,1.5854166666666667,21.716,413.14689999999996,413.14689999999996
16081.0,2010-12-08 11:16:00,2011-10-14 13:06:00,227,2806.9,310,10.183968462549277,22.289935483870966,12.365198237885464,3307.4336516129033,3307.4336516129033
16083.0,2010-12-14 11:51:00,2011-08-31 10:47:00,31,1317.62,259,8.508541392904073,3.6433976833976836,42.50387096774193,1858.30206023166,1858.30206023166
16084.0,2011-02-13 16:05:00,2011-02-13 16:05:00,38,436.18,1,0.0328515111695138,1156.72,11.47842105263158,159327.83040000004,159327.83040000004
16085.0,2011-01-23 12:07:00,2011-11-16 13:24:00,167,981.51,297,9.756898817345597,17.116094276094277,5.877305389221557,1207.1581575757575,1207.1581575757575
16086.0,2010-12-07 13:45:00,2011-10-11 13:09:00,39,1121.39,307,10.085413929040735,3.8669706840390883,28.753589743589746,1334.2714631921826,1334.2714631921826
16091.0,2011-05-25 09:18:00,2011-07-08 08:45:00,18,315.06,43,1.4126149802890933,12.742325581395349,17.503333333333334,2676.398065116279,2676.398065116279
16092.0,2011-03-30 15:38:00,2011-08-17 10:46:00,51,817.86,139,4.566360052562418,11.16863309352518,16.036470588235293,2149.2654733812947,2149.2654733812947
16093.0,2011-08-25 11:09:00,2011-08-25 11:09:00,1,17.0,1,0.0328515111695138,30.439999999999998,17.0,6209.76,6209.76
16094.0,2011-05-04 13:57:00,2011-11-28 12:45:00,63,1078.23,207,6.800262812089356,9.264347826086958,17.114761904761906,1902.6852869565223,1902.6852869565223
16096.0,2011-03-20 13:38:00,2011-03-20 13:38:00,12,320.62,1,0.0328515111695138,365.28,26.718333333333334,117116.0736,117116.0736
16097.0,2011-04-13 13:47:00,2011-04-13 13:47:00,10,185.04999999999998,1,0.0328515111695138,304.4,18.505,67595.064,67595.064
16098.0,2010-12-01 09:45:00,2011-09-13 09:59:00,67,2005.63,286,9.395532194480946,7.1310489510489505,29.934776119402986,2561.596246153846,2561.596246153846
16099.0,2011-04-28 08:34:00,2011-10-20 13:13:00,39,731.9,175,5.7490144546649145,6.783771428571429,18.766666666666666,1527.7053257142857,1527.7053257142857
16101.0,2011-09-30 10:18:00,2011-09-30 10:18:00,76,1290.7,1,0.0328515111695138,2313.44,16.982894736842105,471466.89600000007,471466.89600000007
16102.0,2011-08-03 12:50:00,2011-10-28 13:19:00,57,1842.14,86,2.8252299605781865,20.175348837209302,32.31824561403509,7824.382548837211,7824.382548837211
16103.0,2011-04-20 12:28:00,2011-12-02 14:16:00,48,1429.64,226,7.424441524310118,6.465132743362832,29.784166666666668,2310.7030938053103,2310.7030938053103
16104.0,2011-10-09 10:23:00,2011-10-09 10:23:00,29,302.36,1,0.0328515111695138,882.76,10.426206896551724,110446.0608,110446.0608
16105.0,2011-04-05 10:13:00,2011-04-05 10:13:00,13,336.96,1,0.0328515111695138,395.71999999999997,25.919999999999998,123084.74879999999,123084.74879999999
16106.0,2011-10-05 10:37:00,2011-10-05 10:37:00,6,108.38,1,0.0328515111695138,182.64,18.063333333333333,39589.04639999999,39589.04639999999
16107.0,2011-06-09 18:42:00,2011-11-22 09:40:00,31,3204.1600000000003,165,5.4204993429697765,5.719030303030303,103.36000000000001,7093.4276654545465,7093.4276654545465
16108.0,2011-09-16 11:48:00,2011-09-16 11:48:00,48,842.5,1,0.0328515111695138,1461.12,17.552083333333332,307748.39999999997,307748.39999999997
16109.0,2011-02-04 12:37:00,2011-05-05 09:17:00,18,611.88,89,2.923784494086728,6.156404494382023,33.99333333333333,2511.3205213483147,2511.3205213483147
16110.0,2011-02-01 14:01:00,2011-10-25 14:35:00,354,1337.48,266,8.73850197109067,40.510375939849624,3.77819209039548,1836.6717834586466,1836.6717834586466
16112.0,2011-01-05 11:47:00,2011-07-19 14:28:00,16,195.74,195,6.40604467805519,2.4976410256410255,12.23375,366.66619076923075,366.66619076923075
16113.0,2011-06-09 16:16:00,2011-06-09 16:16:00,30,161.38,1,0.0328515111695138,913.1999999999999,5.379333333333333,58948.886399999996,58948.886399999996
16114.0,2011-06-22 10:13:00,2011-06-22 10:13:00,8,135.75000000000003,1,0.0328515111695138,243.51999999999998,16.968750000000004,49586.76000000001,49586.76000000001
16115.0,2011-02-20 12:14:00,2011-11-30 11:32:00,284,1667.97,282,9.264126149802891,30.655886524822694,5.873133802816901,2160.553480851064,2160.553480851064
16116.0,2011-05-12 12:01:00,2011-05-12 12:01:00,34,612.78,1,0.0328515111695138,1034.96,18.02294117647059,223836.2784,223836.2784
16117.0,2011-06-03 11:42:00,2011-06-03 11:42:00,30,232.21,1,0.0328515111695138,913.1999999999999,7.740333333333334,84821.6688,84821.6688
16119.0,2011-09-28 10:15:00,2011-12-01 15:11:00,16,423.36,64,2.102496714848883,7.609999999999999,26.46,2416.3272,2416.3272
16120.0,2011-10-11 14:10:00,2011-10-11 14:22:00,30,1309.14,1,0.0328515111695138,913.1999999999999,43.638000000000005,478202.65920000005,478202.65920000005
16121.0,2011-05-08 11:52:00,2011-10-13 12:59:00,212,867.11,158,5.19053876478318,40.84354430379747,4.090141509433963,2004.6705113924054,2004.6705113924054
16122.0,2010-12-08 11:41:00,2011-09-27 15:34:00,38,684.42,293,9.625492772667542,3.947849829351536,18.011052631578945,853.2591726962456,853.2591726962456
16123.0,2011-10-19 09:18:00,2011-10-19 09:18:00,16,307.78000000000003,1,0.0328515111695138,487.03999999999996,19.236250000000002,112425.87840000002,112425.87840000002
16124.0,2011-01-26 14:45:00,2011-01-26 14:45:00,11,249.0,1,0.0328515111695138,334.84,22.636363636363637,90954.72,90954.72
16125.0,2010-12-07 15:48:00,2010-12-07 15:48:00,13,289.35,1,0.0328515111695138,395.71999999999997,22.25769230769231,105693.76800000001,105693.76800000001
16126.0,2011-02-16 11:18:00,2011-11-10 16:03:00,117,6287.77,267,8.771353482260183,13.338876404494384,53.741623931623934,8602.23455280899,8602.23455280899
16127.0,2011-10-31 13:58:00,2011-10-31 13:58:00,40,656.25,1,0.0328515111695138,1217.6,16.40625,239715.0,239715.0
16128.0,2011-03-02 12:21:00,2011-11-22 11:14:00,89,1880.22,264,8.672798948751643,10.261969696969697,21.126067415730336,2601.5407636363634,2601.5407636363634
16131.0,2011-04-14 08:32:00,2011-10-19 11:53:00,78,3506.54,188,6.176084099868594,12.62936170212766,44.95564102564102,6813.132612765958,6813.132612765958
16133.0,2011-01-25 15:55:00,2011-12-06 11:24:00,338,14589.04,314,10.315374507227332,32.76662420382166,43.16284023668639,16971.60678726115,16971.60678726115
16134.0,2010-12-15 14:00:00,2011-11-18 10:05:00,35,618.09,337,11.070959264126149,3.161424332344214,17.659714285714287,669.9582053412464,669.9582053412464
16135.0,2011-03-22 12:30:00,2011-03-22 12:30:00,21,517.55,1,0.0328515111695138,639.24,24.645238095238092,189050.664,189050.664
16136.0,2011-03-07 09:52:00,2011-10-11 09:10:00,37,709.38,217,7.128777923784494,5.190230414746544,19.172432432432434,1194.1121032258065,1194.1121032258065
16139.0,2011-05-17 10:23:00,2011-11-21 08:37:00,31,635.4100000000001,187,6.14323258869908,5.0462032085561495,20.49709677419355,1241.1901860962566,1241.1901860962566
16140.0,2010-12-03 14:40:00,2011-10-05 12:15:00,35,725.1800000000001,305,10.019710906701707,3.493114754098361,20.719428571428573,868.5040996721312,868.5040996721312
16141.0,2011-09-12 13:11:00,2011-09-12 13:11:00,30,620.4,1,0.0328515111695138,913.1999999999999,20.68,226619.712,226619.712
16142.0,2011-04-04 10:16:00,2011-04-04 10:16:00,37,535.34,1,0.0328515111695138,1126.28,14.46864864864865,195548.9952,195548.9952
16143.0,2010-12-05 15:18:00,2011-12-06 14:13:00,117,2424.94,365,11.990801576872535,9.757479452054795,20.725982905982907,2426.8002279452057,2426.8002279452057
16144.0,2011-04-07 10:09:00,2011-04-07 10:09:00,1,175.2,1,0.0328515111695138,30.439999999999998,175.2,63997.05599999998,63997.05599999998
16145.0,2010-12-15 09:09:00,2011-12-01 10:33:00,224,3799.4900000000002,351,11.530880420499342,19.426096866096866,16.96200892857143,3954.0675418803417,3954.0675418803417
16146.0,2011-04-21 15:25:00,2011-07-05 14:20:00,29,734.13,74,2.431011826544021,11.92918918918919,25.314827586206896,3623.8244108108106,3623.8244108108106
16147.0,2011-07-29 09:57:00,2011-07-29 09:57:00,22,375.0,1,0.0328515111695138,669.68,17.045454545454547,136980.0,136980.0
16148.0,2011-02-16 14:01:00,2011-02-16 14:01:00,1,76.32000000000001,1,0.0328515111695138,30.439999999999998,76.32000000000001,27878.1696,27878.1696
16149.0,2011-07-20 14:54:00,2011-12-05 11:29:00,18,280.52,137,4.50065703022339,3.9994160583941607,15.584444444444443,747.9441284671533,747.9441284671533
16150.0,2010-12-02 18:27:00,2011-10-28 12:39:00,117,2053.02,329,10.808147174770038,10.82516717325228,17.547179487179488,2279.4138164133738,2279.4138164133738
16152.0,2011-03-16 09:47:00,2011-03-16 09:47:00,29,1829.04,1,0.0328515111695138,882.76,63.070344827586204,668111.7312,535875.9878400022
16153.0,2010-12-20 09:22:00,2011-10-21 10:50:00,89,1824.23,305,10.019710906701707,8.88249180327869,20.496966292134832,2184.7696209836067,2184.7696209836067
16156.0,2011-02-02 12:02:00,2011-12-01 12:42:00,130,3122.04,302,9.921156373193167,13.103311258278145,24.01569230769231,3776.2210966887415,3776.2210966887415
16157.0,2011-09-28 11:48:00,2011-11-24 11:41:00,18,656.69,56,1.8396846254927726,9.784285714285716,36.482777777777784,4283.495057142858,4283.495057142858
16159.0,2011-03-03 12:27:00,2011-03-03 12:27:00,14,348.2,1,0.0328515111695138,426.15999999999997,24.87142857142857,127190.49599999998,127190.49599999998
16160.0,2011-09-15 10:53:00,2011-10-05 14:19:00,20,1025.44,20,0.657030223390276,30.44,51.272000000000006,18728.636160000002,18728.636160000002
16161.0,2010-12-06 10:03:00,2011-12-08 12:10:00,474,5575.56,367,12.056504599211562,39.31487738419619,11.762784810126583,5549.429310081744,5549.429310081744
16162.0,2011-04-01 15:03:00,2011-04-01 15:03:00,2,37.4,1,0.0328515111695138,60.879999999999995,18.7,13661.471999999998,13661.471999999998
16163.0,2010-12-09 16:28:00,2011-04-21 15:15:00,6,856.6,132,4.336399474375821,1.3836363636363636,142.76666666666668,2370.445818181818,2370.445818181818
16164.0,2011-10-28 09:12:00,2011-11-22 15:04:00,34,822.48,25,0.8212877792378449,41.3984,24.19058823529412,12017.419776,12017.419776
16168.0,2010-12-05 11:38:00,2011-11-29 12:45:00,98,3787.6,359,11.793692509855452,8.309526462395544,38.648979591836735,3853.856623955432,3853.856623955432
16169.0,2011-09-25 11:33:00,2011-12-01 15:28:00,85,1822.97,67,2.2010512483574245,38.61791044776119,21.44670588235294,9938.723605970148,9938.723605970148
16170.0,2011-04-05 13:42:00,2011-10-20 08:21:00,125,1885.05,197,6.471747700394218,19.314720812182742,15.0804,3495.2845888324873,3495.2845888324873
16171.0,2011-10-11 14:51:00,2011-10-11 14:51:00,3,73.19999999999999,1,0.0328515111695138,91.32,24.399999999999995,26738.495999999992,26738.495999999992
16172.0,2011-04-12 12:02:00,2011-09-05 13:22:00,69,1140.21,146,4.7963206307490145,14.386027397260273,16.524782608695652,2852.711704109589,2852.711704109589
16173.0,2011-09-02 15:23:00,2011-11-24 10:53:00,84,1418.32,82,2.6938239159001314,31.182439024390245,16.884761904761906,6318.096702439025,6318.096702439025
16174.0,2011-07-11 09:23:00,2011-08-05 13:26:00,23,1009.55,25,0.8212877792378449,28.0048,43.893478260869564,14750.736959999998,14750.736959999998
16175.0,2011-04-13 14:38:00,2011-09-06 14:32:00,58,1037.5900000000001,145,4.763469119579501,12.176,17.88948275862069,2613.868104827586,2613.868104827586
16177.0,2011-10-20 12:57:00,2011-10-20 12:57:00,15,331.95,1,0.0328515111695138,456.59999999999997,22.13,121254.696,121254.696
16178.0,2011-07-24 16:05:00,2011-07-24 16:05:00,8,197.9,1,0.0328515111695138,243.51999999999998,24.7375,72288.912,72288.912
16179.0,2011-10-10 09:41:00,2011-10-10 09:41:00,11,215.83,1,0.0328515111695138,334.84,19.62090909090909,78838.38239999999,78838.38239999999
16180.0,2011-04-01 10:23:00,2011-08-31 16:28:00,162,10254.18,152,4.993429697766097,32.44263157894737,63.29740740740741,24642.413621052638,24642.413621052638
16181.0,2011-09-27 13:38:00,2011-09-27 13:38:00,11,305.54,1,0.0328515111695138,334.84,27.776363636363637,111607.6512,111607.6512
16182.0,2011-02-18 10:11:00,2011-09-28 13:23:00,28,6617.65,222,7.293035479632063,3.8392792792792796,236.34464285714284,10888.717081081082,10888.717081081082
16183.0,2011-10-03 14:59:00,2011-10-03 14:59:00,15,338.71000000000004,1,0.0328515111695138,456.59999999999997,22.58066666666667,123723.98880000002,123723.98880000002
16184.0,2011-05-12 13:33:00,2011-10-06 17:43:00,45,1158.79,147,4.829172141918528,9.318367346938775,25.750888888888888,2879.4749061224484,2879.4749061224484
16185.0,2011-04-21 11:59:00,2011-11-23 09:41:00,31,529.41,215,7.063074901445466,4.389023255813954,17.07774193548387,899.455278139535,899.455278139535
16186.0,2010-12-02 14:40:00,2011-11-17 12:43:00,218,4006.94,349,11.465177398160314,19.01409742120344,18.38045871559633,4193.853991977077,4193.853991977077
16187.0,2011-02-28 13:34:00,2011-11-08 09:50:00,295,6911.4400000000005,252,8.278580814717477,35.634126984126986,23.428610169491527,10018.29683809524,10018.29683809524
16188.0,2011-04-11 09:44:00,2011-10-26 12:19:00,67,981.86,198,6.504599211563732,10.300404040404041,14.654626865671641,1811.3829333333333,1811.3829333333333
16189.0,2011-09-15 15:21:00,2011-11-24 11:47:00,11,215.48,69,2.266754270696452,4.852753623188406,19.58909090909091,1140.7323826086956,1140.7323826086956
16190.0,2011-10-30 15:59:00,2011-10-30 15:59:00,6,215.08,1,0.0328515111695138,182.64,35.84666666666667,78564.42240000001,78564.42240000001
16191.0,2010-12-14 12:38:00,2011-12-07 11:26:00,134,5180.52,357,11.727989487516425,11.425658263305323,38.66059701492538,5300.673236974791,5300.673236974791
16193.0,2011-04-17 11:45:00,2011-04-17 11:45:00,19,314.45,1,0.0328515111695138,578.36,16.55,114862.296,114862.296
16198.0,2011-09-25 14:58:00,2011-09-25 14:58:00,15,400.68100000000004,1,0.0328515111695138,456.59999999999997,26.71206666666667,146360.75568,146360.75568
16200.0,2011-06-28 15:47:00,2011-12-05 14:40:00,179,1080.6200000000001,159,5.223390275952694,34.26893081761006,6.036983240223464,2482.571532075472,2482.571532075472
16201.0,2011-08-22 10:47:00,2011-12-06 16:02:00,111,1863.47,106,3.4822601839684624,31.875849056603776,16.78801801801802,6421.587939622643,6421.587939622643
16202.0,2010-12-14 10:43:00,2010-12-14 10:43:00,18,365.27,1,0.0328515111695138,547.92,20.292777777777776,133425.82559999998,133425.82559999998
16203.0,2010-12-02 15:39:00,2011-10-12 12:31:00,35,592.9,313,10.282522996057818,3.403833865814697,16.939999999999998,691.9313482428115,691.9313482428115
16204.0,2011-11-16 13:40:00,2011-11-16 13:40:00,57,405.71,1,0.0328515111695138,1735.08,7.117719298245614,148197.7488,148197.7488
16205.0,2011-06-13 11:33:00,2011-11-09 09:32:00,98,761.38,148,4.862023653088042,20.156216216216215,7.769183673469388,1879.1681513513513,1879.1681513513513
16206.0,2011-01-16 11:07:00,2011-10-16 10:41:00,63,537.0600000000001,272,8.935611038107753,7.050441176470588,8.524761904761906,721.2399882352942,721.2399882352942
16207.0,2011-11-14 13:51:00,2011-11-14 13:51:00,19,394.38,1,0.0328515111695138,578.36,20.756842105263157,144059.1264,144059.1264
16208.0,2011-02-23 13:37:00,2011-10-26 11:36:00,66,664.26,244,8.015768725361367,8.233770491803279,10.064545454545454,994.4298885245901,994.4298885245901
16209.0,2011-04-07 12:23:00,2011-09-12 11:58:00,46,2262.62,157,5.157687253613666,8.918726114649681,49.18739130434783,5264.266456050955,5264.266456050955
16210.0,2010-12-01 12:27:00,2011-12-08 12:36:00,123,21086.3,372,12.220762155059132,10.064838709677419,171.43333333333334,20705.386193548387,20705.386193548387
16211.0,2011-09-12 12:11:00,2011-09-12 12:11:00,23,547.02,1,0.0328515111695138,700.12,23.783478260869565,199815.4656,199815.4656
16212.0,2011-03-01 12:51:00,2011-11-20 13:00:00,41,690.34,264,8.672798948751643,4.7274242424242425,16.837560975609758,955.1795272727275,955.1795272727275
16213.0,2011-09-22 10:03:00,2011-09-22 10:03:00,6,159.0,1,0.0328515111695138,182.64,26.5,58079.520000000004,58079.520000000004
16214.0,2011-03-15 13:23:00,2011-06-22 11:30:00,44,1062.75,98,3.219448094612352,13.666938775510205,24.15340909090909,3961.2379591836734,3961.2379591836734
16215.0,2011-09-20 10:18:00,2011-09-20 10:18:00,14,242.35,1,0.0328515111695138,426.15999999999997,17.310714285714287,88525.60800000001,88525.60800000001
16216.0,2011-03-17 15:34:00,2011-03-17 15:34:00,37,914.9300000000001,1,0.0328515111695138,1126.28,24.72783783783784,334205.6304,334205.6304
16217.0,2011-03-02 15:28:00,2011-04-18 13:31:00,15,304.25,46,1.5111695137976346,9.92608695652174,20.283333333333335,2416.009565217392,2416.009565217392
16218.0,2010-12-01 11:29:00,2011-11-10 09:59:00,84,3084.68,343,11.268068331143231,7.454693877551021,36.72238095238095,3285.0493014577264,3285.0493014577264
16221.0,2010-12-07 13:13:00,2011-11-03 11:43:00,97,864.86,330,10.840998685939553,8.947515151515152,8.916082474226805,957.3213963636365,957.3213963636365
16222.0,2011-01-25 13:38:00,2011-01-25 13:38:00,137,846.72,1,0.0328515111695138,4170.28,6.18043795620438,309289.8816,309289.8816
16224.0,2011-04-04 12:00:00,2011-10-13 17:51:00,96,1295.3,192,6.307490144546649,15.22,13.492708333333333,2464.30825,2464.30825
16225.0,2011-03-07 12:17:00,2011-10-26 08:30:00,134,1096.32,232,7.621550591327201,17.581724137931037,8.181492537313432,1726.1369379310345,1726.1369379310345
16226.0,2011-04-18 12:58:00,2011-05-20 14:41:00,8,255.12,32,1.0512483574244416,7.609999999999999,31.89,2912.1947999999998,2912.1947999999998
16227.0,2011-04-28 13:33:00,2011-04-28 13:33:00,6,314.22,1,0.0328515111695138,182.64,52.370000000000005,114778.28159999999,114778.28159999999
16229.0,2011-05-11 10:18:00,2011-09-13 17:16:00,47,1010.6,125,4.106438896189225,11.44544,21.50212765957447,2953.215744,2953.215744
16230.0,2011-05-03 15:12:00,2011-06-03 10:06:00,35,542.03,30,0.9855453350854139,35.513333333333335,15.486571428571429,6599.75728,6599.75728
16232.0,2011-05-08 14:05:00,2011-10-27 12:16:00,37,990.88,171,5.617608409986859,6.586432748538011,26.78054054054054,2116.6587508771927,2116.6587508771927
16233.0,2010-12-08 12:51:00,2011-09-29 17:27:00,22,536.6800000000001,295,9.69119579500657,2.2701016949152546,24.394545454545458,664.5371877966104,664.5371877966104
16235.0,2011-01-11 15:42:00,2011-10-30 10:56:00,46,867.3100000000001,291,9.559789750328514,4.811821305841925,18.854565217391304,1088.6975835051549,1088.6975835051549
16236.0,2011-09-22 14:10:00,2011-09-22 14:10:00,20,432.2,1,0.0328515111695138,608.8,21.61,157874.01599999997,157874.01599999997
16239.0,2011-06-03 09:30:00,2011-10-14 08:29:00,19,414.2,132,4.336399474375821,4.381515151515152,21.8,1146.2043636363637,1146.2043636363637
16240.0,2011-09-23 13:44:00,2011-11-15 14:30:00,135,3718.8,53,1.7411300919842312,77.53584905660378,27.546666666666667,25630.250264150945,25630.250264150945
16241.0,2010-12-05 11:04:00,2011-11-30 11:08:00,662,2607.87,360,11.826544021024967,55.97577777777778,3.939380664652568,2646.11876,2646.11876
16242.0,2011-03-07 17:04:00,2011-12-01 15:12:00,294,3603.21,268,8.804204993429698,33.39313432835821,12.255816326530612,4911.121450746268,4911.121450746268
16243.0,2011-10-16 12:09:00,2011-11-06 12:32:00,51,409.1,21,0.6898817345597897,73.92571428571429,8.02156862745098,7116.002285714286,7116.002285714286
16244.0,2010-12-02 11:41:00,2011-05-12 10:18:00,91,1522.75,160,5.256241787122208,17.31275,16.733516483516482,3476.43825,3476.43825
16245.0,2011-03-28 09:30:00,2011-11-16 10:14:00,90,1413.66,233,7.654402102496714,11.75793991416309,15.707333333333334,2216.230578540773,2216.230578540773
16247.0,2011-06-22 14:23:00,2011-06-22 14:23:00,16,114.56,1,0.0328515111695138,487.03999999999996,7.16,41846.476800000004,41846.476800000004
16248.0,2011-10-09 11:32:00,2011-10-09 11:32:00,7,152.94,1,0.0328515111695138,213.07999999999998,21.84857142857143,55865.9232,55865.9232
16249.0,2011-04-14 13:50:00,2011-10-18 10:07:00,69,1800.07,186,6.110381077529566,11.29225806451613,26.08797101449275,3535.105212903226,3535.105212903226
16250.0,2010-12-01 09:59:00,2011-03-23 15:07:00,24,389.44,112,3.679369250985545,6.522857142857143,16.226666666666667,1270.1307428571429,1270.1307428571429
16253.0,2011-03-29 13:33:00,2011-10-04 09:09:00,123,3683.86,188,6.176084099868594,19.915531914893617,29.95008130081301,7157.6616,7157.6616
16255.0,2010-12-09 14:25:00,2011-11-23 12:40:00,270,2619.91,348,11.432325886990801,23.617241379310347,9.70337037037037,2750.002082758621,2750.002082758621
16256.0,2011-03-18 12:18:00,2011-03-18 12:18:00,13,752.4300000000001,1,0.0328515111695138,395.71999999999997,57.87923076923077,274847.6304,274847.6304
16257.0,2011-06-16 10:11:00,2011-06-16 10:11:00,2,46.95,1,0.0328515111695138,60.879999999999995,23.475,17149.896,17149.896
16258.0,2011-05-04 14:33:00,2011-10-25 13:30:00,135,5203.51,173,5.683311432325887,23.753757225433528,38.54451851851852,10986.92562312139,10986.92562312139
16260.0,2011-10-20 09:40:00,2011-10-20 09:40:00,18,1035.45,1,0.0328515111695138,547.92,57.525000000000006,378229.17600000004,378229.17600000004
16261.0,2011-04-07 19:05:00,2011-11-22 17:23:00,124,746.83,228,7.490144546649145,16.555087719298246,6.022822580645162,1196.5002736842107,1196.5002736842107
16265.0,2010-12-10 10:21:00,2011-11-30 16:41:00,258,5447.0,355,11.662286465177397,22.122591549295777,21.112403100775193,5604.732845070423,5604.732845070423
16266.0,2011-05-17 14:50:00,2011-09-27 12:08:00,61,861.89,132,4.336399474375821,14.066969696969696,14.129344262295081,2385.0846909090906,2385.0846909090906
16268.0,2011-09-29 18:30:00,2011-09-29 18:30:00,45,667.65,1,0.0328515111695138,1369.8,14.836666666666666,243879.19199999998,243879.19199999998
16270.0,2010-12-21 14:26:00,2010-12-21 14:26:00,54,1141.24,1,0.0328515111695138,1643.76,21.134074074074075,416872.1472,416872.1472
16271.0,2010-12-16 16:36:00,2011-12-07 12:45:00,133,1429.24,355,11.662286465177397,11.404281690140847,10.746165413533834,1470.627569577465,1470.627569577465
16272.0,2011-08-15 10:53:00,2011-08-15 10:54:00,25,411.7,1,0.0328515111695138,761.0,16.468,150385.77599999998,150385.77599999998
16274.0,2010-12-01 15:35:00,2010-12-01 15:35:00,67,357.95,1,0.0328515111695138,2039.48,5.342537313432835,130751.976,130751.976
16275.0,2011-05-27 12:41:00,2011-05-27 12:41:00,33,559.87,1,0.0328515111695138,1004.52,16.965757575757575,204509.31359999996,204509.31359999996
16276.0,2011-06-16 09:34:00,2011-06-16 09:34:00,6,810.6,1,0.0328515111695138,182.64,135.1,296095.968,296095.968
16278.0,2011-08-31 17:12:00,2011-08-31 17:12:00,23,566.38,1,0.0328515111695138,700.12,24.625217391304346,206887.28639999998,206887.28639999998
16279.0,2011-06-16 11:50:00,2011-11-18 15:00:00,107,1509.58,155,5.091984231274639,21.01341935483871,14.10822429906542,3557.5444025806446,3557.5444025806446
16281.0,2011-09-28 14:57:00,2011-09-28 14:57:00,17,2062.06,1,0.0328515111695138,517.48,121.29764705882353,753229.2768000001,535875.9878400022
16282.0,2011-01-04 11:42:00,2011-01-04 11:42:00,11,168.3,1,0.0328515111695138,334.84,15.3,61476.623999999996,61476.623999999996
16283.0,2011-05-15 13:37:00,2011-12-04 12:08:00,166,1570.81,202,6.636005256241787,25.015049504950497,9.462710843373493,2840.5221623762377,2840.5221623762377
16284.0,2011-10-20 13:54:00,2011-11-08 16:12:00,109,823.97,19,0.6241787122207622,174.62947368421052,7.559357798165138,15841.040084210526,15841.040084210526
16287.0,2011-06-23 09:08:00,2011-06-23 09:08:00,8,142.5,1,0.0328515111695138,243.51999999999998,17.8125,52052.399999999994,52052.399999999994
16292.0,2011-08-10 12:24:00,2011-08-10 12:24:00,17,302.25,1,0.0328515111695138,517.48,17.779411764705884,110405.88000000002,110405.88000000002
16293.0,2010-12-07 15:02:00,2011-11-18 09:58:00,118,2248.9900000000002,345,11.333771353482259,10.411362318840581,19.059237288135595,2381.191499130435,2381.191499130435
16295.0,2011-10-06 10:45:00,2011-11-30 08:17:00,79,1328.55,54,1.773981603153745,44.53259259259259,16.817088607594936,8986.902666666665,8986.902666666665
16297.0,2011-03-16 08:29:00,2011-03-16 08:29:00,20,301.9,1,0.0328515111695138,608.8,15.094999999999999,110278.03199999999,110278.03199999999
16298.0,2011-06-06 10:06:00,2011-11-17 11:59:00,27,598.2,164,5.387647831800263,5.011463414634147,22.15555555555556,1332.381073170732,1332.381073170732
16302.0,2011-08-05 09:44:00,2011-08-05 09:44:00,11,233.22,1,0.0328515111695138,334.84,21.201818181818183,85190.6016,85190.6016
16303.0,2011-01-10 14:16:00,2011-11-14 10:49:00,162,5360.63,307,10.085413929040735,16.062801302931597,33.09030864197531,6378.276633224757,6378.276633224757
16305.0,2011-07-24 12:18:00,2011-07-24 12:18:00,22,361.22,1,0.0328515111695138,669.68,16.41909090909091,131946.44160000002,131946.44160000002
16306.0,2010-12-07 15:18:00,2011-05-10 12:12:00,41,632.27,153,5.026281208935611,8.157124183006536,15.42121951219512,1509.5136313725488,1509.5136313725488
16308.0,2011-03-23 14:46:00,2011-11-02 11:24:00,4,2560.0,223,7.3258869908015765,0.5460089686098655,640.0,4193.348878923767,4193.348878923767
16309.0,2011-04-13 11:46:00,2011-08-25 15:35:00,42,706.57,134,4.402102496714849,9.540895522388059,16.823095238095238,1926.0887283582088,1926.0887283582088
16311.0,2011-10-21 13:13:00,2011-11-22 08:54:00,37,616.26,31,1.0183968462549278,36.3316129032258,16.655675675675674,7261.53073548387,7261.53073548387
16313.0,2011-10-21 09:04:00,2011-12-06 13:02:00,16,274.15000000000003,46,1.5111695137976346,10.587826086956522,17.134375000000002,2176.989391304348,2176.989391304348
16315.0,2011-01-13 11:57:00,2011-01-13 11:57:00,14,226.37,1,0.0328515111695138,426.15999999999997,16.169285714285714,82688.43359999999,82688.43359999999
16316.0,2010-12-16 14:26:00,2011-10-06 13:48:00,151,2938.91,293,9.625492772667542,15.687508532423209,19.46298013245033,3663.9080027303753,3663.9080027303753
16317.0,2011-02-15 14:30:00,2011-08-12 12:46:00,69,1341.65,177,5.814717477003942,11.866440677966102,19.444202898550724,2768.8017627118643,2768.8017627118643
16318.0,2011-11-04 13:05:00,2011-11-04 13:05:00,19,328.15000000000003,1,0.0328515111695138,578.36,17.27105263157895,119866.63200000003,119866.63200000003
16319.0,2011-05-06 11:27:00,2011-05-06 11:27:00,3,404.40000000000003,1,0.0328515111695138,91.32,134.8,147719.232,147719.232
16320.0,2011-05-10 15:31:00,2011-06-20 15:25:00,56,1038.46,40,1.314060446780552,42.616,18.543928571428573,9483.21672,9483.21672
16321.0,2011-01-20 12:11:00,2011-09-28 14:55:00,12,373.65000000000003,251,8.245729303547963,1.4552988047808766,31.137500000000003,543.7723984063746,543.7723984063746
16322.0,2011-11-03 14:33:00,2011-12-08 15:41:00,37,326.75,35,1.149802890932983,32.17942857142857,8.83108108108108,3410.1497142857143,3410.1497142857143
16323.0,2011-05-27 14:48:00,2011-05-27 14:48:00,1,207.50000000000003,1,0.0328515111695138,30.439999999999998,207.50000000000003,75795.6,75795.6
16324.0,2011-06-15 14:26:00,2011-08-03 12:58:00,118,428.68,48,1.5768725361366622,74.83166666666666,3.6328813559322035,3262.2547999999997,3262.2547999999997
16325.0,2011-04-08 09:20:00,2011-10-24 08:48:00,18,594.24,198,6.504599211563732,2.7672727272727276,33.013333333333335,1096.2827636363638,1096.2827636363638
16326.0,2011-01-09 12:01:00,2011-12-04 10:11:00,319,3110.96,328,10.775295663600525,29.604756097560976,9.752225705329154,3464.5471609756096,3464.5471609756096
16327.0,2010-12-05 12:43:00,2011-11-25 13:23:00,319,3844.2200000000003,355,11.662286465177397,27.353126760563384,12.050846394984326,3955.5399481690147,3955.5399481690147
16330.0,2011-08-19 17:08:00,2011-11-22 12:24:00,39,251.91,94,3.088042049934297,12.62936170212766,6.4592307692307696,978.911540425532,978.911540425532
16332.0,2011-02-07 14:16:00,2011-11-11 14:22:00,153,1593.2,277,9.099868593955321,16.81342960288809,10.413071895424837,2100.9534151624553,2100.9534151624553
16333.0,2011-02-03 10:50:00,2011-12-02 12:19:00,45,26626.8,302,9.921156373193167,4.535761589403974,591.7066666666667,32206.08445033113,32206.08445033113
16337.0,2011-11-03 10:03:00,2011-11-03 10:03:00,10,151.05,1,0.0328515111695138,304.4,15.105,55175.543999999994,55175.543999999994
16338.0,2011-07-05 13:56:00,2011-07-05 13:56:00,11,214.8,1,0.0328515111695138,334.84,19.527272727272727,78462.144,78462.144
16339.0,2011-02-28 13:41:00,2011-02-28 13:41:00,20,109.95,1,0.0328515111695138,608.8,5.4975000000000005,40162.536,40162.536
16340.0,2011-08-24 14:53:00,2011-08-24 14:53:00,153,549.07,1,0.0328515111695138,4657.32,3.5886928104575166,200564.28960000002,200564.28960000002
16341.0,2011-05-22 13:20:00,2011-11-15 09:12:00,77,1971.8700000000001,176,5.781865965834428,13.3175,25.608701298701302,4092.5265545454554,4092.5265545454554
16342.0,2011-06-13 10:10:00,2011-09-25 14:36:00,15,322.41,104,3.416557161629435,4.390384615384615,21.494000000000003,1132.4031230769233,1132.4031230769233
16343.0,2011-11-23 17:43:00,2011-11-23 17:45:00,47,370.48,1,0.0328515111695138,1430.68,7.882553191489362,135328.9344,135328.9344
16344.0,2011-07-04 15:50:00,2011-07-04 15:50:00,2,101.10000000000001,1,0.0328515111695138,60.879999999999995,50.550000000000004,36929.808,36929.808
16345.0,2011-10-26 16:03:00,2011-10-26 16:03:00,38,575.41,1,0.0328515111695138,1156.72,15.14236842105263,210185.7648,210185.7648
16347.0,2011-11-03 13:01:00,2011-11-28 13:14:00,92,887.65,25,0.8212877792378449,112.0192,9.648369565217392,12969.631680000002,12969.631680000002
16348.0,2011-04-13 15:49:00,2011-11-07 15:44:00,235,1469.45,207,6.800262812089356,34.55748792270531,6.252978723404255,2593.04684057971,2593.04684057971
16349.0,2011-02-22 12:40:00,2011-02-22 12:40:00,9,53.5,1,0.0328515111695138,273.96,5.944444444444445,19542.48,19542.48
16350.0,2011-01-10 09:44:00,2011-11-18 15:53:00,57,1116.47,312,10.249671484888305,5.561153846153847,19.58719298245614,1307.1287230769233,1307.1287230769233
16351.0,2011-01-11 10:26:00,2011-01-11 10:26:00,8,153.9,1,0.0328515111695138,243.51999999999998,19.2375,56216.59199999999,56216.59199999999
16352.0,2011-11-02 08:44:00,2011-11-22 10:32:00,28,494.44,20,0.657030223390276,42.616,17.658571428571427,9030.452159999999,9030.452159999999
16353.0,2010-12-05 12:09:00,2011-12-06 12:23:00,94,6675.71,366,12.02365308804205,7.81792349726776,71.0181914893617,6662.577455737705,6662.577455737705
16354.0,2011-09-27 16:28:00,2011-10-07 14:28:00,39,395.8,9,0.2956636005256242,131.90666666666667,10.148717948717948,16064.202666666668,16064.202666666668
16356.0,2011-03-07 12:31:00,2011-05-26 11:51:00,31,211.77,79,2.59526938239159,11.94481012658228,6.831290322580646,979.1815898734178,979.1815898734178
16357.0,2011-05-10 10:35:00,2011-11-06 16:04:00,34,658.88,180,5.913272010512483,5.749777777777778,19.378823529411765,1337.0871466666667,1337.0871466666667
16358.0,2011-06-08 15:05:00,2011-12-08 15:09:00,109,2027.5,183,6.011826544021025,18.130928961748634,18.60091743119266,4047.0229508196717,4047.0229508196717
16359.0,2011-01-12 10:49:00,2011-12-02 17:04:00,66,1750.92,324,10.64388961892247,6.20074074074074,26.52909090909091,1974.000177777778,1974.000177777778
16360.0,2011-09-12 13:50:00,2011-12-05 12:16:00,662,3512.53,83,2.726675427069645,242.78650602409638,5.305936555891239,15458.517571084336,15458.517571084336
16361.0,2011-09-29 13:13:00,2011-11-30 12:32:00,106,896.66,61,2.0039421813403417,52.895737704918034,8.459056603773584,5369.376472131147,5369.376472131147
16362.0,2011-09-09 14:47:00,2011-11-07 13:01:00,81,734.77,58,1.9053876478318001,42.511034482758625,9.071234567901234,4627.530786206897,4627.530786206897
16363.0,2011-10-17 14:14:00,2011-10-17 14:14:00,5,109.36000000000001,1,0.0328515111695138,152.2,21.872000000000003,39947.020800000006,39947.020800000006
16364.0,2011-07-25 14:35:00,2011-11-28 11:27:00,53,707.04,125,4.106438896189225,12.906559999999999,13.340377358490565,2066.1405695999997,2066.1405695999997
16365.0,2010-12-07 17:19:00,2011-11-22 11:24:00,51,1540.42,349,11.465177398160314,4.448252148997135,30.2043137254902,1612.2768412607452,1612.2768412607452
16366.0,2011-11-21 08:19:00,2011-11-21 08:19:00,18,327.3,1,0.0328515111695138,547.92,18.183333333333334,119556.14399999999,119556.14399999999
16367.0,2010-12-12 12:01:00,2011-11-02 13:13:00,130,804.49,325,10.676741130091983,12.176000000000002,6.188384615384615,904.197252923077,904.197252923077
16368.0,2011-11-11 15:08:00,2011-12-07 13:12:00,76,497.43,25,0.8212877792378449,92.5376,6.545131578947369,7268.049216000001,7268.049216000001
16369.0,2011-05-27 09:39:00,2011-11-21 16:25:00,118,1553.66,178,5.847568988173456,20.17932584269663,13.166610169491527,3188.3198022471915,3188.3198022471915
16370.0,2011-04-28 16:40:00,2011-09-18 15:55:00,228,1320.56,142,4.664914586070959,48.87549295774648,5.791929824561404,3397.001104225352,3397.001104225352
16372.0,2011-11-06 12:50:00,2011-11-06 13:08:00,97,367.93,1,0.0328515111695138,2952.68,3.7930927835051547,134397.4704,134397.4704
16374.0,2011-03-22 13:46:00,2011-10-04 15:21:00,111,473.03,196,6.438896189224704,17.238979591836735,4.261531531531531,881.5734612244898,881.5734612244898
16376.0,2011-11-22 16:47:00,2011-12-01 11:38:00,125,987.01,8,0.2628120893561104,475.625,7.8960799999999995,45066.8766,45066.8766
16377.0,2011-03-17 15:41:00,2011-03-17 15:41:00,5,676.2,1,0.0328515111695138,152.2,135.24,247002.33599999998,247002.33599999998
16378.0,2011-02-02 12:42:00,2011-04-06 15:07:00,23,362.95,63,2.0696452036793693,11.113015873015872,15.780434782608696,2104.4186666666665,2104.4186666666665
16379.0,2011-09-22 09:33:00,2011-12-05 15:38:00,108,2157.4,74,2.431011826544021,44.42594594594595,19.975925925925928,10649.392864864865,10649.392864864865
16380.0,2011-10-09 15:40:00,2011-10-09 15:40:00,32,1780.59,1,0.0328515111695138,974.0799999999999,55.6434375,650413.9151999999,535875.9878400022
16383.0,2011-03-16 13:00:00,2011-09-26 12:45:00,102,668.36,193,6.340341655716163,16.087461139896373,6.552549019607843,1264.966532642487,1264.966532642487
16384.0,2011-03-21 10:13:00,2011-09-11 11:19:00,33,584.5,174,5.716162943495401,5.7731034482758625,17.71212121212121,1227.046896551724,1227.046896551724
16385.0,2010-12-08 12:56:00,2011-10-10 13:12:00,59,555.89,306,10.052562417871222,5.869150326797386,9.42186440677966,663.5800627450981,663.5800627450981
16386.0,2011-03-31 12:19:00,2011-11-11 12:28:00,88,317.2,225,7.391590013140604,11.905422222222223,3.6045454545454545,514.9636266666666,514.9636266666666
16387.0,2011-01-21 11:34:00,2011-01-21 11:34:00,4,94.36,1,0.0328515111695138,121.75999999999999,23.59,34467.820799999994,34467.820799999994
16389.0,2011-03-01 15:47:00,2011-10-17 14:41:00,34,1382.0700000000002,229,7.522996057818659,4.519475982532751,40.64911764705883,2204.552531004367,2204.552531004367
16392.0,2011-03-15 12:11:00,2011-03-15 12:11:00,45,221.19,1,0.0328515111695138,1369.8,4.915333333333333,80796.28319999999,80796.28319999999
16393.0,2010-12-05 13:10:00,2011-12-07 12:51:00,330,3046.21,366,12.02365308804205,27.445901639344264,9.230939393939394,3040.217455737705,3040.217455737705
16394.0,2011-02-23 10:58:00,2011-10-14 09:48:00,83,1555.34,232,7.621550591327201,10.890172413793104,18.73903614457831,2448.856013793103,2448.856013793103
16395.0,2011-01-13 12:10:00,2011-10-10 12:50:00,210,1486.9,270,8.869908015768726,23.675555555555555,7.080476190476191,2011.610488888889,2011.610488888889
16398.0,2011-03-31 09:38:00,2011-07-08 15:16:00,82,1705.8,99,3.252299605781866,25.212929292929292,20.802439024390242,6293.885090909091,6293.885090909091
16399.0,2011-04-18 13:46:00,2011-11-20 16:12:00,73,408.57,216,7.09592641261498,10.287592592592594,5.596849315068493,690.9372666666667,690.9372666666667
16400.0,2011-09-06 12:27:00,2011-09-06 12:27:00,29,303.93,1,0.0328515111695138,882.76,10.480344827586206,111019.5504,111019.5504
16401.0,2011-01-16 10:56:00,2011-12-08 18:15:00,186,4098.32,326,10.709592641261498,17.36760736196319,22.033978494623653,4592.129845398773,4592.129845398773
16402.0,2010-12-05 13:42:00,2011-03-20 12:25:00,60,299.6,104,3.416557161629435,17.56153846153846,4.993333333333334,1052.2873846153848,1052.2873846153848
16403.0,2011-01-31 13:39:00,2011-01-31 13:39:00,10,177.5,1,0.0328515111695138,304.4,17.75,64837.2,64837.2
16404.0,2011-09-30 14:55:00,2011-09-30 14:55:00,23,443.05,1,0.0328515111695138,700.12,19.26304347826087,161837.304,161837.304
16405.0,2011-02-02 17:08:00,2011-02-10 15:24:00,5,167.25,7,0.22996057818659657,21.742857142857144,33.45,8727.58285714286,8727.58285714286
16406.0,2011-11-21 11:57:00,2011-11-21 11:57:00,62,163.07,1,0.0328515111695138,1887.28,2.6301612903225804,59566.20959999999,59566.20959999999
16407.0,2011-01-31 14:02:00,2011-11-27 11:05:00,172,2126.93,299,9.822601839684625,17.510635451505017,12.365872093023254,2598.4113391304345,2598.4113391304345
16409.0,2011-01-26 14:51:00,2011-11-03 16:45:00,232,2028.88,281,9.231274638633376,25.131957295373667,8.745172413793103,2637.3995957295374,2637.3995957295374
16411.0,2010-12-05 13:26:00,2011-11-20 13:23:00,45,214.65,349,11.465177398160314,3.924928366762178,4.7700000000000005,224.66289971346708,224.66289971346708
16412.0,2011-10-17 12:35:00,2011-10-17 12:35:00,35,151.83,1,0.0328515111695138,1065.3999999999999,4.338,55460.46239999999,55460.46239999999
16413.0,2011-10-14 12:08:00,2011-10-14 12:08:00,31,262.2,1,0.0328515111695138,943.64,8.458064516129031,95776.41599999998,95776.41599999998
16414.0,2011-03-04 13:27:00,2011-11-18 09:42:00,7,126.25,258,8.47568988173456,0.8258914728682171,18.035714285714285,178.74651162790698,178.74651162790698
16415.0,2011-10-26 13:35:00,2011-10-26 13:35:00,54,210.35,1,0.0328515111695138,1643.76,3.89537037037037,76836.64799999999,76836.64799999999
16416.0,2011-10-14 13:35:00,2011-11-13 12:50:00,71,1051.4,29,0.9526938239159001,74.52551724137932,14.808450704225354,13243.28937931035,13243.28937931035
16418.0,2011-04-27 16:54:00,2011-10-26 12:39:00,102,675.27,181,5.946123521681997,17.154033149171273,6.620294117647059,1362.7769370165747,1362.7769370165747
16419.0,2011-02-01 12:25:00,2011-08-19 12:33:00,51,972.23,199,6.5374507227332455,7.801206030150754,19.063333333333333,1784.6038914572864,1784.6038914572864
16422.0,2010-12-05 15:35:00,2011-11-22 14:00:00,369,34684.4,351,11.530880420499342,32.00102564102564,93.99566395663958,36095.49182905983,36095.49182905983
16423.0,2011-11-15 09:21:00,2011-11-15 09:21:00,18,346.12,1,0.0328515111695138,547.92,19.22888888888889,126430.71359999999,126430.71359999999
16424.0,2011-06-01 13:40:00,2011-06-01 13:40:00,5,133.56,1,0.0328515111695138,152.2,26.712,48786.7968,48786.7968
16425.0,2011-02-10 14:30:00,2011-02-10 14:30:00,21,302.7,1,0.0328515111695138,639.24,14.414285714285715,110570.256,110570.256
16426.0,2011-03-08 15:45:00,2011-12-07 14:01:00,372,1908.25,273,8.968462549277266,41.478681318681325,5.129704301075269,2553.2804395604403,2553.2804395604403
16427.0,2011-02-28 15:18:00,2011-03-21 17:10:00,9,241.06,21,0.6898817345597897,13.045714285714286,26.784444444444446,4193.066514285714,4193.066514285714
16429.0,2011-08-25 13:54:00,2011-08-25 13:54:00,2,284.55,1,0.0328515111695138,60.879999999999995,142.275,103940.424,103940.424
16430.0,2011-10-13 14:47:00,2011-10-13 14:47:00,6,300.85,1,0.0328515111695138,182.64,50.14166666666667,109894.488,109894.488
16431.0,2011-02-15 14:02:00,2011-05-10 14:09:00,83,642.81,84,2.759526938239159,30.07761904761905,7.744698795180722,2795.3052,2795.3052
16432.0,2011-10-06 13:59:00,2011-10-06 13:59:00,8,287.40000000000003,1,0.0328515111695138,243.51999999999998,35.925000000000004,104981.47200000001,104981.47200000001
16433.0,2011-11-11 14:09:00,2011-11-11 14:09:00,17,184.26,1,0.0328515111695138,517.48,10.838823529411764,67306.49279999999,67306.49279999999
16434.0,2011-02-13 12:17:00,2011-11-10 14:28:00,109,1522.25,270,8.869908015768726,12.28874074074074,13.965596330275229,2059.435111111111,2059.435111111111
16438.0,2011-09-18 13:31:00,2011-12-04 10:51:00,132,798.35,76,2.4967148488830486,52.869473684210526,6.04810606060606,3837.1222105263155,3837.1222105263155
16440.0,2011-05-09 12:25:00,2011-12-02 12:02:00,282,3640.67,206,6.767411300919842,41.670291262135926,12.91017730496454,6455.650182524272,6455.650182524272
16441.0,2011-02-21 17:35:00,2011-10-03 17:48:00,24,381.2,224,7.35873850197109,3.2614285714285716,15.883333333333333,621.6282857142857,621.6282857142857
16442.0,2010-12-14 10:46:00,2011-12-08 11:43:00,174,616.79,359,11.793692509855452,14.75364902506964,3.5447701149425286,627.579529805014,627.579529805014
16444.0,2011-03-20 12:14:00,2011-10-24 13:50:00,84,654.67,218,7.1616294349540075,11.729174311926606,7.793690476190475,1096.9626495412842,1096.9626495412842
16445.0,2011-11-06 12:32:00,2011-11-06 12:32:00,63,230.51,1,0.0328515111695138,1917.72,3.658888888888889,84200.6928,84200.6928
16446.0,2011-05-18 09:52:00,2011-12-09 09:15:00,3,168472.5,204,6.701708278580814,0.44764705882352945,56157.5,301664.87647058826,301664.87647058826
16447.0,2011-07-27 12:45:00,2011-07-27 12:45:00,36,259.01,1,0.0328515111695138,1095.84,7.194722222222222,94611.17279999999,94611.17279999999
16448.0,2011-05-25 16:28:00,2011-05-25 16:28:00,20,188.89000000000001,1,0.0328515111695138,608.8,9.444500000000001,68997.7392,68997.7392
16449.0,2011-03-04 12:15:00,2011-05-26 10:25:00,40,707.69,82,2.6938239159001314,14.848780487804879,17.69225,3152.5000390243904,3152.5000390243904
16450.0,2011-07-13 11:47:00,2011-07-13 11:47:00,11,311.92,1,0.0328515111695138,334.84,28.35636363636364,113938.13760000002,113938.13760000002
16451.0,2011-09-13 09:17:00,2011-09-13 09:17:00,14,266.97,1,0.0328515111695138,426.15999999999997,19.069285714285716,97518.80159999999,97518.80159999999
16454.0,2011-10-06 16:57:00,2011-10-26 11:40:00,2,6.9,19,0.6241787122207622,3.2042105263157894,3.45,132.65431578947369,132.65431578947369
16455.0,2010-12-03 16:44:00,2011-10-07 12:17:00,99,1841.18,307,10.085413929040735,9.816156351791532,18.59777777777778,2190.704333550489,2190.704333550489
16456.0,2010-12-01 14:11:00,2011-09-01 13:50:00,111,2158.37,273,8.968462549277266,12.376703296703297,19.444774774774775,2887.9464967032973,2887.9464967032973
16457.0,2011-05-05 13:19:00,2011-05-05 13:19:00,9,208.36,1,0.0328515111695138,273.96,23.151111111111113,76109.7408,76109.7408
16458.0,2010-12-14 11:51:00,2011-12-07 09:34:00,202,3482.7400000000002,357,11.727989487516425,17.223753501400562,17.241287128712873,3563.5161546218496,3563.5161546218496
16460.0,2011-09-19 10:15:00,2011-11-11 13:46:00,135,814.72,53,1.7411300919842312,77.53584905660378,6.034962962962963,5615.111728301887,5615.111728301887
16461.0,2011-06-15 12:07:00,2011-06-15 12:07:00,33,151.42,1,0.0328515111695138,1004.52,4.588484848484848,55310.697599999985,55310.697599999985
16462.0,2011-03-01 08:58:00,2011-09-27 10:24:00,3,136.0,210,6.898817345597897,0.4348571428571429,45.333333333333336,236.56228571428574,236.56228571428574
16463.0,2011-05-19 14:45:00,2011-11-18 14:01:00,82,1422.4,182,5.978975032851511,13.714725274725275,17.346341463414635,2854.8036923076925,2854.8036923076925
16464.0,2011-07-20 13:53:00,2011-11-20 12:11:00,236,1314.68,122,4.0078843626806835,58.88393442622951,5.570677966101695,3936.281232786885,3936.281232786885
16466.0,2011-02-20 11:39:00,2011-11-06 11:35:00,148,1603.46,258,8.47568988173456,17.461705426356588,10.834189189189189,2270.201041860465,2270.201041860465
16468.0,2011-09-26 14:13:00,2011-09-26 14:13:00,2,74.9,1,0.0328515111695138,60.879999999999995,37.45,27359.472,27359.472
16469.0,2011-04-07 13:11:00,2011-11-16 12:25:00,182,650.43,222,7.293035479632063,24.955315315315318,3.5737912087912087,1070.221037837838,1070.221037837838
16470.0,2010-12-16 11:53:00,2011-10-19 12:11:00,170,762.39,307,10.085413929040735,16.856026058631922,4.484647058823529,907.1199322475569,907.1199322475569
16471.0,2011-03-10 09:41:00,2011-03-10 09:41:00,13,223.95000000000002,1,0.0328515111695138,395.71999999999997,17.22692307692308,81804.456,81804.456
16473.0,2011-01-07 10:55:00,2011-06-28 09:10:00,18,316.11,171,5.617608409986859,3.2042105263157894,17.561666666666667,675.2553263157895,675.2553263157895
16474.0,2011-07-17 14:51:00,2011-12-02 13:02:00,360,1871.5,137,4.50065703022339,79.98832116788321,5.198611111111111,4989.938102189781,4989.938102189781
16475.0,2011-03-11 09:39:00,2011-09-12 14:37:00,28,544.3,185,6.077529566360052,4.6071351351351355,19.439285714285713,1074.7129945945946,1074.7129945945946
16477.0,2010-12-03 12:48:00,2011-10-07 09:44:00,146,2494.46,307,10.085413929040735,14.476351791530947,17.085342465753424,2968.001136156352,2968.001136156352
16478.0,2011-10-05 12:02:00,2011-11-14 15:51:00,17,331.0,40,1.314060446780552,12.937,19.470588235294116,3022.6919999999996,3022.6919999999996
16479.0,2011-11-29 13:04:00,2011-11-29 13:40:00,35,300.83,1,0.0328515111695138,1065.3999999999999,8.595142857142857,109887.18239999998,109887.18239999998
16480.0,2011-09-25 11:40:00,2011-09-25 11:40:00,53,769.29,1,0.0328515111695138,1613.32,14.514905660377357,281006.25119999994,281006.25119999994
16482.0,2011-11-24 12:33:00,2011-11-24 12:33:00,18,220.62,1,0.0328515111695138,547.92,12.256666666666668,80588.0736,80588.0736
16483.0,2011-05-31 13:08:00,2011-05-31 13:08:00,19,139.35,1,0.0328515111695138,578.36,7.334210526315789,50901.768,50901.768
16484.0,2011-06-02 10:39:00,2011-06-19 12:06:00,25,404.3,17,0.5584756898817346,44.76470588235294,16.172,8687.217882352941,8687.217882352941
16485.0,2011-09-23 15:50:00,2011-09-23 15:50:00,42,363.65,1,0.0328515111695138,1278.48,8.658333333333333,132834.072,132834.072
16488.0,2011-07-14 11:46:00,2011-11-06 13:42:00,29,498.8,115,3.7779237844940865,7.6761739130434785,17.2,1584.362295652174,1584.362295652174
16491.0,2011-10-24 10:18:00,2011-10-24 10:18:00,39,731.5,1,0.0328515111695138,1187.1599999999999,18.756410256410255,267202.31999999995,267202.31999999995
16493.0,2011-01-14 08:16:00,2011-09-21 11:10:00,56,1351.63,250,8.21287779237845,6.81856,24.13625,1974.8936256000002,1974.8936256000002
16494.0,2011-02-16 12:49:00,2011-02-16 12:49:00,50,826.53,1,0.0328515111695138,1522.0,16.5306,301914.8784,301914.8784
16495.0,2011-03-08 16:38:00,2011-12-06 13:20:00,97,684.41,272,8.935611038107753,10.855441176470588,7.055773195876288,919.1223705882353,919.1223705882353
16496.0,2011-01-27 09:42:00,2011-12-01 10:31:00,95,1599.52,308,10.11826544021025,9.388961038961039,16.837052631578945,1896.989174025974,1896.989174025974
16497.0,2011-01-10 13:20:00,2011-10-21 10:55:00,136,2965.69,283,9.296977660972404,14.628409893992934,21.80654411764706,3827.94078869258,3827.94078869258
16498.0,2011-06-30 19:52:00,2011-07-01 15:07:00,15,100.97,1,0.0328515111695138,456.59999999999997,6.731333333333334,36882.3216,36882.3216
16499.0,2010-12-10 10:27:00,2010-12-14 13:31:00,19,365.45,4,0.1314060446780552,144.59,19.23421052631579,33372.894,33372.894
16500.0,2011-01-13 10:28:00,2011-12-05 12:04:00,11,400.86,326,10.709592641261498,1.027116564417178,36.441818181818185,449.1599411042946,449.1599411042946
16503.0,2010-12-14 13:50:00,2011-08-25 11:46:00,84,1431.93,253,8.31143232588699,10.106561264822135,17.046785714285715,2067.41261027668,2067.41261027668
16504.0,2011-11-14 15:18:00,2011-11-14 15:18:00,86,484.38,1,0.0328515111695138,2617.8399999999997,5.632325581395349,176934.32639999996,176934.32639999996
16505.0,2011-11-08 12:14:00,2011-11-08 12:14:00,4,777.6,1,0.0328515111695138,121.75999999999999,194.4,284041.728,284041.728
16506.0,2011-10-30 15:50:00,2011-11-20 12:17:00,3,90.30000000000001,20,0.657030223390276,4.566,30.100000000000005,1649.2392000000004,1649.2392000000004
16509.0,2011-02-16 09:25:00,2011-02-16 09:25:00,13,363.70000000000005,1,0.0328515111695138,395.71999999999997,27.97692307692308,132852.336,132852.336
16510.0,2010-12-02 13:39:00,2010-12-02 13:39:00,13,248.1,1,0.0328515111695138,395.71999999999997,19.084615384615383,90625.968,90625.968
16511.0,2011-03-18 11:24:00,2011-11-18 10:41:00,169,950.26,244,8.015768725361367,21.08344262295082,5.6228402366863905,1422.5859540983606,1422.5859540983606
16513.0,2011-10-27 14:56:00,2011-12-05 10:18:00,35,874.59,38,1.2483574244415243,28.03684210526316,24.988285714285716,8407.11145263158,8407.11145263158
16515.0,2011-02-01 13:09:00,2011-10-18 13:10:00,113,1627.13,259,8.508541392904073,13.280772200772201,14.399380530973453,2294.818711969112,2294.818711969112
16516.0,2011-11-09 14:59:00,2011-11-09 14:59:00,6,101.69999999999999,1,0.0328515111695138,182.64,16.95,37148.975999999995,37148.975999999995
16517.0,2011-03-07 13:50:00,2011-03-07 13:50:00,17,162.70000000000002,1,0.0328515111695138,517.48,9.57058823529412,59431.05600000001,59431.05600000001
16518.0,2011-02-28 16:36:00,2011-10-09 15:04:00,40,484.32,222,7.293035479632063,5.484684684684685,12.108,796.902745945946,796.902745945946
16519.0,2010-12-09 14:08:00,2011-11-14 15:41:00,13,215.07999999999998,340,11.169513797634691,1.1638823529411766,16.544615384615383,231.0718305882353,231.0718305882353
16520.0,2010-12-09 13:08:00,2011-06-06 13:24:00,156,1046.57,179,5.88042049934297,26.528715083798883,6.708782051282051,2135.704411173184,2135.704411173184
16523.0,2011-01-28 12:06:00,2011-12-08 09:06:00,290,9418.470000000001,313,10.282522996057818,28.203194888178917,32.477482758620695,10991.6253086262,10991.6253086262
16525.0,2010-12-08 11:31:00,2011-12-07 15:07:00,183,13027.45,364,11.957950065703022,15.303626373626374,71.18825136612023,13073.260813186815,13073.260813186815
16526.0,2011-06-21 12:02:00,2011-06-21 12:02:00,15,290.36,1,0.0328515111695138,456.59999999999997,19.357333333333333,106062.70079999999,106062.70079999999
16527.0,2011-09-19 16:21:00,2011-09-19 16:21:00,14,228.06,1,0.0328515111695138,426.15999999999997,16.29,83305.75679999999,83305.75679999999
16528.0,2011-12-06 12:45:00,2011-12-06 12:45:00,17,244.41,1,0.0328515111695138,517.48,14.377058823529412,89278.0848,89278.0848
16529.0,2011-06-02 17:23:00,2011-06-02 17:23:00,30,455.25,1,0.0328515111695138,913.1999999999999,15.175,166293.72,166293.72
16531.0,2010-12-14 13:19:00,2011-11-17 16:29:00,77,1244.59,338,11.103810775295663,6.934556213017752,16.163506493506492,1345.0409325443786,1345.0409325443786
16532.0,2011-01-05 12:37:00,2011-11-22 11:08:00,4,6748.8,320,10.512483574244415,0.3805,1687.2,7703.7552,7703.7552
16533.0,2011-10-02 15:07:00,2011-11-20 13:08:00,177,1095.56,48,1.5768725361366622,112.2475,6.189604519774011,8337.211599999999,8337.211599999999
16535.0,2011-12-04 15:18:00,2011-12-04 15:18:00,31,593.75,1,0.0328515111695138,943.64,19.153225806451612,216885.0,216885.0
16536.0,2011-08-21 15:54:00,2011-08-21 15:54:00,55,548.97,1,0.0328515111695138,1674.2,9.981272727272728,200527.76160000003,200527.76160000003
16539.0,2010-12-01 15:40:00,2011-12-07 08:41:00,45,1388.81,370,12.155059132720105,3.7021621621621623,30.862444444444442,1371.0932886486487,1371.0932886486487
16542.0,2011-10-17 10:47:00,2011-10-17 10:47:00,5,119.62,1,0.0328515111695138,152.2,23.924,43694.7936,43694.7936
16545.0,2011-06-28 10:37:00,2011-06-28 10:37:00,3,339.3,1,0.0328515111695138,91.32,113.10000000000001,123939.50399999999,123939.50399999999
16546.0,2010-12-02 12:07:00,2011-02-22 11:20:00,25,787.15,81,2.6609724047306176,9.395061728395062,31.486,3549.754962962963,3549.754962962963
16549.0,2011-01-09 14:03:00,2011-11-29 15:06:00,981,4154.64,324,10.64388961892247,92.16555555555556,4.235107033639144,4683.971911111112,4683.971911111112
16550.0,2010-12-06 13:53:00,2011-08-23 11:12:00,251,2298.97,259,8.508541392904073,29.49976833976834,9.159243027888445,3242.346569884169,3242.346569884169
16551.0,2011-01-07 10:24:00,2011-09-05 09:38:00,32,922.12,240,7.884362680683311,4.058666666666667,28.81625,1403.4666400000003,1403.4666400000003
16552.0,2010-12-01 12:36:00,2011-04-11 10:04:00,17,379.73,130,4.270696452036794,3.9806153846153847,22.337058823529414,1066.98288,1066.98288
16553.0,2010-12-14 13:58:00,2011-06-29 15:42:00,84,5719.82,197,6.471747700394218,12.979492385786802,68.09309523809523,10605.76573401015,10605.76573401015
16554.0,2011-01-12 12:41:00,2011-10-28 14:51:00,52,837.1,289,9.494086727989487,5.477093425605537,16.098076923076924,1058.048055363322,1058.048055363322
16555.0,2011-08-22 12:32:00,2011-11-04 14:31:00,17,285.89,74,2.431011826544021,6.992972972972973,16.81705882352941,1411.214854054054,1411.214854054054
16556.0,2010-12-14 13:32:00,2011-10-04 11:36:00,207,3313.79,293,9.625492772667542,21.50539249146758,16.008647342995168,4131.266932423208,4131.266932423208
16557.0,2011-07-25 13:28:00,2011-11-15 14:04:00,11,281.85,113,3.712220762155059,2.9631858407079648,25.622727272727275,911.0988318584073,911.0988318584073
16558.0,2010-12-08 12:01:00,2011-12-09 10:20:00,460,8338.49,365,11.990801576872535,38.3627397260274,18.127152173913043,8344.886649863014,8344.886649863014
16560.0,2010-12-16 14:36:00,2011-11-13 10:35:00,56,841.41,331,10.873850197109066,5.149969788519638,15.02517857142857,928.5505885196374,928.5505885196374
16561.0,2011-10-11 09:53:00,2011-12-04 11:50:00,31,511.12,54,1.773981603153745,17.474814814814817,16.48774193548387,3457.442844444445,3457.442844444445
16563.0,2011-10-17 11:51:00,2011-10-17 11:51:00,19,1077.74,1,0.0328515111695138,578.36,56.72315789473684,393676.8672,393676.8672
16565.0,2010-12-10 15:21:00,2010-12-10 15:21:00,3,173.7,1,0.0328515111695138,91.32,57.9,63449.136,63449.136
16566.0,2011-02-20 10:29:00,2011-11-24 16:34:00,18,614.66,277,9.099868593955321,1.9780505415162457,34.147777777777776,810.5523638989171,810.5523638989171
16567.0,2011-01-07 09:31:00,2011-05-29 13:57:00,35,865.6,142,4.664914586070959,7.50281690140845,24.731428571428573,2226.664563380282,2226.664563380282
16569.0,2011-12-06 15:32:00,2011-12-06 15:32:00,5,124.2,1,0.0328515111695138,152.2,24.84,45367.776,45367.776
16570.0,2011-02-01 10:37:00,2011-11-24 17:02:00,126,3738.4,296,9.724047306176084,12.957567567567567,29.66984126984127,4613.387675675675,4613.387675675675
16571.0,2011-03-03 09:41:00,2011-11-13 11:46:00,87,1421.69,255,8.377135348226018,10.385411764705884,16.34126436781609,2036.5291105882357,2036.5291105882357
16572.0,2011-03-09 12:04:00,2011-08-04 16:34:00,57,1009.6,148,4.862023653088042,11.723513513513513,17.712280701754388,2491.8019459459465,2491.8019459459465
16573.0,2011-02-22 15:14:00,2011-09-16 09:13:00,42,663.61,205,6.734559789750328,6.236487804878049,15.800238095238095,1182.4559063414636,1182.4559063414636
16574.0,2011-09-29 13:39:00,2011-09-29 13:39:00,28,451.44,1,0.0328515111695138,852.3199999999999,16.122857142857143,164902.00319999998,164902.00319999998
16581.0,2011-06-10 10:05:00,2011-06-10 10:05:00,9,105.84,1,0.0328515111695138,273.96,11.76,38661.235199999996,38661.235199999996
16582.0,2011-08-18 17:02:00,2011-08-18 17:02:00,6,313.62,1,0.0328515111695138,182.64,52.27,114559.11360000001,114559.11360000001
16583.0,2010-12-01 12:03:00,2010-12-01 12:03:00,14,233.45,1,0.0328515111695138,426.15999999999997,16.675,85274.616,85274.616
16584.0,2011-03-30 13:14:00,2011-09-20 13:45:00,28,936.08,174,5.716162943495401,4.898390804597701,33.431428571428576,1965.1224275862073,1965.1224275862073
16586.0,2011-04-05 09:32:00,2011-04-05 09:32:00,8,463.95,1,0.0328515111695138,243.51999999999998,57.99375,169471.656,169471.656
16587.0,2011-04-21 15:51:00,2011-04-21 15:51:00,13,225.15,1,0.0328515111695138,395.71999999999997,17.31923076923077,82242.792,82242.792
16589.0,2011-07-01 13:31:00,2011-09-29 14:50:00,33,459.24,90,2.9566360052562417,11.161333333333333,13.916363636363636,1863.90208,1863.90208
16591.0,2011-10-02 10:43:00,2011-10-02 10:43:00,10,213.5,1,0.0328515111695138,304.4,21.35,77987.28,77987.28
16592.0,2011-02-25 10:19:00,2011-12-05 13:49:00,216,4113.68,283,9.296977660972404,23.233356890459365,19.044814814814817,5309.699754063606,5309.699754063606
16593.0,2011-01-16 12:11:00,2011-10-20 12:41:00,27,330.03,277,9.099868593955321,2.9670758122743686,12.223333333333333,435.21068014440436,435.21068014440436
16594.0,2011-09-25 14:08:00,2011-09-25 14:08:00,53,181.09,1,0.0328515111695138,1613.32,3.416792452830189,66148.5552,66148.5552
16595.0,2011-10-09 13:15:00,2011-10-09 13:15:00,85,360.16,1,0.0328515111695138,2587.4,4.237176470588236,131559.24480000001,131559.24480000001
16596.0,2010-12-08 16:18:00,2011-11-24 10:02:00,12,250.15,350,11.498028909329829,1.0436571428571428,20.845833333333335,261.0708342857143,261.0708342857143
16597.0,2011-12-05 15:44:00,2011-12-05 15:44:00,7,90.04,1,0.0328515111695138,213.07999999999998,12.862857142857143,32889.8112,32889.8112
16598.0,2011-02-27 11:42:00,2011-02-27 11:42:00,10,145.05,1,0.0328515111695138,304.4,14.505,52983.864,52983.864
16600.0,2011-01-05 12:13:00,2011-12-05 16:00:00,62,813.52,334,10.972404730617608,5.650538922155689,13.121290322580645,889.7083401197604,889.7083401197604
16601.0,2011-10-30 11:09:00,2011-10-30 11:09:00,31,244.8,1,0.0328515111695138,943.64,7.896774193548388,89420.54400000001,89420.54400000001
16602.0,2011-11-03 15:54:00,2011-11-03 15:54:00,29,528.08,1,0.0328515111695138,882.76,18.209655172413793,192897.0624,192897.0624
16603.0,2011-09-09 13:02:00,2011-09-26 10:06:00,34,482.47,16,0.5256241787122208,64.685,14.19029411764706,11014.790100000002,11014.790100000002
16607.0,2010-12-16 08:41:00,2011-11-22 10:24:00,172,3347.71,341,11.202365308804204,15.353900293255133,19.46343023255814,3586.074805865103,3586.074805865103
16609.0,2011-04-01 10:11:00,2011-11-24 13:32:00,276,5493.46,237,7.7858081471747695,35.449113924050636,19.903840579710145,8466.882146835444,8466.882146835444
16610.0,2011-05-04 13:13:00,2011-05-04 13:13:00,6,75.66,1,0.0328515111695138,182.64,12.61,27637.084799999997,27637.084799999997
16611.0,2011-06-06 15:46:00,2011-06-06 15:46:00,10,129.49,1,0.0328515111695138,304.4,12.949000000000002,47300.1072,47300.1072
16612.0,2011-02-01 10:38:00,2011-11-07 07:38:00,66,1187.66,278,9.132720105124836,7.226762589928057,17.994848484848486,1560.5339741007197,1560.5339741007197
16613.0,2011-09-30 15:52:00,2011-09-30 15:52:00,30,618.59,1,0.0328515111695138,913.1999999999999,20.619666666666667,225958.5552,225958.5552
16614.0,2011-06-10 11:36:00,2011-06-10 11:36:00,26,506.19,1,0.0328515111695138,791.4399999999999,19.468846153846155,184901.0832,184901.0832
16616.0,2011-07-05 13:38:00,2011-11-24 16:31:00,33,500.42,142,4.664914586070959,7.0740845070422536,15.164242424242424,1287.2775887323944,1287.2775887323944
16617.0,2011-04-18 10:35:00,2011-04-18 10:35:00,5,151.85,1,0.0328515111695138,152.2,30.369999999999997,55467.768,55467.768
16618.0,2011-01-21 11:55:00,2011-11-08 13:52:00,96,2647.59,291,9.559789750328514,10.042061855670104,27.579062500000003,3323.4078185567014,3323.4078185567014
16619.0,2011-03-21 08:18:00,2011-03-21 08:18:00,14,226.21,1,0.0328515111695138,426.15999999999997,16.157857142857143,82629.98879999999,82629.98879999999
16620.0,2011-03-24 10:37:00,2011-12-06 12:19:00,9,178.96,257,8.442838370565045,1.0659922178988328,19.884444444444444,254.35995642023352,254.35995642023352
16621.0,2011-03-07 11:32:00,2011-10-19 11:38:00,29,813.48,226,7.424441524310118,3.9060176991150444,28.05103448275862,1314.8140460176992,1314.8140460176992
16623.0,2011-04-08 10:09:00,2011-04-08 10:09:00,5,129.45000000000002,1,0.0328515111695138,152.2,25.890000000000004,47285.49600000001,47285.49600000001
16624.0,2011-05-26 14:20:00,2011-09-20 12:39:00,48,810.57,116,3.8107752956636003,12.595862068965518,16.886875,2552.4569793103447,2552.4569793103447
16625.0,2011-03-10 12:50:00,2011-03-10 12:50:00,23,333.08,1,0.0328515111695138,700.12,14.481739130434782,121667.4624,121667.4624
16626.0,2011-03-18 12:27:00,2011-12-09 11:56:00,179,4413.1,265,8.705650459921156,20.56135849056604,24.65418994413408,6083.08365283019,6083.08365283019
16627.0,2011-09-21 14:38:00,2011-09-21 14:38:00,20,322.8,1,0.0328515111695138,608.8,16.14,117912.38399999999,117912.38399999999
16628.0,2011-04-19 08:55:00,2011-11-10 12:45:00,117,2188.05,205,6.734559789750328,17.373073170731708,18.701282051282053,3898.7848975609763,3898.7848975609763
16629.0,2011-09-04 16:12:00,2011-09-27 10:34:00,64,417.73,22,0.7227332457293035,88.55272727272728,6.52703125,6935.837018181819,6935.837018181819
16633.0,2011-04-19 14:36:00,2011-11-22 13:41:00,152,2883.1,216,7.09592641261498,21.42074074074074,18.967763157894737,4875.642444444444,4875.642444444444
16634.0,2010-12-02 17:41:00,2011-05-01 12:09:00,9,217.9,149,4.894875164257556,1.8386577181208053,24.211111111111112,534.1913557046979,534.1913557046979
16637.0,2011-04-28 10:20:00,2011-11-07 13:17:00,69,1154.47,193,6.340341655716163,10.882694300518136,16.73144927536232,2184.9989720207254,2184.9989720207254
16638.0,2010-12-06 10:19:00,2011-11-17 11:09:00,94,1680.72,346,11.366622864651774,8.269826589595375,17.88,1774.3739930635834,1774.3739930635834
16639.0,2011-04-18 09:31:00,2011-11-08 13:20:00,50,1257.51,204,6.701708278580814,7.46078431372549,25.150199999999998,2251.682611764706,2251.682611764706
16641.0,2011-08-26 12:49:00,2011-08-26 12:49:00,12,231.1,1,0.0328515111695138,365.28,19.258333333333333,84416.20799999998,84416.20799999998
16642.0,2011-05-16 12:35:00,2011-12-05 11:31:00,34,688.33,202,6.636005256241787,5.123564356435644,20.245,1244.7187247524753,1244.7187247524753
16643.0,2011-04-08 08:24:00,2011-04-08 08:24:00,27,487.51,1,0.0328515111695138,821.88,18.055925925925926,178077.6528,178077.6528
16644.0,2011-05-11 12:53:00,2011-06-15 12:39:00,62,833.78,34,1.1169513797634691,55.50823529411765,13.448064516129032,8957.739952941176,8957.739952941176
16647.0,2011-05-19 09:31:00,2011-06-23 11:47:00,14,214.06,35,1.149802890932983,12.176,15.290000000000001,2234.0524800000003,2234.0524800000003
16648.0,2011-10-28 08:58:00,2011-10-28 08:58:00,19,290.66,1,0.0328515111695138,578.36,15.297894736842107,106172.28480000002,106172.28480000002
16650.0,2011-09-29 09:51:00,2011-09-29 09:51:00,24,518.42,1,0.0328515111695138,730.56,21.60083333333333,189368.45759999997,189368.45759999997
16652.0,2011-03-11 13:13:00,2011-10-12 09:38:00,118,6773.97,214,7.030223390275952,16.784672897196263,57.406525423728816,11562.59701682243,11562.59701682243
16653.0,2011-09-29 13:38:00,2011-11-23 14:51:00,69,1212.66,55,1.8068331143232588,38.18836363636364,17.574782608695653,8053.82626909091,8053.82626909091
16654.0,2010-12-06 15:09:00,2011-07-21 15:23:00,29,601.27,227,7.457293035479632,3.888810572687225,20.733448275862067,967.5414343612335,967.5414343612335
16655.0,2011-01-12 10:16:00,2011-11-22 11:25:00,261,3794.52,314,10.315374507227332,25.30203821656051,14.538390804597702,4414.2110369426755,4414.2110369426755
16656.0,2010-12-10 11:23:00,2011-11-17 14:43:00,73,8625.8,342,11.235216819973719,6.497426900584795,118.16164383561643,9212.959719298244,9212.959719298244
16657.0,2011-03-30 12:02:00,2011-11-30 11:48:00,208,933.62,244,8.015768725361367,25.948852459016393,4.488557692307692,1397.675055737705,1397.675055737705
16658.0,2010-12-06 13:47:00,2010-12-06 13:47:00,8,123.24,1,0.0328515111695138,243.51999999999998,15.405,45017.1072,45017.1072
16659.0,2011-06-03 15:03:00,2011-06-03 15:03:00,2,39.12,1,0.0328515111695138,60.879999999999995,19.56,14289.7536,14289.7536
16660.0,2011-01-24 12:44:00,2011-11-23 14:53:00,16,1267.65,303,9.95400788436268,1.6073927392739276,79.228125,1528.208554455446,1528.208554455446
16665.0,2010-12-12 14:03:00,2010-12-12 14:03:00,9,135.4,1,0.0328515111695138,273.96,15.044444444444444,49458.912,49458.912
16666.0,2011-11-20 14:01:00,2011-11-20 14:01:00,32,118.98,1,0.0328515111695138,974.0799999999999,3.718125,43461.0144,43461.0144
16667.0,2011-02-28 12:57:00,2011-10-02 15:26:00,53,570.13,216,7.09592641261498,7.469074074074075,10.757169811320754,964.1531777777777,964.1531777777777
16668.0,2011-02-28 12:46:00,2011-11-24 17:43:00,20,306.72,269,8.83705650459921,2.263197026022305,15.336000000000002,416.5006750929369,416.5006750929369
16669.0,2011-09-22 14:13:00,2011-11-16 12:26:00,160,1374.87,54,1.773981603153745,90.1925925925926,8.5929375,9300.231733333334,9300.231733333334
16670.0,2010-12-16 10:30:00,2011-11-23 09:34:00,252,4095.9,341,11.202365308804204,22.49524926686217,16.25357142857143,4387.537689149561,4387.537689149561
16671.0,2011-06-28 11:20:00,2011-11-11 13:40:00,6,1692.27,136,4.467805519053877,1.3429411764705883,282.045,4545.238129411765,4545.238129411765
16672.0,2011-03-18 10:15:00,2011-12-07 16:29:00,114,8134.9400000000005,264,8.672798948751643,13.144545454545455,71.35912280701754,11255.798799999999,11255.798799999999
16674.0,2011-09-02 13:59:00,2011-10-16 11:31:00,98,319.61,43,1.4126149802890933,69.37488372093023,3.261326530612245,2715.0497860465116,2715.0497860465116
16676.0,2011-01-06 13:00:00,2011-11-06 12:01:00,89,1592.12,303,9.95400788436268,8.941122112211222,17.888988764044942,1919.371596039604,1919.371596039604
16678.0,2011-03-02 09:24:00,2011-12-07 12:17:00,163,3109.99,280,9.198423127463863,17.72042857142857,19.07969325153374,4057.2040971428564,4057.2040971428564
16679.0,2010-12-08 13:51:00,2010-12-08 13:51:00,3,129.75,1,0.0328515111695138,91.32,43.25,47395.079999999994,47395.079999999994
16680.0,2011-10-27 17:35:00,2011-10-27 17:35:00,10,183.7,1,0.0328515111695138,304.4,18.369999999999997,67101.93599999999,67101.93599999999
16681.0,2011-03-31 13:46:00,2011-09-28 11:11:00,44,1770.3400000000001,180,5.913272010512483,7.440888888888889,40.23500000000001,3592.609973333334,3592.609973333334
16682.0,2011-06-05 11:02:00,2011-12-05 12:13:00,30,1028.0,183,6.011826544021025,4.99016393442623,34.266666666666666,2051.9554098360654,2051.9554098360654
16684.0,2010-12-16 17:34:00,2011-12-05 14:06:00,277,66653.56,353,11.59658344283837,23.88634560906516,240.6265703971119,68972.27307875354,68972.27307875354
16685.0,2011-10-09 13:44:00,2011-10-09 13:58:00,62,324.24,1,0.0328515111695138,1887.28,5.2296774193548385,118438.3872,118438.3872
16686.0,2010-12-19 14:41:00,2011-10-23 13:49:00,585,3062.83,307,10.085413929040735,58.004560260586324,5.235606837606838,3644.2688677524434,3644.2688677524434
16688.0,2011-10-10 12:23:00,2011-12-08 15:24:00,62,1260.8600000000001,59,1.938239159001314,31.987796610169493,20.33645161290323,7806.219335593221,7806.219335593221
16689.0,2011-09-18 13:29:00,2011-09-25 11:39:00,13,422.6,6,0.19710906701708278,65.95333333333333,32.50769230769231,25727.888,25727.888
16690.0,2011-05-22 10:53:00,2011-09-28 15:02:00,12,225.58,129,4.23784494086728,2.831627906976744,18.798333333333336,638.758623255814,638.758623255814
16692.0,2011-02-23 15:41:00,2011-03-28 14:46:00,3,1276.0,32,1.0512483574244416,2.85375,425.3333333333333,14565.539999999997,14565.539999999997
16693.0,2011-03-13 11:06:00,2011-10-02 11:10:00,60,482.01,203,6.668856767411301,8.997044334975369,8.0335,867.3330679802955,867.3330679802955
16696.0,2011-04-05 15:20:00,2011-07-27 14:23:00,10,657.9,112,3.679369250985545,2.717857142857143,65.78999999999999,2145.693857142857,2145.693857142857
16697.0,2011-04-12 17:12:00,2011-04-12 17:12:00,21,112.75,1,0.0328515111695138,639.24,5.369047619047619,41185.31999999999,41185.31999999999
16698.0,2011-03-31 13:33:00,2011-04-27 10:52:00,5,1998.0,26,0.8541392904073587,5.853846153846154,399.6,28070.36307692308,28070.36307692308
16700.0,2010-12-08 16:34:00,2011-12-01 11:00:00,308,5076.55,357,11.727989487516425,26.26196078431373,16.482305194805196,5194.291831932774,5194.291831932774
16701.0,2010-12-13 11:51:00,2011-12-01 11:10:00,144,5398.3,352,11.563731931668856,12.452727272727273,37.488194444444446,5601.963136363636,5601.963136363636
16705.0,2010-12-16 10:51:00,2011-12-09 12:08:00,270,14034.99,358,11.76084099868594,22.957541899441342,51.98144444444444,14320.394265921788,14320.394265921788
16706.0,2011-08-17 15:53:00,2011-11-02 13:50:00,123,531.35,76,2.4967148488830486,49.264736842105265,4.319918699186992,2553.8358947368424,2553.8358947368424
16708.0,2011-10-25 12:20:00,2011-10-25 12:20:00,27,656.63,1,0.0328515111695138,821.88,24.31962962962963,239853.8064,239853.8064
16709.0,2011-03-03 10:55:00,2011-09-16 10:56:00,79,3029.87,197,6.471747700394218,12.206903553299492,38.35278481012658,5618.024942131979,5618.024942131979
16710.0,2010-12-06 13:13:00,2011-11-20 14:50:00,402,2483.04,349,11.465177398160314,35.062693409742124,6.1767164179104475,2598.8677684813756,2598.8677684813756
16711.0,2010-12-17 12:43:00,2011-12-06 16:32:00,22,1651.03,354,11.629434954007884,1.8917514124293786,75.04681818181818,1703.6390915254237,1703.6390915254237
16712.0,2011-03-08 15:07:00,2011-11-30 13:48:00,447,3645.43,266,8.73850197109067,51.15293233082706,8.155324384787471,5006.025076691729,5006.025076691729
16713.0,2010-12-08 13:01:00,2011-11-21 12:36:00,624,6923.13,347,11.399474375821287,54.739365994236316,11.094759615384616,7287.841286455333,7287.841286455333
16714.0,2011-01-26 13:40:00,2011-05-05 11:09:00,93,1161.53,98,3.219448094612352,28.886938775510206,12.489569892473117,4329.425289795918,4329.425289795918
16715.0,2011-09-22 18:15:00,2011-09-22 18:15:00,19,301.71999999999997,1,0.0328515111695138,578.36,15.879999999999999,110212.28159999999,110212.28159999999
16716.0,2011-02-01 15:35:00,2011-03-18 10:03:00,2,901.2,44,1.445466491458607,1.3836363636363638,450.6,7481.598545454546,7481.598545454546
16717.0,2010-12-08 16:48:00,2011-11-16 12:16:00,199,3858.38,342,11.235216819973719,17.71216374269006,19.38884422110553,4121.020603508772,4121.020603508772
16718.0,2010-12-05 13:03:00,2010-12-05 13:03:00,45,623.75,1,0.0328515111695138,1369.8,13.86111111111111,227843.39999999997,227843.39999999997
16719.0,2010-12-06 12:06:00,2011-11-25 09:27:00,201,1790.42,353,11.59658344283837,17.332691218130314,8.907562189054726,1852.7042991501419,1852.7042991501419
16720.0,2011-11-13 16:22:00,2011-11-13 16:22:00,27,155.24,1,0.0328515111695138,821.88,5.74962962962963,56706.067200000005,56706.067200000005
16721.0,2011-03-22 16:08:00,2011-03-22 16:08:00,37,292.47,1,0.0328515111695138,1126.28,7.904594594594595,106833.44159999999,106833.44159999999
16722.0,2010-12-06 12:59:00,2011-11-22 13:28:00,225,4730.81,351,11.530880420499342,19.512820512820515,21.025822222222224,4923.277141880343,4923.277141880343
16723.0,2011-08-24 11:31:00,2011-09-09 13:01:00,43,589.15,16,0.5256241787122208,81.80749999999999,13.701162790697675,13450.2945,13450.2945
16725.0,2010-12-03 16:02:00,2011-02-10 16:52:00,151,781.02,69,2.266754270696452,66.61507246376812,5.172317880794702,4134.651965217391,4134.651965217391
16726.0,2010-12-13 13:28:00,2011-11-13 14:53:00,185,1382.02,335,11.005256241787121,16.810149253731346,7.470378378378379,1506.938106268657,1506.938106268657
16727.0,2010-12-10 13:48:00,2010-12-10 13:48:00,46,272.82,1,0.0328515111695138,1400.24,5.9308695652173915,99655.68960000001,99655.68960000001
16728.0,2011-03-20 13:28:00,2011-10-24 14:36:00,269,1054.67,218,7.1616294349540075,37.561284403669724,3.9207063197026026,1767.2011816513764,1767.2011816513764
16729.0,2011-04-12 14:22:00,2011-11-01 14:29:00,660,7239.92,203,6.668856767411301,98.96748768472906,10.969575757575758,13027.576244334976,13027.576244334976
16730.0,2011-01-24 14:01:00,2011-10-18 14:11:00,82,743.11,267,8.771353482260183,9.348614232209739,9.062317073170732,1016.6412764044945,1016.6412764044945
16732.0,2011-11-08 09:54:00,2011-11-08 09:54:00,28,603.75,1,0.0328515111695138,852.3199999999999,21.5625,220537.8,220537.8
16734.0,2011-08-17 15:00:00,2011-10-18 13:44:00,53,650.51,61,2.0039421813403417,26.447868852459017,12.27377358490566,3895.381849180328,3895.381849180328
16735.0,2011-01-09 12:53:00,2011-09-22 11:49:00,125,2300.56,255,8.377135348226018,14.92156862745098,18.40448,3295.484536470588,3295.484536470588
16737.0,2011-10-17 13:03:00,2011-10-17 13:03:00,1,417.6,1,0.0328515111695138,30.439999999999998,417.6,152540.928,152540.928
16738.0,2011-02-15 09:46:00,2011-02-15 09:46:00,1,3.75,1,0.0328515111695138,30.439999999999998,3.75,1369.8,1369.8
16739.0,2011-06-16 09:17:00,2011-06-16 09:17:00,13,323.0,1,0.0328515111695138,395.71999999999997,24.846153846153847,117985.43999999999,117985.43999999999
16742.0,2011-10-24 12:02:00,2011-10-24 12:02:00,1,464.9,1,0.0328515111695138,30.439999999999998,464.9,169818.672,169818.672
16743.0,2010-12-16 12:15:00,2011-11-10 13:13:00,191,2238.09,329,10.808147174770038,17.671854103343467,11.717748691099477,2484.8921434650456,2484.8921434650456
16744.0,2011-06-19 15:13:00,2011-11-28 13:06:00,242,1304.76,161,5.289093298291721,45.75453416149068,5.391570247933884,2960.265421118012,2960.265421118012
16745.0,2011-02-01 11:31:00,2011-09-14 11:58:00,357,7194.3,225,7.391590013140604,48.29813333333334,20.152100840336136,11679.706240000003,11679.706240000003
16746.0,2010-12-16 11:43:00,2011-12-05 12:33:00,449,6697.66,354,11.629434954007884,38.60892655367232,14.91683741648107,6911.076962711865,6911.076962711865
16747.0,2011-10-03 10:18:00,2011-11-02 11:37:00,42,836.0600000000001,30,0.9855453350854139,42.616,19.906190476190478,10179.86656,10179.86656
16748.0,2011-01-09 13:50:00,2011-11-22 10:17:00,69,1515.9,316,10.38107752956636,6.646708860759493,21.969565217391306,1752.3036455696201,1752.3036455696201
16750.0,2011-04-21 16:53:00,2011-10-26 12:48:00,95,623.93,187,6.14323258869908,15.464171122994653,6.567684210526315,1218.7655101604278,1218.7655101604278
16751.0,2011-11-09 10:48:00,2011-11-09 10:48:00,25,1764.72,1,0.0328515111695138,761.0,70.5888,644616.9216,535875.9878400022
16752.0,2010-12-02 12:18:00,2010-12-02 12:18:00,9,207.5,1,0.0328515111695138,273.96,23.055555555555557,75795.6,75795.6
16753.0,2011-10-12 13:14:00,2011-10-12 13:14:00,34,223.92000000000002,1,0.0328515111695138,1034.96,6.5858823529411765,81793.4976,81793.4976
16754.0,2010-12-02 17:38:00,2010-12-02 17:38:00,2,2002.4,1,0.0328515111695138,60.879999999999995,1001.2,731436.672,535875.9878400022
16755.0,2011-01-28 10:47:00,2011-08-17 13:21:00,170,1496.83,201,6.603153745072273,25.745273631840796,8.804882352941176,2720.2092656716413,2720.2092656716413
16756.0,2011-05-09 09:33:00,2011-05-09 09:33:00,13,239.4,1,0.0328515111695138,395.71999999999997,18.415384615384617,87448.032,87448.032
16757.0,2011-01-25 11:59:00,2011-01-25 11:59:00,7,106.83000000000001,1,0.0328515111695138,213.07999999999998,15.261428571428572,39022.8624,39022.8624
16758.0,2011-10-05 14:47:00,2011-10-05 14:47:00,22,369.34000000000003,1,0.0328515111695138,669.68,16.78818181818182,134912.5152,134912.5152
16759.0,2011-11-09 09:06:00,2011-12-02 12:42:00,42,789.79,23,0.7555847568988173,55.58608695652174,18.804523809523808,12543.238747826086,12543.238747826086
16761.0,2011-09-04 11:15:00,2011-09-04 11:15:00,13,316.62,1,0.0328515111695138,395.71999999999997,24.355384615384615,115654.95360000001,115654.95360000001
16762.0,2011-07-18 12:52:00,2011-11-20 11:43:00,89,1501.38,124,4.073587385019711,21.848064516129032,16.869438202247192,4422.774890322581,4422.774890322581
16763.0,2011-05-25 11:52:00,2011-05-25 11:52:00,23,611.8499999999999,1,0.0328515111695138,700.12,26.602173913043476,223496.568,223496.568
16764.0,2011-07-19 17:17:00,2011-12-06 11:41:00,706,2799.25,139,4.566360052562418,154.60892086330935,3.9649433427762037,7356.187338129496,7356.187338129496
16765.0,2011-02-18 15:41:00,2011-02-18 15:41:00,1,34.0,1,0.0328515111695138,30.439999999999998,34.0,12419.52,12419.52
16766.0,2011-03-11 13:34:00,2011-03-11 15:22:00,34,1145.6,1,0.0328515111695138,1034.96,33.69411764705882,418464.768,418464.768
16767.0,2011-01-27 13:38:00,2011-11-09 09:42:00,222,5580.6,285,9.362680683311432,23.711157894736843,25.13783783783784,7152.566905263158,7152.566905263158
16768.0,2011-03-13 10:25:00,2011-10-23 10:38:00,54,478.09000000000003,224,7.35873850197109,7.338214285714286,8.85351851851852,779.628192857143,779.628192857143
16769.0,2011-03-24 13:41:00,2011-03-24 13:41:00,40,380.39,1,0.0328515111695138,1217.6,9.50975,138948.8592,138948.8592
16770.0,2010-12-02 15:49:00,2011-10-13 12:21:00,145,770.1,314,10.315374507227332,14.056687898089171,5.311034482758621,895.8666496815288,895.8666496815288
16771.0,2011-01-05 13:57:00,2011-11-06 13:28:00,255,2246.81,304,9.986859395532194,25.533552631578946,8.811019607843138,2699.719594736842,2699.719594736842
16773.0,2011-10-13 14:37:00,2011-10-13 14:37:00,26,171.59,1,0.0328515111695138,791.4399999999999,6.599615384615385,62678.3952,62678.3952
16774.0,2011-06-14 12:45:00,2011-10-03 12:41:00,48,661.52,110,3.6136662286465175,13.282909090909092,13.781666666666666,2196.7275054545453,2196.7275054545453
16775.0,2010-12-07 15:15:00,2011-11-29 15:22:00,158,1695.66,357,11.727989487516425,13.472044817927172,10.732025316455697,1734.9879126050423,1734.9879126050423
16776.0,2011-10-10 13:04:00,2011-10-10 13:04:00,76,388.28,1,0.0328515111695138,2313.44,5.1089473684210525,141830.9184,141830.9184
16777.0,2011-03-27 14:34:00,2011-09-20 13:41:00,50,226.35,176,5.781865965834428,8.647727272727273,4.527,469.7791363636364,469.7791363636364
16778.0,2011-03-10 15:21:00,2011-09-26 13:48:00,16,245.94,199,6.5374507227332455,2.4474371859296484,15.37125,451.4420261306533,451.4420261306533
16779.0,2010-12-08 09:56:00,2011-12-07 14:54:00,333,10629.72,364,11.957950065703022,27.84758241758242,31.92108108108108,10667.099235164835,10667.099235164835
16780.0,2011-03-25 17:34:00,2011-08-31 16:09:00,60,425.19,158,5.19053876478318,11.559493670886075,7.0865,982.9962227848101,982.9962227848101
16781.0,2010-12-02 14:26:00,2010-12-02 14:26:00,17,311.25,1,0.0328515111695138,517.48,18.308823529411764,113693.40000000001,113693.40000000001
16782.0,2010-12-09 11:28:00,2011-11-29 13:20:00,190,2279.9,355,11.662286465177397,16.291830985915496,11.999473684210527,2345.9207661971836,2345.9207661971836
16784.0,2011-11-20 12:20:00,2011-11-20 12:20:00,3,107.6,1,0.0328515111695138,91.32,35.86666666666667,39304.128,39304.128
16788.0,2011-03-30 13:05:00,2011-08-08 14:53:00,155,597.48,131,4.303547963206308,36.01679389312977,3.854709677419355,1666.011407633588,1666.011407633588
16789.0,2011-12-01 15:12:00,2011-12-01 15:12:00,5,80.80000000000001,1,0.0328515111695138,152.2,16.160000000000004,29514.624000000007,29514.624000000007
16790.0,2011-11-02 11:23:00,2011-12-06 11:53:00,93,1545.6200000000001,34,1.1169513797634691,83.26235294117647,16.61956989247312,16605.413929411767,16605.413929411767
16791.0,2011-01-11 15:42:00,2011-11-10 19:12:00,320,1721.78,303,9.95400788436268,32.14785478547855,5.3805625,2075.6825029702973,2075.6825029702973
16792.0,2011-03-02 14:39:00,2011-03-02 14:41:00,12,110.38,1,0.0328515111695138,365.28,9.198333333333332,40319.6064,40319.6064
16793.0,2011-10-13 15:08:00,2011-10-13 15:08:00,16,243.84,1,0.0328515111695138,487.03999999999996,15.24,89069.8752,89069.8752
16794.0,2011-06-12 14:15:00,2011-12-08 17:54:00,285,1222.71,179,5.88042049934297,48.4659217877095,4.290210526315789,2495.1480938547484,2495.1480938547484
16795.0,2010-12-09 14:08:00,2010-12-09 14:08:00,66,414.88,1,0.0328515111695138,2009.04,6.286060606060606,151547.3664,151547.3664
16796.0,2011-09-11 14:01:00,2011-09-11 14:01:00,18,305.62,1,0.0328515111695138,547.92,16.97888888888889,111636.87359999999,111636.87359999999
16800.0,2011-11-28 14:06:00,2011-11-28 14:06:00,164,1201.49,1,0.0328515111695138,4992.16,7.326158536585366,438880.2672,438880.2672
16801.0,2011-03-11 13:56:00,2011-06-29 15:33:00,76,1619.73,110,3.6136662286465175,21.03127272727273,21.312236842105264,5378.681585454547,5378.681585454547
16803.0,2011-10-05 14:28:00,2011-10-05 14:28:00,24,332.3,1,0.0328515111695138,730.56,13.845833333333333,121382.544,121382.544
16804.0,2011-03-14 15:48:00,2011-11-16 16:43:00,60,536.99,247,8.114323258869907,7.394331983805668,8.949833333333334,794.1364663967613,794.1364663967613
16805.0,2010-12-14 13:35:00,2011-06-19 11:23:00,98,460.59000000000003,186,6.110381077529566,16.038279569892474,4.699897959183674,904.5393290322581,904.5393290322581
16806.0,2011-04-14 19:59:00,2011-08-28 15:27:00,103,801.49,135,4.434954007884363,23.224592592592593,7.781456310679611,2168.6538311111112,2168.6538311111112
16807.0,2011-03-14 09:46:00,2011-07-20 12:00:00,67,1121.59,128,4.204993429697766,15.9334375,16.740149253731342,3200.7374625,3200.7374625
16808.0,2011-03-10 19:05:00,2011-09-01 19:34:00,23,288.42,175,5.7490144546649145,4.000685714285714,12.540000000000001,602.0231862857142,602.0231862857142
16809.0,2011-03-22 15:20:00,2011-11-16 15:45:00,149,914.69,239,7.851511169513797,18.97723849372385,6.138859060402685,1397.9831096234311,1397.9831096234311
16810.0,2011-05-31 15:32:00,2011-05-31 15:32:00,15,309.54,1,0.0328515111695138,456.59999999999997,20.636000000000003,113068.7712,113068.7712
16811.0,2011-11-22 17:19:00,2011-12-05 11:39:00,28,547.07,12,0.39421813403416556,71.02666666666667,19.538214285714286,16652.8108,16652.8108
16812.0,2010-12-14 12:35:00,2010-12-14 12:35:00,15,479.35,1,0.0328515111695138,456.59999999999997,31.956666666666667,175096.968,175096.968
16813.0,2011-05-19 13:28:00,2011-12-01 14:03:00,449,1692.98,196,6.438896189224704,69.73244897959184,3.7705567928730512,3155.161910204082,3155.161910204082
16814.0,2010-12-05 11:45:00,2011-11-25 13:27:00,324,6509.1,355,11.662286465177397,27.78185915492958,20.089814814814815,6697.588867605635,6697.588867605635
16816.0,2010-12-16 17:01:00,2011-08-28 14:16:00,28,417.06,254,8.344283837056505,3.3555905511811024,14.895,599.7782551181102,599.7782551181102
16817.0,2010-12-06 14:19:00,2011-12-07 11:03:00,86,1604.75,365,11.990801576872535,7.172164383561644,18.65988372093023,1605.9810410958903,1605.9810410958903
16818.0,2011-05-18 11:42:00,2011-11-29 10:41:00,188,3349.57,194,6.3731931668856765,29.498556701030928,17.81686170212766,6306.86046185567,6306.86046185567
16820.0,2011-09-05 12:06:00,2011-09-05 12:06:00,26,497.61,1,0.0328515111695138,791.4399999999999,19.138846153846153,181766.9808,181766.9808
16823.0,2011-04-26 15:00:00,2011-04-26 15:00:00,38,358.38,1,0.0328515111695138,1156.72,9.431052631578947,130909.04639999999,130909.04639999999
16824.0,2011-06-28 13:36:00,2011-11-24 12:38:00,26,460.64,148,4.862023653088042,5.347567567567568,17.716923076923077,1136.9093189189189,1136.9093189189189
16825.0,2011-06-07 09:44:00,2011-11-01 11:51:00,28,775.18,147,4.829172141918528,5.798095238095238,27.685,1926.2432,1926.2432
16826.0,2011-10-19 14:05:00,2011-10-19 14:05:00,22,341.7,1,0.0328515111695138,669.68,15.531818181818181,124816.17599999998,124816.17599999998
16828.0,2011-08-19 13:24:00,2011-09-07 15:10:00,8,128.5,19,0.6241787122207622,12.816842105263158,16.0625,2470.446315789474,2470.446315789474
16829.0,2011-07-06 10:48:00,2011-07-06 10:48:00,11,197.22,1,0.0328515111695138,334.84,17.92909090909091,72040.52160000001,72040.52160000001
16830.0,2011-11-01 11:35:00,2011-11-01 11:35:00,23,325.91,1,0.0328515111695138,700.12,14.170000000000002,119048.40480000002,119048.40480000002
16832.0,2011-05-06 14:12:00,2011-06-08 15:36:00,12,199.15,33,1.0840998685939554,11.069090909090908,16.595833333333335,2204.4094545454545,2204.4094545454545
16833.0,2011-01-09 13:02:00,2011-12-08 14:39:00,47,1106.53,333,10.939553219448094,4.296336336336337,23.5431914893617,1213.7936288288288,1213.7936288288288
16834.0,2011-04-26 09:37:00,2011-04-26 09:37:00,24,413.46,1,0.0328515111695138,730.56,17.2275,151028.66879999998,151028.66879999998
16835.0,2010-12-01 17:15:00,2011-08-03 13:50:00,10,180.85,244,8.015768725361367,1.2475409836065574,18.085,270.7413442622951,270.7413442622951
16836.0,2011-08-15 12:38:00,2011-10-31 10:05:00,11,251.87,76,2.4967148488830486,4.4057894736842105,22.89727272727273,1210.5667578947368,1210.5667578947368
16837.0,2011-04-08 08:48:00,2011-11-08 14:27:00,165,3170.98,214,7.030223390275952,23.470093457943925,19.218060606060607,5412.596142056074,5412.596142056074
16838.0,2011-02-24 15:01:00,2011-05-26 13:13:00,25,588.85,90,2.9566360052562417,8.455555555555556,23.554000000000002,2389.945866666667,2389.945866666667
16839.0,2010-12-05 11:15:00,2011-12-01 09:03:00,266,16594.35,360,11.826544021024967,22.491777777777777,62.38477443609022,16837.733799999995,16837.733799999995
16841.0,2011-02-25 12:40:00,2011-11-03 11:51:00,116,1869.82,250,8.21287779237845,14.12416,16.119137931034484,2732.0313984,2732.0313984
16842.0,2011-02-10 14:51:00,2011-08-31 10:42:00,63,1264.19,201,6.603153745072273,9.54089552238806,20.066507936507936,2297.4294686567164,2297.4294686567164
16843.0,2011-01-16 16:10:00,2011-10-28 09:06:00,378,10196.57,284,9.329829172141919,40.515211267605636,26.97505291005291,13114.799611267608,13114.799611267608
16846.0,2011-10-20 13:55:00,2011-10-20 13:55:00,11,214.32,1,0.0328515111695138,334.84,19.483636363636364,78286.8096,78286.8096
16847.0,2011-10-27 13:29:00,2011-10-27 13:29:00,12,193.44,1,0.0328515111695138,365.28,16.12,70659.76319999999,70659.76319999999
16848.0,2011-10-18 08:42:00,2011-10-18 08:42:00,14,281.42,1,0.0328515111695138,426.15999999999997,20.101428571428574,102797.09760000001,102797.09760000001
16849.0,2011-06-06 09:16:00,2011-06-06 09:16:00,8,124.57,1,0.0328515111695138,243.51999999999998,15.57125,45502.929599999996,45502.929599999996
16850.0,2011-01-10 11:09:00,2011-01-10 11:09:00,19,332.41,1,0.0328515111695138,578.36,17.495263157894737,121422.7248,121422.7248
16851.0,2011-10-19 09:48:00,2011-12-05 13:32:00,20,342.45,47,1.5440210249671484,12.953191489361702,17.1225,2661.4922553191486,2661.4922553191486
16852.0,2011-06-16 15:49:00,2011-11-29 13:22:00,9,144.91,165,5.4204993429697765,1.6603636363636365,16.10111111111111,320.8043927272727,320.8043927272727
16855.0,2011-10-27 16:31:00,2011-11-16 12:03:00,19,328.40000000000003,19,0.6241787122207622,30.44,17.284210526315793,6313.576421052634,6313.576421052634
16856.0,2011-11-25 08:59:00,2011-11-25 08:59:00,2,35.400000000000006,1,0.0328515111695138,60.879999999999995,17.700000000000003,12930.912,12930.912
16858.0,2010-12-06 09:52:00,2010-12-06 09:52:00,10,375.69000000000005,1,0.0328515111695138,304.4,37.569,137232.04320000001,137232.04320000001
16859.0,2011-03-23 13:39:00,2011-07-18 12:19:00,52,747.81,116,3.8107752956636003,13.645517241379311,14.380961538461538,2354.8279034482757,2354.8279034482757
16861.0,2011-07-04 15:38:00,2011-10-11 09:05:00,6,173.76,98,3.219448094612352,1.8636734693877552,28.959999999999997,647.6638040816326,647.6638040816326
16863.0,2010-12-08 08:58:00,2011-11-08 15:26:00,26,502.8,335,11.005256241787121,2.362507462686567,19.338461538461537,548.2471164179104,548.2471164179104
16866.0,2011-07-01 12:34:00,2011-07-22 10:06:00,11,207.74,20,0.657030223390276,16.742,18.885454545454547,3794.1633600000005,3794.1633600000005
16869.0,2011-06-17 13:01:00,2011-11-17 12:02:00,128,825.4200000000001,152,4.993429697766097,25.633684210526315,6.448593750000001,1983.6145894736844,1983.6145894736844
16871.0,2011-03-14 10:31:00,2011-11-17 19:27:00,137,2812.34,248,8.147174770039422,16.815645161290323,20.528029197080293,4142.304658064517,4142.304658064517
16872.0,2011-06-08 14:32:00,2011-09-23 16:05:00,7,680.02,107,3.515111695137976,1.9914018691588786,97.14571428571428,2321.4738841121493,2321.4738841121493
16873.0,2010-12-10 15:45:00,2011-12-05 12:05:00,279,7123.62,359,11.793692509855452,23.656713091922008,25.53268817204301,7248.233742618385,7248.233742618385
16875.0,2011-01-04 10:37:00,2011-10-03 13:39:00,112,2095.53,272,8.935611038107753,12.534117647058823,18.710089285714286,2814.173523529412,2814.173523529412
16877.0,2011-05-15 16:13:00,2011-11-27 13:47:00,159,853.72,195,6.40604467805519,24.820307692307694,5.369308176100629,1599.2145723076924,1599.2145723076924
16878.0,2011-09-16 17:39:00,2011-09-16 17:39:00,3,13.3,1,0.0328515111695138,91.32,4.433333333333334,4858.224,4858.224
16880.0,2011-06-03 16:45:00,2011-11-09 11:33:00,178,1519.08,158,5.19053876478318,34.293164556962026,8.534157303370787,3511.9591291139245,3511.9591291139245
16881.0,2011-10-04 10:33:00,2011-10-04 10:33:00,1,432.0,1,0.0328515111695138,30.439999999999998,432.0,157800.95999999996,157800.95999999996
16882.0,2011-01-26 17:43:00,2011-10-04 10:42:00,39,705.12,250,8.21287779237845,4.74864,18.080000000000002,1030.2649344000001,1030.2649344000001
16883.0,2010-12-03 10:33:00,2011-06-05 12:51:00,38,276.73,184,6.044678055190539,6.286521739130435,7.282368421052632,549.3692086956522,549.3692086956522
16884.0,2011-11-02 10:16:00,2011-11-02 11:52:00,26,429.84,1,0.0328515111695138,791.4399999999999,16.53230769230769,157011.95519999997,157011.95519999997
16885.0,2010-12-17 17:23:00,2011-11-24 13:40:00,101,471.51,341,11.202365308804204,9.015953079178887,4.668415841584158,505.08261818181825,505.08261818181825
16887.0,2011-11-04 14:07:00,2011-11-04 14:07:00,37,194.88,1,0.0328515111695138,1126.28,5.2670270270270265,71185.7664,71185.7664
16889.0,2011-01-07 10:47:00,2011-05-29 11:05:00,135,1578.67,142,4.664914586070959,28.93943661971831,11.693851851851852,4060.961814084507,4060.961814084507
16891.0,2010-12-03 11:35:00,2011-12-08 11:15:00,203,809.7,369,12.12220762155059,16.746124661246615,3.9886699507389163,801.5371707317074,801.5371707317074
16892.0,2011-06-09 11:35:00,2011-12-08 13:18:00,99,525.54,182,5.978975032851511,16.55802197802198,5.308484848484848,1054.7761054945056,1054.7761054945056
16893.0,2010-12-08 12:06:00,2010-12-08 12:06:00,45,145.93,1,0.0328515111695138,1369.8,3.242888888888889,53305.3104,53305.3104
16895.0,2011-10-06 12:15:00,2011-10-06 12:15:00,69,219.14,1,0.0328515111695138,2100.36,3.175942028985507,80047.4592,80047.4592
16897.0,2011-01-30 11:52:00,2011-02-13 15:02:00,37,289.78,14,0.45992115637319314,80.44857142857143,7.831891891891891,7560.774171428569,7560.774171428569
16898.0,2010-12-06 12:23:00,2011-11-13 15:44:00,162,508.81,342,11.235216819973719,14.418947368421053,3.1408024691358025,543.4447859649124,543.4447859649124
16899.0,2010-12-14 13:11:00,2011-12-02 12:03:00,125,1281.56,352,11.563731931668856,10.809659090909092,10.25248,1329.9097636363638,1329.9097636363638
16900.0,2011-10-07 13:17:00,2011-11-23 10:32:00,79,887.11,46,1.5111695137976346,52.27739130434783,11.229240506329115,7044.424800000001,7044.424800000001
16902.0,2011-08-15 14:17:00,2011-08-15 14:17:00,44,1706.88,1,0.0328515111695138,1339.36,38.79272727272728,623489.1264,535875.9878400022
16903.0,2011-11-10 15:32:00,2011-11-10 15:32:00,60,373.24,1,0.0328515111695138,1826.3999999999999,6.220666666666667,136337.1072,136337.1072
16904.0,2010-12-07 13:29:00,2011-12-05 13:10:00,710,3754.27,362,11.892247043363994,59.70276243093923,5.287704225352113,3788.286590055249,3788.286590055249
16905.0,2010-12-03 10:43:00,2011-12-04 14:01:00,208,3102.43,366,12.02365308804205,17.299234972677596,14.915528846153846,3096.3268590163934,3096.3268590163934
16906.0,2011-04-05 12:30:00,2011-09-19 11:49:00,93,579.77,166,5.45335085413929,17.053734939759035,6.234086021505376,1275.7734072289154,1275.7734072289154
16907.0,2010-12-09 16:52:00,2011-11-10 18:04:00,151,981.65,336,11.038107752956636,13.679880952380953,6.500993377483444,1067.1937857142857,1067.1937857142857
16909.0,2011-09-28 16:45:00,2011-09-28 16:45:00,18,379.14,1,0.0328515111695138,547.92,21.063333333333333,138492.25919999997,138492.25919999997
16910.0,2011-09-09 14:14:00,2011-12-05 12:51:00,547,1510.06,86,2.8252299605781865,193.61255813953488,2.7606215722120657,6413.892055813954,6413.892055813954
16912.0,2011-01-20 15:42:00,2011-11-11 12:18:00,101,2575.38,294,9.658344283837057,10.457278911564625,25.49881188118812,3199.778253061225,3199.778253061225
16913.0,2011-02-22 12:56:00,2011-02-22 12:56:00,8,113.44,1,0.0328515111695138,243.51999999999998,14.18,41437.36319999999,41437.36319999999
16914.0,2011-11-03 15:27:00,2011-11-03 15:27:00,38,208.46,1,0.0328515111695138,1156.72,5.4857894736842105,76146.26879999999,76146.26879999999
16915.0,2011-03-01 09:52:00,2011-11-30 16:39:00,57,621.6800000000001,274,9.00131406044678,6.332408759124087,10.906666666666668,828.7856583941606,828.7856583941606
16916.0,2010-12-02 13:14:00,2011-11-16 12:08:00,143,576.26,348,11.432325886990801,12.5083908045977,4.029790209790209,604.8742896551723,604.8742896551723
16917.0,2011-03-08 11:55:00,2011-03-08 11:55:00,9,391.52,1,0.0328515111695138,273.96,43.50222222222222,143014.4256,143014.4256
16918.0,2011-01-26 17:37:00,2011-10-21 12:50:00,128,1068.82,267,8.771353482260183,14.592958801498128,8.35015625,1462.2418337078652,1462.2418337078652
16919.0,2010-12-06 12:52:00,2011-07-06 13:35:00,327,2596.45,212,6.964520367936925,46.9522641509434,7.940214067278287,4473.732339622641,4473.732339622641
16921.0,2011-10-09 16:22:00,2011-10-09 16:22:00,60,169.79,1,0.0328515111695138,1826.3999999999999,2.829833333333333,62020.8912,62020.8912
16923.0,2010-12-12 11:06:00,2011-11-27 13:00:00,672,7247.61,350,11.498028909329829,58.4448,10.785133928571428,7564.019945142856,7564.019945142856
16924.0,2011-09-16 12:54:00,2011-11-18 12:53:00,83,846.75,62,2.0367936925098555,40.75032258064516,10.201807228915662,4988.723225806451,4988.723225806451
16926.0,2010-12-03 13:42:00,2010-12-03 13:42:00,14,230.25,1,0.0328515111695138,426.15999999999997,16.446428571428573,84105.72,84105.72
16927.0,2010-12-13 11:57:00,2011-08-16 11:10:00,6,543.05,245,8.04862023653088,0.7454693877551021,90.50833333333333,809.6543020408162,809.6543020408162
16928.0,2010-12-01 15:21:00,2011-09-20 15:10:00,209,2847.6,292,9.592641261498029,21.78753424657534,13.62488038277512,3562.2305753424653,3562.2305753424653
16929.0,2011-07-07 12:39:00,2011-12-06 08:37:00,77,1295.39,151,4.9605781865965834,15.522384105960265,16.823246753246753,3133.6427761589407,3133.6427761589407
16930.0,2011-10-02 14:25:00,2011-11-13 16:13:00,54,380.55,42,1.3797634691195795,39.137142857142855,7.0472222222222225,3309.697714285714,3309.697714285714
16931.0,2010-12-05 11:40:00,2011-12-04 13:15:00,898,4604.22,364,11.957950065703022,75.09648351648352,5.127193763919822,4620.410663736264,4620.410663736264
16932.0,2011-10-17 14:12:00,2011-10-17 14:12:00,53,161.94,1,0.0328515111695138,1613.32,3.0554716981132075,59153.443199999994,59153.443199999994
16933.0,2011-04-14 13:33:00,2011-12-08 12:54:00,44,563.23,237,7.7858081471747695,5.651308016877637,12.800681818181818,868.0871493670886,868.0871493670886
16934.0,2011-10-16 12:25:00,2011-10-16 12:40:00,62,950.9300000000001,1,0.0328515111695138,1887.28,15.33758064516129,347355.7104,347355.7104
16936.0,2011-11-14 11:04:00,2011-11-14 11:04:00,57,262.68,1,0.0328515111695138,1735.08,4.608421052631579,95951.75039999999,95951.75039999999
16938.0,2011-02-04 09:34:00,2011-12-01 10:20:00,241,2736.38,300,9.85545335085414,24.453466666666667,11.354273858921163,3331.816288,3331.816288
16940.0,2011-02-23 12:27:00,2011-10-18 13:15:00,305,3049.88,237,7.7858081471747695,39.17383966244726,9.99960655737705,4700.6758075949365,4700.6758075949365
16942.0,2011-04-26 11:59:00,2011-11-27 12:40:00,281,1920.59,215,7.063074901445466,39.78437209302326,6.834839857651246,3263.0377451162794,3263.0377451162794
16943.0,2011-01-25 14:00:00,2011-05-12 11:57:00,33,816.73,106,3.4822601839684624,9.476603773584905,24.74939393939394,2814.4824,2814.4824
16945.0,2010-12-16 17:49:00,2011-11-18 11:39:00,249,4345.5,336,11.038107752956636,22.558214285714286,17.451807228915662,4724.1792857142855,4724.1792857142855
16947.0,2011-04-18 09:38:00,2011-04-18 09:38:00,21,406.48,1,0.0328515111695138,639.24,19.356190476190477,148479.01440000001,148479.01440000001
16948.0,2011-01-18 10:58:00,2011-07-24 12:46:00,19,435.02,187,6.14323258869908,3.0928342245989304,22.89578947368421,849.7545754010695,849.7545754010695
16949.0,2011-01-27 12:11:00,2011-12-06 11:07:00,60,1286.27,312,10.249671484888305,5.8538461538461535,21.437833333333334,1505.9253384615383,1505.9253384615383
16950.0,2010-12-07 15:20:00,2011-10-14 09:06:00,42,1178.56,310,10.183968462549277,4.124129032258065,28.06095238095238,1388.7238606451613,1388.7238606451613
16951.0,2011-02-08 14:58:00,2011-07-28 12:05:00,86,1277.75,169,5.551905387647832,15.490177514792899,14.857558139534884,2761.7545562130176,2761.7545562130176
16952.0,2011-08-22 12:58:00,2011-08-22 13:03:00,16,167.61,1,0.0328515111695138,487.03999999999996,10.475625,61224.580799999996,61224.580799999996
16953.0,2011-11-09 15:54:00,2011-11-09 15:54:00,1,20.8,1,0.0328515111695138,30.439999999999998,20.8,7597.823999999999,7597.823999999999
16954.0,2010-12-15 10:41:00,2011-12-09 09:46:00,54,2085.08,358,11.76084099868594,4.5915083798882685,38.61259259259259,2127.480509497207,2127.480509497207
16955.0,2010-12-01 13:31:00,2011-06-08 10:36:00,25,518.67,188,6.176084099868594,4.047872340425532,20.746799999999997,1007.7647744680851,1007.7647744680851
16956.0,2011-11-22 08:56:00,2011-11-22 08:56:00,16,308.74,1,0.0328515111695138,487.03999999999996,19.29625,112776.5472,112776.5472
16957.0,2011-03-03 09:25:00,2011-04-14 13:56:00,16,416.64,42,1.3797634691195795,11.596190476190477,26.04,3623.5776000000005,3623.5776000000005
16959.0,2011-09-13 15:03:00,2011-09-13 15:03:00,7,117.35000000000001,1,0.0328515111695138,213.07999999999998,16.764285714285716,42865.608,42865.608
16960.0,2011-04-01 11:54:00,2011-11-01 11:35:00,101,507.05,213,6.9973718791064385,14.433990610328639,5.02029702970297,869.5550422535212,869.5550422535212
16961.0,2011-08-15 13:46:00,2011-08-15 13:46:00,14,234.17000000000002,1,0.0328515111695138,426.15999999999997,16.726428571428574,85537.61760000001,85537.61760000001
16963.0,2011-06-05 13:48:00,2011-06-05 13:48:00,7,110.55000000000001,1,0.0328515111695138,213.07999999999998,15.792857142857144,40381.704000000005,40381.704000000005
16965.0,2011-04-27 12:08:00,2011-04-27 12:08:00,26,201.19,1,0.0328515111695138,791.4399999999999,7.738076923076923,73490.6832,73490.6832
16966.0,2011-04-13 14:17:00,2011-12-01 13:40:00,28,2154.97,231,7.588699080157687,3.68969696969697,76.96321428571427,3407.651262337662,3407.651262337662
16967.0,2011-06-03 14:24:00,2011-06-03 14:24:00,21,319.02,1,0.0328515111695138,639.24,15.19142857142857,116531.62559999998,116531.62559999998
16968.0,2011-08-24 10:51:00,2011-12-05 15:02:00,31,439.43,103,3.383705650459921,9.161553398058253,14.175161290322581,1558.397965048544,1558.397965048544
16969.0,2011-06-01 12:10:00,2011-10-31 13:12:00,42,650.41,152,4.993429697766097,8.411052631578947,15.48595238095238,1563.0379263157893,1563.0379263157893
16971.0,2011-11-01 15:06:00,2011-11-01 15:06:00,41,357.21,1,0.0328515111695138,1248.04,8.712439024390243,130481.66879999998,130481.66879999998
16976.0,2011-03-17 16:33:00,2011-03-17 16:33:00,2,251.51999999999998,1,0.0328515111695138,60.879999999999995,125.75999999999999,91875.22559999999,91875.22559999999
16978.0,2011-09-23 12:50:00,2011-09-23 12:50:00,39,344.33,1,0.0328515111695138,1187.1599999999999,8.828974358974358,125776.86239999997,125776.86239999997
16979.0,2011-02-15 09:20:00,2011-12-06 12:21:00,89,1852.0,294,9.658344283837057,9.214829931972789,20.808988764044944,2301.0155102040817,2301.0155102040817
16980.0,2011-02-21 12:58:00,2011-03-29 16:36:00,87,1078.96,36,1.1826544021024967,73.56333333333333,12.401839080459771,10947.847466666666,10947.847466666666
16982.0,2011-10-10 12:28:00,2011-10-10 12:28:00,22,384.06,1,0.0328515111695138,669.68,17.457272727272727,140289.4368,140289.4368
16983.0,2010-12-05 12:34:00,2011-11-27 12:10:00,148,1931.25,356,11.695137976346912,12.654831460674158,13.048986486486486,1981.5926966292136,1981.5926966292136
16984.0,2011-08-01 17:37:00,2011-09-12 13:43:00,407,4481.35,41,1.3469119579500657,302.1726829268293,11.010687960687962,39925.54946341464,39925.54946341464
16985.0,2010-12-16 10:38:00,2011-11-22 13:33:00,120,5464.12,341,11.202365308804204,10.712023460410558,45.53433333333333,5853.1781630498535,5853.1781630498535
16986.0,2011-11-09 15:52:00,2011-11-10 11:55:00,3,1873.2,1,0.0328515111695138,91.32,624.4,684242.4959999999,535875.9878400022
16987.0,2011-05-18 15:55:00,2011-12-06 17:26:00,129,1625.05,202,6.636005256241787,19.43940594059406,12.597286821705426,2938.6052673267327,2938.6052673267327
16988.0,2011-12-04 16:02:00,2011-12-04 16:02:00,7,126.12,1,0.0328515111695138,213.07999999999998,18.017142857142858,46069.1136,46069.1136
16989.0,2011-07-12 09:11:00,2011-12-02 16:39:00,12,1133.25,143,4.697766097240473,2.5544055944055946,94.4375,2894.78013986014,2894.78013986014
16990.0,2011-05-05 08:30:00,2011-05-05 08:30:00,1,179.0,1,0.0328515111695138,30.439999999999998,179.0,65385.119999999995,65385.119999999995
16992.0,2011-02-28 10:37:00,2011-11-29 11:50:00,93,1614.31,274,9.00131406044678,10.331824817518248,17.358172043010754,2152.099112408759,2152.099112408759
16996.0,2010-12-21 13:22:00,2011-11-09 16:43:00,37,1456.96,323,10.611038107752956,3.4869349845201243,39.3772972972973,1647.6729065015481,1647.6729065015481
16997.0,2011-01-18 11:51:00,2011-02-24 17:28:00,12,702.0,37,1.2155059132720105,9.872432432432433,58.5,6930.447567567568,6930.447567567568
16998.0,2011-02-08 15:42:00,2011-07-13 09:44:00,4,295.0,154,5.059132720105125,0.7906493506493506,73.75,699.7246753246752,699.7246753246752
16999.0,2011-09-26 15:43:00,2011-11-16 13:53:00,23,484.82,50,1.6425755584756898,14.0024,21.07913043478261,3541.900992,3541.900992
17001.0,2010-12-16 09:35:00,2011-12-09 09:38:00,169,3989.57,358,11.76084099868594,14.369720670391063,23.606923076923078,4070.69868603352,4070.69868603352
17002.0,2011-02-22 11:46:00,2011-09-15 12:40:00,49,1493.73,205,6.734559789750328,7.2759024390243905,30.484285714285715,2661.6082653658536,2661.6082653658536
17004.0,2011-09-08 12:16:00,2011-10-24 14:25:00,44,1412.94,46,1.5111695137976346,29.116521739130437,32.11227272727273,11219.972243478263,11219.972243478263
17006.0,2011-09-25 12:15:00,2011-12-05 12:09:00,44,781.78,70,2.299605781865966,19.133714285714284,17.76772727272727,4079.551405714285,4079.551405714285
17007.0,2010-12-17 13:57:00,2011-10-20 10:47:00,52,889.9300000000001,306,10.052562417871222,5.17281045751634,17.114038461538463,1062.3321254901962,1062.3321254901962
17010.0,2011-11-21 14:49:00,2011-11-21 14:49:00,11,195.36,1,0.0328515111695138,334.84,17.76,71361.1008,71361.1008
17011.0,2011-11-09 13:30:00,2011-11-09 13:30:00,15,270.9,1,0.0328515111695138,456.59999999999997,18.06,98954.35199999998,98954.35199999998
17014.0,2011-10-04 11:36:00,2011-12-01 14:09:00,74,586.33,58,1.9053876478318001,38.83724137931035,7.923378378378379,3692.6659034482764,3692.6659034482764
17015.0,2011-06-07 13:19:00,2011-11-11 10:45:00,217,1842.56,156,5.124835742444152,42.342820512820516,8.491059907834101,4314.425107692308,4314.425107692308
17017.0,2010-12-02 10:17:00,2011-12-07 09:32:00,252,8694.26,369,12.12220762155059,20.78829268292683,34.50103174603175,8606.610549593497,8606.610549593497
17018.0,2011-01-18 08:46:00,2011-10-30 11:42:00,16,920.1,285,9.362680683311432,1.7089122807017545,57.50625,1179.2776421052633,1179.2776421052633
17019.0,2010-12-06 12:55:00,2011-11-28 13:06:00,234,1272.61,357,11.727989487516425,19.952268907563028,5.4385042735042735,1302.1259966386556,1302.1259966386556
17022.0,2011-11-08 17:09:00,2011-11-08 17:09:00,7,71.0,1,0.0328515111695138,213.07999999999998,10.142857142857142,25934.879999999997,25934.879999999997
17024.0,2011-07-05 09:31:00,2011-10-25 13:47:00,3,95.85,112,3.679369250985545,0.8153571428571429,31.95,312.6079285714286,312.6079285714286
17025.0,2010-12-01 15:45:00,2011-10-10 09:06:00,9,357.77,312,10.249671484888305,0.8780769230769231,39.75222222222222,418.86610769230765,418.86610769230765
17026.0,2010-12-05 12:47:00,2011-06-07 14:28:00,4,154.83,184,6.044678055190539,0.6617391304347826,38.7075,307.3712086956522,307.3712086956522
17027.0,2011-01-26 14:19:00,2011-09-22 12:24:00,153,890.29,238,7.818659658344283,19.56857142857143,5.818888888888889,1366.4081142857144,1366.4081142857144
17029.0,2011-04-17 10:57:00,2011-08-21 11:06:00,2,716.0,126,4.139290407358739,0.48317460317460315,358.0,2075.718095238095,2075.718095238095
17030.0,2011-10-07 08:49:00,2011-10-07 08:49:00,11,146.87,1,0.0328515111695138,334.84,13.351818181818182,53648.673599999995,53648.673599999995
17031.0,2011-07-08 09:38:00,2011-11-28 10:23:00,22,380.35,143,4.697766097240473,4.683076923076923,17.288636363636364,971.568167832168,971.568167832168
17033.0,2010-12-15 13:21:00,2011-09-14 14:34:00,28,1030.14,273,8.968462549277266,3.1220512820512822,36.79071428571429,1378.3499604395606,1378.3499604395606
17034.0,2011-02-25 10:10:00,2011-11-23 15:14:00,30,745.52,271,8.902759526938238,3.3697416974169743,24.850666666666665,1004.883932103321,1004.883932103321
17035.0,2011-02-01 12:27:00,2011-04-08 11:23:00,28,433.53000000000003,65,2.135348226018397,13.112615384615385,15.483214285714286,2436.305206153846,2436.305206153846
17037.0,2011-09-13 12:49:00,2011-09-13 12:49:00,75,1267.32,1,0.0328515111695138,2283.0,16.8976,462926.6496,462926.6496
17038.0,2011-11-09 13:50:00,2011-11-09 13:50:00,22,112.4,1,0.0328515111695138,669.68,5.109090909090909,41057.472,41057.472
17040.0,2011-07-25 10:19:00,2011-07-25 10:19:00,15,449.73,1,0.0328515111695138,456.59999999999997,29.982000000000003,164277.3744,164277.3744
17041.0,2010-12-14 11:43:00,2011-11-13 11:21:00,70,1081.57,333,10.939553219448094,6.3987987987988,15.450999999999999,1186.414082882883,1186.414082882883
17042.0,2011-04-06 14:53:00,2011-12-07 12:26:00,98,1044.38,244,8.015768725361367,12.225901639344261,10.656938775510206,1563.4882229508198,1563.4882229508198
17043.0,2011-03-18 14:53:00,2011-11-07 15:33:00,102,1735.18,234,7.687253613666228,13.26871794871795,17.01156862745098,2708.660471794872,2708.660471794872
17044.0,2011-11-14 14:28:00,2011-11-14 14:28:00,6,948.48,1,0.0328515111695138,182.64,158.08,346460.7744,346460.7744
17045.0,2011-04-06 12:08:00,2011-08-18 17:09:00,22,339.44,134,4.402102496714849,4.9976119402985075,15.42909090909091,925.3033074626867,925.3033074626867
17046.0,2011-07-05 14:24:00,2011-07-05 14:24:00,22,642.02,1,0.0328515111695138,669.68,29.182727272727274,234517.06559999997,234517.06559999997
17047.0,2011-05-18 16:50:00,2011-09-15 13:27:00,65,1100.9,119,3.9093298291721417,16.626890756302522,16.93692307692308,3379.300436974791,3379.300436974791
17048.0,2011-01-12 16:51:00,2011-08-14 11:49:00,43,925.35,213,6.9973718791064385,6.145164319248827,21.519767441860466,1586.9100845070425,1586.9100845070425
17049.0,2011-03-09 08:33:00,2011-12-07 10:48:00,318,5659.9800000000005,273,8.968462549277266,35.45758241758242,17.79867924528302,7573.177635164837,7573.177635164837
17050.0,2011-02-13 12:41:00,2011-09-04 13:48:00,316,3228.84,203,6.668856767411301,47.384433497536946,10.217848101265822,5810.003326108374,5810.003326108374
17051.0,2011-05-29 14:13:00,2011-05-29 14:13:00,43,247.14,1,0.0328515111695138,1308.9199999999998,5.747441860465116,90275.2992,90275.2992
17052.0,2011-11-11 14:50:00,2011-11-11 14:50:00,92,413.75,1,0.0328515111695138,2800.48,4.497282608695652,151134.6,151134.6
17053.0,2011-08-01 10:23:00,2011-08-01 10:23:00,13,498.48,1,0.0328515111695138,395.71999999999997,38.34461538461539,182084.7744,182084.7744
17054.0,2011-04-08 13:14:00,2011-11-11 12:56:00,83,1356.33,216,7.09592641261498,11.696851851851852,16.34132530120482,2293.704733333333,2293.704733333333
17058.0,2011-04-14 09:18:00,2011-09-19 10:13:00,62,1179.89,158,5.19053876478318,11.94481012658228,19.030483870967743,2727.7861974683547,2727.7861974683547
17059.0,2010-12-05 12:35:00,2011-11-10 12:27:00,516,3095.04,339,11.136662286465176,46.333451327433636,5.9981395348837205,3334.9740743362836,3334.9740743362836
17060.0,2011-03-18 13:27:00,2011-03-18 13:27:00,5,234.24,1,0.0328515111695138,152.2,46.848,85563.1872,85563.1872
17061.0,2011-04-21 13:29:00,2011-09-27 11:24:00,99,5232.2300000000005,158,5.19053876478318,19.073164556962027,52.850808080808086,12096.385913924052,12096.385913924052
17062.0,2010-12-05 11:59:00,2011-01-30 11:01:00,70,538.37,55,1.8068331143232588,38.74181818181818,7.691,3575.5598836363633,3575.5598836363633
17063.0,2011-02-23 13:44:00,2011-11-18 16:19:00,78,1461.14,268,8.804204993429698,8.859402985074627,18.732564102564105,1991.5120119402989,1991.5120119402989
17064.0,2011-01-16 16:10:00,2011-10-12 10:18:00,62,859.35,268,8.804204993429698,7.042089552238806,13.860483870967743,1171.2812238805968,1171.2812238805968
17068.0,2010-12-06 13:58:00,2011-11-27 13:14:00,296,4552.14,355,11.662286465177397,25.380957746478877,15.378851351351353,4683.959716056339,4683.959716056339
17069.0,2010-12-01 16:49:00,2011-11-11 17:13:00,143,2709.7000000000003,345,11.333771353482259,12.617159420289857,18.948951048951052,2868.9832347826095,2868.9832347826095
17070.0,2011-08-17 17:01:00,2011-08-17 17:01:00,64,312.14,1,0.0328515111695138,1948.1599999999999,4.8771875,114018.49919999999,114018.49919999999
17071.0,2011-02-03 08:18:00,2011-11-11 16:31:00,140,2429.03,281,9.231274638633376,15.165836298932385,17.350214285714287,3157.566115302491,3157.566115302491
17073.0,2011-08-22 14:37:00,2011-11-22 11:47:00,174,1446.09,91,2.9894875164257555,58.20395604395605,8.310862068965516,5804.7006065934065,5804.7006065934065
17075.0,2011-01-26 13:20:00,2011-11-22 11:58:00,77,834.12,299,9.822601839684625,7.839063545150502,10.832727272727272,1019.0212494983277,1019.0212494983277
17076.0,2010-12-10 10:08:00,2011-11-03 17:53:00,25,841.0799999999999,328,10.775295663600525,2.3201219512195124,33.6432,936.6759219512196,936.6759219512196
17078.0,2011-11-03 18:49:00,2011-11-03 19:17:00,28,378.2,1,0.0328515111695138,852.3199999999999,13.507142857142856,138148.89599999998,138148.89599999998
17079.0,2011-09-22 15:34:00,2011-09-22 15:34:00,2,118.80000000000001,1,0.0328515111695138,60.879999999999995,59.400000000000006,43395.263999999996,43395.263999999996
17080.0,2011-03-15 12:05:00,2011-11-17 12:59:00,8,287.62,247,8.114323258869907,0.9859109311740891,35.9525,425.3515530364373,425.3515530364373
17081.0,2011-10-24 13:08:00,2011-11-14 12:56:00,64,290.16,20,0.657030223390276,97.408,4.53375,5299.48224,5299.48224
17082.0,2011-01-25 14:36:00,2011-11-06 15:17:00,81,2003.8500000000001,285,9.362680683311432,8.651368421052632,24.73888888888889,2568.302905263158,2568.302905263158
17083.0,2011-02-09 11:38:00,2011-08-22 15:43:00,52,1405.78,194,6.3731931668856765,8.15917525773196,27.034230769230767,2646.924321649484,2646.924321649484
17084.0,2011-11-04 14:49:00,2011-11-04 14:54:00,162,2949.75,1,0.0328515111695138,4931.28,18.208333333333332,1077484.6799999997,535875.9878400022
17085.0,2010-12-12 12:24:00,2011-08-08 14:15:00,187,1566.65,239,7.851511169513797,23.817071129707113,8.377807486631017,2394.4180418410047,2394.4180418410047
17086.0,2011-10-07 11:22:00,2011-12-02 13:54:00,96,2050.08,56,1.8396846254927726,52.182857142857145,21.355,13372.378971428572,13372.378971428572
17088.0,2011-03-31 09:48:00,2011-11-11 14:23:00,115,1991.01,225,7.391590013140604,15.558222222222224,17.313130434782607,3232.338368,3232.338368
17090.0,2010-12-20 13:52:00,2011-12-05 13:44:00,63,2043.95,349,11.465177398160314,5.494899713467049,32.4436507936508,2139.295289398281,2139.295289398281
17091.0,2010-12-07 09:55:00,2011-12-07 10:43:00,195,3827.76,365,11.990801576872535,16.26246575342466,19.629538461538463,3830.6963638356174,3830.6963638356174
17092.0,2011-03-07 14:51:00,2011-10-20 19:51:00,125,1777.78,227,7.457293035479632,16.762114537444933,14.22224,2860.7377903083698,2860.7377903083698
17094.0,2011-01-21 13:09:00,2011-01-21 13:09:00,14,302.0,1,0.0328515111695138,426.15999999999997,21.571428571428573,110314.56,110314.56
17095.0,2011-01-09 11:05:00,2011-11-17 12:21:00,74,1324.16,312,10.249671484888305,7.21974358974359,17.894054054054056,1550.2857846153847,1550.2857846153847
17096.0,2011-03-23 12:05:00,2011-11-24 15:01:00,48,1022.13,246,8.081471747700395,5.939512195121951,21.294375,1517.7383999999997,1517.7383999999997
17097.0,2010-12-09 14:55:00,2011-12-07 17:05:00,211,954.42,363,11.925098554533507,17.693774104683197,4.523317535545024,960.4147041322316,960.4147041322316
17100.0,2011-11-21 16:36:00,2011-11-21 16:36:00,65,971.74,1,0.0328515111695138,1978.6,14.949846153846154,354957.1872,354957.1872
17101.0,2011-06-14 14:49:00,2011-11-29 13:57:00,42,1621.73,167,5.486202365308804,7.655568862275449,38.61261904761905,3547.2187688622753,3547.2187688622753
17102.0,2011-03-23 10:08:00,2011-03-23 10:08:00,1,25.5,1,0.0328515111695138,30.439999999999998,25.5,9314.64,9314.64
17105.0,2011-02-06 14:46:00,2011-07-03 15:53:00,90,665.78,147,4.829172141918528,18.63673469387755,7.397555555555555,1654.3953632653056,1654.3953632653056
17107.0,2011-03-06 15:17:00,2011-11-06 14:14:00,418,10815.43,244,8.015768725361367,52.147213114754095,25.874234449760767,16191.230616393445,16191.230616393445
17109.0,2011-04-21 15:46:00,2011-11-10 16:59:00,117,885.04,203,6.668856767411301,17.54423645320197,7.564444444444444,1592.5488236453202,1592.5488236453202
17110.0,2011-06-27 12:58:00,2011-06-27 12:58:00,12,163.29999999999998,1,0.0328515111695138,365.28,13.608333333333333,59650.22399999999,59650.22399999999
17111.0,2011-10-23 15:59:00,2011-10-23 15:59:00,30,248.61,1,0.0328515111695138,913.1999999999999,8.287,90812.2608,90812.2608
17114.0,2011-01-09 11:39:00,2011-12-04 12:17:00,127,808.62,329,10.808147174770038,11.750395136778117,6.367086614173228,897.7894030395139,897.7894030395139
17115.0,2011-04-20 14:46:00,2011-12-01 14:30:00,39,837.5,224,7.35873850197109,5.299821428571429,21.474358974358974,1365.7232142857142,1365.7232142857142
17117.0,2011-02-24 13:54:00,2011-02-24 13:54:00,9,116.2,1,0.0328515111695138,273.96,12.911111111111111,42445.53599999999,42445.53599999999
17118.0,2011-01-26 12:19:00,2011-01-26 12:19:00,10,157.02,1,0.0328515111695138,304.4,15.702000000000002,57356.2656,57356.2656
17119.0,2011-10-11 11:03:00,2011-12-06 14:40:00,35,606.91,56,1.8396846254927726,19.025000000000002,17.340285714285713,3958.7872285714284,3958.7872285714284
17120.0,2011-04-20 15:21:00,2011-04-20 15:21:00,18,307.46,1,0.0328515111695138,547.92,17.08111111111111,112308.98879999999,112308.98879999999
17122.0,2011-08-12 14:33:00,2011-08-12 14:33:00,7,138.32,1,0.0328515111695138,213.07999999999998,19.759999999999998,50525.52959999999,50525.52959999999
17123.0,2011-07-01 10:47:00,2011-07-01 10:47:00,9,345.3,1,0.0328515111695138,273.96,38.36666666666667,126131.18399999998,126131.18399999998
17124.0,2011-06-07 14:02:00,2011-06-07 14:02:00,32,298.89,1,0.0328515111695138,974.0799999999999,9.3403125,109178.53919999998,109178.53919999998
17125.0,2011-10-20 14:41:00,2011-10-20 14:41:00,40,259.35,1,0.0328515111695138,1217.6,6.483750000000001,94735.368,94735.368
17126.0,2010-12-12 11:26:00,2011-07-10 13:52:00,260,1004.75,210,6.898817345597897,37.68761904761905,3.8644230769230767,1747.6908571428573,1747.6908571428573
17128.0,2011-01-09 12:02:00,2011-01-09 12:02:00,14,157.09,1,0.0328515111695138,426.15999999999997,11.220714285714285,57381.8352,57381.8352
17131.0,2011-09-25 12:42:00,2011-12-04 12:52:00,134,2463.17,70,2.299605781865966,58.27085714285714,18.38186567164179,12853.524822857142,12853.524822857142
17133.0,2011-03-18 13:47:00,2011-11-24 12:27:00,27,4892.240000000001,250,8.21287779237845,3.2875199999999998,181.1940740740741,7148.149708800001,7148.149708800001
17134.0,2011-03-20 11:56:00,2011-08-25 09:53:00,24,425.0,157,5.157687253613666,4.6532484076433125,17.708333333333332,988.8152866242038,988.8152866242038
17135.0,2010-12-03 09:31:00,2011-11-23 16:48:00,52,1139.73,355,11.662286465177397,4.4588169014084515,21.917884615384615,1172.7340123943663,1172.7340123943663
17138.0,2011-03-09 11:54:00,2011-03-09 11:54:00,24,380.5,1,0.0328515111695138,730.56,15.854166666666666,138989.03999999998,138989.03999999998
17139.0,2011-02-24 09:32:00,2011-11-24 10:12:00,478,10668.47,273,8.968462549277266,53.29787545787546,22.31897489539749,14274.647331868135,14274.647331868135
17140.0,2011-04-06 13:33:00,2011-04-06 13:33:00,20,465.32,1,0.0328515111695138,608.8,23.266,169972.08959999998,169972.08959999998
17142.0,2011-04-14 18:22:00,2011-04-14 18:22:00,15,579.0,1,0.0328515111695138,456.59999999999997,38.6,211497.12,211497.12
17144.0,2011-09-16 12:50:00,2011-12-08 17:57:00,48,984.57,83,2.726675427069645,17.60385542168675,20.511875,4333.056983132531,4333.056983132531
17146.0,2010-12-16 12:20:00,2011-08-26 12:44:00,35,749.78,253,8.31143232588699,4.211067193675889,21.422285714285714,1082.528215019763,1082.528215019763
17147.0,2011-02-01 09:36:00,2011-11-17 12:32:00,81,1714.59,289,9.494086727989487,8.531626297577855,21.167777777777776,2167.146834602076,2167.146834602076
17148.0,2011-10-19 09:59:00,2011-10-19 09:59:00,9,124.88,1,0.0328515111695138,273.96,13.875555555555556,45616.166399999995,45616.166399999995
17152.0,2011-03-21 16:20:00,2011-05-29 12:19:00,14,1689.5,68,2.2339027595269383,6.267058823529411,120.67857142857143,9075.596470588234,9075.596470588234
17153.0,2011-11-15 13:42:00,2011-11-15 13:42:00,14,213.78,1,0.0328515111695138,426.15999999999997,15.27,78089.5584,78089.5584
17154.0,2011-09-25 13:42:00,2011-09-25 13:42:00,23,329.34,1,0.0328515111695138,700.12,14.319130434782608,120301.3152,120301.3152
17155.0,2011-06-15 10:22:00,2011-11-22 12:38:00,20,251.7,160,5.256241787122208,3.805,12.584999999999999,574.6311000000001,574.6311000000001
17157.0,2011-06-16 15:08:00,2011-12-02 09:10:00,13,319.0,168,5.519053876478318,2.3554761904761907,24.53846153846154,693.597142857143,693.597142857143
17158.0,2010-12-14 13:03:00,2011-11-07 15:15:00,67,1266.97,328,10.775295663600525,6.2179268292682925,18.91,1410.971956097561,1410.971956097561
17159.0,2011-06-21 09:49:00,2011-11-18 10:52:00,101,1538.88,150,4.92772667542707,20.496266666666667,15.236435643564358,3747.480576,3747.480576
17160.0,2011-04-12 12:00:00,2011-11-08 14:05:00,229,3518.03,210,6.898817345597897,33.19409523809524,15.362576419213974,6119.361897142857,6119.361897142857
17162.0,2011-02-07 12:27:00,2011-11-11 11:34:00,104,1715.46,276,9.067017082785808,11.470144927536232,16.494807692307692,2270.3740173913047,2270.3740173913047
17163.0,2011-09-22 15:54:00,2011-11-18 08:57:00,5,293.1,56,1.8396846254927726,2.717857142857143,58.620000000000005,1911.8494285714287,1911.8494285714287
17164.0,2011-03-11 14:26:00,2011-11-07 09:14:00,144,2467.35,240,7.884362680683311,18.264000000000003,17.134375,3755.3067,3755.3067
17165.0,2011-02-28 16:39:00,2011-02-28 16:39:00,10,158.68,1,0.0328515111695138,304.4,15.868,57962.630399999995,57962.630399999995
17166.0,2011-05-20 08:18:00,2011-11-01 09:46:00,12,206.34,165,5.4204993429697765,2.2138181818181817,17.195,456.79924363636366,456.79924363636366
17169.0,2011-06-09 13:16:00,2011-10-13 10:25:00,54,835.78,125,4.106438896189225,13.150079999999999,15.477407407407407,2442.3497472,2442.3497472
17171.0,2011-02-23 16:37:00,2011-02-23 16:37:00,16,224.91,1,0.0328515111695138,487.03999999999996,14.056875,82155.12479999999,82155.12479999999
17172.0,2011-09-22 09:36:00,2011-09-22 09:36:00,15,317.76,1,0.0328515111695138,456.59999999999997,21.184,116071.37280000001,116071.37280000001
17173.0,2011-07-31 15:26:00,2011-12-04 14:40:00,86,3766.6,125,4.106438896189225,20.942719999999998,43.79767441860465,11006.909183999998,11006.909183999998
17174.0,2011-05-06 11:47:00,2011-05-06 11:47:00,4,59.9,1,0.0328515111695138,121.75999999999999,14.975,21880.271999999997,21880.271999999997
17175.0,2011-02-16 14:56:00,2011-10-26 15:31:00,63,1443.69,252,8.278580814717477,7.609999999999999,22.915714285714287,2092.6630285714286,2092.6630285714286
17176.0,2011-05-22 12:41:00,2011-05-22 12:41:00,15,306.13,1,0.0328515111695138,456.59999999999997,20.408666666666665,111823.16639999999,111823.16639999999
17179.0,2010-12-13 14:24:00,2011-06-14 16:48:00,80,711.79,183,6.011826544021025,13.307103825136613,8.897375,1420.7795147540985,1420.7795147540985
17180.0,2011-01-27 18:05:00,2011-10-14 15:46:00,128,796.03,259,8.508541392904073,15.043706563706564,6.218984375,1122.6789127413126,1122.6789127413126
17181.0,2010-12-01 12:38:00,2011-10-13 14:48:00,23,239.92000000000002,316,10.38107752956636,2.2155696202531647,10.431304347826087,277.33537215189875,277.33537215189875
17183.0,2011-08-26 15:25:00,2011-12-02 10:07:00,73,3347.31,97,3.1865965834428382,22.908453608247424,45.85356164383562,12605.21027628866,12605.21027628866
17186.0,2011-10-10 12:52:00,2011-10-24 10:20:00,2,144.0,13,0.42706964520367935,4.683076923076923,72.0,4046.1784615384618,4046.1784615384618
17187.0,2011-04-27 12:39:00,2011-04-27 12:39:00,10,203.95,1,0.0328515111695138,304.4,20.395,74498.856,74498.856
17188.0,2010-12-12 12:56:00,2011-11-28 13:53:00,84,2474.23,351,11.530880420499342,7.284786324786325,29.455119047619046,2574.8909811965814,2574.8909811965814
17189.0,2010-12-15 17:28:00,2011-08-25 19:39:00,61,384.4,253,8.31143232588699,7.3392885375494075,6.301639344262295,554.9945928853756,554.9945928853756
17190.0,2011-05-16 15:29:00,2011-10-12 11:33:00,19,444.74,148,4.862023653088042,3.907837837837838,23.40736842105263,1097.6664,1097.6664
17191.0,2010-12-06 14:36:00,2011-11-11 16:58:00,237,2095.13,340,11.169513797634691,21.218470588235295,8.840210970464135,2250.909077647059,2250.909077647059
17193.0,2011-06-16 10:04:00,2011-11-04 12:47:00,32,1699.3,141,4.6320630749014455,6.908368794326241,53.103125,4402.271659574468,4402.271659574468
17194.0,2010-12-14 12:06:00,2011-03-11 12:05:00,29,262.62,86,2.8252299605781865,10.264651162790697,9.055862068965517,1115.4631813953488,1115.4631813953488
17197.0,2011-11-10 10:32:00,2011-11-10 10:32:00,29,1013.01,1,0.0328515111695138,882.76,34.93137931034483,370032.29280000005,370032.29280000005
17198.0,2010-12-03 14:54:00,2011-11-16 10:39:00,96,692.22,347,11.399474375821287,8.421440922190202,7.210625,728.6862293948127,728.6862293948127
17201.0,2011-10-17 11:55:00,2011-10-17 11:55:00,40,342.63,1,0.0328515111695138,1217.6,8.56575,125155.88639999997,125155.88639999997
17203.0,2011-10-10 14:37:00,2011-11-04 12:27:00,152,3563.85,24,0.7884362680683311,192.78666666666666,23.446381578947367,54241.79699999999,54241.79699999999
17204.0,2011-03-21 12:42:00,2011-06-17 14:46:00,57,1564.56,88,2.890932982917214,19.716818181818184,27.448421052631577,6494.346327272728,6494.346327272728
17205.0,2011-10-17 12:46:00,2011-10-17 12:46:00,13,384.08,1,0.0328515111695138,395.71999999999997,29.544615384615383,140296.7424,140296.7424
17206.0,2011-10-17 13:25:00,2011-10-17 13:25:00,7,204.24,1,0.0328515111695138,213.07999999999998,29.177142857142858,74604.78719999999,74604.78719999999
17211.0,2010-12-05 12:44:00,2011-11-13 12:03:00,211,2317.2200000000003,342,11.235216819973719,18.780233918128655,10.982085308056874,2474.953571929825,2474.953571929825
17212.0,2011-03-31 19:42:00,2011-03-31 19:42:00,4,226.85,1,0.0328515111695138,121.75999999999999,56.7125,82863.768,82863.768
17213.0,2010-12-08 13:03:00,2011-10-30 14:53:00,157,2781.23,326,10.709592641261498,14.659754601226995,17.71484076433121,3116.342620858896,3116.342620858896
17214.0,2010-12-15 15:14:00,2011-10-10 13:17:00,103,1069.1200000000001,298,9.789750328515112,10.521208053691275,10.37980582524272,1310.4971597315437,1310.4971597315437
17217.0,2011-04-19 17:19:00,2011-04-19 17:19:00,9,113.5,1,0.0328515111695138,273.96,12.61111111111111,41459.28,41459.28
17218.0,2010-12-06 15:25:00,2011-12-05 13:52:00,274,1960.72,363,11.925098554533507,22.976749311294768,7.155912408759124,1973.0352661157026,1973.0352661157026
17219.0,2011-11-08 11:25:00,2011-11-08 11:25:00,25,114.23,1,0.0328515111695138,761.0,4.5692,41725.934400000006,41725.934400000006
17220.0,2010-12-10 14:54:00,2011-11-15 13:47:00,472,3198.25,339,11.136662286465176,42.38253687315635,6.775953389830509,3446.1851327433633,3446.1851327433633
17221.0,2011-11-03 17:39:00,2011-12-02 13:35:00,63,335.13,28,0.9198423127463863,68.49000000000001,5.319523809523809,4372.010228571429,4372.010228571429
17222.0,2011-10-05 13:58:00,2011-10-05 13:58:00,28,354.15,1,0.0328515111695138,852.3199999999999,12.648214285714285,129363.91199999998,129363.91199999998
17223.0,2010-12-06 14:08:00,2011-02-02 15:57:00,49,426.79,58,1.9053876478318001,25.716551724137933,8.71,2687.8939862068974,2687.8939862068974
17226.0,2011-02-04 11:52:00,2011-02-04 11:52:00,21,393.49,1,0.0328515111695138,639.24,18.73761904761905,143734.0272,143734.0272
17227.0,2010-12-06 11:16:00,2011-11-21 10:51:00,47,939.32,349,11.465177398160314,4.099369627507164,19.985531914893617,983.1369902578798,983.1369902578798
17228.0,2010-12-02 16:00:00,2011-11-24 10:24:00,208,1906.09,356,11.695137976346912,17.78516853932584,9.16389423076923,1955.776840449438,1955.776840449438
17229.0,2011-07-20 12:38:00,2011-09-04 13:56:00,47,318.76,46,1.5111695137976346,31.101739130434783,6.782127659574468,2531.2315826086956,2531.2315826086956
17230.0,2010-12-15 11:22:00,2011-03-20 16:12:00,69,3638.41,95,3.1208935611038107,22.109052631578948,52.73057971014492,13989.877945263157,13989.877945263157
17231.0,2010-12-13 14:16:00,2011-11-27 15:18:00,541,3174.32,349,11.465177398160314,47.18636103151863,5.867504621072089,3322.394296848138,3322.394296848138
17232.0,2011-11-25 12:24:00,2011-12-07 12:21:00,36,421.52,11,0.36136662286465177,99.62181818181818,11.708888888888888,13997.529599999998,13997.529599999998
17233.0,2011-11-04 14:06:00,2011-11-04 14:06:00,25,190.88,1,0.0328515111695138,761.0,7.6352,69724.6464,69724.6464
17234.0,2011-06-10 11:20:00,2011-06-10 11:20:00,14,149.89,1,0.0328515111695138,426.15999999999997,10.706428571428571,54751.81919999999,54751.81919999999
17235.0,2010-12-02 13:38:00,2011-11-14 15:51:00,29,550.0600000000001,347,11.399474375821287,2.543976945244957,18.967586206896552,579.037224207493,579.037224207493
17236.0,2010-12-12 11:49:00,2011-11-27 12:00:00,105,916.13,350,11.498028909329829,9.132,8.725047619047618,956.1256182857142,956.1256182857142
17237.0,2011-11-17 12:55:00,2011-11-28 15:02:00,19,314.69,11,0.36136662286465177,52.57818181818182,16.562631578947368,10449.996654545454,10449.996654545454
17238.0,2010-12-03 15:05:00,2011-12-07 11:35:00,566,3744.65,368,12.089356110381077,46.81804347826087,6.615989399293286,3716.972152173913,3716.972152173913
17239.0,2011-01-31 09:41:00,2011-01-31 09:41:00,15,382.5,1,0.0328515111695138,456.59999999999997,25.5,139719.59999999998,139719.59999999998
17242.0,2011-06-12 13:04:00,2011-08-23 14:55:00,40,1135.04,72,2.3653088042049935,16.91111111111111,28.375999999999998,5758.436266666666,5758.436266666666
17243.0,2010-12-05 10:03:00,2011-12-08 13:26:00,400,8676.85,368,12.089356110381077,33.08695652173913,21.692125,8612.716760869565,8612.716760869565
17244.0,2011-10-17 15:19:00,2011-10-17 15:19:00,31,954.9,1,0.0328515111695138,943.64,30.80322580645161,348805.872,348805.872
17245.0,2011-05-19 10:43:00,2011-05-19 10:43:00,9,171.45000000000002,1,0.0328515111695138,273.96,19.05,62627.256,62627.256
17247.0,2011-11-24 15:21:00,2011-11-24 15:21:00,55,282.19,1,0.0328515111695138,1674.2,5.130727272727273,103078.3632,103078.3632
17248.0,2011-08-11 13:34:00,2011-08-11 13:34:00,69,318.65,1,0.0328515111695138,2100.36,4.618115942028985,116396.47200000001,116396.47200000001
17250.0,2011-03-23 16:45:00,2011-12-06 12:15:00,57,384.52,257,8.442838370565045,6.751284046692607,6.7459649122807015,546.5271035019455,546.5271035019455
17251.0,2010-12-12 11:06:00,2010-12-12 11:06:00,39,283.28000000000003,1,0.0328515111695138,1187.1599999999999,7.263589743589744,103476.5184,103476.5184
17252.0,2011-06-06 16:41:00,2011-08-15 09:45:00,87,353.86,69,2.266754270696452,38.38086956521739,4.067356321839081,1873.3040695652176,1873.3040695652176
17253.0,2011-11-21 12:59:00,2011-11-21 12:59:00,18,178.26,1,0.0328515111695138,547.92,9.903333333333332,65114.81279999999,65114.81279999999
17254.0,2011-11-24 14:09:00,2011-12-05 12:46:00,112,272.44,10,0.328515111695138,340.928,2.4325,9951.688320000001,9951.688320000001
17255.0,2011-02-13 15:18:00,2011-10-30 12:18:00,78,298.41,258,8.47568988173456,9.202790697674418,3.825769230769231,422.4930418604651,422.4930418604651
17256.0,2011-01-31 14:53:00,2011-08-24 13:30:00,16,240.0,204,6.701708278580814,2.387450980392157,15.0,429.74117647058824,429.74117647058824
17259.0,2010-12-06 12:55:00,2011-07-14 15:01:00,124,603.37,220,7.227332457293035,17.15709090909091,4.865887096774194,1001.8136072727275,1001.8136072727275
17262.0,2010-12-08 13:30:00,2011-10-18 12:56:00,12,1253.3600000000001,313,10.282522996057818,1.1670287539936104,104.44666666666667,1462.7071591054316,1462.7071591054316
17263.0,2011-05-15 14:32:00,2011-05-15 14:32:00,23,63.440000000000005,1,0.0328515111695138,700.12,2.7582608695652175,23173.3632,23173.3632
17265.0,2011-06-12 12:00:00,2011-07-24 10:49:00,127,562.9,41,1.3469119579500657,94.28975609756098,4.432283464566929,5015.02712195122,5015.02712195122
17266.0,2011-07-15 11:57:00,2011-12-07 14:12:00,80,310.64,145,4.763469119579501,16.79448275862069,3.883,782.5557186206897,782.5557186206897
17267.0,2011-08-04 17:19:00,2011-08-04 17:22:00,38,317.62,1,0.0328515111695138,1156.72,8.358421052631579,116020.2336,116020.2336
17268.0,2011-04-08 13:20:00,2011-08-24 10:06:00,6,763.64,137,4.50065703022339,1.3331386861313868,127.27333333333333,2036.0760525547444,2036.0760525547444
17272.0,2011-03-22 12:05:00,2011-10-28 16:37:00,114,2148.63,220,7.227332457293035,15.773454545454547,18.847631578947368,3567.50712,3567.50712
17274.0,2011-11-04 13:16:00,2011-11-04 13:16:00,27,111.98,1,0.0328515111695138,821.88,4.147407407407408,40904.0544,40904.0544
17277.0,2011-01-21 12:37:00,2011-04-26 12:47:00,69,1065.3500000000001,95,3.1208935611038107,22.109052631578948,15.43985507246377,4096.326821052632,4096.326821052632
17278.0,2011-04-12 13:10:00,2011-04-12 13:10:00,15,246.04000000000002,1,0.0328515111695138,456.59999999999997,16.40266666666667,89873.4912,89873.4912
17279.0,2011-10-13 11:58:00,2011-10-13 11:58:00,9,187.82999999999998,1,0.0328515111695138,273.96,20.869999999999997,68610.54239999998,68610.54239999998
17282.0,2011-02-13 11:36:00,2011-08-01 14:29:00,94,1703.41,169,5.551905387647832,16.93112426035503,18.121382978723407,3681.784643786983,3681.784643786983
17284.0,2011-01-07 14:31:00,2011-10-10 14:38:00,292,1652.58,276,9.067017082785808,32.20463768115942,5.659520547945205,2187.1537043478256,2187.1537043478256
17286.0,2011-11-18 12:47:00,2011-11-18 12:47:00,45,153.92,1,0.0328515111695138,1369.8,3.420444444444444,56223.8976,56223.8976
17287.0,2010-12-02 12:22:00,2011-11-13 13:27:00,124,1064.11,346,11.366622864651774,10.909132947976879,8.581532258064515,1123.4049156069364,1123.4049156069364
17288.0,2010-12-16 13:33:00,2011-11-30 16:09:00,142,1419.73,349,11.465177398160314,12.385329512893984,9.998098591549295,1485.9569467048711,1485.9569467048711
17289.0,2011-06-12 13:51:00,2011-11-08 12:01:00,111,944.41,148,4.862023653088042,22.83,8.508198198198198,2330.9059783783778,2330.9059783783778
17290.0,2011-11-23 15:53:00,2011-12-06 12:38:00,102,525.24,12,0.39421813403416556,258.74,5.149411764705882,15988.3056,15988.3056
17291.0,2011-02-04 13:04:00,2011-02-04 13:04:00,1,550.8000000000001,1,0.0328515111695138,30.439999999999998,550.8000000000001,201196.22400000005,201196.22400000005
17293.0,2010-12-13 14:55:00,2011-12-01 14:37:00,135,1875.11,352,11.563731931668856,11.674431818181818,13.889703703703702,1945.8527863636361,1945.8527863636361
17295.0,2011-10-06 12:22:00,2011-11-11 10:49:00,69,556.95,35,1.149802890932983,60.010285714285715,8.071739130434784,5812.648457142858,5812.648457142858
17297.0,2011-11-22 14:43:00,2011-11-22 14:43:00,51,131.78,1,0.0328515111695138,1552.44,2.583921568627451,48136.5984,48136.5984
17298.0,2011-08-07 12:21:00,2011-08-30 16:43:00,30,498.42,23,0.7555847568988173,39.70434782608696,16.614,7915.776417391306,7915.776417391306
17299.0,2011-06-19 16:04:00,2011-11-28 12:01:00,57,669.11,161,5.289093298291721,10.776894409937888,11.738771929824562,1518.0900670807455,1518.0900670807455
17301.0,2011-11-18 13:43:00,2011-11-18 13:43:00,66,197.63,1,0.0328515111695138,2009.04,2.994393939393939,72190.2864,72190.2864
17302.0,2011-02-07 10:14:00,2011-11-25 09:36:00,79,1135.63,290,9.526938239159001,8.292275862068966,14.375063291139242,1430.423884137931,1430.423884137931
17303.0,2010-12-13 13:32:00,2010-12-13 13:32:00,53,250.04,1,0.0328515111695138,1613.32,4.717735849056604,91334.6112,91334.6112
17306.0,2010-12-21 13:34:00,2011-11-29 12:14:00,66,8631.31,342,11.235216819973719,5.874385964912281,130.77742424242425,9218.844785964913,9218.844785964913
17309.0,2011-09-05 15:20:00,2011-09-05 15:20:00,12,82.75,1,0.0328515111695138,365.28,6.895833333333333,30226.92,30226.92
17311.0,2011-01-27 10:56:00,2011-09-22 14:11:00,55,1384.85,238,7.818659658344283,7.034453781512606,25.179090909090906,2125.4538151260504,2125.4538151260504
17312.0,2011-07-03 13:12:00,2011-07-24 11:52:00,14,644.3,20,0.657030223390276,21.308,46.021428571428565,11767.495199999998,11767.495199999998
17313.0,2011-11-08 15:45:00,2011-11-08 15:45:00,24,2328.84,1,0.0328515111695138,730.56,97.03500000000001,850678.6752000002,535875.9878400022
17314.0,2011-01-31 11:25:00,2011-11-15 09:41:00,131,2527.92,287,9.42838370565046,13.894216027874565,19.297099236641223,3217.4167860627185,3217.4167860627185
17315.0,2010-12-17 12:24:00,2011-12-08 12:15:00,473,6292.26,355,11.662286465177397,40.55808450704226,13.302875264270613,6474.469669859156,6474.469669859156
17317.0,2011-09-11 12:45:00,2011-10-24 17:19:00,9,2600.34,43,1.4126149802890933,6.371162790697674,288.9266666666667,22089.585934883722,22089.585934883722
17320.0,2010-12-06 15:38:00,2011-08-31 13:31:00,73,1200.6200000000001,267,8.771353482260183,8.3225468164794,16.446849315068494,1642.5560808988766,1642.5560808988766
17321.0,2011-10-03 11:34:00,2011-12-01 13:41:00,107,700.86,59,1.938239159001314,55.204745762711866,6.550093457943925,4339.154928813559,4339.154928813559
17323.0,2011-02-20 14:38:00,2011-11-24 17:29:00,200,921.0699999999999,277,9.099868593955321,21.97833935018051,4.60535,1214.6153415162455,1214.6153415162455
17324.0,2010-12-08 12:45:00,2011-11-22 10:34:00,50,990.23,348,11.432325886990801,4.373563218390805,19.8046,1039.4000413793106,1039.4000413793106
17325.0,2011-03-04 13:09:00,2011-03-04 13:09:00,6,96.8,1,0.0328515111695138,182.64,16.133333333333333,35359.10399999999,35359.10399999999
17329.0,2011-01-28 15:29:00,2011-11-25 14:24:00,33,523.11,300,9.85545335085414,3.3484,15.851818181818182,636.938736,636.938736
17330.0,2011-10-03 11:26:00,2011-11-17 08:56:00,6,363.9,44,1.445466491458607,4.150909090909091,60.65,3021.0316363636366,3021.0316363636366
17331.0,2011-08-08 11:55:00,2011-08-08 11:55:00,1,175.2,1,0.0328515111695138,30.439999999999998,175.2,63997.05599999998,63997.05599999998
17333.0,2011-09-15 10:11:00,2011-09-15 10:11:00,28,494.25,1,0.0328515111695138,852.3199999999999,17.651785714285715,180539.63999999998,180539.63999999998
17334.0,2011-02-04 09:03:00,2011-02-10 14:59:00,11,307.02000000000004,6,0.19710906701708278,55.80666666666667,27.910909090909094,18691.377600000003,18691.377600000003
17337.0,2011-02-02 17:06:00,2011-07-11 14:55:00,543,2027.8700000000001,158,5.19053876478318,104.61341772151899,3.7345672191528547,4688.23008607595,4688.23008607595
17338.0,2010-12-13 12:57:00,2011-11-22 14:23:00,753,6643.93,344,11.300919842312746,66.63174418604652,8.8232802124834,7054.926600000001,7054.926600000001
17339.0,2010-12-09 14:44:00,2011-09-06 13:29:00,9,243.36,270,8.869908015768726,1.0146666666666666,27.040000000000003,329.23904,329.23904
17340.0,2010-12-08 15:56:00,2011-11-10 10:45:00,407,12353.29,336,11.038107752956636,36.872261904761906,30.352063882063884,13429.790985714288,13429.790985714288
17341.0,2010-12-08 12:46:00,2011-07-06 12:33:00,183,781.36,209,6.865965834428383,26.653205741626795,4.2697267759562845,1365.6228746411484,1365.6228746411484
17343.0,2010-12-19 15:07:00,2010-12-19 15:07:00,17,193.64,1,0.0328515111695138,517.48,11.390588235294118,70732.8192,70732.8192
17344.0,2011-10-24 12:56:00,2011-10-24 12:56:00,32,160.57,1,0.0328515111695138,974.0799999999999,5.0178125,58653.0096,58653.0096
17345.0,2011-05-27 12:26:00,2011-11-24 15:03:00,87,537.74,181,5.946123521681997,14.631381215469613,6.180919540229885,1085.2246806629835,1085.2246806629835
17346.0,2010-12-01 14:34:00,2011-12-06 12:18:00,500,2676.56,369,12.12220762155059,41.24661246612467,5.35312,2649.576793495935,2649.576793495935
17347.0,2011-09-14 13:12:00,2011-09-14 13:12:00,1,228.96,1,0.0328515111695138,30.439999999999998,228.96,83634.5088,83634.5088
17348.0,2011-02-15 10:49:00,2011-11-25 11:25:00,215,1159.52,283,9.296977660972404,23.125795053003536,5.393116279069767,1496.6412212014136,1496.6412212014136
17349.0,2011-06-13 14:29:00,2011-06-13 14:29:00,9,110.75,1,0.0328515111695138,273.96,12.305555555555555,40454.759999999995,40454.759999999995
17350.0,2011-10-19 16:05:00,2011-12-01 15:47:00,71,1286.07,42,1.3797634691195795,51.45809523809524,18.113661971830986,11185.134514285714,11185.134514285714
17351.0,2011-03-11 16:05:00,2011-11-03 18:45:00,27,587.15,237,7.7858081471747695,3.467848101265823,21.746296296296297,904.9542278481014,904.9542278481014
17353.0,2011-07-08 16:17:00,2011-08-02 17:19:00,8,1740.0,25,0.8212877792378449,9.7408,217.5,25423.488000000005,25423.488000000005
17354.0,2011-10-20 10:34:00,2011-10-20 10:34:00,16,1393.06,1,0.0328515111695138,487.03999999999996,87.06625,508856.9567999999,508856.9567999999
17356.0,2011-02-01 11:07:00,2011-02-01 11:07:00,19,178.22,1,0.0328515111695138,578.36,9.38,65100.2016,65100.2016
17357.0,2011-11-15 16:29:00,2011-11-15 16:30:00,45,388.14,1,0.0328515111695138,1369.8,8.625333333333334,141779.77920000002,141779.77920000002
17358.0,2010-12-19 14:16:00,2011-02-09 16:57:00,59,365.85,52,1.7082785808147174,34.53769230769231,6.200847457627119,2569.9555384615387,2569.9555384615387
17359.0,2011-11-28 14:37:00,2011-11-28 14:37:00,15,127.86,1,0.0328515111695138,456.59999999999997,8.524,46704.70079999999,46704.70079999999
17360.0,2011-06-08 17:09:00,2011-11-22 13:11:00,132,585.79,166,5.45335085413929,24.20530120481928,4.43780303030303,1289.020308433735,1289.020308433735
17361.0,2011-02-21 09:55:00,2011-10-21 15:43:00,29,488.2,242,7.9500657030223385,3.6477685950413226,16.834482758620688,736.8995702479338,736.8995702479338
17362.0,2011-02-03 10:26:00,2011-04-14 14:43:00,35,312.23,70,2.299605781865966,15.22,8.920857142857143,1629.3053485714286,1629.3053485714286
17364.0,2011-01-12 16:57:00,2011-12-09 09:00:00,411,4481.18,330,10.840998685939553,37.91163636363636,10.903114355231144,4960.25888,4960.25888
17365.0,2011-01-11 12:11:00,2011-11-27 12:13:00,468,4801.56,320,10.512483574244415,44.5185,10.259743589743591,5480.980740000001,5480.980740000001
17367.0,2011-04-15 14:21:00,2011-04-15 14:21:00,34,168.4,1,0.0328515111695138,1034.96,4.952941176470588,61513.152,61513.152
17368.0,2011-01-06 11:57:00,2011-11-16 15:26:00,111,1912.67,314,10.315374507227332,10.76063694267516,17.231261261261263,2225.032157961784,2225.032157961784
17370.0,2011-06-23 11:50:00,2011-09-28 10:14:00,33,446.18,96,3.1537450722733245,10.463750000000001,13.520606060606061,1697.7149000000002,1697.7149000000002
17371.0,2010-12-13 15:20:00,2011-11-22 13:30:00,87,423.89,343,11.268068331143231,7.720932944606415,4.872298850574713,451.42431253644315,451.42431253644315
17372.0,2010-12-12 12:00:00,2011-10-30 11:37:00,253,1342.68,321,10.545335085413928,23.991651090342682,5.30703557312253,1527.8945495327107,1527.8945495327107
17373.0,2011-01-31 11:46:00,2011-10-30 15:28:00,57,646.92,272,8.935611038107753,6.378970588235294,11.349473684210526,868.775505882353,868.775505882353
17374.0,2011-03-03 12:53:00,2011-05-05 09:05:00,28,495.77,62,2.0367936925098555,13.747096774193547,17.706071428571427,2920.884929032258,2920.884929032258
17375.0,2010-12-13 15:16:00,2011-05-24 15:45:00,69,400.1,162,5.321944809461235,12.965185185185184,5.798550724637681,902.1514074074073,902.1514074074073
17376.0,2011-02-01 14:12:00,2011-09-30 12:36:00,24,203.2,240,7.884362680683311,3.044,8.466666666666667,309.2704,309.2704
17377.0,2010-12-01 12:35:00,2011-11-16 11:17:00,418,4100.92,349,11.465177398160314,36.45822349570201,9.810813397129186,4292.21793008596,4292.21793008596
17379.0,2011-11-28 13:56:00,2011-11-28 13:56:00,83,404.66,1,0.0328515111695138,2526.52,4.875421686746988,147814.2048,147814.2048
17381.0,2010-12-02 12:58:00,2011-12-01 11:59:00,109,20275.61,363,11.925098554533507,9.14038567493113,186.01477064220185,20402.960938842978,20402.960938842978
17382.0,2011-10-05 13:05:00,2011-10-05 13:05:00,2,65.4,1,0.0328515111695138,60.879999999999995,32.7,23889.312,23889.312
17383.0,2011-12-05 17:36:00,2011-12-05 17:36:00,51,199.29,1,0.0328515111695138,1552.44,3.9076470588235295,72796.6512,72796.6512
17384.0,2011-05-04 16:07:00,2011-11-20 15:48:00,15,336.4,199,6.5374507227332455,2.2944723618090452,22.426666666666666,617.4884020100503,617.4884020100503
17385.0,2011-11-25 11:02:00,2011-11-25 11:02:00,47,261.11,1,0.0328515111695138,1430.68,5.555531914893617,95378.2608,95378.2608
17386.0,2011-06-27 12:11:00,2011-12-02 11:28:00,28,2686.42,157,5.157687253613666,5.428789808917197,95.94357142857143,6250.2897936305735,6250.2897936305735
17387.0,2011-11-06 11:25:00,2011-11-20 11:00:00,78,784.11,13,0.42706964520367935,182.64000000000001,10.052692307692308,22032.28467692308,22032.28467692308
17388.0,2011-02-25 12:28:00,2011-09-23 10:31:00,15,1259.56,209,6.865965834428383,2.184688995215311,83.97066666666666,2201.3974966507176,2201.3974966507176
17389.0,2011-01-12 15:48:00,2011-12-09 09:38:00,213,31833.68,330,10.840998685939553,19.647636363636362,149.45389671361502,35236.989789090905,35236.989789090905
17391.0,2011-06-28 12:21:00,2011-06-29 09:58:00,3,508.8,1,0.0328515111695138,91.32,169.6,185854.46399999998,185854.46399999998
17392.0,2010-12-16 19:04:00,2011-02-06 12:48:00,62,457.91,51,1.6754270696452036,37.00549019607843,7.385645161290323,3279.7130352941176,3279.7130352941176
17394.0,2011-05-04 13:22:00,2011-05-04 13:22:00,4,203.86999999999998,1,0.0328515111695138,121.75999999999999,50.967499999999994,74469.63359999999,74469.63359999999
17396.0,2010-12-03 09:45:00,2011-10-31 14:12:00,27,7330.8,332,10.90670170827858,2.475542168674699,271.5111111111111,8065.646457831326,8065.646457831326
17397.0,2011-11-17 13:58:00,2011-11-17 14:08:00,92,696.41,1,0.0328515111695138,2800.48,7.569673913043478,254384.64479999998,254384.64479999998
17398.0,2011-03-29 13:04:00,2011-08-17 09:48:00,38,653.38,140,4.599211563731932,8.262285714285714,17.19421052631579,1704.7617599999999,1704.7617599999999
17400.0,2010-12-21 17:16:00,2011-08-05 15:38:00,213,2129.96,226,7.424441524310118,28.68902654867257,9.99981220657277,3442.6185345132744,3442.6185345132744
17402.0,2010-12-05 13:53:00,2011-12-05 10:15:00,59,2633.85,364,11.957950065703022,4.933956043956044,44.641525423728815,2643.1118901098903,2643.1118901098903
17403.0,2011-11-03 15:18:00,2011-11-03 15:18:00,33,281.62,1,0.0328515111695138,1004.52,8.533939393939393,102870.15359999999,102870.15359999999
17404.0,2010-12-14 13:28:00,2011-12-05 16:26:00,198,31906.82,356,11.695137976346912,16.930112359550563,161.14555555555555,32738.548341573034,32738.548341573034
17405.0,2011-07-12 14:17:00,2011-12-08 17:12:00,82,1031.41,149,4.894875164257556,16.75221476510067,12.578170731707319,2528.5466093959735,2528.5466093959735
17406.0,2010-12-08 10:35:00,2011-01-10 15:07:00,113,2200.42,33,1.0840998685939554,104.2339393939394,19.47274336283186,24356.649018181823,24356.649018181823
17408.0,2011-06-29 12:53:00,2011-06-29 12:53:00,2,32.65,1,0.0328515111695138,60.879999999999995,16.325,11926.391999999998,11926.391999999998
17409.0,2011-04-05 16:42:00,2011-06-08 10:36:00,13,771.85,63,2.0696452036793693,6.281269841269841,59.37307692307692,4475.25980952381,4475.25980952381
17410.0,2011-05-08 15:21:00,2011-11-23 15:46:00,64,1214.72,199,6.5374507227332455,9.789748743718594,18.98,2229.713173869347,2229.713173869347
17411.0,2011-03-23 13:44:00,2011-11-27 14:25:00,41,778.94,249,8.180026281208935,5.012208835341366,18.998536585365855,1142.695595180723,1142.695595180723
17412.0,2010-12-02 16:29:00,2011-12-07 11:36:00,66,1258.06,369,12.12220762155059,5.444552845528456,19.061515151515152,1245.3771186991873,1245.3771186991873
17414.0,2011-06-08 11:43:00,2011-10-27 12:13:00,6,778.0,141,4.6320630749014455,1.2953191489361702,129.66666666666666,2015.5165957446807,2015.5165957446807
17415.0,2011-09-21 12:50:00,2011-09-21 12:50:00,14,507.84,1,0.0328515111695138,426.15999999999997,36.27428571428571,185503.79519999996,185503.79519999996
17416.0,2011-03-03 13:45:00,2011-11-10 12:47:00,269,6893.42,251,8.245729303547963,32.62294820717132,25.626096654275095,10031.985886852592,10031.985886852592
17418.0,2011-01-20 11:39:00,2011-10-28 13:00:00,30,463.46000000000004,281,9.231274638633376,3.2498220640569397,15.448666666666668,602.4650135231318,602.4650135231318
17419.0,2010-12-07 15:03:00,2011-11-28 13:47:00,206,4226.57,355,11.662286465177397,17.663774647887326,20.517330097087378,4348.961942535211,4348.961942535211
17420.0,2010-12-01 09:56:00,2011-10-20 14:52:00,30,598.83,323,10.611038107752956,2.827244582043344,19.961000000000002,677.2155492260063,677.2155492260063
17422.0,2011-02-16 14:44:00,2011-11-23 13:27:00,117,1979.37,279,9.165571616294349,12.765161290322581,16.917692307692306,2591.484851612903,2591.484851612903
17423.0,2011-05-06 09:14:00,2011-10-24 13:36:00,26,698.41,171,5.617608409986859,4.628304093567252,26.861923076923077,1491.9017824561404,1491.9017824561404
17425.0,2011-10-10 11:37:00,2011-11-20 15:30:00,43,759.1700000000001,41,1.3469119579500657,31.92487804878049,17.65511627906977,6763.649209756099,6763.649209756099
17426.0,2011-03-02 16:34:00,2011-12-01 18:07:00,271,5037.26,274,9.00131406044678,30.106715328467153,18.58767527675277,6715.36617810219,6715.36617810219
17427.0,2011-09-29 11:29:00,2011-09-29 11:29:00,2,100.8,1,0.0328515111695138,60.879999999999995,50.4,36820.224,36820.224
17428.0,2010-12-06 09:37:00,2011-12-09 09:45:00,328,17256.85,368,12.089356110381077,27.131304347826088,52.61234756097561,17129.29936956522,17129.29936956522
17429.0,2011-05-05 09:53:00,2011-08-03 13:22:00,39,524.9200000000001,90,2.9566360052562417,13.190666666666667,13.459487179487182,2130.475306666667,2130.475306666667
17430.0,2010-12-09 13:05:00,2011-11-07 09:24:00,14,265.76,332,10.90670170827858,1.2836144578313253,18.982857142857142,292.40003855421685,292.40003855421685
17431.0,2011-01-30 14:36:00,2011-01-30 14:36:00,43,403.3,1,0.0328515111695138,1308.9199999999998,9.37906976744186,147317.424,147317.424
17432.0,2011-11-02 17:30:00,2011-11-21 17:33:00,48,365.76,19,0.6241787122207622,76.90105263157895,7.62,7031.832252631579,7031.832252631579
17433.0,2011-09-12 14:24:00,2011-09-12 14:24:00,54,303.16,1,0.0328515111695138,1643.76,5.614074074074074,110738.28480000002,110738.28480000002
17434.0,2011-09-15 13:54:00,2011-12-07 13:16:00,134,2373.82,82,2.6938239159001314,49.74341463414634,17.715074626865672,10574.499629268292,10574.499629268292
17436.0,2011-04-27 11:33:00,2011-12-08 12:30:00,9,216.3,225,7.391590013140604,1.2176,24.033333333333335,351.15584,351.15584
17438.0,2011-03-31 10:26:00,2011-03-31 10:26:00,17,388.45000000000005,1,0.0328515111695138,517.48,22.85,141893.016,141893.016
17440.0,2011-04-06 12:05:00,2011-07-06 11:54:00,5,186.42000000000002,90,2.9566360052562417,1.6911111111111112,37.284000000000006,756.6166400000002,756.6166400000002
17442.0,2011-02-22 13:02:00,2011-11-03 09:17:00,135,2248.56,253,8.31143232588699,16.242687747035575,16.656,3246.458485375494,3246.458485375494
17443.0,2011-05-04 10:47:00,2011-05-04 10:47:00,1,534.24,1,0.0328515111695138,30.439999999999998,534.24,195147.1872,195147.1872
17444.0,2011-06-20 09:04:00,2011-07-15 12:05:00,135,2940.04,25,0.8212877792378449,164.376,21.778074074074073,42957.512448,42957.512448
17446.0,2011-02-02 14:40:00,2011-06-16 10:42:00,9,120.89999999999999,133,4.369250985545335,2.0598496240601505,13.433333333333332,332.0477593984962,332.0477593984962
17447.0,2011-09-29 10:10:00,2011-10-30 14:18:00,36,541.53,31,1.0183968462549278,35.34967741935484,15.042499999999999,6380.970270967742,6380.970270967742
17449.0,2010-12-15 10:57:00,2011-12-07 16:56:00,277,2520.86,357,11.727989487516425,23.618711484593838,9.10057761732852,2579.327005042017,2579.327005042017
17450.0,2010-12-07 09:23:00,2011-12-01 13:29:00,337,194550.79,359,11.793692509855452,28.574596100278555,577.3020474777448,197954.0740144847,197954.0740144847
17451.0,2011-08-26 11:54:00,2011-12-08 15:02:00,100,1721.4,104,3.416557161629435,29.26923076923077,17.214000000000002,6046.086461538463,6046.086461538463
17453.0,2011-10-06 17:02:00,2011-11-22 09:42:00,19,486.72,46,1.5111695137976346,12.57304347826087,25.61684210526316,3864.9800347826085,3864.9800347826085
17454.0,2010-12-15 10:54:00,2011-05-31 13:58:00,61,517.53,167,5.486202365308804,11.118802395209581,8.484098360655738,1131.9961580838324,1131.9961580838324
17455.0,2011-05-20 12:31:00,2011-05-20 12:31:00,8,131.7,1,0.0328515111695138,243.51999999999998,16.4625,48107.37599999999,48107.37599999999
17456.0,2010-12-09 15:23:00,2010-12-09 15:23:00,17,249.86,1,0.0328515111695138,517.48,14.69764705882353,91268.86080000001,91268.86080000001
17457.0,2011-01-04 14:33:00,2011-08-05 12:48:00,19,1737.7,212,6.964520367936925,2.72811320754717,91.4578947368421,2994.0898867924534,2994.0898867924534
17458.0,2011-11-24 13:01:00,2011-11-24 13:01:00,54,316.5,1,0.0328515111695138,1643.76,5.861111111111111,115611.11999999998,115611.11999999998
17459.0,2011-10-10 17:00:00,2011-10-27 13:25:00,111,657.3,16,0.5256241787122208,211.17749999999998,5.921621621621621,15006.158999999996,15006.158999999996
17460.0,2010-12-01 16:24:00,2011-09-06 15:04:00,29,622.4300000000001,278,9.132720105124836,3.1753956834532375,21.463103448275863,817.8461525179857,817.8461525179857
17461.0,2011-11-10 12:01:00,2011-11-17 10:21:00,111,757.46,6,0.19710906701708278,563.14,6.823963963963965,46114.164800000006,46114.164800000006
17462.0,2011-02-28 17:01:00,2011-10-10 13:56:00,27,675.69,223,7.3258869908015765,3.6855605381165923,25.025555555555556,1106.7984000000001,1106.7984000000001
17463.0,2011-01-30 15:48:00,2011-11-23 13:40:00,215,1896.41,296,9.724047306176084,22.110135135135135,8.820511627906978,2340.2724486486486,2340.2724486486486
17464.0,2011-07-04 13:19:00,2011-07-04 13:19:00,9,289.96000000000004,1,0.0328515111695138,273.96,32.21777777777778,105916.5888,105916.5888
17466.0,2011-09-22 09:16:00,2011-11-29 13:15:00,41,763.28,68,2.2339027595269383,18.353529411764704,18.61658536585366,4100.160564705882,4100.160564705882
17468.0,2011-11-25 12:52:00,2011-11-29 15:33:00,5,137.0,4,0.1314060446780552,38.05,27.4,12510.84,12510.84
17469.0,2011-05-19 08:55:00,2011-11-23 13:15:00,88,1870.97,188,6.176084099868594,14.248510638297873,21.261022727272728,3635.2549021276595,3635.2549021276595
17470.0,2010-12-07 09:57:00,2011-10-26 12:42:00,78,1125.07,323,10.611038107752956,7.350835913312694,14.423974358974359,1272.3392247678019,1272.3392247678019
17472.0,2011-02-13 14:40:00,2011-06-01 14:57:00,181,710.29,108,3.54796320630749,51.01518518518519,3.9242541436464085,2402.358622222222,2402.358622222222
17475.0,2011-09-21 14:55:00,2011-09-21 14:55:00,14,194.37,1,0.0328515111695138,426.15999999999997,13.883571428571429,70999.4736,70999.4736
17480.0,2011-09-23 11:39:00,2011-09-23 11:39:00,29,511.82,1,0.0328515111695138,882.76,17.64896551724138,186957.6096,186957.6096
17481.0,2011-09-07 09:57:00,2011-12-06 12:28:00,82,1255.59,90,2.9566360052562417,27.734222222222222,15.312073170731706,5096.02128,5096.02128
17483.0,2011-06-09 19:40:00,2011-10-05 13:10:00,21,414.04,117,3.843626806833114,5.463589743589744,19.716190476190476,1292.654112820513,1292.654112820513
17486.0,2011-03-23 14:00:00,2011-03-23 14:00:00,24,396.87,1,0.0328515111695138,730.56,16.53625,144968.67359999998,144968.67359999998
17489.0,2011-05-11 11:34:00,2011-10-12 08:56:00,29,376.64,153,5.026281208935611,5.769673202614379,12.987586206896552,899.2095372549018,899.2095372549018
17490.0,2011-06-16 09:15:00,2011-12-09 09:08:00,76,2092.32,175,5.7490144546649145,13.219657142857143,27.530526315789476,4367.329426285714,4367.329426285714
17491.0,2010-12-07 12:18:00,2011-12-08 16:18:00,109,3558.87,366,12.02365308804205,9.065464480874317,32.65018348623853,3551.8689442622954,3551.8689442622954
17492.0,2011-04-05 15:21:00,2011-04-05 15:21:00,12,374.57,1,0.0328515111695138,365.28,31.214166666666667,136822.9296,136822.9296
17495.0,2011-11-01 12:06:00,2011-12-02 12:08:00,27,497.56,31,1.0183968462549278,26.51225806451613,18.42814814814815,5862.861832258065,5862.861832258065
17496.0,2010-12-16 08:39:00,2010-12-16 08:39:00,10,271.05,1,0.0328515111695138,304.4,27.105,99009.14399999999,99009.14399999999
17498.0,2011-09-25 12:25:00,2011-09-25 12:25:00,17,272.21999999999997,1,0.0328515111695138,517.48,16.012941176470587,99436.52160000001,99436.52160000001
17499.0,2011-02-23 09:14:00,2011-02-23 09:14:00,40,622.88,1,0.0328515111695138,1217.6,15.572,227525.6064,227525.6064
17500.0,2011-11-10 09:08:00,2011-11-22 14:25:00,5,1138.0,12,0.39421813403416556,12.683333333333334,227.6,34640.72,34640.72
17501.0,2011-05-03 09:46:00,2011-05-03 09:47:00,18,288.6,1,0.0328515111695138,547.92,16.033333333333335,105419.808,105419.808
17502.0,2011-11-10 16:39:00,2011-11-30 13:13:00,28,689.1,19,0.6241787122207622,44.858947368421056,24.610714285714288,13248.128842105265,13248.128842105265
17503.0,2011-11-01 11:12:00,2011-12-07 09:18:00,38,558.96,35,1.149802890932983,33.049142857142854,14.709473684210527,5833.6259657142855,5833.6259657142855
17504.0,2011-01-21 11:09:00,2011-05-17 12:59:00,127,2997.03,116,3.8107752956636003,33.326551724137936,23.598661417322838,9437.544124137934,9437.544124137934
17505.0,2011-05-18 09:01:00,2011-07-01 12:50:00,52,1145.8400000000001,44,1.445466491458607,35.974545454545456,22.03538461538462,9512.555345454548,9512.555345454548
17506.0,2011-09-25 11:39:00,2011-09-25 11:39:00,14,302.2,1,0.0328515111695138,426.15999999999997,21.585714285714285,110387.61599999998,110387.61599999998
17507.0,2011-02-03 18:08:00,2011-03-23 11:48:00,88,605.58,47,1.5440210249671484,56.99404255319149,6.881590909090909,4706.516221276596,4706.516221276596
17508.0,2011-03-04 08:10:00,2011-03-04 08:10:00,22,387.31,1,0.0328515111695138,669.68,17.605,141476.5968,141476.5968
17509.0,2011-10-07 13:14:00,2011-10-13 10:26:00,366,6115.14,5,0.164257555847569,2228.208,16.708032786885248,446747.6678400001,446747.6678400001
17510.0,2011-11-15 10:00:00,2011-11-15 10:00:00,20,308.48,1,0.0328515111695138,608.8,15.424000000000001,112681.5744,112681.5744
17511.0,2010-12-01 10:19:00,2011-12-07 10:12:00,963,91062.38,370,12.155059132720105,79.22627027027028,94.5611422637591,89900.71936864866,89900.71936864866
17512.0,2011-02-11 12:22:00,2011-11-11 12:11:00,105,2924.9900000000002,272,8.935611038107753,11.750735294117646,27.85704761904762,3928.089511764706,3928.089511764706
17513.0,2011-09-28 16:42:00,2011-09-28 16:42:00,6,513.2,1,0.0328515111695138,182.64,85.53333333333335,187461.696,187461.696
17514.0,2011-08-03 15:45:00,2011-08-03 15:45:00,40,208.65,1,0.0328515111695138,1217.6,5.2162500000000005,76215.672,76215.672
17515.0,2011-01-25 14:33:00,2011-11-08 14:04:00,87,639.02,286,9.395532194480946,9.25972027972028,7.345057471264368,816.1581314685316,816.1581314685316
17516.0,2011-02-27 12:41:00,2011-11-24 16:51:00,137,768.08,270,8.869908015768726,15.445481481481481,5.606423357664234,1039.1268977777777,1039.1268977777777
17517.0,2011-02-04 11:48:00,2011-02-04 11:48:00,11,153.94,1,0.0328515111695138,334.84,13.994545454545454,56231.20319999999,56231.20319999999
17519.0,2010-12-06 15:18:00,2011-11-22 16:43:00,82,1844.02,351,11.530880420499342,7.111339031339032,22.488048780487805,1919.0416683760684,1919.0416683760684
17520.0,2011-10-17 12:04:00,2011-10-17 12:04:00,30,546.81,1,0.0328515111695138,913.1999999999999,18.226999999999997,199738.75679999992,199738.75679999992
17521.0,2011-05-24 15:14:00,2011-11-10 11:22:00,45,723.21,169,5.551905387647832,8.105325443786983,16.071333333333335,1563.1606437869823,1563.1606437869823
17522.0,2011-05-05 16:31:00,2011-12-08 12:31:00,73,1070.71,216,7.09592641261498,10.287592592592594,14.667260273972603,1810.6895777777781,1810.6895777777781
17523.0,2011-11-20 13:40:00,2011-11-28 13:20:00,33,652.74,7,0.22996057818659657,143.50285714285715,19.78,34061.83817142858,34061.83817142858
17524.0,2010-12-13 14:32:00,2010-12-13 14:32:00,6,145.0,1,0.0328515111695138,182.64,24.166666666666668,52965.600000000006,52965.600000000006
17525.0,2010-12-15 12:05:00,2010-12-15 12:05:00,9,422.7,1,0.0328515111695138,273.96,46.96666666666667,154403.856,154403.856
17526.0,2010-12-09 12:20:00,2011-12-05 11:05:00,19,1195.8999999999999,360,11.826544021024967,1.6065555555555555,62.942105263157885,1213.4398666666664,1213.4398666666664
17527.0,2011-05-05 13:43:00,2011-10-17 12:32:00,47,939.37,164,5.387647831800263,8.723658536585367,19.98659574468085,2092.2748390243905,2092.2748390243905
17528.0,2011-09-29 13:04:00,2011-12-08 13:27:00,253,3628.5,70,2.299605781865966,110.01885714285714,14.34189723320158,18934.549714285713,18934.549714285713
17530.0,2010-12-09 20:01:00,2011-12-08 18:42:00,394,2385.0,363,11.925098554533507,33.03955922865014,6.053299492385787,2399.9801652892565,2399.9801652892565
17531.0,2011-06-02 19:17:00,2011-06-02 19:17:00,14,296.7,1,0.0328515111695138,426.15999999999997,21.192857142857143,108378.57599999999,108378.57599999999
17534.0,2011-10-17 12:47:00,2011-10-17 12:47:00,9,223.36,1,0.0328515111695138,273.96,24.817777777777778,81588.9408,81588.9408
17535.0,2011-03-04 15:20:00,2011-03-04 15:20:00,13,164.4,1,0.0328515111695138,395.71999999999997,12.646153846153847,60052.03200000001,60052.03200000001
17536.0,2011-06-15 13:23:00,2011-06-15 13:23:00,3,76.5,1,0.0328515111695138,91.32,25.5,27943.92,27943.92
17537.0,2011-02-09 13:37:00,2011-11-10 10:56:00,75,897.62,273,8.968462549277266,8.362637362637363,11.968266666666667,1201.0352879120878,1201.0352879120878
17538.0,2011-11-14 12:12:00,2011-11-14 12:12:00,9,98.42,1,0.0328515111695138,273.96,10.935555555555556,35950.857599999996,35950.857599999996
17540.0,2011-01-27 14:35:00,2011-11-15 11:56:00,25,578.9,291,9.559789750328514,2.6151202749140894,23.156,726.6687010309279,726.6687010309279
17542.0,2011-03-15 11:45:00,2011-03-15 11:45:00,25,170.75,1,0.0328515111695138,761.0,6.83,62371.56,62371.56
17545.0,2011-10-27 13:48:00,2011-10-27 14:04:00,145,645.96,1,0.0328515111695138,4413.8,4.454896551724138,235956.26880000002,235956.26880000002
17548.0,2011-04-20 12:01:00,2011-04-20 12:01:00,5,103.3,1,0.0328515111695138,152.2,20.66,37733.424,37733.424
17549.0,2011-10-19 10:05:00,2011-11-16 09:59:00,6,148.86,27,0.8869908015768725,6.764444444444445,24.810000000000002,2013.9104000000002,2013.9104000000002
17550.0,2011-04-10 15:19:00,2011-05-26 14:09:00,42,267.16,45,1.4783180026281209,28.410666666666668,6.360952380952382,2168.626773333334,2168.626773333334
17551.0,2010-12-15 14:12:00,2010-12-15 14:12:00,43,306.84,1,0.0328515111695138,1308.9199999999998,7.1358139534883716,112082.51519999998,112082.51519999998
17552.0,2010-12-02 18:45:00,2011-10-10 17:00:00,49,930.41,311,10.21681997371879,4.796012861736335,18.987959183673468,1092.79795755627,1092.79795755627
17553.0,2011-08-02 10:00:00,2011-08-02 10:00:00,2,1487.6,1,0.0328515111695138,60.879999999999995,743.8,543390.5279999999,535875.9878400022
17554.0,2011-07-14 20:01:00,2011-12-08 14:15:00,88,1952.45,146,4.7963206307490145,18.347397260273972,22.18693181818182,4884.869424657534,4884.869424657534
17555.0,2011-01-09 12:31:00,2011-11-20 12:22:00,106,483.26,314,10.315374507227332,10.275923566878982,4.559056603773585,562.1822063694268,562.1822063694268
17556.0,2011-05-18 10:48:00,2011-05-18 10:48:00,6,157.9,1,0.0328515111695138,182.64,26.316666666666666,57677.712,57677.712
17557.0,2011-09-19 14:23:00,2011-11-25 12:57:00,34,541.46,66,2.1681997371879107,15.681212121212122,15.92529411764706,2996.734981818182,2996.734981818182
17560.0,2011-02-02 11:14:00,2011-09-06 09:18:00,26,854.95,215,7.063074901445466,3.6811162790697676,32.88269230769231,1452.5401674418606,1452.5401674418606
17561.0,2011-11-20 12:53:00,2011-11-20 12:53:00,46,167.62,1,0.0328515111695138,1400.24,3.643913043478261,61228.23360000001,61228.23360000001
17562.0,2011-06-19 13:06:00,2011-11-25 14:21:00,63,1122.38,159,5.223390275952694,12.061132075471699,17.81555555555556,2578.50922264151,2578.50922264151
17564.0,2011-09-20 14:00:00,2011-11-15 13:27:00,49,454.01,55,1.8068331143232588,27.11927272727273,9.265510204081632,3015.2867781818186,3015.2867781818186
17566.0,2011-11-14 13:42:00,2011-12-01 19:54:00,152,901.21,17,0.5584756898817346,272.1694117647059,5.929013157894737,19364.352282352942,19364.352282352942
17567.0,2010-12-02 15:18:00,2011-12-02 15:48:00,165,4331.48,365,11.990801576872535,13.76054794520548,26.251393939393935,4334.802779178081,4334.802779178081
17569.0,2011-01-11 14:15:00,2011-01-11 14:15:00,29,344.14,1,0.0328515111695138,882.76,11.866896551724137,125707.45919999998,125707.45919999998
17571.0,2011-02-14 15:15:00,2011-10-20 15:57:00,299,1498.51,248,8.147174770039422,36.699838709677415,5.0117391304347825,2207.160212903226,2207.160212903226
17572.0,2010-12-01 12:51:00,2011-09-29 17:53:00,12,226.75000000000003,302,9.921156373193167,1.2095364238410595,18.895833333333336,274.2623841059603,274.2623841059603
17573.0,2011-09-07 10:36:00,2011-11-10 13:01:00,25,380.6,64,2.102496714848883,11.890625,15.224,2172.2745,2172.2745
17574.0,2011-04-11 09:47:00,2011-04-11 09:47:00,8,185.65,1,0.0328515111695138,243.51999999999998,23.20625,67814.23199999999,67814.23199999999
17576.0,2010-12-09 16:57:00,2011-12-01 17:56:00,411,3622.68,357,11.727989487516425,35.04436974789916,8.814306569343065,3706.7018218487397,3706.7018218487397
17578.0,2011-05-05 18:38:00,2011-05-05 18:38:00,5,143.45999999999998,1,0.0328515111695138,152.2,28.691999999999997,52403.068799999994,52403.068799999994
17579.0,2011-06-13 14:12:00,2011-12-05 12:28:00,50,448.90000000000003,174,5.716162943495401,8.74712643678161,8.978000000000002,942.3804137931036,942.3804137931036
17580.0,2010-12-16 15:27:00,2011-04-01 12:41:00,45,215.72,105,3.4494086727989486,13.045714285714286,4.793777777777778,750.4590628571428,750.4590628571428
17581.0,2010-12-02 14:47:00,2011-12-09 12:21:00,440,11045.04,371,12.187910643889618,36.101347708894885,25.102363636363638,10874.749895417792,10874.749895417792
17582.0,2011-04-17 13:18:00,2011-04-17 13:18:00,29,175.27,1,0.0328515111695138,882.76,6.043793103448277,64022.62560000001,64022.62560000001
17584.0,2011-08-04 14:12:00,2011-12-02 17:12:00,35,1242.3,120,3.9421813403416555,8.878333333333334,35.494285714285716,3781.5612,3781.5612
17585.0,2011-01-05 15:09:00,2011-08-22 13:30:00,214,1133.07,228,7.490144546649145,28.570877192982458,5.294719626168224,1815.2974105263158,1815.2974105263158
17588.0,2011-04-21 10:31:00,2011-08-31 13:37:00,23,1240.2,132,4.336399474375821,5.303939393939394,53.92173913043479,3431.9716363636367,3431.9716363636367
17589.0,2011-04-13 13:47:00,2011-10-10 16:58:00,253,2404.17,180,5.913272010512483,42.785111111111114,9.502648221343874,4878.86232,4878.86232
17590.0,2011-10-30 14:05:00,2011-12-07 12:55:00,201,1479.22,37,1.2155059132720105,165.36324324324323,7.359303482587065,14603.499502702702,14603.499502702702
17591.0,2010-12-07 15:39:00,2011-09-27 13:42:00,166,2225.9700000000003,293,9.625492772667542,17.245870307167237,13.409457831325303,2775.093247781571,2775.093247781571
17593.0,2010-12-22 10:29:00,2011-12-06 10:30:00,213,3927.34,349,11.465177398160314,18.577994269340977,18.438215962441316,4110.540845845273,4110.540845845273
17594.0,2011-03-30 10:32:00,2011-09-15 16:34:00,50,993.1800000000001,169,5.551905387647832,9.005917159763314,19.8636,2146.679233136095,2146.679233136095
17595.0,2011-11-02 16:19:00,2011-11-27 16:08:00,83,388.79,24,0.7884362680683311,105.27166666666668,4.68421686746988,5917.383800000001,5917.383800000001
17596.0,2010-12-06 12:34:00,2011-11-16 14:11:00,270,2827.93,345,11.333771353482259,23.822608695652175,10.473814814814814,2994.163102608695,2994.163102608695
17597.0,2011-05-10 11:54:00,2011-05-10 11:54:00,55,2044.3700000000001,1,0.0328515111695138,1674.2,37.17036363636364,746767.4736,535875.9878400022
17600.0,2011-11-22 09:43:00,2011-11-22 09:43:00,13,161.67000000000002,1,0.0328515111695138,395.71999999999997,12.436153846153847,59054.8176,59054.8176
17601.0,2011-04-14 18:02:00,2011-04-14 18:02:00,9,116.00999999999999,1,0.0328515111695138,273.96,12.889999999999999,42376.13279999999,42376.13279999999
17602.0,2011-01-19 16:18:00,2011-12-07 13:53:00,560,5102.97,321,10.545335085413928,53.10404984423676,9.11244642857143,5806.893712149534,5806.893712149534
17603.0,2011-09-22 14:18:00,2011-09-22 14:18:00,11,394.72,1,0.0328515111695138,334.84,35.88363636363636,144183.3216,144183.3216
17604.0,2011-01-31 15:09:00,2011-05-06 13:43:00,63,309.36,94,3.088042049934297,20.401276595744683,4.91047619047619,1202.159795744681,1202.159795744681
17608.0,2011-11-06 13:00:00,2011-11-06 13:06:00,59,193.42,1,0.0328515111695138,1795.96,3.2783050847457624,70652.4576,70652.4576
17609.0,2011-01-16 16:23:00,2011-10-30 12:28:00,237,1112.22,286,9.395532194480946,25.224755244755244,4.692911392405064,1420.5304951048952,1420.5304951048952
17611.0,2010-12-13 13:52:00,2011-12-02 13:29:00,576,3984.22,353,11.59658344283837,49.66980169971672,6.9170486111111105,4122.821194334278,4122.821194334278
17612.0,2011-02-15 10:40:00,2011-10-17 14:59:00,135,2048.45,244,8.015768725361367,16.841803278688523,15.173703703703703,3066.630393442623,3066.630393442623
17613.0,2011-02-07 11:20:00,2011-11-17 10:51:00,312,4559.150000000001,282,9.264126149802891,33.67829787234042,14.612660256410258,5905.554297872341,5905.554297872341
17614.0,2011-10-13 16:01:00,2011-10-13 16:01:00,100,390.07,1,0.0328515111695138,3044.0,3.9007,142484.7696,142484.7696
17615.0,2011-05-01 15:33:00,2011-08-01 14:06:00,14,329.6,91,2.9894875164257555,4.683076923076923,23.542857142857144,1323.036131868132,1323.036131868132
17616.0,2010-12-07 10:04:00,2011-06-19 10:11:00,3,571.1999999999999,194,6.3731931668856765,0.4707216494845361,190.39999999999998,1075.504824742268,1075.504824742268
17618.0,2010-12-12 16:05:00,2011-12-04 11:50:00,78,971.58,356,11.695137976346912,6.669438202247191,12.456153846153846,996.9065797752808,996.9065797752808
17619.0,2011-01-31 14:18:00,2011-01-31 14:18:00,77,218.52,1,0.0328515111695138,2343.88,2.837922077922078,79820.9856,79820.9856
17620.0,2011-10-11 12:08:00,2011-10-11 12:08:00,4,81.44,1,0.0328515111695138,121.75999999999999,20.36,29748.403199999997,29748.403199999997
17621.0,2010-12-20 13:31:00,2011-11-18 17:11:00,26,1379.9,333,10.939553219448094,2.376696696696697,53.073076923076925,1513.6632792792795,1513.6632792792795
17623.0,2011-11-07 11:32:00,2011-11-07 11:32:00,33,527.05,1,0.0328515111695138,1004.52,15.971212121212119,192520.82399999996,192520.82399999996
17624.0,2011-05-05 17:59:00,2011-11-25 10:52:00,50,843.48,203,6.668856767411301,7.497536945812808,16.869600000000002,1517.765391133005,1517.765391133005
17625.0,2011-03-27 12:21:00,2011-11-21 13:36:00,315,2047.0,239,7.851511169513797,40.11966527196653,6.498412698412698,3128.5697071129707,3128.5697071129707
17628.0,2011-09-19 15:21:00,2011-09-19 15:21:00,5,75.75,1,0.0328515111695138,152.2,15.15,27669.96,27669.96
17629.0,2010-12-15 09:58:00,2011-12-04 10:56:00,123,1814.1200000000001,354,11.629434954007884,10.576610169491525,14.748943089430895,1871.9258576271188,1871.9258576271188
17630.0,2011-04-21 14:03:00,2011-06-23 11:58:00,26,503.6,62,2.0367936925098555,12.76516129032258,19.36923076923077,2967.0162580645165,2967.0162580645165
17631.0,2011-04-21 13:22:00,2011-12-08 09:47:00,39,528.33,230,7.555847568988173,5.1615652173913045,13.546923076923077,839.079923478261,839.079923478261
17633.0,2011-08-11 15:43:00,2011-11-08 13:25:00,70,1324.84,88,2.890932982917214,24.213636363636365,18.92628571428571,5499.2904,5499.2904
17634.0,2011-01-06 12:45:00,2011-11-03 13:09:00,297,2361.9700000000003,301,9.888304862023652,30.035481727574755,7.952760942760944,2866.3800717607983,2866.3800717607983
17636.0,2011-11-20 14:40:00,2011-11-20 14:40:00,20,285.56,1,0.0328515111695138,608.8,14.278,104309.35679999998,104309.35679999998
17637.0,2011-08-16 13:25:00,2011-11-08 12:51:00,35,547.0600000000001,83,2.726675427069645,12.836144578313252,15.630285714285716,2407.591286746988,2407.591286746988
17639.0,2011-03-08 15:22:00,2011-03-08 15:22:00,7,108.5,1,0.0328515111695138,213.07999999999998,15.5,39632.88,39632.88
17640.0,2011-09-14 09:13:00,2011-09-14 09:13:00,5,621.66,1,0.0328515111695138,152.2,124.332,227079.9648,227079.9648
17642.0,2011-06-16 12:55:00,2011-08-12 09:11:00,40,712.29,56,1.8396846254927726,21.742857142857144,17.80725,4646.165914285715,4646.165914285715
17643.0,2010-12-01 14:38:00,2010-12-01 14:38:00,8,101.55,1,0.0328515111695138,243.51999999999998,12.69375,37094.183999999994,37094.183999999994
17644.0,2011-03-24 09:44:00,2011-12-08 13:43:00,157,2895.64,259,8.508541392904073,18.452046332046333,18.443566878980892,4083.858606949807,4083.858606949807
17646.0,2010-12-09 14:28:00,2011-05-04 13:17:00,51,1008.39,145,4.763469119579501,10.70648275862069,19.77235294117647,2540.3082703448276,2540.3082703448276
17647.0,2011-10-05 15:38:00,2011-10-05 15:38:00,7,133.06,1,0.0328515111695138,213.07999999999998,19.00857142857143,48604.1568,48604.1568
17648.0,2011-04-04 10:29:00,2011-10-10 09:41:00,91,1797.5,188,6.176084099868594,14.734255319148936,19.752747252747252,3492.504255319149,3492.504255319149
17649.0,2011-07-24 15:53:00,2011-07-24 15:53:00,52,868.49,1,0.0328515111695138,1582.8799999999999,16.70173076923077,317242.0272,317242.0272
17650.0,2011-11-18 14:52:00,2011-11-18 14:52:00,8,166.07999999999998,1,0.0328515111695138,243.51999999999998,20.759999999999998,60665.70239999999,60665.70239999999
17651.0,2011-06-15 15:57:00,2011-11-28 10:29:00,232,3945.0,165,5.4204993429697765,42.80048484848485,17.004310344827587,8733.512727272728,8733.512727272728
17652.0,2011-03-03 14:05:00,2011-11-14 12:55:00,259,4867.72,255,8.377135348226018,30.917490196078433,18.794285714285714,6972.865731764707,6972.865731764707
17653.0,2011-08-11 15:24:00,2011-11-03 12:46:00,44,1207.56,83,2.726675427069645,16.13686746987952,27.44454545454545,5314.427913253012,5314.427913253012
17654.0,2011-03-07 13:17:00,2011-03-07 13:17:00,22,117.55,1,0.0328515111695138,669.68,5.343181818181818,42938.66399999999,42938.66399999999
17655.0,2010-12-08 16:45:00,2011-11-29 11:34:00,91,2638.94,355,11.662286465177397,7.8029295774647895,28.99934065934066,2715.357755492958,2715.357755492958
17656.0,2011-08-03 10:45:00,2011-09-27 13:04:00,82,1674.69,55,1.8068331143232588,45.38327272727273,20.423048780487804,11122.377512727273,11122.377512727273
17658.0,2011-05-12 15:23:00,2011-11-14 12:07:00,19,595.42,185,6.077529566360052,3.1262702702702705,31.337894736842102,1175.6487437837836,1175.6487437837836
17659.0,2010-12-02 16:46:00,2011-11-22 13:29:00,158,2999.46,354,11.629434954007884,13.586214689265537,18.98392405063291,3095.036013559322,3095.036013559322
17660.0,2011-07-21 13:37:00,2011-07-21 13:37:00,45,196.0,1,0.0328515111695138,1369.8,4.355555555555555,71594.87999999999,71594.87999999999
17663.0,2011-02-25 14:11:00,2011-11-14 08:56:00,86,1802.91,261,8.5742444152431,10.030038314176245,20.96406976744186,2523.245075862069,2523.245075862069
17664.0,2011-05-11 14:17:00,2011-11-21 11:29:00,43,604.64,193,6.340341655716163,6.781968911917098,14.061395348837209,1144.3673533678755,1144.3673533678755
17666.0,2011-10-05 11:06:00,2011-12-06 09:06:00,18,728.16,61,2.0039421813403417,8.982295081967212,40.45333333333333,4360.365324590163,4360.365324590163
17667.0,2011-02-14 09:24:00,2011-10-04 14:32:00,116,2055.51,232,7.621550591327201,15.22,17.71991379310345,3236.365055172415,3236.365055172415
17668.0,2011-11-01 14:45:00,2011-12-08 13:25:00,15,347.75,36,1.1826544021024967,12.683333333333334,23.183333333333334,3528.503333333333,3528.503333333333
17669.0,2011-04-04 10:11:00,2011-10-28 08:53:00,68,3406.7200000000003,206,6.767411300919842,10.048155339805826,50.09882352941177,6040.809133980583,6040.809133980583
17670.0,2011-04-26 09:12:00,2011-04-26 09:12:00,11,205.7,1,0.0328515111695138,334.84,18.7,75138.09599999999,75138.09599999999
17671.0,2010-12-09 14:27:00,2011-11-24 12:21:00,53,1572.71,349,11.465177398160314,4.622693409742121,29.67377358490566,1646.0730911174787,1646.0730911174787
17672.0,2011-02-03 13:29:00,2011-10-20 14:18:00,110,3178.17,259,8.508541392904073,12.928185328185329,28.892454545454545,4482.324083397683,4482.324083397683
17673.0,2011-01-23 15:16:00,2011-12-08 12:50:00,227,1629.12,318,10.446780551905388,21.729182389937108,7.176740088105727,1871.336332075472,1871.336332075472
17674.0,2010-12-06 10:20:00,2011-09-26 13:35:00,27,551.04,294,9.658344283837057,2.7955102040816326,20.40888888888889,684.6390857142857,684.6390857142857
17675.0,2010-12-07 13:22:00,2011-12-08 18:03:00,705,20374.28,366,12.02365308804205,58.6344262295082,28.89968794326241,20334.19944918033,20334.19944918033
17676.0,2010-12-08 13:49:00,2011-12-05 15:16:00,78,1387.68,362,11.892247043363994,6.55889502762431,17.790769230769232,1400.2534541436466,1400.2534541436466
17677.0,2010-12-06 08:42:00,2011-12-08 09:56:00,304,16363.23,367,12.056504599211562,25.214604904632154,53.82641447368421,16286.54129264305,16286.54129264305
17678.0,2011-03-21 11:52:00,2011-03-21 11:52:00,16,298.11,1,0.0328515111695138,487.03999999999996,18.631875,108893.6208,108893.6208
17679.0,2011-09-15 10:35:00,2011-10-18 07:43:00,30,1992.1100000000001,32,1.0512483574244416,28.537499999999998,66.40366666666667,22739.93565,22739.93565
17680.0,2011-11-16 12:42:00,2011-11-16 12:42:00,11,184.4,1,0.0328515111695138,334.84,16.763636363636365,67357.63200000001,67357.63200000001
17682.0,2010-12-06 13:35:00,2011-11-29 15:59:00,118,2474.33,358,11.76084099868594,10.033296089385475,20.968898305084746,2524.645984357542,2524.645984357542
17684.0,2011-10-27 11:10:00,2011-10-27 11:10:00,15,239.41,1,0.0328515111695138,456.59999999999997,15.960666666666667,87451.68479999999,87451.68479999999
17685.0,2010-12-02 14:42:00,2011-11-23 11:36:00,130,3191.53,355,11.662286465177397,11.147042253521128,24.550230769230772,3283.9495166197194,3283.9495166197194
17686.0,2011-02-10 10:18:00,2011-12-02 15:39:00,286,5739.46,295,9.69119579500657,29.511322033898306,20.06804195804196,7106.813385762713,7106.813385762713
17690.0,2010-12-01 16:15:00,2011-11-09 15:17:00,256,4757.95,342,11.235216819973719,22.785497076023393,18.5857421875,5081.82449122807,5081.82449122807
17691.0,2010-12-06 11:10:00,2010-12-16 17:20:00,19,290.40000000000003,10,0.328515111695138,57.836,15.28421052631579,10607.7312,10607.7312
17692.0,2010-12-15 13:37:00,2011-08-04 14:01:00,46,740.94,232,7.621550591327201,6.035517241379311,16.10739130434783,1166.597255172414,1166.597255172414
17693.0,2011-07-25 15:48:00,2011-07-25 15:48:00,16,200.47,1,0.0328515111695138,487.03999999999996,12.529375,73227.6816,73227.6816
17694.0,2011-07-21 12:00:00,2011-07-21 12:00:00,15,283.12,1,0.0328515111695138,456.59999999999997,18.874666666666666,103418.07359999997,103418.07359999997
17695.0,2011-06-21 12:35:00,2011-07-31 10:40:00,35,765.34,39,1.281208935611038,27.317948717948717,21.866857142857143,7168.292184615384,7168.292184615384
17696.0,2010-12-10 09:51:00,2011-11-01 13:43:00,115,2285.71,326,10.709592641261498,10.73803680981595,19.875739130434784,2561.117020858896,2561.117020858896
17697.0,2011-04-17 15:40:00,2011-04-17 15:40:00,19,338.95,1,0.0328515111695138,578.36,17.839473684210525,123811.65599999999,123811.65599999999
17698.0,2011-03-24 11:34:00,2011-03-24 11:34:00,8,154.95,1,0.0328515111695138,243.51999999999998,19.36875,56600.135999999984,56600.135999999984
17700.0,2011-03-03 16:34:00,2011-11-23 11:51:00,142,2534.64,264,8.672798948751643,16.3730303030303,17.84957746478873,3507.020072727272,3507.020072727272
17701.0,2011-04-01 12:25:00,2011-04-01 12:25:00,24,417.95,1,0.0328515111695138,730.56,17.414583333333333,152668.77599999998,152668.77599999998
17702.0,2011-05-17 16:23:00,2011-11-09 16:03:00,74,1824.37,175,5.7490144546649145,12.87177142857143,24.653648648648648,3808.033563428572,3808.033563428572
17703.0,2011-07-24 13:30:00,2011-11-04 15:51:00,55,798.74,103,3.383705650459921,16.254368932038837,14.522545454545455,2832.6577398058257,2832.6577398058257
17704.0,2011-04-14 09:28:00,2011-06-24 09:40:00,31,885.19,71,2.3324572930354797,13.290704225352112,28.554516129032258,4554.115538028169,4554.115538028169
17705.0,2011-02-11 10:57:00,2011-12-06 13:45:00,103,1823.52,298,9.789750328515112,10.521208053691275,17.70407766990291,2235.2194147651007,2235.2194147651007
17706.0,2010-12-08 11:02:00,2011-12-05 13:34:00,382,10504.49,362,11.892247043363994,32.121767955801104,27.498664921465966,10599.668804419889,10599.668804419889
17707.0,2011-01-07 13:30:00,2011-06-07 15:03:00,5,152.4,151,4.9605781865965834,1.0079470198675498,30.48,368.666701986755,368.666701986755
17708.0,2011-01-19 10:09:00,2011-06-05 10:12:00,35,267.08,137,4.50065703022339,7.776642335766423,7.630857142857143,712.1093605839416,712.1093605839416
17709.0,2011-06-23 11:55:00,2011-06-23 11:55:00,7,137.45,1,0.0328515111695138,213.07999999999998,19.635714285714283,50207.73599999999,50207.73599999999
17711.0,2011-02-23 11:32:00,2011-11-29 11:40:00,23,385.1,279,9.165571616294349,2.5093906810035844,16.743478260869566,504.19113978494624,504.19113978494624
17712.0,2011-10-26 12:28:00,2011-10-26 12:28:00,29,522.91,1,0.0328515111695138,882.76,18.031379310344825,191008.5648,191008.5648
17714.0,2011-01-23 10:32:00,2011-01-23 10:32:00,10,153.0,1,0.0328515111695138,304.4,15.3,55887.84,55887.84
17715.0,2011-05-23 12:32:00,2011-05-23 12:32:00,1,326.4,1,0.0328515111695138,30.439999999999998,326.4,119227.39199999998,119227.39199999998
17716.0,2011-03-17 10:38:00,2011-11-17 12:00:00,245,5655.99,245,8.04862023653088,30.44,23.085673469387753,8432.734804897958,8432.734804897958
17718.0,2011-04-21 13:39:00,2011-04-21 13:39:00,6,139.35,1,0.0328515111695138,182.64,23.224999999999998,50901.768,50901.768
17719.0,2011-03-29 11:29:00,2011-11-02 10:36:00,274,5396.04,217,7.128777923784494,38.435760368663594,19.693576642335767,9083.251111520738,9083.251111520738
17720.0,2010-12-07 10:43:00,2011-11-13 15:04:00,50,1195.94,341,11.202365308804204,4.463343108504399,23.9188,1281.0937337243404,1281.0937337243404
17722.0,2010-12-08 12:41:00,2011-09-04 15:22:00,115,2424.04,270,8.869908015768726,12.965185185185184,21.078608695652175,3279.4567822222225,3279.4567822222225
17723.0,2011-05-09 14:44:00,2011-08-04 18:37:00,10,3276.4000000000005,87,2.8580814717477003,3.4988505747126437,327.64000000000004,13756.36082758621,13756.36082758621
17724.0,2011-07-24 13:26:00,2011-09-29 15:26:00,40,1033.0,67,2.2010512483574245,18.17313432835821,25.825,5631.854328358209,5631.854328358209
17725.0,2011-03-17 19:47:00,2011-11-23 16:34:00,192,3439.08,250,8.21287779237845,23.37792,17.911875,5024.9085696,5024.9085696
17727.0,2011-11-24 17:06:00,2011-11-24 17:06:00,66,1060.25,1,0.0328515111695138,2009.04,16.064393939393938,387288.11999999994,387288.11999999994
17728.0,2011-09-14 11:39:00,2011-12-06 08:52:00,165,2876.01,82,2.6938239159001314,61.25121951219512,17.430363636363637,12811.57235121951,12811.57235121951
17730.0,2011-01-17 14:49:00,2011-12-06 15:43:00,218,5298.4800000000005,323,10.611038107752956,20.544643962848298,24.304954128440368,5992.039549226007,5992.039549226007
17731.0,2011-06-09 14:18:00,2011-09-21 15:02:00,67,1240.11,104,3.416557161629435,19.610384615384618,18.509104477611938,4355.647892307692,4355.647892307692
17732.0,2010-12-02 09:29:00,2010-12-02 09:29:00,18,303.97,1,0.0328515111695138,547.92,16.887222222222224,111034.16160000002,111034.16160000002
17733.0,2011-03-23 09:54:00,2011-11-01 08:16:00,35,692.19,222,7.293035479632063,4.7990990990991,19.776857142857143,1138.9331675675676,1138.9331675675676
17734.0,2011-04-20 10:04:00,2011-10-17 12:33:00,43,700.63,180,5.913272010512483,7.271777777777778,16.293720930232556,1421.8118133333332,1421.8118133333332
17735.0,2010-12-07 10:32:00,2011-12-07 16:47:00,690,13110.02,365,11.990801576872535,57.5441095890411,19.000028985507246,13120.077001643836,13120.077001643836
17736.0,2011-08-18 14:33:00,2011-11-30 15:36:00,25,377.44,104,3.416557161629435,7.3173076923076925,15.0976,1325.6854153846155,1325.6854153846155
17737.0,2011-10-12 14:42:00,2011-11-30 15:16:00,10,168.24,49,1.609724047306176,6.2122448979591836,16.824,1254.1776979591837,1254.1776979591837
17738.0,2011-03-02 16:26:00,2011-11-20 15:05:00,97,1879.05,262,8.607095926412615,11.269770992366412,19.371649484536082,2619.7686412213743,2619.7686412213743
17739.0,2010-12-14 14:26:00,2011-11-28 09:12:00,47,2791.35,348,11.432325886990801,4.111149425287357,59.39042553191489,2929.9549655172414,2929.9549655172414
17742.0,2011-01-11 10:04:00,2011-08-18 15:28:00,15,355.11,219,7.194480946123521,2.084931506849315,23.674,592.3040219178082,592.3040219178082
17744.0,2010-12-16 14:17:00,2011-12-06 12:11:00,136,2322.4,354,11.629434954007884,11.694463276836158,17.076470588235296,2396.401898305085,2396.401898305085
17746.0,2011-04-13 14:31:00,2011-04-13 14:31:00,6,110.25,1,0.0328515111695138,182.64,18.375,40272.119999999995,40272.119999999995
17747.0,2011-08-19 08:13:00,2011-08-19 08:13:00,1,71.4,1,0.0328515111695138,30.439999999999998,71.4,26080.992000000002,26080.992000000002
17749.0,2011-03-28 13:39:00,2011-06-14 15:45:00,35,674.52,78,2.562417871222076,13.658974358974358,19.272,3158.8290461538463,3158.8290461538463
17750.0,2011-06-28 15:44:00,2011-12-04 14:09:00,193,1797.57,158,5.19053876478318,37.18303797468354,9.313834196891191,4155.799807594936,4155.799807594936
17752.0,2010-12-15 16:19:00,2010-12-15 16:19:00,1,80.64,1,0.0328515111695138,30.439999999999998,80.64,29456.1792,29456.1792
17754.0,2011-03-24 13:54:00,2011-12-09 11:20:00,92,1772.26,259,8.508541392904073,10.812664092664093,19.26369565217391,2499.5024432432433,2499.5024432432433
17757.0,2010-12-02 17:17:00,2011-12-08 15:31:00,741,5605.29,370,12.155059132720105,60.962270270270274,7.564493927125506,5533.784678918919,5533.784678918919
17758.0,2011-04-03 15:22:00,2011-11-20 14:45:00,412,3456.7,230,7.555847568988173,54.52730434782609,8.39004854368932,5489.840765217391,5489.840765217391
17759.0,2011-06-23 13:35:00,2011-11-22 16:02:00,95,834.99,152,4.993429697766097,19.025,8.789368421052632,2006.6128105263158,2006.6128105263158
17760.0,2010-12-01 15:08:00,2011-11-18 10:56:00,25,287.59,351,11.530880420499342,2.1680911680911685,11.503599999999999,299.2902427350428,299.2902427350428
17761.0,2011-11-07 10:23:00,2011-11-07 10:23:00,19,712.78,1,0.0328515111695138,578.36,37.514736842105265,260364.2784,260364.2784
17763.0,2011-03-21 14:25:00,2011-03-21 14:25:00,1,15.0,1,0.0328515111695138,30.439999999999998,15.0,5479.2,5479.2
17764.0,2011-05-12 16:11:00,2011-10-20 11:03:00,75,818.82,160,5.256241787122208,14.26875,10.9176,1869.36606,1869.36606
17765.0,2011-03-28 11:58:00,2011-07-04 12:41:00,57,371.88,98,3.219448094612352,17.704897959183675,6.524210526315789,1386.1257795918368,1386.1257795918368
17767.0,2011-11-24 14:42:00,2011-11-24 14:42:00,21,271.2,1,0.0328515111695138,639.24,12.914285714285715,99063.93599999999,99063.93599999999
17768.0,2011-06-26 13:46:00,2011-12-01 13:22:00,105,2273.1800000000003,157,5.157687253613666,20.35796178343949,21.649333333333335,5288.835607643312,5288.835607643312
17769.0,2011-01-23 11:15:00,2011-11-27 11:18:00,310,3997.98,308,10.11826544021025,30.637662337662338,12.896709677419356,4741.500436363637,4741.500436363637
17770.0,2011-03-02 13:35:00,2011-05-25 12:34:00,38,1143.27,83,2.726675427069645,13.936385542168676,30.086052631578948,5031.489946987953,5031.489946987953
17771.0,2011-01-20 14:13:00,2011-10-14 11:43:00,54,245.81,266,8.73850197109067,6.179548872180451,4.552037037037037,337.5544240601504,337.5544240601504
17772.0,2011-11-29 10:57:00,2011-11-29 11:05:00,53,182.77,1,0.0328515111695138,1613.32,3.448490566037736,66762.2256,66762.2256
17774.0,2011-02-07 13:13:00,2011-09-04 12:49:00,156,1225.41,208,6.83311432325887,22.830000000000002,7.855192307692308,2152.008484615385,2152.008484615385
17775.0,2011-03-30 10:50:00,2011-03-30 10:50:00,3,56.4,1,0.0328515111695138,91.32,18.8,20601.792,20601.792
17777.0,2011-08-31 14:35:00,2011-11-15 12:02:00,194,665.86,75,2.463863337713535,78.73813333333334,3.4322680412371134,3243.0045440000004,3243.0045440000004
17779.0,2011-07-19 12:19:00,2011-11-18 14:15:00,82,658.57,122,4.0078843626806835,20.45967213114754,8.031341463414634,1971.823357377049,1971.823357377049
17781.0,2011-03-31 19:54:00,2011-07-03 16:00:00,12,188.02,93,3.055190538764783,3.927741935483871,15.668333333333335,738.4940387096774,738.4940387096774
17783.0,2011-04-06 10:07:00,2011-09-28 16:07:00,67,283.47,175,5.7490144546649145,11.654171428571429,4.23089552238806,591.6909805714287,591.6909805714287
17785.0,2011-10-17 13:43:00,2011-10-17 13:43:00,13,131.94,1,0.0328515111695138,395.71999999999997,10.149230769230769,48195.04319999999,48195.04319999999
17786.0,2011-01-26 14:35:00,2011-09-15 12:51:00,72,278.74,231,7.588699080157687,9.487792207792209,3.871388888888889,440.7712000000001,440.7712000000001
17787.0,2010-12-03 13:43:00,2011-07-10 11:24:00,134,1865.19,218,7.1616294349540075,18.710825688073395,13.919328358208956,3125.305519266055,3125.305519266055
17788.0,2011-08-02 10:38:00,2011-09-27 10:09:00,5,1117.9,55,1.8068331143232588,2.7672727272727276,223.58,7424.482036363638,7424.482036363638
17789.0,2011-03-03 13:14:00,2011-03-03 13:14:00,14,225.9,1,0.0328515111695138,426.15999999999997,16.135714285714286,82516.752,82516.752
17790.0,2010-12-10 10:47:00,2011-11-13 11:30:00,190,1965.55,338,11.103810775295663,17.111242603550295,10.345,2124.1896568047337,2124.1896568047337
17791.0,2011-11-10 12:09:00,2011-11-10 12:09:00,10,106.1,1,0.0328515111695138,304.4,10.61,38756.208,38756.208
17793.0,2011-11-14 14:24:00,2011-11-14 14:24:00,58,323.04,1,0.0328515111695138,1765.52,5.5696551724137935,118000.05120000002,118000.05120000002
17795.0,2011-03-20 12:02:00,2011-06-13 12:36:00,46,350.39,85,2.7923784494086727,16.473411764705883,7.617173913043478,1505.7701082352942,1505.7701082352942
17796.0,2010-12-05 12:23:00,2011-10-30 15:38:00,82,697.9,329,10.808147174770038,7.586869300911855,8.510975609756096,774.8599148936171,774.8599148936171
17797.0,2011-06-10 11:29:00,2011-11-17 13:21:00,111,780.43,160,5.256241787122208,21.11775,7.0309009009009005,1781.72169,1781.72169
17799.0,2010-12-13 13:10:00,2011-11-17 15:16:00,408,3055.93,339,11.136662286465176,36.635752212389384,7.490024509803921,3292.8321840707963,3292.8321840707963
17800.0,2011-01-09 13:50:00,2011-11-02 12:57:00,104,1199.01,296,9.724047306176084,10.695135135135136,11.528942307692308,1479.6431513513514,1479.6431513513514
17802.0,2010-12-02 13:44:00,2011-09-18 14:56:00,140,1285.04,290,9.526938239159001,14.695172413793104,9.178857142857142,1618.6186593103448,1618.6186593103448
17805.0,2011-09-27 11:49:00,2011-09-27 11:49:00,10,512.31,1,0.0328515111695138,304.4,51.230999999999995,187136.59679999997,187136.59679999997
17806.0,2011-11-28 14:12:00,2011-11-28 14:12:00,43,546.04,1,0.0328515111695138,1308.9199999999998,12.698604651162789,199457.49119999993,199457.49119999993
17809.0,2010-12-01 09:41:00,2011-11-23 12:59:00,61,5411.91,357,11.727989487516425,5.2012324929972,88.71983606557377,5537.429929411765,5537.429929411765
17811.0,2011-01-10 10:58:00,2011-12-05 13:46:00,851,7837.7300000000005,329,10.808147174770038,78.73689969604864,9.210023501762633,8702.024359878422,8702.024359878422
17812.0,2010-12-06 15:27:00,2011-11-27 11:47:00,141,732.16,355,11.662286465177397,12.090253521126762,5.192624113475177,753.3617036619719,753.3617036619719
17813.0,2011-09-29 15:57:00,2011-11-25 16:13:00,371,1770.88,57,1.8725361366622864,198.12701754385967,4.773261455525606,11348.544673684211,11348.544673684211
17816.0,2010-12-09 14:10:00,2011-11-03 11:34:00,17,36.56,328,10.775295663600525,1.5776829268292683,2.150588235294118,40.715356097560985,40.715356097560985
17817.0,2011-03-07 17:30:00,2011-12-05 14:39:00,33,387.68,272,8.935611038107753,3.6930882352941174,11.747878787878788,520.6314352941176,520.6314352941176
17819.0,2010-12-03 14:26:00,2011-09-29 10:52:00,48,3704.87,299,9.822601839684625,4.886688963210703,77.18479166666667,4526.136834782609,4526.136834782609
17824.0,2011-10-19 14:14:00,2011-10-19 14:14:00,13,298.4,1,0.0328515111695138,395.71999999999997,22.95384615384615,108999.55199999998,108999.55199999998
17827.0,2010-12-10 10:18:00,2011-12-04 15:00:00,220,1995.46,359,11.793692509855452,18.654038997214485,9.070272727272727,2030.366654038997,2030.366654038997
17828.0,2011-06-08 08:31:00,2011-11-17 08:41:00,67,1820.09,162,5.321944809461235,12.589382716049382,27.1655223880597,4103.965896296296,4103.965896296296
17829.0,2011-02-14 12:46:00,2011-02-14 12:46:00,30,889.24,1,0.0328515111695138,913.1999999999999,29.641333333333332,324821.58719999995,324821.58719999995
17830.0,2011-02-24 10:15:00,2011-12-08 12:28:00,23,398.7,287,9.42838370565046,2.4394425087108016,17.33478260869565,507.44646689895467,507.44646689895467
17831.0,2011-11-06 15:09:00,2011-11-06 15:09:00,2,35.400000000000006,1,0.0328515111695138,60.879999999999995,17.700000000000003,12930.912,12930.912
17832.0,2011-10-21 11:43:00,2011-10-21 11:43:00,61,155.37,1,0.0328515111695138,1856.84,2.547049180327869,56753.5536,56753.5536
17835.0,2011-11-16 16:30:00,2011-12-07 11:48:00,61,350.64,20,0.657030223390276,92.842,5.7481967213114755,6404.08896,6404.08896
17836.0,2011-10-23 16:13:00,2011-10-23 16:13:00,24,110.21000000000001,1,0.0328515111695138,730.56,4.592083333333334,40257.5088,40257.5088
17837.0,2011-06-29 16:44:00,2011-10-28 16:13:00,169,1593.38,120,3.9421813403416555,42.86966666666667,9.42828402366864,4850.2487200000005,4850.2487200000005
17838.0,2010-12-02 15:55:00,2011-11-13 11:20:00,121,2779.3,345,11.333771353482259,10.676057971014494,22.969421487603306,2942.6745043478263,2942.6745043478263
17839.0,2011-10-28 17:27:00,2011-10-28 17:27:00,56,338.8,1,0.0328515111695138,1704.6399999999999,6.05,123756.86399999997,123756.86399999997
17841.0,2010-12-01 14:41:00,2011-12-08 12:07:00,7847,40991.57,371,12.187910643889618,643.8347169811321,5.223852427679368,40359.570591913754,40359.570591913754
17843.0,2011-02-09 15:33:00,2011-02-09 15:33:00,37,205.48,1,0.0328515111695138,1126.28,5.553513513513513,75057.73439999999,75057.73439999999
17844.0,2011-08-25 11:27:00,2011-08-25 11:27:00,5,51.559999999999995,1,0.0328515111695138,152.2,10.312,18833.836799999997,18833.836799999997
17846.0,2011-09-15 15:20:00,2011-09-15 15:20:00,1,2033.1,1,0.0328515111695138,30.439999999999998,2033.1,742650.7679999999,535875.9878400022
17848.0,2010-12-16 18:38:00,2011-09-19 16:49:00,51,901.2,276,9.067017082785808,5.624782608695652,17.67058823529412,1192.7186086956522,1192.7186086956522
17849.0,2011-01-10 11:59:00,2011-05-05 13:46:00,26,605.8000000000001,115,3.7779237844940865,6.882086956521739,23.300000000000004,1924.2315130434786,1924.2315130434786
17850.0,2010-12-01 08:26:00,2010-12-02 15:27:00,297,5391.21,1,0.0328515111695138,9040.68,18.15222222222222,1969301.1888,535875.9878400022
17852.0,2011-11-28 12:31:00,2011-11-28 12:36:00,24,114.34,1,0.0328515111695138,730.56,4.764166666666667,41766.1152,41766.1152
17854.0,2011-04-26 16:53:00,2011-06-07 16:21:00,15,311.26,41,1.3469119579500657,11.136585365853659,20.750666666666667,2773.098848780488,2773.098848780488
17855.0,2010-12-02 09:44:00,2010-12-02 09:44:00,17,208.97,1,0.0328515111695138,517.48,12.292352941176471,76332.5616,76332.5616
17856.0,2011-03-03 11:40:00,2011-12-08 09:40:00,15,1418.03,279,9.165571616294349,1.6365591397849464,94.53533333333333,1856.5519655913977,1856.5519655913977
17857.0,2010-12-09 11:35:00,2011-12-05 13:13:00,54,26879.04,361,11.85939553219448,4.553351800554017,497.76,27197.71670692521,27197.71670692521
17858.0,2010-12-05 13:08:00,2011-12-04 11:56:00,199,5155.66,363,11.925098554533507,16.68749311294766,25.9078391959799,5188.04265785124,5188.04265785124
17859.0,2011-02-08 10:32:00,2011-02-08 10:32:00,25,148.21,1,0.0328515111695138,761.0,5.9284,54138.148799999995,54138.148799999995
17860.0,2010-12-06 12:41:00,2010-12-06 12:41:00,58,252.8,1,0.0328515111695138,1765.52,4.358620689655172,92342.784,92342.784
17861.0,2011-01-24 11:34:00,2011-12-06 16:21:00,222,2100.8,316,10.38107752956636,21.38506329113924,9.463063063063064,2428.418430379747,2428.418430379747
17862.0,2011-01-20 12:23:00,2011-01-20 12:23:00,11,330.9,1,0.0328515111695138,334.84,30.08181818181818,120871.15199999997,120871.15199999997
17863.0,2010-12-05 13:21:00,2011-10-11 13:45:00,148,3160.0,310,10.183968462549277,14.532645161290322,21.35135135135135,3723.499354838709,3723.499354838709
17864.0,2011-03-09 11:44:00,2011-11-27 11:15:00,102,597.5,262,8.607095926412615,11.850687022900763,5.857843137254902,833.0335877862594,833.0335877862594
17865.0,2010-12-10 14:53:00,2011-11-09 12:08:00,370,10526.32,333,10.939553219448094,33.82222222222222,28.449513513513512,11546.709218018017,11546.709218018017
17866.0,2011-07-20 11:07:00,2011-07-20 11:07:00,9,329.65000000000003,1,0.0328515111695138,273.96,36.62777777777778,120414.552,120414.552
17867.0,2011-02-24 12:25:00,2011-11-09 14:15:00,79,1197.1000000000001,258,8.47568988173456,9.320775193798449,15.153164556962027,1694.8708837209301,1694.8708837209301
17869.0,2010-12-06 17:16:00,2011-08-24 16:16:00,40,428.18,260,8.541392904073588,4.683076923076923,10.7045,601.559963076923,601.559963076923
17870.0,2010-12-08 08:12:00,2011-12-07 15:07:00,279,1894.35,364,11.957950065703022,23.33175824175824,6.7897849462365585,1901.0114505494503,1901.0114505494503
17871.0,2011-05-19 11:32:00,2011-05-19 11:32:00,10,155.9,1,0.0328515111695138,304.4,15.59,56947.151999999995,56947.151999999995
17873.0,2010-12-01 14:54:00,2011-09-20 16:41:00,44,1859.16,293,9.625492772667542,4.571194539249147,42.25363636363637,2317.7951017064847,2317.7951017064847
17874.0,2011-03-29 11:25:00,2011-06-07 12:54:00,46,683.46,70,2.299605781865966,20.00342857142857,14.857826086956523,3566.489554285715,3566.489554285715
17877.0,2011-06-22 13:00:00,2011-06-22 13:00:00,12,237.61,1,0.0328515111695138,365.28,19.800833333333333,86794.1808,86794.1808
17878.0,2011-10-27 11:24:00,2011-10-27 11:24:00,26,379.45,1,0.0328515111695138,791.4399999999999,14.59423076923077,138605.49599999998,138605.49599999998
17879.0,2011-06-19 12:36:00,2011-06-19 12:36:00,6,178.52,1,0.0328515111695138,182.64,29.753333333333334,65209.7856,65209.7856
17880.0,2010-12-10 10:21:00,2010-12-10 10:21:00,26,458.92,1,0.0328515111695138,791.4399999999999,17.65076923076923,167634.2976,167634.2976
17881.0,2011-02-08 17:16:00,2011-02-08 17:16:00,8,133.35,1,0.0328515111695138,243.51999999999998,16.66875,48710.087999999996,48710.087999999996
17883.0,2011-04-07 19:16:00,2011-12-06 17:49:00,145,671.77,242,7.9500657030223385,18.238842975206612,4.632896551724138,1013.9840727272729,1013.9840727272729
17884.0,2010-12-03 12:11:00,2011-12-06 11:33:00,117,717.45,367,12.056504599211562,9.704305177111717,6.1320512820512825,714.0875640326976,714.0875640326976
17885.0,2011-11-27 14:40:00,2011-11-27 14:40:00,64,190.19,1,0.0328515111695138,1948.1599999999999,2.97171875,69472.60319999998,69472.60319999998
17886.0,2011-04-04 12:34:00,2011-11-08 10:09:00,109,899.61,217,7.128777923784494,15.290138248847928,8.253302752293578,1514.3296811059909,1514.3296811059909
17887.0,2011-08-02 17:29:00,2011-08-02 17:29:00,10,111.35,1,0.0328515111695138,304.4,11.135,40673.928,40673.928
17888.0,2010-12-17 13:56:00,2011-11-18 13:45:00,67,726.05,335,11.005256241787121,6.088000000000001,10.836567164179105,791.6762507462688,791.6762507462688
17889.0,2011-01-21 17:14:00,2011-05-11 16:26:00,21,203.87,109,3.5808147174770038,5.864587155963303,9.708095238095238,683.207647706422,683.207647706422
17890.0,2010-12-13 15:12:00,2011-01-21 11:19:00,94,602.09,38,1.2483574244415243,75.29894736842105,6.405212765957447,5787.669347368422,5787.669347368422
17891.0,2011-06-30 20:08:00,2011-06-30 20:08:00,34,203.85999999999999,1,0.0328515111695138,1034.96,5.995882352941176,74465.98079999999,74465.98079999999
17892.0,2011-07-07 12:56:00,2011-10-14 16:49:00,28,244.1,99,3.252299605781866,8.609292929292929,8.717857142857143,900.6550303030302,900.6550303030302
17893.0,2011-04-28 13:50:00,2011-04-28 13:50:00,16,112.25,1,0.0328515111695138,487.03999999999996,7.015625,41002.68,41002.68
17894.0,2010-12-08 14:50:00,2011-09-29 09:23:00,193,1119.81,294,9.658344283837057,19.982721088435373,5.802124352331606,1391.3067918367346,1391.3067918367346
17895.0,2011-10-26 17:00:00,2011-10-26 17:00:00,16,98.0,1,0.0328515111695138,487.03999999999996,6.125,35797.44,35797.44
17896.0,2011-11-16 13:59:00,2011-11-16 13:59:00,2,256.32,1,0.0328515111695138,60.879999999999995,128.16,93628.56959999999,93628.56959999999
17897.0,2010-12-01 12:31:00,2011-06-20 11:23:00,114,566.6,200,6.570302233902759,17.3508,4.970175438596492,1034.83824,1034.83824
17898.0,2011-05-16 17:13:00,2011-09-15 14:56:00,28,152.06,121,3.9750328515111693,7.043966942148761,5.430714285714286,459.0452628099174,459.0452628099174
17899.0,2011-07-03 14:58:00,2011-07-03 14:58:00,32,155.8,1,0.0328515111695138,974.0799999999999,4.86875,56910.623999999996,56910.623999999996
17900.0,2011-06-02 14:28:00,2011-06-02 14:38:00,6,112.19999999999999,1,0.0328515111695138,182.64,18.7,40984.416,40984.416
17901.0,2011-11-10 17:29:00,2011-11-10 17:29:00,19,110.38,1,0.0328515111695138,578.36,5.809473684210526,40319.606400000004,40319.606400000004
17904.0,2011-11-18 12:57:00,2011-11-18 12:57:00,38,191.67000000000002,1,0.0328515111695138,1156.72,5.043947368421053,70013.2176,70013.2176
17905.0,2010-12-01 13:21:00,2011-09-29 17:33:00,34,800.24,302,9.921156373193167,3.427019867549669,23.536470588235293,967.9194278145695,967.9194278145695
17906.0,2011-04-06 17:25:00,2011-04-06 17:25:00,12,72.9,1,0.0328515111695138,365.28,6.075,26628.912,26628.912
17908.0,2010-12-01 11:45:00,2010-12-01 11:45:00,58,243.28,1,0.0328515111695138,1765.52,4.19448275862069,88865.31839999999,88865.31839999999
17911.0,2011-11-30 14:52:00,2011-11-30 14:52:00,39,366.23,1,0.0328515111695138,1187.1599999999999,9.390512820512821,133776.4944,133776.4944
17912.0,2010-12-10 11:11:00,2011-02-02 14:25:00,38,311.01,54,1.773981603153745,21.42074074074074,8.184473684210525,2103.8098666666665,2103.8098666666665
17913.0,2010-12-19 11:35:00,2011-10-12 10:45:00,59,411.6,296,9.724047306176084,6.067432432432432,6.976271186440679,507.93664864864866,507.93664864864866
17914.0,2011-12-06 11:58:00,2011-12-06 11:58:00,80,336.43,1,0.0328515111695138,2435.2,4.205375,122891.15039999998,122891.15039999998
17917.0,2010-12-12 12:08:00,2011-10-25 13:20:00,94,341.28,317,10.413929040735873,9.026372239747635,3.63063829787234,393.2579129337539,393.2579129337539
17919.0,2011-09-12 13:41:00,2011-09-12 13:41:00,23,1304.04,1,0.0328515111695138,700.12,56.697391304347825,476339.7312,476339.7312
17920.0,2010-12-01 11:49:00,2011-12-05 14:29:00,696,4204.1,369,12.12220762155059,57.415284552845534,6.040373563218392,4161.717203252034,4161.717203252034
17921.0,2011-03-18 13:19:00,2011-10-06 18:56:00,145,826.52,202,6.636005256241787,21.85049504950495,5.700137931034483,1494.6100277227722,1494.6100277227722
17923.0,2011-03-02 15:15:00,2011-03-02 15:15:00,1,207.50000000000003,1,0.0328515111695138,30.439999999999998,207.50000000000003,75795.6,75795.6
17924.0,2010-12-01 10:51:00,2011-11-28 09:11:00,31,2962.5,361,11.85939553219448,2.6139612188365655,95.56451612903226,2997.623268698061,2997.623268698061
17925.0,2010-12-02 10:10:00,2010-12-02 10:10:00,1,244.08,1,0.0328515111695138,30.439999999999998,244.08,89157.54239999999,89157.54239999999
17926.0,2011-05-20 09:24:00,2011-07-29 14:39:00,21,397.29,70,2.299605781865966,9.132,18.91857142857143,2073.1727314285713,2073.1727314285713
17928.0,2011-04-07 18:03:00,2011-10-25 13:52:00,23,212.54,200,6.570302233902759,3.5006,9.240869565217391,388.18305599999997,388.18305599999997
17929.0,2011-02-04 11:40:00,2011-11-28 16:01:00,5,843.0,297,9.756898817345597,0.5124579124579125,168.6,1036.8048484848484,1036.8048484848484
17930.0,2011-04-14 15:46:00,2011-11-04 10:23:00,39,1740.48,203,6.668856767411301,5.84807881773399,44.62769230769231,3131.835144827586,3131.835144827586
17931.0,2011-03-29 12:31:00,2011-07-28 18:33:00,65,408.36,121,3.9750328515111693,16.35206611570248,6.282461538461539,1232.774717355372,1232.774717355372
17932.0,2011-05-12 13:58:00,2011-11-10 19:49:00,90,1331.57,182,5.978975032851511,15.052747252747253,14.795222222222222,2672.5048879120877,2672.5048879120877
17934.0,2011-10-12 10:50:00,2011-10-19 11:16:00,21,704.25,7,0.22996057818659657,91.32000000000001,33.535714285714285,36749.77714285714,36749.77714285714
17935.0,2011-07-21 11:23:00,2011-07-24 13:18:00,29,145.79,3,0.09855453350854139,294.25333333333333,5.027241379310345,17751.3904,17751.3904
17936.0,2011-12-04 13:32:00,2011-12-04 13:32:00,77,389.84,1,0.0328515111695138,2343.88,5.062857142857142,142400.75519999999,142400.75519999999
17937.0,2010-12-12 14:43:00,2011-12-01 11:45:00,43,4301.22,353,11.59658344283837,3.7079886685552412,100.02837209302326,4450.848843059491,4450.848843059491
17939.0,2011-07-03 12:27:00,2011-07-03 12:27:00,12,99.14,1,0.0328515111695138,365.28,8.261666666666667,36213.8592,36213.8592
17940.0,2011-02-10 09:29:00,2011-10-21 13:27:00,19,4106.4400000000005,253,8.31143232588699,2.28600790513834,216.1284210526316,5928.855348616602,5928.855348616602
17941.0,2011-08-01 08:30:00,2011-08-01 08:30:00,2,304.56,1,0.0328515111695138,60.879999999999995,152.28,111249.67679999999,111249.67679999999
17942.0,2011-12-02 10:45:00,2011-12-02 10:45:00,2,77.50000000000001,1,0.0328515111695138,60.879999999999995,38.75000000000001,28309.200000000004,28309.200000000004
17946.0,2011-03-25 14:34:00,2011-04-20 17:00:00,20,149.57999999999998,26,0.8541392904073587,23.415384615384617,7.478999999999999,2101.4839384615384,2101.4839384615384
17947.0,2011-11-02 13:05:00,2011-11-02 13:05:00,9,176.68,1,0.0328515111695138,273.96,19.63111111111111,64537.670399999995,64537.670399999995
17948.0,2011-07-15 12:58:00,2011-07-15 12:58:00,1,358.56000000000006,1,0.0328515111695138,30.439999999999998,358.56000000000006,130974.79680000001,130974.79680000001
17949.0,2010-12-03 13:12:00,2011-12-08 18:46:00,70,58510.48,370,12.155059132720105,5.758918918918919,835.864,57764.07603891892,57764.07603891892
17950.0,2010-12-09 15:16:00,2011-09-28 15:18:00,71,482.2,293,9.625492772667542,7.376245733788396,6.791549295774648,601.153638225256,601.153638225256
17951.0,2010-12-01 12:40:00,2011-10-31 12:30:00,20,1008.5400000000001,333,10.939553219448094,1.8282282282282285,50.42700000000001,1106.3047783783786,1106.3047783783786
17954.0,2010-12-03 14:18:00,2011-12-04 14:15:00,485,2332.72,365,11.990801576872535,40.447671232876715,4.809731958762886,2334.5094838356163,2334.5094838356163
17955.0,2011-05-04 12:29:00,2011-05-25 12:00:00,19,557.3,20,0.657030223390276,28.918,29.331578947368417,10178.527199999999,10178.527199999999
17956.0,2011-04-04 13:47:00,2011-04-04 13:47:00,1,12.75,1,0.0328515111695138,30.439999999999998,12.75,4657.32,4657.32
17957.0,2011-10-04 14:58:00,2011-10-04 14:58:00,31,111.68,1,0.0328515111695138,943.64,3.6025806451612907,40794.470400000006,40794.470400000006
17958.0,2011-08-15 12:19:00,2011-08-15 12:19:00,7,508.46000000000004,1,0.0328515111695138,213.07999999999998,72.63714285714286,185730.2688,185730.2688
17960.0,2011-06-21 14:15:00,2011-06-21 14:15:00,26,73.78,1,0.0328515111695138,791.4399999999999,2.8376923076923077,26950.358399999997,26950.358399999997
17961.0,2010-12-02 19:18:00,2011-11-18 16:55:00,249,1296.44,350,11.498028909329829,21.655885714285716,5.206586345381527,1353.0388662857144,1353.0388662857144
17962.0,2011-07-20 14:16:00,2011-07-20 14:16:00,35,102.83,1,0.0328515111695138,1065.3999999999999,2.938,37561.7424,37561.7424
17964.0,2010-12-02 13:32:00,2011-11-08 10:44:00,104,471.7,340,11.169513797634691,9.311058823529413,4.535576923076923,506.77228235294126,506.77228235294126
17965.0,2010-12-05 15:54:00,2011-11-02 09:31:00,329,2622.57,331,10.873850197109066,30.256072507552872,7.971337386018238,2894.1763432024172,2894.1763432024172
17966.0,2011-03-23 17:25:00,2011-11-02 10:26:00,68,1098.43,223,7.3258869908015765,9.282152466367714,16.15338235294118,1799.2578941704041,1799.2578941704041
17967.0,2010-12-03 11:19:00,2010-12-03 11:19:00,48,123.07,1,0.0328515111695138,1461.12,2.5639583333333333,44955.0096,44955.0096
17968.0,2010-12-01 12:23:00,2010-12-01 12:23:00,85,277.35,1,0.0328515111695138,2587.4,3.2629411764705885,101310.40800000002,101310.40800000002
17969.0,2010-12-13 15:34:00,2011-06-26 13:00:00,14,228.2,194,6.3731931668856765,2.196701030927835,16.3,429.6747216494845,429.6747216494845
17970.0,2011-05-12 20:03:00,2011-05-12 20:03:00,31,582.59,1,0.0328515111695138,943.64,18.793225806451613,212808.4752,212808.4752
17972.0,2011-04-12 12:16:00,2011-04-12 12:16:00,31,136.04,1,0.0328515111695138,943.64,4.388387096774193,49692.69119999999,49692.69119999999
17973.0,2011-10-19 10:34:00,2011-10-19 10:34:00,15,337.04,1,0.0328515111695138,456.59999999999997,22.469333333333335,123113.9712,123113.9712
17974.0,2011-05-04 11:50:00,2011-11-15 11:37:00,179,740.79,194,6.3731931668856765,28.08639175257732,4.138491620111732,1394.823562886598,1394.823562886598
17975.0,2010-12-08 11:38:00,2011-11-24 13:27:00,296,4488.81,351,11.530880420499342,25.670199430199432,15.16489864864865,4671.431671794873,4671.431671794873
17976.0,2010-12-02 13:49:00,2010-12-02 13:49:00,65,353.19,1,0.0328515111695138,1978.6,5.433692307692308,129013.2432,129013.2432
17977.0,2011-11-10 13:28:00,2011-11-10 13:28:00,21,288.14,1,0.0328515111695138,639.24,13.72095238095238,105251.77919999999,105251.77919999999
17978.0,2010-12-09 14:05:00,2010-12-09 14:05:00,12,300.91999999999996,1,0.0328515111695138,365.28,25.076666666666664,109920.05759999999,109920.05759999999
17979.0,2011-03-25 11:34:00,2011-11-04 12:05:00,146,757.71,224,7.35873850197109,19.840357142857144,5.189794520547945,1235.6085214285715,1235.6085214285715
17980.0,2010-12-15 15:50:00,2011-06-27 12:01:00,30,811.45,193,6.340341655716163,4.73160621761658,27.048333333333336,1535.7847461139897,1535.7847461139897
17984.0,2011-07-17 15:59:00,2011-07-17 15:59:00,48,152.68,1,0.0328515111695138,1461.12,3.1808333333333336,55770.9504,55770.9504
17985.0,2011-11-17 14:24:00,2011-11-17 14:24:00,23,634.95,1,0.0328515111695138,700.12,27.606521739130436,231934.53600000002,231934.53600000002
17986.0,2011-10-14 14:22:00,2011-10-14 14:22:00,1,20.8,1,0.0328515111695138,30.439999999999998,20.8,7597.823999999999,7597.823999999999
17987.0,2011-06-07 14:22:00,2011-06-07 14:22:00,13,198.57,1,0.0328515111695138,395.71999999999997,15.274615384615384,72533.64959999999,72533.64959999999
17988.0,2011-01-17 11:59:00,2011-11-28 11:00:00,38,201.12,314,10.315374507227332,3.6838216560509554,5.292631578947368,233.96532993630572,233.96532993630572
17990.0,2010-12-13 12:10:00,2011-04-17 11:44:00,29,630.84,124,4.073587385019711,7.119032258064516,21.753103448275862,1858.3325419354837,1858.3325419354837
17991.0,2011-04-27 16:39:00,2011-04-28 15:58:00,5,93.35,1,0.0328515111695138,152.2,18.669999999999998,34098.88799999999,34098.88799999999
17994.0,2011-02-22 11:02:00,2011-08-10 11:41:00,81,678.49,169,5.551905387647832,14.589585798816568,8.37641975308642,1466.5019360946746,1466.5019360946746
17995.0,2011-03-03 12:30:00,2011-03-03 12:30:00,2,76.1,1,0.0328515111695138,60.879999999999995,38.05,27797.807999999994,27797.807999999994
17997.0,2011-06-28 17:28:00,2011-09-26 16:13:00,166,1970.67,89,2.923784494086728,56.775730337078656,11.871506024096385,8088.161096629214,8088.161096629214
17999.0,2010-12-08 15:17:00,2011-11-02 15:56:00,93,382.06,329,10.808147174770038,8.604620060790275,4.108172043010753,424.1911148936171,424.1911148936171
18001.0,2011-09-14 11:21:00,2011-11-27 16:02:00,58,417.23,74,2.431011826544021,23.85837837837838,7.193620689655173,2059.5374918918924,2059.5374918918924
18004.0,2010-12-12 13:47:00,2010-12-12 13:47:00,40,169.47,1,0.0328515111695138,1217.6,4.23675,61904.00159999999,61904.00159999999
18005.0,2011-10-23 14:40:00,2011-12-06 11:51:00,60,249.72,43,1.4126149802890933,42.47441860465116,4.162,2121.3423627906977,2121.3423627906977
18006.0,2011-11-16 16:52:00,2011-11-16 16:52:00,22,444.68,1,0.0328515111695138,669.68,20.212727272727275,162432.71039999998,162432.71039999998
18008.0,2011-01-25 12:26:00,2011-09-30 15:17:00,30,2116.19,248,8.147174770039422,3.682258064516129,70.53966666666666,3116.9430774193543,3116.9430774193543
18009.0,2011-04-18 13:36:00,2011-04-18 13:36:00,32,257.34,1,0.0328515111695138,974.0799999999999,8.041875,94001.15519999998,94001.15519999998
18010.0,2011-03-28 12:27:00,2011-03-28 12:27:00,14,174.8,1,0.0328515111695138,426.15999999999997,12.485714285714286,63850.94399999999,63850.94399999999
18011.0,2010-12-01 17:35:00,2010-12-01 17:35:00,28,102.78999999999999,1,0.0328515111695138,852.3199999999999,3.671071428571428,37547.131199999996,37547.131199999996
18013.0,2011-07-07 14:08:00,2011-07-07 14:11:00,31,187.29,1,0.0328515111695138,943.64,6.041612903225806,68413.29119999999,68413.29119999999
18014.0,2011-11-11 15:28:00,2011-11-11 15:28:00,32,166.42,1,0.0328515111695138,974.0799999999999,5.200625,60789.8976,60789.8976
18015.0,2011-12-05 14:49:00,2011-12-05 14:49:00,46,120.03,1,0.0328515111695138,1400.24,2.6093478260869567,43844.5584,43844.5584
18016.0,2010-12-10 17:14:00,2011-11-07 13:25:00,123,1483.56,331,10.873850197109066,11.31154078549849,12.061463414634146,1637.2048241691841,1637.2048241691841
18017.0,2011-02-02 13:57:00,2011-09-19 16:15:00,3,523.0,229,7.522996057818659,0.39877729257641925,174.33333333333334,834.2420960698691,834.2420960698691
18018.0,2011-05-24 13:22:00,2011-08-23 17:37:00,29,122.14,91,2.9894875164257555,9.70065934065934,4.211724137931035,490.27801318681327,490.27801318681327
18019.0,2011-10-19 12:10:00,2011-10-19 12:10:00,5,38.45,1,0.0328515111695138,152.2,7.69,14045.016,14045.016
18022.0,2011-11-04 12:45:00,2011-11-04 12:45:00,191,668.11,1,0.0328515111695138,5814.04,3.497958115183246,244047.2208,244047.2208
18024.0,2011-07-10 12:28:00,2011-07-10 12:40:00,21,389.78,1,0.0328515111695138,639.24,18.56095238095238,142378.83839999998,142378.83839999998
18027.0,2011-09-02 10:38:00,2011-09-02 10:38:00,21,115.31,1,0.0328515111695138,639.24,5.490952380952381,42120.436799999996,42120.436799999996
18030.0,2011-10-28 13:55:00,2011-12-05 16:37:00,9,230.64999999999998,38,1.2483574244415243,7.2094736842105265,25.627777777777776,2217.1534736842104,2217.1534736842104
18032.0,2011-01-09 15:32:00,2011-01-09 15:32:00,5,73.5,1,0.0328515111695138,152.2,14.7,26848.079999999994,26848.079999999994
18033.0,2011-10-05 17:28:00,2011-10-05 17:28:00,34,97.97,1,0.0328515111695138,1034.96,2.881470588235294,35786.4816,35786.4816
18034.0,2011-11-18 12:08:00,2011-11-18 12:22:00,112,422.88,1,0.0328515111695138,3409.2799999999997,3.775714285714286,154469.6064,154469.6064
18035.0,2011-10-27 17:48:00,2011-11-04 12:39:00,53,730.4,7,0.22996057818659657,230.4742857142857,13.781132075471698,38114.358857142855,38114.358857142855
18036.0,2011-04-08 11:26:00,2011-11-07 14:40:00,96,405.62,213,6.9973718791064385,13.71943661971831,4.225208333333334,695.6097352112677,695.6097352112677
18037.0,2010-12-12 16:20:00,2011-07-08 13:39:00,19,70.02,207,6.800262812089356,2.794009661835749,3.685263157894737,123.55993043478261,123.55993043478261
18040.0,2011-04-08 08:27:00,2011-11-20 14:20:00,19,357.20000000000005,226,7.424441524310118,2.559115044247788,18.8,577.336353982301,577.336353982301
18041.0,2010-12-02 11:21:00,2011-11-28 11:39:00,472,4183.39,361,11.85939553219448,39.7996675900277,8.863114406779662,4232.988086426593,4232.988086426593
18042.0,2011-10-17 11:49:00,2011-10-17 11:49:00,7,165.04999999999998,1,0.0328515111695138,213.07999999999998,23.578571428571426,60289.46399999999,60289.46399999999
18043.0,2010-12-08 12:35:00,2011-11-15 12:48:00,121,559.51,342,11.235216819973719,10.769707602339182,4.624049586776859,597.5959438596492,597.5959438596492
18044.0,2010-12-14 12:25:00,2011-12-05 14:26:00,127,2088.6,356,11.695137976346912,10.859213483146068,16.445669291338582,2143.044404494382,2143.044404494382
18045.0,2011-10-25 13:07:00,2011-10-25 13:07:00,47,189.4,1,0.0328515111695138,1430.68,4.029787234042553,69184.032,69184.032
18048.0,2011-05-20 14:54:00,2011-05-20 14:58:00,7,172.29000000000002,1,0.0328515111695138,213.07999999999998,24.612857142857145,62934.091199999995,62934.091199999995
18050.0,2010-12-15 14:25:00,2010-12-15 14:25:00,5,74.4,1,0.0328515111695138,152.2,14.88,27176.832,27176.832
18053.0,2011-09-30 09:05:00,2011-09-30 09:05:00,20,300.02,1,0.0328515111695138,608.8,15.001,109591.30559999998,109591.30559999998
18055.0,2010-12-05 10:52:00,2011-12-02 14:25:00,360,6784.1900000000005,362,11.892247043363994,30.271823204419892,18.844972222222225,6845.66000883978,6845.66000883978
18056.0,2011-02-24 14:27:00,2011-02-24 14:27:00,19,363.65,1,0.0328515111695138,578.36,19.139473684210525,132834.072,132834.072
18058.0,2011-11-30 08:38:00,2011-11-30 08:38:00,3,170.16,1,0.0328515111695138,91.32,56.72,62156.04479999999,62156.04479999999
18059.0,2011-10-03 09:30:00,2011-11-16 16:49:00,18,306.46,44,1.445466491458607,12.452727272727273,17.025555555555556,2544.1752,2544.1752
18061.0,2010-12-08 13:03:00,2011-11-18 11:20:00,46,2119.41,344,11.300919842312746,4.0704651162790695,46.0741304347826,2250.5176883720924,2250.5176883720924
18062.0,2011-01-06 10:03:00,2011-06-19 14:47:00,27,720.52,164,5.387647831800263,5.011463414634147,26.685925925925925,1604.826497560976,1604.826497560976
18064.0,2011-04-18 15:08:00,2011-07-29 16:39:00,7,814.0,102,3.350854139290407,2.0890196078431376,116.28571428571429,2915.077647058824,2915.077647058824
18065.0,2010-12-10 12:44:00,2011-12-04 10:30:00,137,2392.83,358,11.76084099868594,11.648826815642458,17.465912408759124,2441.4886659217877,2441.4886659217877
18066.0,2011-09-25 15:30:00,2011-09-25 15:30:00,10,318.0,1,0.0328515111695138,304.4,31.8,116159.04000000001,116159.04000000001
18067.0,2011-10-30 15:58:00,2011-10-30 15:58:00,37,396.33,1,0.0328515111695138,1126.28,10.711621621621621,144771.42239999998,144771.42239999998
18068.0,2011-02-23 14:50:00,2011-02-23 14:50:00,1,101.7,1,0.0328515111695138,30.439999999999998,101.7,37148.976,37148.976
18069.0,2011-01-16 15:50:00,2011-11-13 16:03:00,470,2036.67,301,9.888304862023652,47.53089700996678,4.333340425531915,2471.6106897009968,2471.6106897009968
18071.0,2010-12-09 10:33:00,2011-03-27 11:59:00,25,453.0,108,3.54796320630749,7.046296296296297,18.12,1532.146666666667,1532.146666666667
18072.0,2011-06-07 10:44:00,2011-06-07 10:44:00,18,247.44,1,0.0328515111695138,547.92,13.746666666666666,90384.88319999998,90384.88319999998
18073.0,2011-05-26 19:38:00,2011-08-17 14:02:00,73,3877.5200000000004,82,2.6938239159001314,27.0990243902439,53.11671232876713,17272.93299512195,17272.93299512195
18074.0,2010-12-01 09:53:00,2010-12-01 09:53:00,13,489.6,1,0.0328515111695138,395.71999999999997,37.66153846153846,178841.088,178841.088
18075.0,2010-12-14 10:48:00,2011-11-16 15:21:00,142,2611.75,337,11.070959264126149,12.826350148367954,18.392605633802816,2830.92,2830.92
18077.0,2010-12-08 10:21:00,2011-12-01 13:32:00,227,2633.01,358,11.76084099868594,19.301340782122907,11.599162995594714,2686.552773184358,2686.552773184358
18078.0,2011-03-25 15:08:00,2011-05-06 14:32:00,29,336.13,41,1.3469119579500657,21.530731707317074,11.590689655172413,2994.672351219512,2994.672351219512
18079.0,2011-04-15 12:14:00,2011-10-25 15:27:00,127,3651.97,193,6.340341655716163,20.030466321243523,28.75566929133858,6911.873583419689,6911.873583419689
18080.0,2011-04-11 10:10:00,2011-11-21 08:02:00,2,1231.5,223,7.3258869908015765,0.27300448430493274,615.75,2017.230134529148,2017.230134529148
18081.0,2011-07-29 11:56:00,2011-11-03 16:30:00,17,343.45,97,3.1865965834428382,5.334845360824742,20.20294117647059,1293.3548041237113,1293.3548041237113
18082.0,2011-11-14 12:45:00,2011-11-14 12:45:00,73,703.37,1,0.0328515111695138,2222.12,9.635205479452054,256926.99359999996,256926.99359999996
18084.0,2011-11-23 13:57:00,2011-11-23 13:57:00,1,90.48,1,0.0328515111695138,30.439999999999998,90.48,33050.5344,33050.5344
18085.0,2010-12-01 12:08:00,2011-01-13 15:17:00,29,689.95,43,1.4126149802890933,20.529302325581394,23.79137931034483,5861.045023255814,5861.045023255814
18086.0,2011-03-10 13:34:00,2011-03-10 13:34:00,7,101.34,1,0.0328515111695138,213.07999999999998,14.477142857142857,37017.47519999999,37017.47519999999
18087.0,2011-02-22 10:43:00,2011-09-02 15:12:00,2,4055.7200000000003,192,6.307490144546649,0.31708333333333333,2027.8600000000001,7716.007300000001,7716.007300000001
18088.0,2011-10-09 13:41:00,2011-10-09 13:41:00,39,167.67000000000002,1,0.0328515111695138,1187.1599999999999,4.299230769230769,61246.497599999995,61246.497599999995
18092.0,2010-12-09 10:00:00,2011-12-07 13:14:00,89,9068.26,363,11.925098554533507,7.463250688705235,101.89056179775281,9125.217666115703,9125.217666115703
18093.0,2011-02-10 12:15:00,2011-09-07 15:43:00,36,2106.52,209,6.865965834428383,5.243253588516747,58.51444444444444,3681.6728497607655,3681.6728497607655
18094.0,2011-02-21 08:50:00,2011-09-19 09:28:00,70,3017.3,210,6.898817345597897,10.146666666666667,43.104285714285716,5248.377828571429,5248.377828571429
18095.0,2011-01-11 12:37:00,2011-01-31 12:50:00,21,580.05,20,0.657030223390276,31.962,27.62142857142857,10594.0332,10594.0332
18096.0,2011-10-07 11:55:00,2011-11-28 12:44:00,213,911.15,52,1.7082785808147174,124.68692307692308,4.277699530516432,6400.478307692308,6400.478307692308
18097.0,2010-12-20 14:49:00,2011-12-02 11:16:00,108,2697.8,346,11.366622864651774,9.50150289017341,24.97962962962963,2848.128277456648,2848.128277456648
18099.0,2011-08-04 15:52:00,2011-08-04 15:52:00,19,168.31,1,0.0328515111695138,578.36,8.858421052631579,61480.27680000001,61480.27680000001
18101.0,2011-07-19 13:05:00,2011-11-28 13:37:00,41,223.65,132,4.336399474375821,9.454848484848485,5.454878048780488,618.9005454545455,618.9005454545455
18102.0,2010-12-07 16:42:00,2011-12-09 11:50:00,431,259657.3,366,12.02365308804205,35.846010928961746,602.45313225058,259146.4987540983,259146.4987540983
18104.0,2011-11-02 14:07:00,2011-11-02 14:07:00,38,754.64,1,0.0328515111695138,1156.72,19.858947368421052,275654.8992,275654.8992
18105.0,2011-11-02 12:04:00,2011-11-02 12:04:00,18,113.48000000000002,1,0.0328515111695138,547.92,6.304444444444446,41451.97440000001,41451.97440000001
18106.0,2011-01-14 12:23:00,2011-01-14 12:23:00,39,430.7,1,0.0328515111695138,1187.1599999999999,11.043589743589743,157326.09599999996,157326.09599999996
18108.0,2011-03-30 13:56:00,2011-03-30 13:56:00,17,271.0,1,0.0328515111695138,517.48,15.941176470588236,98990.88,98990.88
18109.0,2010-12-05 10:58:00,2011-12-08 11:36:00,444,8052.97,368,12.089356110381077,36.72652173913043,18.13731981981982,7993.448047826087,7993.448047826087
18110.0,2011-11-20 12:34:00,2011-11-20 12:34:00,46,236.3,1,0.0328515111695138,1400.24,5.136956521739131,86315.664,86315.664
18112.0,2011-06-26 13:56:00,2011-11-27 14:43:00,26,352.69,154,5.059132720105125,5.139220779220779,13.565,836.5623584415584,836.5623584415584
18113.0,2010-12-06 12:31:00,2010-12-06 12:31:00,1,76.32000000000001,1,0.0328515111695138,30.439999999999998,76.32000000000001,27878.1696,27878.1696
18114.0,2011-02-22 13:20:00,2011-02-22 13:20:00,28,220.1,1,0.0328515111695138,852.3199999999999,7.860714285714286,80398.128,80398.128
18116.0,2010-12-10 12:14:00,2011-10-03 11:00:00,378,1418.03,296,9.724047306176084,38.8727027027027,3.7514021164021165,1749.92567027027,1749.92567027027
18117.0,2011-11-14 12:47:00,2011-11-14 12:47:00,74,320.71999999999997,1,0.0328515111695138,2252.56,4.334054054054054,117152.60159999998,117152.60159999998
18118.0,2010-12-05 12:13:00,2011-11-29 11:32:00,1279,5653.82,358,11.76084099868594,108.75072625698324,4.420500390930414,5768.79153519553,5768.79153519553
18119.0,2010-12-07 11:59:00,2010-12-07 11:59:00,30,181.12,1,0.0328515111695138,913.1999999999999,6.037333333333334,66159.5136,66159.5136
18120.0,2011-05-09 13:45:00,2011-05-09 13:45:00,17,111.15,1,0.0328515111695138,517.48,6.538235294117648,40600.872,40600.872
18121.0,2011-07-08 12:14:00,2011-07-13 12:53:00,32,673.1,5,0.164257555847569,194.816,21.034375,49173.9936,49173.9936
18122.0,2011-07-12 11:37:00,2011-12-01 13:08:00,364,1826.21,142,4.664914586070959,78.02929577464789,5.0170604395604395,4697.732315492958,4697.732315492958
18123.0,2011-11-08 13:31:00,2011-11-15 14:23:00,36,589.4399999999999,7,0.22996057818659657,156.54857142857145,16.37333333333333,30758.663314285717,30758.663314285717
18125.0,2011-01-27 15:02:00,2011-11-10 12:29:00,196,1142.99,286,9.395532194480946,20.86097902097902,5.831581632653061,1459.830025174825,1459.830025174825
18126.0,2011-10-10 12:19:00,2011-10-10 12:19:00,56,206.83,1,0.0328515111695138,1704.6399999999999,3.6933928571428574,75550.8624,75550.8624
18127.0,2011-07-29 10:06:00,2011-11-20 14:05:00,47,348.73,114,3.7450722733245727,12.54982456140351,7.419787234042554,1117.4043368421053,1117.4043368421053
18129.0,2011-04-10 14:16:00,2011-04-10 14:16:00,14,112.55000000000001,1,0.0328515111695138,426.15999999999997,8.039285714285715,41112.263999999996,41112.263999999996
18130.0,2011-10-13 15:58:00,2011-11-24 14:40:00,70,1059.39,41,1.3469119579500657,51.97073170731707,15.134142857142859,9438.389736585366,9438.389736585366
18133.0,2011-05-11 14:14:00,2011-05-11 14:14:00,1,931.5,1,0.0328515111695138,30.439999999999998,931.5,340258.31999999995,340258.31999999995
18135.0,2011-06-02 14:04:00,2011-11-10 19:32:00,20,681.91,161,5.289093298291721,3.7813664596273293,34.0955,1547.1309614906836,1547.1309614906836
18136.0,2011-01-24 12:08:00,2011-10-07 15:40:00,38,784.33,256,8.409986859395532,4.5184375,20.640263157894736,1119.14086875,1119.14086875
18138.0,2011-02-17 14:51:00,2011-02-17 14:51:00,8,152.65,1,0.0328515111695138,243.51999999999998,19.08125,55759.992,55759.992
18139.0,2011-11-21 14:06:00,2011-11-22 10:44:00,159,8438.34,1,0.0328515111695138,4839.96,53.07132075471698,3082356.8351999996,535875.9878400022
18142.0,2011-05-08 12:31:00,2011-07-05 13:19:00,15,1019.52,58,1.9053876478318001,7.872413793103449,67.968,6420.866648275862,6420.866648275862
18143.0,2011-07-21 10:44:00,2011-08-15 12:07:00,61,1000.16,25,0.8212877792378449,74.2736,16.396065573770493,14613.537792000001,14613.537792000001
18144.0,2010-12-01 13:45:00,2011-12-02 12:46:00,43,2888.75,365,11.990801576872535,3.586082191780822,67.18023255813954,2890.9660273972604,2890.9660273972604
18145.0,2011-01-31 12:10:00,2011-11-27 11:22:00,221,2861.55,299,9.822601839684625,22.49913043478261,12.94819004524887,3495.8762006688967,3495.8762006688967
18146.0,2011-05-03 16:35:00,2011-07-22 12:08:00,10,160.35,79,2.59526938239159,3.8531645569620254,16.035,741.425924050633,741.425924050633
18147.0,2011-08-23 12:22:00,2011-10-25 11:46:00,7,179.34,62,2.0367936925098555,3.436774193548387,25.62,1056.6018580645161,1056.6018580645161
18149.0,2011-03-11 12:44:00,2011-10-20 12:04:00,16,612.0799999999999,222,7.293035479632063,2.193873873873874,38.254999999999995,1007.1197405405405,1007.1197405405405
18150.0,2011-05-22 10:47:00,2011-11-07 16:49:00,37,566.58,169,5.551905387647832,6.664378698224852,15.312972972972974,1224.6174106508877,1224.6174106508877
18151.0,2011-02-23 08:29:00,2011-07-28 11:35:00,38,653.35,155,5.091984231274639,7.462709677419355,17.193421052631578,1539.7141161290324,1539.7141161290324
18154.0,2011-10-27 10:40:00,2011-12-06 16:41:00,21,399.19,40,1.314060446780552,15.981,19.009047619047617,3645.403079999999,3645.403079999999
18155.0,2011-02-21 10:36:00,2011-09-25 13:32:00,25,371.62,216,7.09592641261498,3.5231481481481484,14.8648,628.4507111111111,628.4507111111111
18156.0,2010-12-05 12:29:00,2011-11-27 12:24:00,140,734.94,356,11.695137976346912,11.970786516853932,5.2495714285714286,754.0979865168539,754.0979865168539
18158.0,2011-09-12 09:03:00,2011-11-30 16:19:00,34,453.4,79,2.59526938239159,13.100759493670886,13.335294117647058,2096.4297721518988,2096.4297721518988
18159.0,2011-02-11 14:26:00,2011-02-11 14:26:00,23,530.15,1,0.0328515111695138,700.12,23.05,193653.192,193653.192
18160.0,2011-05-23 13:41:00,2011-10-13 15:50:00,39,638.0600000000001,143,4.697766097240473,8.30181818181818,16.36051282051282,1629.8640335664331,1629.8640335664331
18161.0,2011-01-24 11:56:00,2011-11-24 16:40:00,80,1618.69,304,9.986859395532194,8.010526315789473,20.233625,1944.9838263157894,1944.9838263157894
18164.0,2011-11-02 12:56:00,2011-11-02 12:56:00,24,399.65,1,0.0328515111695138,730.56,16.652083333333334,145984.152,145984.152
18165.0,2011-06-15 13:23:00,2011-06-15 13:23:00,10,302.46,1,0.0328515111695138,304.4,30.246,110482.58879999998,110482.58879999998
18167.0,2011-08-26 11:40:00,2011-11-16 15:56:00,37,1384.8600000000001,82,2.6938239159001314,13.735121951219512,37.428648648648654,6169.04464390244,6169.04464390244
18168.0,2010-12-02 18:08:00,2011-06-16 19:21:00,131,1169.94,196,6.438896189224704,20.34510204081633,8.93083969465649,2180.3861387755105,2180.3861387755105
18169.0,2011-10-10 12:18:00,2011-10-10 12:18:00,9,202.65,1,0.0328515111695138,273.96,22.516666666666666,74023.992,74023.992
18170.0,2011-05-06 15:13:00,2011-11-06 14:35:00,38,980.3100000000001,183,6.011826544021025,6.320874316939891,25.79763157894737,1956.7630426229512,1956.7630426229512
18171.0,2011-01-10 09:55:00,2011-10-12 09:13:00,54,1231.31,274,9.00131406044678,5.999124087591241,22.802037037037035,1641.506995620438,1641.506995620438
18172.0,2011-02-23 10:44:00,2011-11-25 11:12:00,189,7561.68,275,9.034165571616294,20.92058181818182,40.00888888888889,10044.110801454546,10044.110801454546
18173.0,2011-03-10 11:56:00,2011-09-14 11:26:00,31,2106.84,187,6.14323258869908,5.0462032085561495,67.9625806451613,4115.435910160428,4115.435910160428
18174.0,2011-12-02 16:56:00,2011-12-02 16:56:00,1,104.0,1,0.0328515111695138,30.439999999999998,104.0,37989.119999999995,37989.119999999995
18176.0,2010-12-16 15:45:00,2010-12-16 15:45:00,30,476.35,1,0.0328515111695138,913.1999999999999,15.878333333333334,174001.128,174001.128
18177.0,2011-03-29 08:46:00,2011-11-08 14:44:00,74,1341.42,224,7.35873850197109,10.056071428571428,18.127297297297297,2187.472757142857,2187.472757142857
18178.0,2010-12-10 12:42:00,2011-08-03 09:30:00,97,1590.81,235,7.720105124835742,12.564595744680853,16.400103092783503,2472.727986382979,2472.727986382979
18179.0,2011-01-07 14:22:00,2011-11-30 16:23:00,90,1793.17,327,10.74244415243101,8.377981651376148,19.924111111111113,2003.0860477064225,2003.0860477064225
18180.0,2011-07-20 08:59:00,2011-12-05 08:39:00,119,1843.75,137,4.50065703022339,26.44058394160584,15.493697478991596,4915.94890510949,4915.94890510949
18181.0,2011-11-15 15:08:00,2011-11-15 15:08:00,44,382.8,1,0.0328515111695138,1339.36,8.700000000000001,139829.184,139829.184
18183.0,2011-03-10 10:08:00,2011-04-26 15:26:00,37,632.07,47,1.5440210249671484,23.96340425531915,17.082972972972975,4912.3942468085115,4912.3942468085115
18184.0,2011-11-24 15:28:00,2011-11-24 15:28:00,1,49.8,1,0.0328515111695138,30.439999999999998,49.8,18190.943999999996,18190.943999999996
18185.0,2011-04-04 13:42:00,2011-04-04 13:42:00,17,304.25,1,0.0328515111695138,517.48,17.897058823529413,111136.44,111136.44
18188.0,2011-02-22 14:43:00,2011-11-24 16:46:00,71,2001.04,275,9.034165571616294,7.859054545454546,28.183661971830986,2657.963240727273,2657.963240727273
18189.0,2011-03-17 09:49:00,2011-09-23 12:40:00,68,1090.24,190,6.241787122207621,10.894315789473685,16.032941176470587,2096.015090526316,2096.015090526316
18190.0,2011-01-13 10:35:00,2011-05-31 14:48:00,15,284.46000000000004,138,4.533508541392904,3.308695652173913,18.964000000000002,752.9532521739131,752.9532521739131
18191.0,2011-03-23 12:08:00,2011-03-23 12:08:00,7,207.8,1,0.0328515111695138,213.07999999999998,29.685714285714287,75905.184,75905.184
18192.0,2011-09-29 09:53:00,2011-09-29 09:53:00,45,957.97,1,0.0328515111695138,1369.8,21.288222222222224,349927.2816,349927.2816
18193.0,2011-06-27 13:58:00,2011-06-27 13:58:00,16,243.76,1,0.0328515111695138,487.03999999999996,15.235,89040.65279999998,89040.65279999998
18194.0,2011-09-18 13:29:00,2011-09-18 13:29:00,7,973.84,1,0.0328515111695138,213.07999999999998,139.12,355724.2752,355724.2752
18196.0,2011-02-22 16:13:00,2011-09-05 16:22:00,141,689.13,195,6.40604467805519,22.010461538461538,4.887446808510639,1290.89952,1290.89952
18198.0,2011-01-07 13:39:00,2011-12-05 14:49:00,159,5425.56,332,10.90670170827858,14.578192771084337,34.12301886792453,5969.4233638554215,5969.4233638554215
18200.0,2011-08-25 18:45:00,2011-08-25 18:45:00,32,163.8,1,0.0328515111695138,974.0799999999999,5.11875,59832.864,59832.864
18202.0,2011-02-01 13:36:00,2011-05-24 12:12:00,68,1396.99,111,3.6465177398160313,18.647927927927928,20.543970588235293,4597.229794594594,4597.229794594594
18203.0,2011-07-05 13:07:00,2011-07-05 13:07:00,19,160.42000000000002,1,0.0328515111695138,578.36,8.443157894736842,58598.2176,58598.2176
18204.0,2011-05-31 15:26:00,2011-09-29 16:44:00,200,1993.7,121,3.9750328515111693,50.31404958677686,9.9685,6018.667239669422,6018.667239669422
18205.0,2011-09-26 12:02:00,2011-11-03 13:22:00,32,517.36,38,1.2483574244415243,25.633684210526315,16.1675,4973.191073684211,4973.191073684211
18209.0,2011-11-11 12:07:00,2011-11-11 12:07:00,8,139.10000000000002,1,0.0328515111695138,243.51999999999998,17.387500000000003,50810.448000000004,50810.448000000004
18210.0,2011-03-17 16:58:00,2011-12-08 11:02:00,134,2621.38,265,8.705650459921156,15.392301886792454,19.562537313432838,3613.349760000001,3613.349760000001
18211.0,2011-03-06 12:09:00,2011-11-14 08:10:00,42,600.07,252,8.278580814717477,5.073333333333333,14.287380952380953,869.8157523809525,869.8157523809525
18212.0,2011-01-17 16:14:00,2011-01-17 16:14:00,43,248.42,1,0.0328515111695138,1308.9199999999998,5.7772093023255815,90742.85759999999,90742.85759999999
18213.0,2011-04-17 10:21:00,2011-04-17 10:21:00,15,232.48000000000002,1,0.0328515111695138,456.59999999999997,15.498666666666669,84920.2944,84920.2944
18215.0,2011-09-11 16:05:00,2011-09-11 16:05:00,13,299.34000000000003,1,0.0328515111695138,395.71999999999997,23.02615384615385,109342.91520000002,109342.91520000002
18216.0,2011-11-08 16:55:00,2011-11-08 16:55:00,26,481.75,1,0.0328515111695138,791.4399999999999,18.528846153846153,175973.63999999998,175973.63999999998
18217.0,2011-09-30 10:44:00,2011-11-10 13:18:00,31,621.75,41,1.3469119579500657,23.01560975609756,20.056451612903224,5539.337560975609,5539.337560975609
18218.0,2011-03-03 12:24:00,2011-05-12 12:53:00,21,662.08,70,2.299605781865966,9.132,31.527619047619048,3454.922605714285,3454.922605714285
18219.0,2010-12-06 10:05:00,2011-12-07 11:43:00,114,2069.77,366,12.02365308804205,9.481311475409836,18.155877192982455,2065.6983213114754,2065.6983213114754
18220.0,2011-04-27 09:03:00,2011-04-27 09:03:00,2,305.28,1,0.0328515111695138,60.879999999999995,152.64,111512.67839999998,111512.67839999998
18221.0,2011-05-12 14:13:00,2011-11-17 14:40:00,64,1041.61,189,6.2089356110381075,10.307724867724868,16.27515625,2013.1179936507933,2013.1179936507933
18222.0,2011-09-08 10:45:00,2011-09-08 10:45:00,19,443.0,1,0.0328515111695138,578.36,23.31578947368421,161819.04,161819.04
18223.0,2010-12-16 16:42:00,2011-12-05 09:11:00,272,6484.54,353,11.59658344283837,23.45518413597734,23.840220588235294,6710.121164872522,6710.121164872522
18224.0,2011-03-21 10:30:00,2011-03-21 10:30:00,10,158.95000000000002,1,0.0328515111695138,304.4,15.895000000000001,58061.256,58061.256
18225.0,2010-12-09 15:46:00,2011-12-06 13:27:00,271,5509.12,361,11.85939553219448,22.851080332409975,20.328856088560887,5574.435882548478,5574.435882548478
18226.0,2011-01-06 09:00:00,2011-10-26 13:36:00,242,5228.05,293,9.625492772667542,25.14156996587031,21.603512396694217,6517.754621160411,6517.754621160411
18227.0,2011-05-06 12:23:00,2011-05-06 12:23:00,5,93.75,1,0.0328515111695138,152.2,18.75,34245.0,34245.0
18228.0,2011-09-21 10:48:00,2011-10-14 09:21:00,30,779.9,22,0.7227332457293035,41.50909090909091,25.996666666666666,12949.176,12949.176
18229.0,2010-12-01 16:25:00,2011-11-28 09:48:00,164,7276.9,361,11.85939553219448,13.82869806094183,44.37134146341463,7363.1746038781175,7363.1746038781175
18230.0,2011-02-10 13:06:00,2011-11-30 13:22:00,86,2810.2000000000003,293,9.625492772667542,8.934607508532425,32.67674418604651,3503.4466075085334,3503.4466075085334
18231.0,2011-02-24 09:08:00,2011-05-31 14:18:00,124,2083.27,96,3.1537450722733245,39.318333333333335,16.800564516129032,7926.842350000001,7926.842350000001
18232.0,2011-05-26 16:30:00,2011-09-19 11:49:00,37,592.97,115,3.7779237844940865,9.793739130434783,16.026216216216216,1883.478970434783,1883.478970434783
18233.0,2011-01-18 08:44:00,2011-01-18 08:44:00,1,440.0,1,0.0328515111695138,30.439999999999998,440.0,160723.19999999998,160723.19999999998
18235.0,2011-05-06 13:35:00,2011-09-29 08:27:00,104,1796.48,145,4.763469119579501,21.832827586206896,17.273846153846154,4525.642857931034,4525.642857931034
18236.0,2011-04-13 09:52:00,2011-11-10 08:06:00,49,882.24,210,6.898817345597897,7.102666666666667,18.004897959183673,1534.5934628571426,1534.5934628571426
18237.0,2011-07-28 13:05:00,2011-12-07 12:49:00,61,987.1,131,4.303547963206308,14.174351145038168,16.181967213114753,2752.4266259541982,2752.4266259541982
18239.0,2010-12-02 17:48:00,2011-05-05 12:38:00,88,1561.6100000000001,153,5.026281208935611,17.50797385620915,17.745568181818182,3728.2673254901965,3728.2673254901965
18240.0,2011-10-24 13:06:00,2011-10-24 13:06:00,6,422.58,1,0.0328515111695138,182.64,70.42999999999999,154360.02239999996,154360.02239999996
18241.0,2011-05-06 09:22:00,2011-11-30 12:10:00,104,2073.09,208,6.83311432325887,15.22,19.933557692307694,3640.664976923077,3640.664976923077
18242.0,2011-05-10 11:20:00,2011-09-28 13:43:00,78,2232.4900000000002,141,4.6320630749014455,16.83914893617021,28.62166666666667,5783.574093617021,5783.574093617021
18245.0,2010-12-19 14:58:00,2011-12-02 14:48:00,175,2567.06,347,11.399474375821287,15.351585014409224,14.668914285714285,2702.293016714698,2702.293016714698
18246.0,2011-04-20 13:55:00,2011-11-16 11:49:00,4,596.1,209,6.865965834428383,0.5825837320574163,149.025,1041.8344880382776,1041.8344880382776
18248.0,2011-06-06 13:18:00,2011-08-09 10:19:00,47,804.02,63,2.0696452036793693,22.709206349206347,17.1068085106383,4661.7845333333335,4661.7845333333335
18249.0,2011-11-22 15:07:00,2011-11-22 15:07:00,8,95.34,1,0.0328515111695138,243.51999999999998,11.9175,34825.79519999999,34825.79519999999
18250.0,2011-02-02 13:16:00,2011-02-02 13:16:00,21,349.27,1,0.0328515111695138,639.24,16.63190476190476,127581.34559999997,127581.34559999997
18251.0,2011-09-13 15:03:00,2011-09-13 15:03:00,16,4314.72,1,0.0328515111695138,487.03999999999996,269.67,1576080.9216,535875.9878400022
18252.0,2011-06-21 11:47:00,2011-10-20 12:43:00,98,526.67,121,3.9750328515111693,24.653884297520662,5.374183673469387,1589.9340297520662,1589.9340297520662
18255.0,2011-09-11 13:16:00,2011-09-11 13:16:00,6,103.30000000000001,1,0.0328515111695138,182.64,17.21666666666667,37733.424,37733.424
18257.0,2011-02-16 15:13:00,2011-10-31 14:48:00,118,2337.63,256,8.409986859395532,14.0309375,19.81042372881356,3335.50580625,3335.50580625
18259.0,2010-12-08 13:38:00,2011-11-15 12:34:00,42,2338.6,341,11.202365308804204,3.7492082111436953,55.68095238095238,2505.1138064516126,2505.1138064516126
18260.0,2010-12-16 18:23:00,2011-06-20 12:37:00,134,2643.2000000000003,185,6.077529566360052,22.048432432432435,19.72537313432836,5218.962681081082,5218.962681081082
18261.0,2011-09-05 09:34:00,2011-10-27 15:36:00,21,324.24,52,1.7082785808147174,12.293076923076924,15.440000000000001,2277.6612923076927,2277.6612923076927
18262.0,2011-07-22 16:04:00,2011-07-22 16:04:00,13,149.48,1,0.0328515111695138,395.71999999999997,11.498461538461537,54602.054399999986,54602.054399999986
18263.0,2011-04-01 11:48:00,2011-11-14 09:00:00,61,1213.16,226,7.424441524310118,8.216106194690266,19.887868852459018,1960.8101097345134,1960.8101097345134
18265.0,2011-07-04 15:26:00,2011-09-28 14:10:00,46,801.51,85,2.7923784494086727,16.473411764705883,17.424130434782608,3444.4185035294113,3444.4185035294113
18268.0,2011-07-28 19:13:00,2011-07-28 19:13:00,1,25.5,1,0.0328515111695138,30.439999999999998,25.5,9314.64,9314.64
18269.0,2010-12-08 13:53:00,2010-12-08 13:53:00,7,168.60000000000002,1,0.0328515111695138,213.07999999999998,24.08571428571429,61586.208,61586.208
18270.0,2011-03-18 12:41:00,2011-11-01 13:57:00,11,283.15000000000003,228,7.490144546649145,1.4685964912280702,25.740909090909096,453.636105263158,453.636105263158
18272.0,2011-04-07 09:35:00,2011-12-07 12:43:00,166,3078.58,244,8.015768725361367,20.70918032786885,18.54566265060241,4608.78566557377,4608.78566557377
18273.0,2011-03-27 11:22:00,2011-12-07 13:16:00,3,204.0,255,8.377135348226018,0.35811764705882354,68.0,292.224,292.224
18274.0,2011-11-09 17:03:00,2011-11-09 17:03:00,11,175.92,1,0.0328515111695138,334.84,15.992727272727272,64260.0576,64260.0576
18276.0,2011-10-27 10:54:00,2011-10-27 10:54:00,14,335.86,1,0.0328515111695138,426.15999999999997,23.990000000000002,122682.94080000001,122682.94080000001
18277.0,2011-10-12 15:22:00,2011-10-12 15:22:00,8,110.38,1,0.0328515111695138,243.51999999999998,13.7975,40319.6064,40319.6064
18278.0,2011-09-27 11:58:00,2011-09-27 11:58:00,9,173.9,1,0.0328515111695138,273.96,19.322222222222223,63522.191999999995,63522.191999999995
18280.0,2011-03-07 09:52:00,2011-03-07 09:52:00,10,180.60000000000002,1,0.0328515111695138,304.4,18.060000000000002,65969.568,65969.568
18281.0,2011-06-12 10:53:00,2011-06-12 10:53:00,7,80.82,1,0.0328515111695138,213.07999999999998,11.545714285714284,29521.929599999996,29521.929599999996
18282.0,2011-08-05 13:35:00,2011-12-02 11:43:00,12,178.05,118,3.876478318002628,3.095593220338983,14.8375,551.1703728813559,551.1703728813559
18283.0,2011-01-06 14:14:00,2011-12-06 12:02:00,756,2094.88,333,10.939553219448094,69.10702702702703,2.771005291005291,2297.9512504504505,2297.9512504504505
18287.0,2011-05-22 10:39:00,2011-10-28 09:29:00,70,1837.28,158,5.19053876478318,13.48607594936709,26.24685714285714,4247.605306329114,4247.605306329114
