CustomerID,Recency,Frequency,Monetary,R,F,M,RFM_Score,Segment
,0,1428,1754901.91,5,5,5,15,💎 Champions
12346,325,1,77183.6,1,1,5,7,🌱 Regular Buyers
12347,1,7,4310.0,5,5,5,15,💎 Champions
12348,74,4,1797.24,2,4,4,10,💼 Loyal Customers
12349,18,1,1757.55,4,1,4,9,💼 Loyal Customers
12350,309,1,334.4,1,1,2,4,⚠️ At Risk / Lost
12352,35,8,2506.04,3,5,5,13,💎 Champions
12353,203,1,89.0,1,1,1,3,⚠️ At Risk / Lost
12354,231,1,1079.4,1,1,4,6,🌱 Regular Buyers
12355,213,1,459.4,1,1,2,4,⚠️ At Risk / Lost
12356,22,3,2811.43,4,3,5,12,💎 Champions
12357,32,1,6207.67,4,1,5,10,💼 Loyal Customers
12358,1,2,1168.06,5,2,4,11,💼 Loyal Customers
12359,57,4,6310.03,3,4,5,12,💎 Champions
12360,51,3,2662.06,3,3,5,11,💼 Loyal Customers
12361,286,1,189.9,1,1,1,3,⚠️ At Risk / Lost
12362,2,10,5226.23,5,5,5,15,💎 Champions
12363,109,2,552.0,2,2,3,7,🌱 Regular Buyers
12364,7,4,1313.1,5,4,4,13,💎 Champions
12365,290,2,641.38,1,2,3,6,🌱 Regular Buyers
12367,3,1,168.9,5,1,1,7,🌱 Regular Buyers
12370,50,4,3541.94,3,4,5,12,💎 Champions
12371,44,2,1887.96,3,2,4,9,💼 Loyal Customers
12372,71,3,1298.04,3,3,4,10,💼 Loyal Customers
12373,310,1,364.6,1,1,2,4,⚠️ At Risk / Lost
12374,24,1,742.93,4,1,3,8,🌱 Regular Buyers
12375,10,2,457.5,5,2,2,9,💼 Loyal Customers
12377,314,2,1628.12,1,2,4,7,🌱 Regular Buyers
12378,129,1,4008.62,2,1,5,8,🌱 Regular Buyers
12379,81,2,852.24,2,2,3,7,🌱 Regular Buyers
12380,21,4,2724.81,4,4,5,13,💎 Champions
12381,4,5,1845.31,5,4,4,13,💎 Champions
12383,184,5,1850.56,1,4,4,9,💼 Loyal Customers
12384,28,2,585.27,4,2,3,9,💼 Loyal Customers
12386,337,2,401.9,1,2,2,5,⚠️ At Risk / Lost
12388,15,6,2780.66,4,4,5,13,💎 Champions
12390,79,1,549.84,2,1,3,6,🌱 Regular Buyers
12391,21,1,439.65999999999997,4,1,2,7,🌱 Regular Buyers
12393,71,4,1582.6,3,4,4,11,💼 Loyal Customers
12394,63,2,1272.48,3,2,4,9,💼 Loyal Customers
12395,18,12,3018.63,4,5,5,14,💎 Champions
12397,35,2,2409.9,3,2,5,10,💼 Loyal Customers
12398,45,1,1635.6599999999999,3,1,4,8,🌱 Regular Buyers
12399,118,4,1108.65,2,4,4,10,💼 Loyal Customers
12401,302,1,84.3,1,1,1,3,⚠️ At Risk / Lost
12402,322,1,225.6,1,1,1,3,⚠️ At Risk / Lost
12403,49,1,427.70000000000005,3,1,2,6,🌱 Regular Buyers
12405,148,1,1710.3899999999999,2,1,4,7,🌱 Regular Buyers
12406,21,2,3415.2999999999997,4,2,5,11,💼 Loyal Customers
12407,49,5,1708.12,3,4,4,11,💼 Loyal Customers
12408,32,5,2888.55,4,4,5,13,💎 Champions
12409,78,3,11072.67,2,3,5,10,💼 Loyal Customers
12410,308,2,693.3299999999999,1,2,3,6,🌱 Regular Buyers
12412,74,3,1226.8799999999999,2,3,4,9,💼 Loyal Customers
12413,66,3,758.1,3,3,3,9,💼 Loyal Customers
12414,216,3,562.41,1,3,3,7,🌱 Regular Buyers
12415,23,21,124914.53,4,5,5,14,💎 Champions
12417,2,9,3649.1,5,5,5,15,💎 Champions
12418,112,1,668.58,2,1,3,6,🌱 Regular Buyers
12420,63,1,600.39,3,1,3,7,🌱 Regular Buyers
12421,15,4,807.04,4,4,3,11,💼 Loyal Customers
12422,95,3,803.56,2,3,3,8,🌱 Regular Buyers
12423,0,8,1859.31,5,5,4,14,💎 Champions
12424,162,2,1760.96,2,2,4,8,🌱 Regular Buyers
12425,77,1,777.2,2,1,3,6,🌱 Regular Buyers
12426,194,1,582.73,1,1,3,5,⚠️ At Risk / Lost
12427,21,3,825.8,4,3,3,10,💼 Loyal Customers
12428,25,9,7956.46,4,5,5,14,💎 Champions
12429,8,4,3750.4,5,4,5,14,💎 Champions
12430,42,1,256.4,3,1,2,6,🌱 Regular Buyers
12431,35,15,6419.95,3,5,5,13,💎 Champions
12432,42,5,5059.32,3,4,5,12,💎 Champions
12433,0,7,13375.87,5,5,5,15,💎 Champions
12434,84,2,806.14,2,2,3,7,🌱 Regular Buyers
12435,79,2,7829.889999999999,2,2,5,9,💼 Loyal Customers
12436,99,1,509.01,2,1,3,6,🌱 Regular Buyers
12437,1,18,4951.41,5,5,5,15,💎 Champions
12438,13,2,2906.85,4,2,5,11,💼 Loyal Customers
12441,366,1,173.55,1,1,1,3,⚠️ At Risk / Lost
12442,2,1,172.06,5,1,1,7,🌱 Regular Buyers
12444,20,5,5005.46,4,4,5,13,💎 Champions
12445,21,1,133.4,4,1,1,6,🌱 Regular Buyers
12446,57,1,1002.31,3,1,4,8,🌱 Regular Buyers
12447,242,1,476.49,1,1,2,4,⚠️ At Risk / Lost
12448,43,1,449.45,3,1,2,6,🌱 Regular Buyers
12449,21,4,4067.29,4,4,5,13,💎 Champions
12450,155,2,197.88,2,2,1,5,⚠️ At Risk / Lost
12451,10,5,9035.52,5,4,5,14,💎 Champions
12452,16,2,430.57,4,2,2,8,🌱 Regular Buyers
12453,133,1,707.09,2,1,3,6,🌱 Regular Buyers
12454,55,1,3528.34,3,1,5,9,💼 Loyal Customers
12455,72,6,2466.86,2,4,5,11,💼 Loyal Customers
12456,43,3,3181.04,3,3,5,11,💼 Loyal Customers
12457,65,7,2363.23,3,5,5,13,💎 Champions
12458,70,2,947.4,3,2,4,9,💼 Loyal Customers
12461,93,2,826.88,2,2,3,7,🌱 Regular Buyers
12462,18,2,1189.59,4,2,4,10,💼 Loyal Customers
12463,52,4,1344.78,3,4,4,11,💼 Loyal Customers
12464,9,8,1212.05,5,5,4,14,💎 Champions
12465,16,2,742.1899999999999,4,2,3,9,💼 Loyal Customers
12468,187,2,729.54,1,2,3,6,🌱 Regular Buyers
12471,1,30,19788.65,5,5,5,15,💎 Champions
12472,31,7,6572.11,4,5,5,14,💎 Champions
12473,28,5,3928.05,4,4,5,13,💎 Champions
12474,16,18,7324.09,4,5,5,14,💎 Champions
12475,53,1,723.38,3,1,3,7,🌱 Regular Buyers
12476,15,11,6816.42,4,5,5,14,💎 Champions
12477,22,6,13219.74,4,4,5,13,💎 Champions
12478,3,1,680.99,5,1,3,9,💼 Loyal Customers
12479,10,1,527.2,5,1,3,9,💼 Loyal Customers
12480,27,4,3281.63,4,4,5,13,💎 Champions
12481,22,10,5579.82,4,5,5,14,💎 Champions
12483,16,8,2484.98,4,5,5,14,💎 Champions
12484,32,6,4527.32,4,4,5,13,💎 Champions
12488,9,3,1298.66,5,3,4,12,💎 Champions
12489,335,1,334.93,1,1,2,4,⚠️ At Risk / Lost
12490,4,10,5417.93,5,5,5,15,💎 Champions
12491,38,1,460.4,3,1,2,6,🌱 Regular Buyers
12492,62,2,263.21,3,2,2,7,🌱 Regular Buyers
12493,165,2,433.74,2,2,2,6,🌱 Regular Buyers
12494,15,7,1246.1,4,5,4,13,💎 Champions
12497,81,1,1043.1,2,1,4,7,🌱 Regular Buyers
12498,20,3,403.7,4,3,2,9,💼 Loyal Customers
12500,22,11,4257.82,4,5,5,14,💎 Champions
12501,336,1,2169.39,1,1,5,7,🌱 Regular Buyers
12502,95,5,3723.87,2,4,5,11,💼 Loyal Customers
12504,17,2,482.05,4,2,2,8,🌱 Regular Buyers
12506,232,1,73.5,1,1,1,3,⚠️ At Risk / Lost
12507,133,3,1304.81,2,3,4,9,💼 Loyal Customers
12508,25,2,397.88,4,2,2,8,🌱 Regular Buyers
12509,283,1,176.5,1,1,1,3,⚠️ At Risk / Lost
12510,142,2,982.5699999999999,2,2,4,8,🌱 Regular Buyers
12512,65,2,132.18,3,2,1,6,🌱 Regular Buyers
12513,112,1,612.29,2,1,3,6,🌱 Regular Buyers
12514,266,1,1017.6800000000001,1,1,4,6,🌱 Regular Buyers
12515,352,1,383.7,1,1,2,4,⚠️ At Risk / Lost
12516,77,2,1312.06,2,2,4,8,🌱 Regular Buyers
12517,27,5,2481.6,4,4,5,13,💎 Champions
12518,0,5,2056.89,5,4,5,14,💎 Champions
12519,63,1,330.84000000000003,3,1,2,6,🌱 Regular Buyers
12520,78,5,2634.2599999999998,2,4,5,11,💼 Loyal Customers
12521,142,1,599.6800000000001,2,1,3,6,🌱 Regular Buyers
12522,38,2,192.72,3,2,1,6,🌱 Regular Buyers
12523,18,11,1789.77,4,5,4,13,💎 Champions
12524,8,8,4485.72,5,5,5,15,💎 Champions
12526,0,3,1316.66,5,3,4,12,💎 Champions
12527,81,3,348.71,2,3,2,7,🌱 Regular Buyers
12528,8,6,1933.48,5,4,4,13,💎 Champions
12530,59,4,1662.28,3,4,4,11,💼 Loyal Customers
12531,14,1,125.22,4,1,1,6,🌱 Regular Buyers
12532,29,1,349.83,4,1,2,7,🌱 Regular Buyers
12534,130,1,1089.18,2,1,4,7,🌱 Regular Buyers
12535,91,2,716.35,2,2,3,7,🌱 Regular Buyers
12536,42,3,12601.830000000002,3,3,5,11,💼 Loyal Customers
12538,28,1,363.95,4,1,2,7,🌱 Regular Buyers
12539,21,4,5568.35,4,4,5,13,💎 Champions
12540,19,17,13400.24,4,5,5,14,💎 Champions
12541,29,3,981.18,4,3,4,11,💼 Loyal Customers
12544,35,1,372.7,3,1,2,6,🌱 Regular Buyers
12545,74,2,1000.39,2,2,4,8,🌱 Regular Buyers
12546,46,2,1161.5,3,2,4,9,💼 Loyal Customers
12547,197,2,207.8,1,2,1,4,⚠️ At Risk / Lost
12548,165,1,95.19999999999999,2,1,1,4,⚠️ At Risk / Lost
12550,78,1,964.8299999999999,2,1,4,7,🌱 Regular Buyers
12551,357,1,168.0,1,1,1,3,⚠️ At Risk / Lost
12552,38,2,437.82,3,2,2,7,🌱 Regular Buyers
12553,7,10,3692.28,5,5,5,15,💎 Champions
12556,49,2,599.56,3,2,3,8,🌱 Regular Buyers
12557,15,5,11990.960000000001,4,4,5,13,💎 Champions
12558,7,1,269.96,5,1,2,8,🌱 Regular Buyers
12559,310,2,561.71,1,2,3,6,🌱 Regular Buyers
12560,4,3,2134.01,5,3,5,13,💎 Champions
12561,302,1,238.85,1,1,1,3,⚠️ At Risk / Lost
12562,7,7,3781.7400000000002,5,5,5,15,💎 Champions
12564,260,1,456.9,1,1,2,4,⚠️ At Risk / Lost
12565,288,1,145.92,1,1,1,3,⚠️ At Risk / Lost
12566,85,1,351.65,2,1,2,5,⚠️ At Risk / Lost
12567,22,10,9401.28,4,5,5,14,💎 Champions
12569,1,32,4124.69,5,5,5,15,💎 Champions
12571,39,2,519.61,3,2,3,8,🌱 Regular Buyers
12572,8,2,1020.42,5,2,4,11,💼 Loyal Customers
12573,226,1,160.54,1,1,1,3,⚠️ At Risk / Lost
12574,315,1,218.45,1,1,1,3,⚠️ At Risk / Lost
12576,35,5,1315.83,3,4,4,11,💼 Loyal Customers
12577,34,3,626.6,3,3,3,9,💼 Loyal Customers
12578,20,2,2794.5099999999998,4,2,5,11,💼 Loyal Customers
12579,77,1,440.42,2,1,2,5,⚠️ At Risk / Lost
12580,246,1,415.7,1,1,2,4,⚠️ At Risk / Lost
12581,39,1,197.71,3,1,1,5,⚠️ At Risk / Lost
12582,238,2,511.36,1,2,3,6,🌱 Regular Buyers
12583,2,15,7281.38,5,5,5,15,💎 Champions
12584,3,9,2338.15,5,5,5,15,💎 Champions
12585,233,2,2040.1,1,2,4,7,🌱 Regular Buyers
12586,16,1,196.94,4,1,1,6,🌱 Regular Buyers
12587,7,1,144.0,5,1,1,7,🌱 Regular Buyers
12588,38,1,214.9,3,1,1,5,⚠️ At Risk / Lost
12589,28,2,646.68,4,2,3,9,💼 Loyal Customers
12590,210,2,9864.26,1,2,5,8,🌱 Regular Buyers
12591,316,1,452.85,1,1,2,4,⚠️ At Risk / Lost
12592,91,2,437.6,2,2,2,6,🌱 Regular Buyers
12593,108,3,418.1,2,3,2,7,🌱 Regular Buyers
12594,37,10,3338.22,3,5,5,13,💎 Champions
12596,50,2,618.27,3,2,3,8,🌱 Regular Buyers
12597,18,4,3811.22,4,4,5,13,💎 Champions
12598,9,8,3023.08,5,5,5,15,💎 Champions
12599,28,7,1032.58,4,5,4,13,💎 Champions
12600,28,10,2599.04,4,5,5,14,💎 Champions
12601,189,5,577.06,1,4,3,8,🌱 Regular Buyers
12602,58,1,153.12,3,1,1,5,⚠️ At Risk / Lost
12603,21,1,739.2,4,1,3,8,🌱 Regular Buyers
12604,78,2,254.17999999999998,2,2,2,6,🌱 Regular Buyers
12607,59,1,1579.51,3,1,4,8,🌱 Regular Buyers
12609,77,3,1126.85,2,3,4,9,💼 Loyal Customers
12610,22,5,2099.54,4,4,5,13,💎 Champions
12611,51,1,1193.32,3,1,4,8,🌱 Regular Buyers
12612,73,1,704.04,2,1,3,6,🌱 Regular Buyers
12613,56,5,3344.38,3,4,5,12,💎 Champions
12614,277,1,315.6,1,1,2,4,⚠️ At Risk / Lost
12615,1,4,2291.19,5,4,5,14,💎 Champions
12616,94,2,713.3,2,2,3,7,🌱 Regular Buyers
12617,28,1,352.98,4,1,2,7,🌱 Regular Buyers
12618,21,1,177.31,4,1,1,6,🌱 Regular Buyers
12619,15,9,3641.24,4,5,5,14,💎 Champions
12620,14,3,1339.41,4,3,4,11,💼 Loyal Customers
12621,1,20,13689.67,5,5,5,15,💎 Champions
12622,231,1,180.1,1,1,1,3,⚠️ At Risk / Lost
12623,275,1,305.1,1,1,2,4,⚠️ At Risk / Lost
12624,105,2,641.13,2,2,3,7,🌱 Regular Buyers
12625,211,2,2683.82,1,2,5,8,🌱 Regular Buyers
12626,22,9,6620.48,4,5,5,14,💎 Champions
12627,10,7,4478.53,5,5,5,15,💎 Champions
12628,3,3,786.46,5,3,3,11,💼 Loyal Customers
12630,9,2,1270.8799999999999,5,2,4,11,💼 Loyal Customers
12631,56,1,640.5,3,1,3,7,🌱 Regular Buyers
12633,58,4,2163.98,3,4,5,12,💎 Champions
12635,89,2,1689.18,2,2,4,8,🌱 Regular Buyers
12637,66,8,6002.9,3,5,5,13,💎 Champions
12638,32,1,671.69,4,1,3,8,🌱 Regular Buyers
12639,238,1,486.1,1,1,2,4,⚠️ At Risk / Lost
12640,23,3,1174.58,4,3,4,11,💼 Loyal Customers
12641,114,1,185.9,2,1,1,4,⚠️ At Risk / Lost
12642,24,3,1013.26,4,3,4,11,💼 Loyal Customers
12643,127,6,3344.64,2,5,5,12,💎 Champions
12644,129,1,477.91,2,1,2,5,⚠️ At Risk / Lost
12645,33,4,1775.18,3,4,4,11,💼 Loyal Customers
12646,4,2,1346.97,5,2,4,11,💼 Loyal Customers
12647,21,12,3722.8199999999997,4,5,5,14,💎 Champions
12648,154,1,318.05,2,1,2,5,⚠️ At Risk / Lost
12649,106,3,623.51,2,3,3,8,🌱 Regular Buyers
12650,2,1,314.44,5,1,2,8,🌱 Regular Buyers
12651,334,1,114.0,1,1,1,3,⚠️ At Risk / Lost
12652,330,1,919.98,1,1,3,5,⚠️ At Risk / Lost
12653,148,2,2209.85,2,2,5,9,💼 Loyal Customers
12654,10,5,601.98,5,4,3,12,💎 Champions
12656,16,5,4051.17,4,4,5,13,💎 Champions
12657,10,4,1643.18,5,4,4,13,💎 Champions
12658,18,1,686.05,4,1,3,8,🌱 Regular Buyers
12659,29,1,91.68,4,1,1,6,🌱 Regular Buyers
12660,10,1,245.1,5,1,1,7,🌱 Regular Buyers
12662,0,11,3849.78,5,5,5,15,💎 Champions
12664,7,9,4881.88,5,5,5,15,💎 Champions
12665,324,1,63.0,1,1,1,3,⚠️ At Risk / Lost
12667,57,1,620.13,3,1,3,7,🌱 Regular Buyers
12668,11,4,3807.15,5,4,5,14,💎 Champions
12669,150,3,2744.0299999999997,2,3,5,10,💼 Loyal Customers
12670,9,5,2996.05,5,4,5,14,💎 Champions
12672,329,1,225.9,1,1,1,3,⚠️ At Risk / Lost
12673,4,2,610.52,5,2,3,10,💼 Loyal Customers
12674,38,4,1970.6,3,4,4,11,💼 Loyal Customers
12676,24,6,1331.3899999999999,4,5,4,13,💎 Champions
12678,41,12,17628.46,3,5,5,13,💎 Champions
12679,58,4,1113.02,3,4,4,11,💼 Loyal Customers
12680,0,4,862.81,5,4,3,12,💎 Champions
12681,14,22,13787.54,4,5,5,14,💎 Champions
12682,3,31,12279.82,5,5,5,15,💎 Champions
12683,3,15,8476.57,5,5,5,15,💎 Champions
12684,7,7,2283.63,5,5,5,15,💎 Champions
12685,27,6,2863.08,4,5,5,14,💎 Champions
12686,371,1,89.14,1,1,1,3,⚠️ At Risk / Lost
12688,113,1,4873.81,2,1,5,8,🌱 Regular Buyers
12689,25,2,1247.6100000000001,4,2,4,10,💼 Loyal Customers
12690,205,1,389.01,1,1,2,4,⚠️ At Risk / Lost
12691,27,6,1035.8,4,5,4,13,💎 Champions
12693,126,4,855.91,2,4,3,9,💼 Loyal Customers
12694,69,2,869.67,3,2,3,8,🌱 Regular Buyers
12695,6,4,582.1,5,4,3,12,💎 Champions
12697,28,3,957.59,4,3,4,11,💼 Loyal Customers
12700,7,4,4939.99,5,4,5,14,💎 Champions
12701,79,2,797.71,2,2,3,7,🌱 Regular Buyers
12702,19,1,219.0,4,1,1,6,🌱 Regular Buyers
12703,70,1,283.55,3,1,2,6,🌱 Regular Buyers
12704,6,8,2340.84,5,5,5,15,💎 Champions
12705,14,9,6868.29,4,5,5,14,💎 Champions
12707,291,1,603.42,1,1,3,5,⚠️ At Risk / Lost
12708,29,10,2712.91,4,5,5,14,💎 Champions
12709,14,15,9706.52,4,5,5,14,💎 Champions
12710,96,3,1149.02,2,3,4,9,💼 Loyal Customers
12712,28,13,4396.13,4,5,5,14,💎 Champions
12713,0,1,848.55,5,1,3,9,💼 Loyal Customers
12714,8,5,4708.86,5,4,5,14,💎 Champions
12715,105,1,343.36,2,1,2,5,⚠️ At Risk / Lost
12716,3,2,1053.49,5,2,4,11,💼 Loyal Customers
12717,150,2,1030.98,2,2,4,8,🌱 Regular Buyers
12718,70,1,238.25,3,1,1,5,⚠️ At Risk / Lost
12719,4,2,644.95,5,2,3,10,💼 Loyal Customers
12720,2,25,5781.73,5,5,5,15,💎 Champions
12721,31,6,2656.13,4,5,5,14,💎 Champions
12722,84,4,997.63,2,4,4,10,💼 Loyal Customers
12723,3,5,725.07,5,4,3,12,💎 Champions
12724,4,4,1031.41,5,4,4,13,💎 Champions
12725,370,1,427.8,1,1,2,4,⚠️ At Risk / Lost
12726,27,7,2609.1,4,5,5,14,💎 Champions
12727,10,7,3980.7,5,5,5,15,💎 Champions
12728,70,4,836.33,3,4,3,10,💼 Loyal Customers
12729,113,1,453.01,2,1,2,5,⚠️ At Risk / Lost
12731,23,12,18895.91,4,5,5,14,💎 Champions
12732,179,1,236.26,1,1,1,3,⚠️ At Risk / Lost
12733,233,1,383.95,1,1,2,4,⚠️ At Risk / Lost
12734,352,1,110.39999999999999,1,1,1,3,⚠️ At Risk / Lost
12735,314,2,779.5699999999999,1,2,3,6,🌱 Regular Buyers
12736,332,1,234.0,1,1,1,3,⚠️ At Risk / Lost
12738,371,1,155.35,1,1,1,3,⚠️ At Risk / Lost
12739,77,2,1013.04,2,2,4,8,🌱 Regular Buyers
12740,63,1,427.6,3,1,2,6,🌱 Regular Buyers
12743,133,2,540.13,2,2,3,7,🌱 Regular Buyers
12744,51,7,21279.29,3,5,5,13,💎 Champions
12747,1,11,4196.01,5,5,5,15,💎 Champions
12748,0,209,33053.19,5,5,5,15,💎 Champions
12749,3,5,4090.88,5,4,5,14,💎 Champions
12750,128,1,275.88,2,1,2,5,⚠️ At Risk / Lost
12752,80,1,4366.78,2,1,5,8,🌱 Regular Buyers
12753,22,6,21429.39,4,5,5,14,💎 Champions
12754,235,3,3010.7400000000002,1,3,5,9,💼 Loyal Customers
12755,280,2,3811.9500000000003,1,2,5,8,🌱 Regular Buyers
12756,86,1,112.08,2,1,1,4,⚠️ At Risk / Lost
12757,15,13,7834.650000000001,4,5,5,14,💎 Champions
12758,116,2,2791.59,2,2,5,9,💼 Loyal Customers
12759,51,3,1531.44,3,3,4,10,💼 Loyal Customers
12762,7,2,1898.52,5,2,4,11,💼 Loyal Customers
12763,137,2,494.08,2,2,3,7,🌱 Regular Buyers
12764,316,1,1693.8799999999999,1,1,4,6,🌱 Regular Buyers
12766,3,7,6989.63,5,5,5,15,💎 Champions
12769,238,1,1143.6,1,1,4,6,🌱 Regular Buyers
12770,210,1,1351.45,1,1,4,6,🌱 Regular Buyers
12772,59,1,892.47,3,1,3,7,🌱 Regular Buyers
12775,16,5,1386.04,4,4,4,12,💎 Champions
12778,19,6,822.23,4,5,3,12,💎 Champions
12779,37,8,3981.36,3,5,5,13,💎 Champions
12781,63,2,826.74,3,2,3,8,🌱 Regular Buyers
12782,4,5,2330.92,5,4,5,14,💎 Champions
12783,1,6,2225.91,5,5,5,15,💎 Champions
12784,8,2,532.8199999999999,5,2,3,10,💼 Loyal Customers
12785,363,1,311.95,1,1,2,4,⚠️ At Risk / Lost
12787,9,3,463.65999999999997,5,3,2,10,💼 Loyal Customers
12789,64,1,91.85000000000001,3,1,1,5,⚠️ At Risk / Lost
12790,191,1,324.91999999999996,1,1,2,4,⚠️ At Risk / Lost
12791,373,1,192.6,1,1,1,3,⚠️ At Risk / Lost
12792,256,1,400.53999999999996,1,1,2,4,⚠️ At Risk / Lost
12793,334,2,545.48,1,2,3,6,🌱 Regular Buyers
12794,52,2,860.41,3,2,3,8,🌱 Regular Buyers
12795,18,1,430.48,4,1,2,7,🌱 Regular Buyers
12797,365,1,254.03,1,1,2,4,⚠️ At Risk / Lost
12798,9,3,6977.04,5,3,5,13,💎 Champions
12802,186,1,427.58,1,1,2,4,⚠️ At Risk / Lost
12808,36,3,483.65000000000003,3,3,2,8,🌱 Regular Buyers
12809,177,1,489.31,2,1,3,6,🌱 Regular Buyers
12811,260,3,514.85,1,3,3,7,🌱 Regular Buyers
12812,44,1,229.64,3,1,1,5,⚠️ At Risk / Lost
12814,101,1,125.92,2,1,1,4,⚠️ At Risk / Lost
12815,147,2,1063.46,2,2,4,8,🌱 Regular Buyers
12816,95,2,572.2,2,2,3,7,🌱 Regular Buyers
12817,280,1,166.04,1,1,1,3,⚠️ At Risk / Lost
12818,261,1,1542.08,1,1,4,6,🌱 Regular Buyers
12820,2,4,942.34,5,4,4,13,💎 Champions
12821,213,1,92.72,1,1,1,3,⚠️ At Risk / Lost
12822,70,2,948.88,3,2,4,9,💼 Loyal Customers
12823,74,5,1759.5,2,4,4,10,💼 Loyal Customers
12824,59,1,397.12,3,1,2,6,🌱 Regular Buyers
12826,2,7,1474.72,5,5,4,14,💎 Champions
12827,5,3,430.15,5,3,2,10,💼 Loyal Customers
12828,2,6,1018.7099999999999,5,5,4,14,💎 Champions
12829,336,2,293.0,1,2,2,5,⚠️ At Risk / Lost
12830,37,6,6814.639999999999,3,5,5,13,💎 Champions
12831,261,1,215.05,1,1,1,3,⚠️ At Risk / Lost
12832,31,2,383.03000000000003,4,2,2,8,🌱 Regular Buyers
12833,144,1,417.38,2,1,2,5,⚠️ At Risk / Lost
12834,282,1,312.38,1,1,2,4,⚠️ At Risk / Lost
12836,58,4,2610.36,3,4,5,12,💎 Champions
12837,172,1,134.1,2,1,1,4,⚠️ At Risk / Lost
12838,33,2,671.95,3,2,3,8,🌱 Regular Buyers
12839,2,14,5591.42,5,5,5,15,💎 Champions
12840,143,4,2726.77,2,4,5,11,💼 Loyal Customers
12841,4,25,3991.58,5,5,5,15,💎 Champions
12842,69,2,1118.99,3,2,4,9,💼 Loyal Customers
12843,65,8,1702.26,3,5,4,12,💎 Champions
12844,28,2,325.96,4,2,2,8,🌱 Regular Buyers
12845,266,4,354.09000000000003,1,4,2,7,🌱 Regular Buyers
12847,21,1,843.64,4,1,3,8,🌱 Regular Buyers
12849,30,2,1010.29,4,2,4,10,💼 Loyal Customers
12851,96,1,131.81,2,1,1,4,⚠️ At Risk / Lost
12852,294,1,311.54999999999995,1,1,2,4,⚠️ At Risk / Lost
12853,134,6,1957.1,2,5,4,11,💼 Loyal Customers
12854,78,3,1316.25,2,3,4,9,💼 Loyal Customers
12855,372,1,38.099999999999994,1,1,1,3,⚠️ At Risk / Lost
12856,7,6,2170.78,5,5,5,15,💎 Champions
12857,210,2,1106.4,1,2,4,7,🌱 Regular Buyers
12863,51,1,521.2,3,1,3,7,🌱 Regular Buyers
12864,137,1,147.12,2,1,1,4,⚠️ At Risk / Lost
12865,25,2,1568.23,4,2,4,10,💼 Loyal Customers
12866,282,1,559.12,1,1,3,5,⚠️ At Risk / Lost
12867,25,7,4009.34,4,5,5,14,💎 Champions
12868,185,6,1607.06,1,5,4,10,💼 Loyal Customers
12871,83,2,380.64,2,2,2,6,🌱 Regular Buyers
12872,326,2,599.97,1,2,3,6,🌱 Regular Buyers
12873,281,1,374.0,1,1,2,4,⚠️ At Risk / Lost
12875,142,2,343.23,2,2,2,6,🌱 Regular Buyers
12876,57,2,2218.02,3,2,5,10,💼 Loyal Customers
12877,3,12,1535.77,5,5,4,14,💎 Champions
12878,235,2,854.99,1,2,3,6,🌱 Regular Buyers
12879,44,3,573.22,3,3,3,9,💼 Loyal Customers
12881,275,1,298.0,1,1,2,4,⚠️ At Risk / Lost
12882,8,2,1463.04,5,2,4,11,💼 Loyal Customers
12883,24,4,703.47,4,4,3,11,💼 Loyal Customers
12884,87,1,309.05,2,1,2,5,⚠️ At Risk / Lost
12885,62,3,1175.22,3,3,4,10,💼 Loyal Customers
12886,67,2,1378.4,3,2,4,9,💼 Loyal Customers
12888,213,2,354.12,1,2,2,5,⚠️ At Risk / Lost
12890,23,1,376.72,4,1,2,7,🌱 Regular Buyers
12891,185,3,331.0,1,3,2,6,🌱 Regular Buyers
12893,30,1,176.55,4,1,1,6,🌱 Regular Buyers
12895,41,2,372.8,3,2,2,7,🌱 Regular Buyers
12897,204,2,216.5,1,2,1,4,⚠️ At Risk / Lost
12901,8,28,17654.54,5,5,5,15,💎 Champions
12902,264,1,138.68,1,1,1,3,⚠️ At Risk / Lost
12904,17,2,496.06,4,2,3,9,💼 Loyal Customers
12906,11,5,2919.81,5,4,5,14,💎 Champions
12908,175,2,750.0,2,2,3,7,🌱 Regular Buyers
12909,39,5,2163.82,3,4,5,12,💎 Champions
12910,22,8,3075.04,4,5,5,14,💎 Champions
12912,2,5,1662.3,5,4,4,13,💎 Champions
12913,4,5,2483.63,5,4,5,14,💎 Champions
12915,148,2,363.65,2,2,2,6,🌱 Regular Buyers
12916,138,4,2944.95,2,4,5,11,💼 Loyal Customers
12917,127,1,594.0,2,1,3,6,🌱 Regular Buyers
12919,7,6,1335.19,5,5,4,14,💎 Champions
12920,16,1,162.78,4,1,1,6,🌱 Regular Buyers
12921,8,37,16587.09,5,5,5,15,💎 Champions
12922,160,1,405.38,2,1,2,5,⚠️ At Risk / Lost
12923,63,1,172.82,3,1,1,5,⚠️ At Risk / Lost
12924,87,4,933.7,2,4,4,10,💼 Loyal Customers
12925,4,2,694.05,5,2,3,10,💼 Loyal Customers
12928,34,5,2062.7,3,4,5,12,💎 Champions
12929,311,1,117.85,1,1,1,3,⚠️ At Risk / Lost
12930,77,2,415.8,2,2,2,6,🌱 Regular Buyers
12931,21,15,41518.96,4,5,5,14,💎 Champions
12933,23,3,607.53,4,3,3,10,💼 Loyal Customers
12935,1,7,2160.7,5,5,5,15,💎 Champions
12936,16,4,1063.9,4,4,4,12,💎 Champions
12937,14,4,1504.27,4,4,4,12,💎 Champions
12938,25,1,114.14,4,1,1,6,🌱 Regular Buyers
12939,63,8,11581.8,3,5,5,13,💎 Champions
12940,54,2,899.6899999999999,3,2,3,8,🌱 Regular Buyers
12942,130,3,675.6,2,3,3,8,🌱 Regular Buyers
12944,35,2,604.51,3,2,3,8,🌱 Regular Buyers
12945,287,1,462.95,1,1,2,4,⚠️ At Risk / Lost
12947,143,6,1603.99,2,5,4,11,💼 Loyal Customers
12948,15,7,2064.95,4,5,5,14,💎 Champions
12949,30,8,4167.22,4,5,5,14,💎 Champions
12950,1,3,1843.0,5,3,4,12,💎 Champions
12951,8,6,1064.07,5,5,4,14,💎 Champions
12952,5,4,1387.79,5,4,4,13,💎 Champions
12953,9,1,329.85,5,1,2,8,🌱 Regular Buyers
12955,0,11,4757.16,5,5,5,15,💎 Champions
12956,305,1,108.07000000000001,1,1,1,3,⚠️ At Risk / Lost
12957,9,8,4017.54,5,5,5,15,💎 Champions
12962,6,2,266.39,5,2,2,9,💼 Loyal Customers
12963,7,8,1856.63,5,5,4,14,💎 Champions
12965,88,1,769.8100000000001,2,1,3,6,🌱 Regular Buyers
12966,9,1,160.18,5,1,1,7,🌱 Regular Buyers
12967,357,2,1660.9,1,2,4,7,🌱 Regular Buyers
12968,111,1,135.95,2,1,1,4,⚠️ At Risk / Lost
12970,6,4,405.47,5,4,2,11,💼 Loyal Customers
12971,3,86,11189.91,5,5,5,15,💎 Champions
12974,197,1,144.8,1,1,1,3,⚠️ At Risk / Lost
12976,211,1,738.6,1,1,3,5,⚠️ At Risk / Lost
12977,155,1,39.24,2,1,1,4,⚠️ At Risk / Lost
12980,157,9,7374.9,2,5,5,12,💎 Champions
12981,29,2,372.21999999999997,4,2,2,8,🌱 Regular Buyers
12982,242,1,390.53999999999996,1,1,2,4,⚠️ At Risk / Lost
12984,18,1,97.5,4,1,1,6,🌱 Regular Buyers
12985,0,2,1239.38,5,2,4,11,💼 Loyal Customers
12987,73,2,558.7,2,2,3,7,🌱 Regular Buyers
12988,291,1,505.82,1,1,3,5,⚠️ At Risk / Lost
12989,2,15,6924.11,5,5,5,15,💎 Champions
12990,30,3,409.5,4,3,2,9,💼 Loyal Customers
12991,22,2,503.76,4,2,3,9,💼 Loyal Customers
12993,22,4,414.76,4,4,2,10,💼 Loyal Customers
12994,3,3,974.42,5,3,4,12,💎 Champions
12995,84,1,211.32,2,1,1,4,⚠️ At Risk / Lost
12997,21,4,1226.89,4,4,4,12,💎 Champions
12999,195,3,455.88,1,3,2,6,🌱 Regular Buyers
13000,106,3,534.85,2,3,3,8,🌱 Regular Buyers
13001,3,13,9785.97,5,5,5,15,💎 Champions
13002,317,1,120.95,1,1,1,3,⚠️ At Risk / Lost
13003,105,3,149.05,2,3,1,6,🌱 Regular Buyers
13004,11,18,5655.91,5,5,5,15,💎 Champions
13005,173,2,513.7,2,2,3,7,🌱 Regular Buyers
13006,55,1,81.57,3,1,1,5,⚠️ At Risk / Lost
13008,322,1,229.47,1,1,1,3,⚠️ At Risk / Lost
13011,371,1,50.55,1,1,1,3,⚠️ At Risk / Lost
13012,8,8,1646.84,5,5,4,14,💎 Champions
13013,0,13,4810.94,5,5,5,15,💎 Champions
13014,10,10,3466.28,5,5,5,15,💎 Champions
13015,52,5,3339.64,3,4,5,12,💎 Champions
13016,72,3,789.89,2,3,3,8,🌱 Regular Buyers
13017,6,1,204.0,5,1,1,7,🌱 Regular Buyers
13018,15,28,7277.7,4,5,5,14,💎 Champions
13021,3,9,2616.38,5,5,5,15,💎 Champions
13023,63,2,689.9,3,2,3,8,🌱 Regular Buyers
13026,0,5,975.36,5,4,4,13,💎 Champions
13027,113,6,6912.0,2,5,5,12,💎 Champions
13028,22,2,661.3199999999999,4,2,3,9,💼 Loyal Customers
13029,30,3,1247.5,4,3,4,11,💼 Loyal Customers
13030,10,2,752.44,5,2,3,10,💼 Loyal Customers
13032,51,2,1010.1800000000001,3,2,4,9,💼 Loyal Customers
13033,356,1,190.55,1,1,1,3,⚠️ At Risk / Lost
13034,54,2,642.77,3,2,3,8,🌱 Regular Buyers
13035,73,2,921.88,2,2,3,7,🌱 Regular Buyers
13037,137,3,881.07,2,3,3,8,🌱 Regular Buyers
13038,79,3,908.46,2,3,3,8,🌱 Regular Buyers
13040,8,2,676.99,5,2,3,10,💼 Loyal Customers
13043,272,1,516.42,1,1,3,5,⚠️ At Risk / Lost
13044,290,1,560.47,1,1,3,5,⚠️ At Risk / Lost
13045,98,1,305.28,2,1,2,5,⚠️ At Risk / Lost
13046,30,2,629.3100000000001,4,2,3,9,💼 Loyal Customers
13047,31,10,3237.54,4,5,5,14,💎 Champions
13048,13,4,1819.41,4,4,4,12,💎 Champions
13049,63,2,656.68,3,2,3,8,🌱 Regular Buyers
13050,14,17,5836.86,4,5,5,14,💎 Champions
13052,211,1,348.15,1,1,2,4,⚠️ At Risk / Lost
13055,77,3,1214.41,2,3,4,9,💼 Loyal Customers
13058,24,3,271.4,4,3,2,9,💼 Loyal Customers
13059,249,1,183.4,1,1,1,3,⚠️ At Risk / Lost
13060,253,1,307.53,1,1,2,4,⚠️ At Risk / Lost
13061,71,1,248.60999999999999,3,1,1,5,⚠️ At Risk / Lost
13062,190,1,346.98,1,1,2,4,⚠️ At Risk / Lost
13064,12,4,1105.59,5,4,4,13,💎 Champions
13065,372,1,205.85999999999999,1,1,1,3,⚠️ At Risk / Lost
13066,23,2,470.8,4,2,2,8,🌱 Regular Buyers
13067,81,1,115.46000000000001,2,1,1,4,⚠️ At Risk / Lost
13068,9,2,344.0,5,2,2,9,💼 Loyal Customers
13069,0,24,4431.44,5,5,5,15,💎 Champions
13070,191,1,228.8,1,1,1,3,⚠️ At Risk / Lost
13072,266,1,177.14999999999998,1,1,1,3,⚠️ At Risk / Lost
13075,129,1,919.61,2,1,3,6,🌱 Regular Buyers
13077,0,4,728.02,5,4,3,12,💎 Champions
13078,2,26,12627.94,5,5,5,15,💎 Champions
13079,3,5,220.1,5,4,1,10,💼 Loyal Customers
13080,178,1,58.08,2,1,1,4,⚠️ At Risk / Lost
13081,11,11,28337.38,5,5,5,15,💎 Champions
13082,125,9,3613.63,2,5,5,12,💎 Champions
13083,3,2,303.75,5,2,2,9,💼 Loyal Customers
13085,157,2,416.08,2,2,2,6,🌱 Regular Buyers
13089,2,97,58762.08,5,5,5,15,💎 Champions
13090,8,14,8910.82,5,5,5,15,💎 Champions
13091,27,1,345.82,4,1,2,7,🌱 Regular Buyers
13092,70,5,477.83,3,4,2,9,💼 Loyal Customers
13093,275,8,7832.47,1,5,5,11,💼 Loyal Customers
13094,20,12,1927.32,4,5,4,13,💎 Champions
13095,70,1,74.39999999999999,3,1,1,5,⚠️ At Risk / Lost
13097,32,10,6003.22,4,5,5,14,💎 Champions
13098,0,28,28882.44,5,5,5,15,💎 Champions
13099,98,1,207.36,2,1,1,4,⚠️ At Risk / Lost
13101,233,1,101.19,1,1,1,3,⚠️ At Risk / Lost
13102,0,24,6424.09,5,5,5,15,💎 Champions
13103,39,1,243.94,3,1,1,5,⚠️ At Risk / Lost
13104,2,6,1098.48,5,5,4,14,💎 Champions
13106,132,1,76.5,2,1,1,4,⚠️ At Risk / Lost
13107,43,4,1531.62,3,4,4,11,💼 Loyal Customers
13108,372,1,350.06,1,1,2,4,⚠️ At Risk / Lost
13109,59,2,786.54,3,2,3,8,🌱 Regular Buyers
13110,30,7,1488.67,4,5,4,13,💎 Champions
13113,0,24,12245.96,5,5,5,15,💎 Champions
13115,11,4,2294.7799999999997,5,4,5,14,💎 Champions
13116,137,1,501.14,2,1,3,6,🌱 Regular Buyers
13117,21,8,984.91,4,5,4,13,💎 Champions
13118,19,5,1197.81,4,4,4,12,💎 Champions
13120,238,1,30.6,1,1,1,3,⚠️ At Risk / Lost
13121,268,1,283.73,1,1,2,4,⚠️ At Risk / Lost
13122,93,2,922.39,2,2,3,7,🌱 Regular Buyers
13124,89,3,3756.33,2,3,5,10,💼 Loyal Customers
13126,4,8,2099.64,5,5,5,15,💎 Champions
13127,77,1,259.17,2,1,2,5,⚠️ At Risk / Lost
13130,93,1,64.0,2,1,1,4,⚠️ At Risk / Lost
13131,22,3,1073.3,4,3,4,11,💼 Loyal Customers
13132,261,1,77.3,1,1,1,3,⚠️ At Risk / Lost
13133,273,2,109.8,1,2,1,4,⚠️ At Risk / Lost
13134,85,4,1793.58,2,4,4,10,💼 Loyal Customers
13135,196,1,3096.0,1,1,5,7,🌱 Regular Buyers
13136,55,5,2607.61,3,4,5,12,💎 Champions
13137,10,8,3603.29,5,5,5,15,💎 Champions
13138,21,6,962.39,4,5,4,13,💎 Champions
13139,15,7,5064.94,4,5,5,14,💎 Champions
13140,107,3,422.47,2,3,2,7,🌱 Regular Buyers
13141,84,5,2388.75,2,4,5,11,💼 Loyal Customers
13142,18,1,307.09000000000003,4,1,2,7,🌱 Regular Buyers
13144,332,1,110.95,1,1,1,3,⚠️ At Risk / Lost
13145,39,4,618.52,3,4,3,10,💼 Loyal Customers
13146,25,1,228.91,4,1,1,6,🌱 Regular Buyers
13147,9,4,712.8,5,4,3,12,💎 Champions
13148,28,12,3683.2599999999998,4,5,5,14,💎 Champions
13149,13,4,1676.06,4,4,4,12,💎 Champions
13151,295,1,1257.87,1,1,4,6,🌱 Regular Buyers
13153,5,1,486.22,5,1,2,8,🌱 Regular Buyers
13155,32,4,971.76,4,4,4,12,💎 Champions
13157,48,4,1741.22,3,4,4,11,💼 Loyal Customers
13158,94,4,1201.06,2,4,4,10,💼 Loyal Customers
13159,8,4,1429.35,5,4,4,13,💎 Champions
13160,21,1,91.8,4,1,1,6,🌱 Regular Buyers
13161,312,1,112.75,1,1,1,3,⚠️ At Risk / Lost
13162,121,4,1688.29,2,4,4,10,💼 Loyal Customers
13165,45,2,1021.48,3,2,4,9,💼 Loyal Customers
13166,282,1,417.2,1,1,2,4,⚠️ At Risk / Lost
13167,18,4,791.3299999999999,4,4,3,11,💼 Loyal Customers
13168,35,4,1299.59,3,4,4,11,💼 Loyal Customers
13169,63,2,712.88,3,2,3,8,🌱 Regular Buyers
13170,26,1,108.81,4,1,1,6,🌱 Regular Buyers
13171,21,3,468.40999999999997,4,3,2,9,💼 Loyal Customers
13173,3,2,353.65000000000003,5,2,2,9,💼 Loyal Customers
13174,15,3,2742.82,4,3,5,12,💎 Champions
13176,45,1,481.49,3,1,2,6,🌱 Regular Buyers
13177,64,1,282.45,3,1,2,6,🌱 Regular Buyers
13178,25,11,5725.47,4,5,5,14,💎 Champions
13182,44,1,121.18,3,1,1,5,⚠️ At Risk / Lost
13183,7,9,3957.7799999999997,5,5,5,15,💎 Champions
13184,14,10,1668.95,4,5,4,13,💎 Champions
13185,267,1,71.4,1,1,1,3,⚠️ At Risk / Lost
13186,39,3,1575.89,3,3,4,10,💼 Loyal Customers
13187,336,1,236.02,1,1,1,3,⚠️ At Risk / Lost
13188,10,1,114.6,5,1,1,7,🌱 Regular Buyers
13189,18,2,260.68,4,2,2,8,🌱 Regular Buyers
13192,94,2,911.94,2,2,3,7,🌱 Regular Buyers
13193,60,1,112.08,3,1,1,5,⚠️ At Risk / Lost
13194,135,1,60.7,2,1,1,4,⚠️ At Risk / Lost
13196,10,4,1797.78,5,4,4,13,💎 Champions
13198,9,6,3401.24,5,5,5,15,💎 Champions
13199,3,38,9817.12,5,5,5,15,💎 Champions
13200,18,4,870.09,4,4,3,11,💼 Loyal Customers
13203,9,4,869.46,5,4,3,12,💎 Champions
13207,14,2,250.26000000000002,4,2,2,8,🌱 Regular Buyers
13208,58,6,1217.65,3,5,4,12,💎 Champions
13209,29,8,5891.61,4,5,5,14,💎 Champions
13210,93,1,353.48,2,1,2,5,⚠️ At Risk / Lost
13211,9,3,1095.42,5,3,4,12,💎 Champions
13212,19,3,786.83,4,3,3,10,💼 Loyal Customers
13213,56,5,1520.58,3,4,4,11,💼 Loyal Customers
13216,267,1,333.74,1,1,2,4,⚠️ At Risk / Lost
13217,121,3,533.98,2,3,3,8,🌱 Regular Buyers
13218,126,1,62.64,2,1,1,4,⚠️ At Risk / Lost
13220,77,4,819.29,2,4,3,9,💼 Loyal Customers
13221,239,2,847.41,1,2,3,6,🌱 Regular Buyers
13223,199,2,163.2,1,2,1,4,⚠️ At Risk / Lost
13224,59,2,2155.95,3,2,5,10,💼 Loyal Customers
13225,2,7,6463.84,5,5,5,15,💎 Champions
13226,272,1,108.21000000000001,1,1,1,3,⚠️ At Risk / Lost
13227,201,1,257.7,1,1,2,4,⚠️ At Risk / Lost
13228,80,1,358.0,2,1,2,5,⚠️ At Risk / Lost
13229,225,1,160.95,1,1,1,3,⚠️ At Risk / Lost
13230,3,14,2755.63,5,5,5,15,💎 Champions
13232,12,7,1328.35,5,5,4,14,💎 Champions
13233,73,2,605.12,2,2,3,7,🌱 Regular Buyers
13235,211,1,1031.07,1,1,4,6,🌱 Regular Buyers
13236,24,2,744.85,4,2,3,9,💼 Loyal Customers
13238,16,4,700.73,4,4,3,11,💼 Loyal Customers
13239,261,1,329.56,1,1,2,4,⚠️ At Risk / Lost
13240,95,4,663.65,2,4,3,9,💼 Loyal Customers
13242,111,3,270.40000000000003,2,3,2,7,🌱 Regular Buyers
13243,202,1,585.12,1,1,3,5,⚠️ At Risk / Lost
13244,92,1,121.74,2,1,1,4,⚠️ At Risk / Lost
13245,50,1,430.5,3,1,2,6,🌱 Regular Buyers
13246,17,6,1961.52,4,5,4,13,💎 Champions
13247,17,4,501.12,4,4,3,11,💼 Loyal Customers
13248,124,2,465.68,2,2,2,6,🌱 Regular Buyers
13249,91,3,711.41,2,3,3,8,🌱 Regular Buyers
13253,156,2,1030.4,2,2,4,8,🌱 Regular Buyers
13255,8,2,399.51,5,2,2,9,💼 Loyal Customers
13258,11,3,672.83,5,3,3,11,💼 Loyal Customers
13259,61,1,283.18,3,1,2,6,🌱 Regular Buyers
13260,60,1,557.62,3,1,3,7,🌱 Regular Buyers
13261,268,2,944.1,1,2,4,7,🌱 Regular Buyers
13262,262,1,200.29,1,1,1,3,⚠️ At Risk / Lost
13263,0,35,7436.93,5,5,5,15,💎 Champions
13265,52,5,2092.66,3,4,5,12,💎 Champions
13266,10,12,3834.2599999999998,5,5,5,15,💎 Champions
13267,2,19,4521.49,5,5,5,15,💎 Champions
13268,17,11,3174.75,4,5,5,14,💎 Champions
13269,0,15,5343.28,5,5,5,15,💎 Champions
13270,365,1,590.0,1,1,3,5,⚠️ At Risk / Lost
13271,36,1,211.49,3,1,1,5,⚠️ At Risk / Lost
13272,30,2,276.56,4,2,2,8,🌱 Regular Buyers
13273,112,1,138.98,2,1,1,4,⚠️ At Risk / Lost
13276,63,2,590.93,3,2,3,8,🌱 Regular Buyers
13277,15,4,258.4,4,4,2,10,💼 Loyal Customers
13278,40,1,542.73,3,1,3,7,🌱 Regular Buyers
13279,77,1,137.75,2,1,1,4,⚠️ At Risk / Lost
13280,121,3,798.46,2,3,3,8,🌱 Regular Buyers
13282,17,3,1132.14,4,3,4,11,💼 Loyal Customers
13283,59,2,93.66,3,2,1,6,🌱 Regular Buyers
13284,330,1,201.19,1,1,1,3,⚠️ At Risk / Lost
13285,22,4,2709.12,4,4,5,13,💎 Champions
13291,155,1,361.11,2,1,2,5,⚠️ At Risk / Lost
13292,38,2,578.94,3,2,3,8,🌱 Regular Buyers
13294,189,2,873.74,1,2,3,6,🌱 Regular Buyers
13295,359,1,201.2,1,1,1,3,⚠️ At Risk / Lost
13296,136,1,87.4,2,1,1,4,⚠️ At Risk / Lost
13297,7,4,2089.85,5,4,5,14,💎 Champions
13298,0,1,360.0,5,1,2,8,🌱 Regular Buyers
13299,267,1,142.5,1,1,1,3,⚠️ At Risk / Lost
13300,168,1,371.89,2,1,2,5,⚠️ At Risk / Lost
13301,103,4,618.09,2,4,3,9,💼 Loyal Customers
13302,154,1,63.75,2,1,1,4,⚠️ At Risk / Lost
13304,350,1,300.42,1,1,2,4,⚠️ At Risk / Lost
13305,3,10,2000.86,5,5,4,14,💎 Champions
13307,119,1,15.0,2,1,1,4,⚠️ At Risk / Lost
13308,22,3,1385.51,4,3,4,11,💼 Loyal Customers
13309,6,5,1456.79,5,4,4,13,💎 Champions
13310,27,3,1132.03,4,3,4,11,💼 Loyal Customers
13311,3,2,598.5699999999999,5,2,3,10,💼 Loyal Customers
13313,21,5,1555.32,4,4,4,12,💎 Champions
13314,1,3,775.9399999999999,5,3,3,11,💼 Loyal Customers
13316,36,4,5732.93,3,4,5,12,💎 Champions
13317,65,6,2273.68,3,5,5,13,💎 Champions
13318,0,3,640.76,5,3,3,11,💼 Loyal Customers
13319,4,26,10845.55,5,5,5,15,💎 Champions
13320,77,4,1532.2,2,4,4,10,💼 Loyal Customers
13321,71,2,567.36,3,2,3,8,🌱 Regular Buyers
13322,16,1,199.48000000000002,4,1,1,6,🌱 Regular Buyers
13323,2,5,787.85,5,4,3,12,💎 Champions
13324,35,10,7121.95,3,5,5,13,💎 Champions
13325,81,1,675.3,2,1,3,6,🌱 Regular Buyers
13327,38,8,3627.77,3,5,5,13,💎 Champions
13328,315,1,1308.48,1,1,4,6,🌱 Regular Buyers
13329,31,2,789.0,4,2,3,9,💼 Loyal Customers
13330,92,3,1140.93,2,3,4,9,💼 Loyal Customers
13332,13,1,350.9,4,1,2,7,🌱 Regular Buyers
13334,81,3,3502.32,2,3,5,10,💼 Loyal Customers
13336,76,1,795.12,2,1,3,6,🌱 Regular Buyers
13338,157,1,487.02,2,1,2,5,⚠️ At Risk / Lost
13339,200,1,860.12,1,1,3,5,⚠️ At Risk / Lost
13340,44,7,10736.48,3,5,5,13,💎 Champions
13341,260,1,775.85,1,1,3,5,⚠️ At Risk / Lost
13343,177,1,353.43,2,1,2,5,⚠️ At Risk / Lost
13344,67,3,2511.69,3,3,5,11,💼 Loyal Customers
13345,287,1,389.5,1,1,2,4,⚠️ At Risk / Lost
13347,69,1,341.36,3,1,2,6,🌱 Regular Buyers
13348,63,1,233.76,3,1,1,5,⚠️ At Risk / Lost
13349,10,1,247.32,5,1,1,7,🌱 Regular Buyers
13350,15,2,979.12,4,2,4,10,💼 Loyal Customers
13351,65,1,373.94,3,1,2,6,🌱 Regular Buyers
13352,59,1,397.98,3,1,2,6,🌱 Regular Buyers
13354,70,1,743.53,3,1,3,7,🌱 Regular Buyers
13355,121,1,674.7,2,1,3,6,🌱 Regular Buyers
13356,79,1,768.24,2,1,3,6,🌱 Regular Buyers
13357,256,1,609.4,1,1,3,5,⚠️ At Risk / Lost
13358,268,1,439.03,1,1,2,4,⚠️ At Risk / Lost
13359,63,1,439.56,3,1,2,6,🌱 Regular Buyers
13362,8,4,3090.74,5,4,5,14,💎 Champions
13363,17,2,992.5,4,2,4,10,💼 Loyal Customers
13364,70,1,134.96,3,1,1,5,⚠️ At Risk / Lost
13365,33,2,2225.37,3,2,5,10,💼 Loyal Customers
13366,49,1,56.16,3,1,1,5,⚠️ At Risk / Lost
13368,256,2,623.4,1,2,3,6,🌱 Regular Buyers
13369,365,1,308.28,1,1,2,4,⚠️ At Risk / Lost
13370,371,1,754.87,1,1,3,5,⚠️ At Risk / Lost
13372,89,1,378.64,2,1,2,5,⚠️ At Risk / Lost
13373,60,3,3312.25,3,3,5,11,💼 Loyal Customers
13375,88,1,778.65,2,1,3,6,🌱 Regular Buyers
13376,98,3,1019.76,2,3,4,9,💼 Loyal Customers
13379,25,3,572.56,4,3,3,10,💼 Loyal Customers
13381,31,6,3639.31,4,5,5,14,💎 Champions
13382,280,1,222.99,1,1,1,3,⚠️ At Risk / Lost
13384,30,7,4151.93,4,5,5,14,💎 Champions
13385,329,1,534.57,1,1,3,5,⚠️ At Risk / Lost
13388,130,2,677.1,2,2,3,7,🌱 Regular Buyers
13389,10,3,797.96,5,3,3,11,💼 Loyal Customers
13390,74,1,544.08,2,1,3,6,🌱 Regular Buyers
13391,203,1,59.8,1,1,1,3,⚠️ At Risk / Lost
13394,1,8,2520.02,5,5,5,15,💎 Champions
13395,184,1,307.72,1,1,2,4,⚠️ At Risk / Lost
13396,28,2,1360.99,4,2,4,10,💼 Loyal Customers
13397,72,5,1544.13,2,4,4,10,💼 Loyal Customers
13398,191,1,457.34000000000003,1,1,2,4,⚠️ At Risk / Lost
13402,126,2,621.23,2,2,3,7,🌱 Regular Buyers
13403,17,1,75.0,4,1,1,6,🌱 Regular Buyers
13404,0,2,252.49,5,2,2,9,💼 Loyal Customers
13405,73,3,572.45,2,3,3,8,🌱 Regular Buyers
13408,1,62,28117.04,5,5,5,15,💎 Champions
13410,23,5,1003.06,4,4,4,12,💎 Champions
13411,106,1,213.54999999999998,2,1,1,4,⚠️ At Risk / Lost
13414,133,3,1390.5,2,3,4,9,💼 Loyal Customers
13416,43,2,712.5,3,2,3,8,🌱 Regular Buyers
13417,4,2,640.83,5,2,3,10,💼 Loyal Customers
13418,11,18,6127.43,5,5,5,15,💎 Champions
13419,63,1,221.06,3,1,1,5,⚠️ At Risk / Lost
13420,149,2,159.85,2,2,1,5,⚠️ At Risk / Lost
13421,39,2,1833.71,3,2,4,9,💼 Loyal Customers
13422,63,1,2626.3,3,1,5,9,💼 Loyal Customers
13425,107,3,1624.21,2,3,4,9,💼 Loyal Customers
13426,0,10,3641.32,5,5,5,15,💎 Champions
13427,18,3,582.6,4,3,3,10,💼 Loyal Customers
13428,9,1,201.78,5,1,1,7,🌱 Regular Buyers
13429,10,4,1006.8,5,4,4,13,💎 Champions
13430,18,2,679.45,4,2,3,9,💼 Loyal Customers
13431,66,2,1269.1,3,2,4,9,💼 Loyal Customers
13434,73,2,534.24,2,2,3,7,🌱 Regular Buyers
13435,4,7,3809.89,5,5,5,15,💎 Champions
13436,1,1,196.89,5,1,1,7,🌱 Regular Buyers
13437,13,7,3408.06,4,5,5,14,💎 Champions
13439,254,1,283.71,1,1,2,4,⚠️ At Risk / Lost
13441,91,1,296.64,2,1,2,5,⚠️ At Risk / Lost
13447,22,3,1129.1399999999999,4,3,4,11,💼 Loyal Customers
13448,16,6,3534.69,4,5,5,14,💎 Champions
13449,23,1,291.88,4,1,2,7,🌱 Regular Buyers
13450,26,6,2043.72,4,5,4,13,💎 Champions
13451,25,5,2898.26,4,4,5,13,💎 Champions
13452,258,2,590.0,1,2,3,6,🌱 Regular Buyers
13453,165,2,356.98,2,2,2,6,🌱 Regular Buyers
13455,24,2,1058.34,4,2,4,10,💼 Loyal Customers
13456,17,6,1766.72,4,5,4,13,💎 Champions
13458,6,14,9646.57,5,5,5,15,💎 Champions
13460,28,2,183.44,4,2,1,7,🌱 Regular Buyers
13461,38,3,1445.0,3,3,4,10,💼 Loyal Customers
13462,252,1,151.5,1,1,1,3,⚠️ At Risk / Lost
13464,57,1,674.68,3,1,3,7,🌱 Regular Buyers
13466,183,1,307.9,1,1,2,4,⚠️ At Risk / Lost
13467,10,2,1071.91,5,2,4,11,💼 Loyal Customers
13468,1,37,5704.97,5,5,5,15,💎 Champions
13470,98,2,165.0,2,2,1,5,⚠️ At Risk / Lost
13471,0,4,2501.84,5,4,5,14,💎 Champions
13473,60,2,422.64,3,2,2,7,🌱 Regular Buyers
13474,235,1,226.84,1,1,1,3,⚠️ At Risk / Lost
13475,190,4,1431.78,1,4,4,9,💼 Loyal Customers
13476,178,2,1238.47,2,2,4,8,🌱 Regular Buyers
13477,37,6,1454.58,3,5,4,12,💎 Champions
13479,200,2,300.95,1,2,2,5,⚠️ At Risk / Lost
13481,45,5,1804.56,3,4,4,11,💼 Loyal Customers
13482,231,1,184.64,1,1,1,3,⚠️ At Risk / Lost
13483,65,1,140.34,3,1,1,5,⚠️ At Risk / Lost
13484,240,1,313.8,1,1,2,4,⚠️ At Risk / Lost
13485,232,1,454.24,1,1,2,4,⚠️ At Risk / Lost
13486,77,3,1122.41,2,3,4,9,💼 Loyal Customers
13487,57,3,575.4,3,3,3,9,💼 Loyal Customers
13488,16,13,8968.31,4,5,5,14,💎 Champions
13489,104,4,449.52,2,4,2,8,🌱 Regular Buyers
13491,51,10,1215.82,3,5,4,12,💎 Champions
13492,135,3,1269.84,2,3,4,9,💼 Loyal Customers
13493,274,2,618.63,1,2,3,6,🌱 Regular Buyers
13494,311,1,316.26,1,1,2,4,⚠️ At Risk / Lost
13495,7,5,2044.87,5,4,4,13,💎 Champions
13496,10,2,653.33,5,2,3,10,💼 Loyal Customers
13497,282,2,348.05,1,2,2,5,⚠️ At Risk / Lost
13499,17,5,1159.1100000000001,4,4,4,12,💎 Champions
13500,22,3,1166.77,4,3,4,11,💼 Loyal Customers
13501,287,1,1340.32,1,1,4,6,🌱 Regular Buyers
13502,16,3,292.0,4,3,2,9,💼 Loyal Customers
13503,70,1,216.85,3,1,1,5,⚠️ At Risk / Lost
13504,63,1,295.93,3,1,2,6,🌱 Regular Buyers
13505,72,4,4393.63,2,4,5,11,💼 Loyal Customers
13506,315,2,458.52,1,2,2,5,⚠️ At Risk / Lost
13507,2,4,2479.16,5,4,5,14,💎 Champions
13508,243,1,110.97,1,1,1,3,⚠️ At Risk / Lost
13509,8,7,979.72,5,5,4,14,💎 Champions
13510,0,4,1791.56,5,4,4,13,💎 Champions
13512,260,1,251.21,1,1,2,4,⚠️ At Risk / Lost
13513,126,1,205.1,2,1,1,4,⚠️ At Risk / Lost
13514,73,1,152.2,2,1,1,4,⚠️ At Risk / Lost
13515,72,4,891.12,2,4,3,9,💼 Loyal Customers
13516,20,3,1389.41,4,3,4,11,💼 Loyal Customers
13517,59,3,2128.42,3,3,5,11,💼 Loyal Customers
13518,85,1,627.16,2,1,3,6,🌱 Regular Buyers
13519,77,1,122.75,2,1,1,4,⚠️ At Risk / Lost
13520,58,6,3624.35,3,5,5,13,💎 Champions
13521,0,3,1071.73,5,3,4,12,💎 Champions
13522,29,1,125.8,4,1,1,6,🌱 Regular Buyers
13523,32,5,3964.88,4,4,5,13,💎 Champions
13524,40,5,680.18,3,4,3,10,💼 Loyal Customers
13525,14,2,628.78,4,2,3,9,💼 Loyal Customers
13527,33,7,2242.36,3,5,5,13,💎 Champions
13529,78,2,307.76,2,2,2,6,🌱 Regular Buyers
13531,204,2,483.8,1,2,2,5,⚠️ At Risk / Lost
13532,33,1,210.31,3,1,1,5,⚠️ At Risk / Lost
13533,182,3,269.09,1,3,2,6,🌱 Regular Buyers
13534,1,25,5870.08,5,5,5,15,💎 Champions
13536,0,7,3444.39,5,5,5,15,💎 Champions
13538,42,7,1280.85,3,5,4,12,💎 Champions
13539,85,3,631.34,2,3,3,8,🌱 Regular Buyers
13544,39,2,276.06,3,2,2,7,🌱 Regular Buyers
13546,11,3,621.09,5,3,3,11,💼 Loyal Customers
13548,95,2,678.16,2,2,3,7,🌱 Regular Buyers
13549,25,7,918.2,4,5,3,12,💎 Champions
13551,318,1,91.80000000000001,1,1,1,3,⚠️ At Risk / Lost
13552,65,12,3740.07,3,5,5,13,💎 Champions
13555,73,4,4098.88,2,4,5,11,💼 Loyal Customers
13557,27,2,584.06,4,2,3,9,💼 Loyal Customers
13558,5,4,594.52,5,4,3,12,💎 Champions
13560,6,1,171.42,5,1,1,7,🌱 Regular Buyers
13561,215,1,141.85999999999999,1,1,1,3,⚠️ At Risk / Lost
13562,81,3,1799.3300000000002,2,3,4,9,💼 Loyal Customers
13563,83,2,777.53,2,2,3,7,🌱 Regular Buyers
13564,143,3,1724.67,2,3,4,9,💼 Loyal Customers
13565,18,2,240.22,4,2,1,7,🌱 Regular Buyers
13566,40,2,856.84,3,2,3,8,🌱 Regular Buyers
13568,172,1,187.05,2,1,1,4,⚠️ At Risk / Lost
13569,16,2,338.62,4,2,2,8,🌱 Regular Buyers
13570,242,1,239.49,1,1,1,3,⚠️ At Risk / Lost
13571,12,12,2088.94,5,5,5,15,💎 Champions
13572,205,1,1384.25,1,1,4,6,🌱 Regular Buyers
13573,49,2,290.25,3,2,2,7,🌱 Regular Buyers
13575,22,5,732.07,4,4,3,11,💼 Loyal Customers
13576,9,18,6717.34,5,5,5,15,💎 Champions
13577,24,4,1687.6,4,4,4,12,💎 Champions
13579,14,2,467.04,4,2,2,8,🌱 Regular Buyers
13581,308,1,118.0,1,1,1,3,⚠️ At Risk / Lost
13583,155,1,781.03,2,1,3,6,🌱 Regular Buyers
13584,306,1,142.4,1,1,1,3,⚠️ At Risk / Lost
13587,63,1,712.4,3,1,3,7,🌱 Regular Buyers
13588,15,9,2478.95,4,5,5,14,💎 Champions
13589,14,2,379.65,4,2,2,8,🌱 Regular Buyers
13590,10,6,1981.92,5,5,4,14,💎 Champions
13591,64,3,1117.1299999999999,3,3,4,10,💼 Loyal Customers
13592,35,4,247.96,3,4,1,8,🌱 Regular Buyers
13593,107,5,2011.88,2,4,4,10,💼 Loyal Customers
13594,52,1,396.96999999999997,3,1,2,6,🌱 Regular Buyers
13596,5,2,664.11,5,2,3,10,💼 Loyal Customers
13598,46,1,160.04,3,1,1,5,⚠️ At Risk / Lost
13599,0,21,5149.92,5,5,5,15,💎 Champions
13600,311,1,219.52,1,1,1,3,⚠️ At Risk / Lost
13601,44,2,693.32,3,2,3,8,🌱 Regular Buyers
13602,64,1,428.89,3,1,2,6,🌱 Regular Buyers
13603,25,1,164.34,4,1,1,6,🌱 Regular Buyers
13606,28,3,276.75,4,3,2,9,💼 Loyal Customers
13607,39,1,675.51,3,1,3,7,🌱 Regular Buyers
13610,11,7,1082.33,5,5,4,14,💎 Champions
13611,88,3,1154.4,2,3,4,9,💼 Loyal Customers
13614,23,4,1585.46,4,4,4,12,💎 Champions
13615,318,1,417.69,1,1,2,4,⚠️ At Risk / Lost
13617,39,3,544.18,3,3,3,9,💼 Loyal Customers
13618,173,1,177.34,2,1,1,4,⚠️ At Risk / Lost
13621,116,1,213.85,2,1,1,4,⚠️ At Risk / Lost
13623,30,5,727.74,4,4,3,11,💼 Loyal Customers
13626,252,1,257.23,1,1,2,4,⚠️ At Risk / Lost
13627,58,5,1638.47,3,4,4,11,💼 Loyal Customers
13629,22,11,7792.36,4,5,5,14,💎 Champions
13630,4,7,2031.78,5,5,4,14,💎 Champions
13631,99,11,3070.42,2,5,5,12,💎 Champions
13632,24,5,2118.93,4,4,5,13,💎 Champions
13634,32,5,1547.3600000000001,4,4,4,12,💎 Champions
13635,67,1,1071.03,3,1,4,8,🌱 Regular Buyers
13636,36,5,949.12,3,4,4,11,💼 Loyal Customers
13637,51,3,804.3,3,3,3,9,💼 Loyal Customers
13638,15,1,122.64,4,1,1,6,🌱 Regular Buyers
13639,73,1,1033.34,2,1,4,7,🌱 Regular Buyers
13642,215,1,312.28,1,1,2,4,⚠️ At Risk / Lost
13643,30,3,519.44,4,3,3,10,💼 Loyal Customers
13644,15,4,2624.26,4,4,5,13,💎 Champions
13645,119,1,252.1,2,1,2,5,⚠️ At Risk / Lost
13647,9,4,1648.1200000000001,5,4,4,13,💎 Champions
13649,256,2,346.6,1,2,2,5,⚠️ At Risk / Lost
13650,16,6,1836.34,4,5,4,13,💎 Champions
13651,34,2,94.2,3,2,1,6,🌱 Regular Buyers
13652,45,3,1095.08,3,3,4,10,💼 Loyal Customers
13654,42,6,2707.33,3,5,5,13,💎 Champions
13655,113,2,932.97,2,2,3,7,🌱 Regular Buyers
13656,164,2,379.65,2,2,2,6,🌱 Regular Buyers
13657,10,2,382.14,5,2,2,9,💼 Loyal Customers
13658,9,5,2639.17,5,4,5,14,💎 Champions
13659,205,2,1563.0,1,2,4,7,🌱 Regular Buyers
13662,85,3,881.26,2,3,3,8,🌱 Regular Buyers
13663,178,1,189.47,2,1,1,4,⚠️ At Risk / Lost
13666,59,3,84.65,3,3,1,7,🌱 Regular Buyers
13667,148,1,299.05,2,1,2,5,⚠️ At Risk / Lost
13668,2,21,6309.83,5,5,5,15,💎 Champions
13669,50,2,218.55,3,2,1,6,🌱 Regular Buyers
13670,74,1,349.7,2,1,2,5,⚠️ At Risk / Lost
13672,300,2,186.39000000000001,1,2,1,4,⚠️ At Risk / Lost
13673,18,2,387.44,4,2,2,8,🌱 Regular Buyers
13675,150,2,486.82,2,2,2,6,🌱 Regular Buyers
13678,151,1,232.6,2,1,1,4,⚠️ At Risk / Lost
13680,0,4,3719.12,5,4,5,14,💎 Champions
13681,17,4,827.83,4,4,3,11,💼 Loyal Customers
13682,186,1,59.5,1,1,1,3,⚠️ At Risk / Lost
13684,285,1,65.13,1,1,1,3,⚠️ At Risk / Lost
13685,2,7,3119.44,5,5,5,15,💎 Champions
13686,182,1,72.0,1,1,1,3,⚠️ At Risk / Lost
13689,62,1,910.0,3,1,3,7,🌱 Regular Buyers
13690,58,1,172.25,3,1,1,5,⚠️ At Risk / Lost
13692,24,3,1488.32,4,3,4,11,💼 Loyal Customers
13694,3,50,65039.62,5,5,5,15,💎 Champions
13695,30,15,2504.13,4,5,5,14,💎 Champions
13697,38,1,151.3,3,1,1,5,⚠️ At Risk / Lost
13699,154,1,308.58,2,1,2,5,⚠️ At Risk / Lost
13700,25,10,2248.63,4,5,5,14,💎 Champions
13703,317,1,99.5,1,1,1,3,⚠️ At Risk / Lost
13704,4,9,2308.06,5,5,5,15,💎 Champions
13705,7,3,711.86,5,3,3,11,💼 Loyal Customers
13706,302,1,330.79,1,1,2,4,⚠️ At Risk / Lost
13707,266,2,806.41,1,2,3,6,🌱 Regular Buyers
13708,270,1,285.33,1,1,2,4,⚠️ At Risk / Lost
13709,3,13,6307.65,5,5,5,15,💎 Champions
13710,31,1,180.48,4,1,1,6,🌱 Regular Buyers
13711,218,2,252.06,1,2,2,5,⚠️ At Risk / Lost
13712,246,1,228.84,1,1,1,3,⚠️ At Risk / Lost
13715,280,5,1077.3899999999999,1,4,4,9,💼 Loyal Customers
13716,268,1,138.28,1,1,1,3,⚠️ At Risk / Lost
13717,31,6,1445.01,4,5,4,13,💎 Champions
13718,245,2,306.55,1,2,2,5,⚠️ At Risk / Lost
13719,14,5,1041.68,4,4,4,12,💎 Champions
13720,116,4,799.9,2,4,3,9,💼 Loyal Customers
13721,35,1,524.14,3,1,3,7,🌱 Regular Buyers
13722,131,3,2375.41,2,3,5,10,💼 Loyal Customers
13723,216,1,199.85,1,1,1,3,⚠️ At Risk / Lost
13725,49,8,1980.56,3,5,4,12,💎 Champions
13726,38,2,1079.66,3,2,4,9,💼 Loyal Customers
13727,28,2,333.48,4,2,2,8,🌱 Regular Buyers
13728,36,6,1016.14,3,5,4,12,💎 Champions
13730,135,2,752.6,2,2,3,7,🌱 Regular Buyers
13731,218,2,610.59,1,2,3,6,🌱 Regular Buyers
13732,27,1,491.86,4,1,3,8,🌱 Regular Buyers
13735,24,4,2883.54,4,4,5,13,💎 Champions
13736,4,2,729.8,5,2,3,10,💼 Loyal Customers
13737,199,1,339.6,1,1,2,4,⚠️ At Risk / Lost
13739,17,1,216.9,4,1,1,6,🌱 Regular Buyers
13740,240,1,350.75,1,1,2,4,⚠️ At Risk / Lost
13741,71,3,668.43,3,3,3,9,💼 Loyal Customers
13742,16,12,3107.87,4,5,5,14,💎 Champions
13743,2,7,1341.6,5,5,4,14,💎 Champions
13744,94,2,1080.52,2,2,4,8,🌱 Regular Buyers
13745,161,1,300.04,2,1,2,5,⚠️ At Risk / Lost
13747,373,1,79.6,1,1,1,3,⚠️ At Risk / Lost
13748,95,5,948.25,2,4,4,10,💼 Loyal Customers
13750,53,5,1647.26,3,4,4,11,💼 Loyal Customers
13751,287,1,296.25,1,1,2,4,⚠️ At Risk / Lost
13752,123,6,1175.38,2,5,4,11,💼 Loyal Customers
13753,287,1,741.26,1,1,3,5,⚠️ At Risk / Lost
13754,151,2,282.6,2,2,2,6,🌱 Regular Buyers
13755,3,9,2108.06,5,5,5,15,💎 Champions
13756,1,14,5189.5199999999995,5,5,5,15,💎 Champions
13758,11,7,3190.55,5,5,5,15,💎 Champions
13759,32,2,659.41,4,2,3,9,💼 Loyal Customers
13760,53,2,286.79,3,2,2,7,🌱 Regular Buyers
13761,49,2,1070.65,3,2,4,9,💼 Loyal Customers
13762,218,1,306.72,1,1,2,4,⚠️ At Risk / Lost
13763,62,1,1714.96,3,1,4,8,🌱 Regular Buyers
13764,70,3,1519.42,3,3,4,10,💼 Loyal Customers
13767,1,37,17220.36,5,5,5,15,💎 Champions
13769,1,10,2796.5099999999998,5,5,5,15,💎 Champions
13771,63,4,2634.45,3,4,5,12,💎 Champions
13772,33,3,1122.63,3,3,4,10,💼 Loyal Customers
13774,81,1,345.0,2,1,2,5,⚠️ At Risk / Lost
13777,0,33,25977.16,5,5,5,15,💎 Champions
13778,102,1,178.7,2,1,1,4,⚠️ At Risk / Lost
13780,6,2,360.01,5,2,2,9,💼 Loyal Customers
13781,250,1,127.84,1,1,1,3,⚠️ At Risk / Lost
13782,12,6,908.86,5,5,3,13,💎 Champions
13784,9,11,2462.79,5,5,5,15,💎 Champions
13786,366,1,230.39999999999998,1,1,1,3,⚠️ At Risk / Lost
13787,75,2,309.04,2,2,2,6,🌱 Regular Buyers
13790,3,1,348.8,5,1,2,8,🌱 Regular Buyers
13791,127,2,1516.0,2,2,4,8,🌱 Regular Buyers
13792,65,2,195.55,3,2,1,6,🌱 Regular Buyers
13798,0,57,37153.85,5,5,5,15,💎 Champions
13799,116,2,688.86,2,2,3,7,🌱 Regular Buyers
13800,309,1,558.3199999999999,1,1,3,5,⚠️ At Risk / Lost
13801,66,1,324.8,3,1,2,6,🌱 Regular Buyers
13802,138,3,4599.42,2,3,5,10,💼 Loyal Customers
13803,254,1,277.07,1,1,2,4,⚠️ At Risk / Lost
13804,30,7,2588.39,4,5,5,14,💎 Champions
13805,51,2,924.6,3,2,3,8,🌱 Regular Buyers
13806,63,1,256.38,3,1,2,6,🌱 Regular Buyers
13807,366,1,112.60000000000001,1,1,1,3,⚠️ At Risk / Lost
13808,5,5,1747.66,5,4,4,13,💎 Champions
13809,304,1,155.05,1,1,1,3,⚠️ At Risk / Lost
13810,28,3,1499.01,4,3,4,11,💼 Loyal Customers
13811,183,3,814.5,1,3,3,7,🌱 Regular Buyers
13812,41,3,539.0,3,3,3,9,💼 Loyal Customers
13813,39,4,1366.8600000000001,3,4,4,11,💼 Loyal Customers
13814,91,2,1579.12,2,2,4,8,🌱 Regular Buyers
13815,21,4,4027.36,4,4,5,13,💎 Champions
13816,23,2,571.67,4,2,3,9,💼 Loyal Customers
13817,28,2,382.98,4,2,2,8,🌱 Regular Buyers
13819,301,3,1140.35,1,3,4,8,🌱 Regular Buyers
13821,144,2,385.64,2,2,2,6,🌱 Regular Buyers
13822,5,2,632.0,5,2,3,10,💼 Loyal Customers
13823,18,2,957.66,4,2,4,10,💼 Loyal Customers
13824,32,5,1698.94,4,4,4,12,💎 Champions
13826,175,1,189.5,2,1,1,4,⚠️ At Risk / Lost
13827,57,3,409.8,3,3,2,8,🌱 Regular Buyers
13828,21,1,209.49,4,1,1,6,🌱 Regular Buyers
13831,15,6,2198.45,4,5,5,14,💎 Champions
13832,18,1,52.2,4,1,1,6,🌱 Regular Buyers
13833,158,1,383.85,2,1,2,5,⚠️ At Risk / Lost
13835,24,4,834.57,4,4,3,11,💼 Loyal Customers
13837,211,2,266.59,1,2,2,5,⚠️ At Risk / Lost
13838,5,4,674.82,5,4,3,12,💎 Champions
13841,252,1,85.0,1,1,1,3,⚠️ At Risk / Lost
13842,58,9,3385.62,3,5,5,13,💎 Champions
13844,10,1,361.62,5,1,2,8,🌱 Regular Buyers
13845,64,1,312.98,3,1,2,6,🌱 Regular Buyers
13846,24,3,865.06,4,3,3,10,💼 Loyal Customers
13848,91,3,1255.0,2,3,4,9,💼 Loyal Customers
13849,51,2,1537.95,3,2,4,9,💼 Loyal Customers
13850,128,1,1595.48,2,1,4,7,🌱 Regular Buyers
13851,95,3,2651.46,2,3,5,10,💼 Loyal Customers
13853,56,1,1090.1399999999999,3,1,4,8,🌱 Regular Buyers
13854,8,25,8109.5199999999995,5,5,5,15,💎 Champions
13856,168,3,388.5,2,3,2,7,🌱 Regular Buyers
13858,56,1,216.17000000000002,3,1,1,5,⚠️ At Risk / Lost
13859,325,1,201.16,1,1,1,3,⚠️ At Risk / Lost
13860,0,5,1245.9,5,4,4,13,💎 Champions
13862,17,8,2209.36,4,5,5,14,💎 Champions
13863,247,1,305.78,1,1,2,4,⚠️ At Risk / Lost
13865,57,4,501.56,3,4,3,10,💼 Loyal Customers
13866,73,1,145.67,2,1,1,4,⚠️ At Risk / Lost
13867,30,3,1005.09,4,3,4,11,💼 Loyal Customers
13868,6,2,3192.54,5,2,5,12,💎 Champions
13869,122,4,3083.65,2,4,5,11,💼 Loyal Customers
13870,1,8,2770.94,5,5,5,15,💎 Champions
13871,22,13,6403.25,4,5,5,14,💎 Champions
13873,119,3,389.6,2,3,2,7,🌱 Regular Buyers
13874,357,1,540.45,1,1,3,5,⚠️ At Risk / Lost
13875,53,5,1786.79,3,4,4,11,💼 Loyal Customers
13876,63,1,122.7,3,1,1,5,⚠️ At Risk / Lost
13877,85,1,117.24,2,1,1,4,⚠️ At Risk / Lost
13878,54,1,1271.57,3,1,4,8,🌱 Regular Buyers
13880,20,13,3219.77,4,5,5,14,💎 Champions
13881,3,20,17159.52,5,5,5,15,💎 Champions
13882,2,5,1191.13,5,4,4,13,💎 Champions
13883,10,5,2674.48,5,4,5,14,💎 Champions
13884,6,5,787.6,5,4,3,12,💎 Champions
13885,188,2,506.8,1,2,3,6,🌱 Regular Buyers
13886,70,1,243.56,3,1,1,5,⚠️ At Risk / Lost
13887,203,1,349.55,1,1,2,4,⚠️ At Risk / Lost
13888,119,2,595.67,2,2,3,7,🌱 Regular Buyers
13889,92,1,416.9,2,1,2,5,⚠️ At Risk / Lost
13890,0,10,1883.81,5,5,4,14,💎 Champions
13892,26,4,632.97,4,4,3,11,💼 Loyal Customers
13893,297,1,821.1,1,1,3,5,⚠️ At Risk / Lost
13894,23,3,564.62,4,3,3,10,💼 Loyal Customers
13895,27,4,2593.07,4,4,5,13,💎 Champions
13897,49,1,311.16,3,1,2,6,🌱 Regular Buyers
13898,325,1,155.93,1,1,1,3,⚠️ At Risk / Lost
13899,15,2,388.52,4,2,2,8,🌱 Regular Buyers
13900,182,3,740.95,1,3,3,7,🌱 Regular Buyers
13901,71,5,2867.2,3,4,5,12,💎 Champions
13904,36,2,332.64,3,2,2,7,🌱 Regular Buyers
13908,79,4,2369.55,2,4,5,11,💼 Loyal Customers
13911,56,9,2580.91,3,5,5,13,💎 Champions
13914,11,2,626.45,5,2,3,10,💼 Loyal Customers
13917,49,2,272.04,3,2,2,7,🌱 Regular Buyers
13918,49,2,1212.84,3,2,4,9,💼 Loyal Customers
13919,58,2,384.81,3,2,2,7,🌱 Regular Buyers
13922,351,1,172.25,1,1,1,3,⚠️ At Risk / Lost
13923,53,1,351.13,3,1,2,6,🌱 Regular Buyers
13924,1,6,1838.85,5,5,4,14,💎 Champions
13925,92,4,678.25,2,4,3,9,💼 Loyal Customers
13926,22,1,223.85,4,1,1,6,🌱 Regular Buyers
13927,74,1,348.99,2,1,2,5,⚠️ At Risk / Lost
13928,10,4,464.57,5,4,2,11,💼 Loyal Customers
13929,168,2,842.65,2,2,3,7,🌱 Regular Buyers
13930,57,2,337.34,3,2,2,7,🌱 Regular Buyers
13931,95,2,1237.53,2,2,4,8,🌱 Regular Buyers
13932,294,1,307.4,1,1,2,4,⚠️ At Risk / Lost
13933,108,2,608.79,2,2,3,7,🌱 Regular Buyers
13934,263,1,922.1,1,1,3,5,⚠️ At Risk / Lost
13936,179,1,376.58,1,1,2,4,⚠️ At Risk / Lost
13937,168,1,158.85,2,1,1,4,⚠️ At Risk / Lost
13938,34,1,71.66,3,1,1,5,⚠️ At Risk / Lost
13939,22,3,568.55,4,3,3,10,💼 Loyal Customers
13940,16,4,839.14,4,4,3,11,💼 Loyal Customers
13941,21,5,5112.96,4,4,5,13,💎 Champions
13946,78,3,561.5699999999999,2,3,3,8,🌱 Regular Buyers
13947,64,1,90.6,3,1,1,5,⚠️ At Risk / Lost
13948,360,1,102.0,1,1,1,3,⚠️ At Risk / Lost
13949,2,6,2427.3199999999997,5,5,5,15,💎 Champions
13950,10,4,745.06,5,4,3,12,💎 Champions
13951,175,3,674.45,2,3,3,8,🌱 Regular Buyers
13952,217,2,3251.0699999999997,1,2,5,8,🌱 Regular Buyers
13953,6,7,3515.68,5,5,5,15,💎 Champions
13954,1,2,439.92,5,2,2,9,💼 Loyal Customers
13955,153,2,322.96,2,3,2,7,🌱 Regular Buyers
13956,4,5,1019.27,5,4,4,13,💎 Champions
13959,78,3,594.04,2,3,3,8,🌱 Regular Buyers
13960,20,2,230.22,4,3,1,8,🌱 Regular Buyers
13962,21,2,169.54999999999998,4,3,1,8,🌱 Regular Buyers
13963,307,4,664.54,1,4,3,8,🌱 Regular Buyers
13967,145,1,80.7,2,1,1,4,⚠️ At Risk / Lost
13969,6,18,9024.17,5,5,5,15,💎 Champions
13971,18,8,2758.2599999999998,4,5,5,14,💎 Champions
13972,70,2,190.25,3,3,1,7,🌱 Regular Buyers
13973,286,1,264.7,1,1,2,4,⚠️ At Risk / Lost
13974,48,1,413.59,3,1,2,6,🌱 Regular Buyers
13975,30,6,2461.24,4,5,5,14,💎 Champions
13976,206,1,357.98,1,1,2,4,⚠️ At Risk / Lost
13978,14,2,196.79,4,3,1,8,🌱 Regular Buyers
13979,72,1,869.87,2,1,3,6,🌱 Regular Buyers
13980,59,1,200.14000000000001,3,1,1,5,⚠️ At Risk / Lost
13982,38,4,1871.81,3,4,4,11,💼 Loyal Customers
13983,29,12,2603.43,4,5,5,14,💎 Champions
13984,26,5,920.51,4,4,3,11,💼 Loyal Customers
13985,3,15,7060.13,5,5,5,15,💎 Champions
13986,16,1,320.46,4,1,2,7,🌱 Regular Buyers
13988,19,6,4147.96,4,5,5,14,💎 Champions
13989,65,2,1266.08,3,3,4,10,💼 Loyal Customers
13990,212,1,311.3,1,1,2,4,⚠️ At Risk / Lost
13991,11,6,852.88,5,5,3,13,💎 Champions
13992,29,1,76.8,4,1,1,6,🌱 Regular Buyers
13993,42,9,3466.36,3,5,5,13,💎 Champions
13994,3,6,2274.14,5,5,5,15,💎 Champions
13995,14,5,1393.69,4,4,4,12,💎 Champions
13999,9,12,3901.81,5,5,5,15,💎 Champions
14000,210,1,635.66,1,1,3,5,⚠️ At Risk / Lost
14001,45,3,2043.08,3,3,4,10,💼 Loyal Customers
14002,133,2,529.73,2,3,3,8,🌱 Regular Buyers
14004,42,7,4582.64,3,5,5,13,💎 Champions
14005,9,5,2874.72,5,4,5,14,💎 Champions
14006,115,3,962.19,2,3,4,9,💼 Loyal Customers
14009,197,2,695.61,1,3,3,7,🌱 Regular Buyers
14012,277,1,328.8,1,1,2,4,⚠️ At Risk / Lost
14013,109,3,473.02,2,3,2,7,🌱 Regular Buyers
14014,76,1,505.18,2,1,3,6,🌱 Regular Buyers
14015,52,1,917.34,3,1,3,7,🌱 Regular Buyers
14016,161,4,4341.21,2,4,5,11,💼 Loyal Customers
14019,46,3,1421.61,3,3,4,10,💼 Loyal Customers
14020,16,2,642.8,4,3,3,10,💼 Loyal Customers
14021,154,3,631.9,2,3,3,8,🌱 Regular Buyers
14022,224,1,440.0,1,1,2,4,⚠️ At Risk / Lost
14023,6,2,584.0699999999999,5,3,3,11,💼 Loyal Customers
14024,121,2,327.7,2,3,2,7,🌱 Regular Buyers
14027,60,1,104.82,3,1,1,5,⚠️ At Risk / Lost
14029,62,2,467.66,3,3,2,8,🌱 Regular Buyers
14030,17,8,2358.84,4,5,5,14,💎 Champions
14031,6,19,17286.86,5,5,5,15,💎 Champions
14032,1,11,2975.59,5,5,5,15,💎 Champions
14034,21,3,648.89,4,3,3,10,💼 Loyal Customers
14035,28,5,1428.02,4,4,4,12,💎 Champions
14036,284,1,626.65,1,1,3,5,⚠️ At Risk / Lost
14037,175,2,147.2,2,3,1,6,🌱 Regular Buyers
14038,77,3,1560.38,2,3,4,9,💼 Loyal Customers
14039,32,1,152.2,4,1,1,6,🌱 Regular Buyers
14040,40,12,3560.32,3,5,5,13,💎 Champions
14041,265,1,141.41,1,1,1,3,⚠️ At Risk / Lost
14044,26,4,646.42,4,4,3,11,💼 Loyal Customers
14045,108,4,1659.75,2,4,4,10,💼 Loyal Customers
14046,283,1,154.98999999999998,1,1,1,3,⚠️ At Risk / Lost
14047,8,5,1308.6100000000001,5,4,4,13,💎 Champions
14048,304,1,409.93,1,1,2,4,⚠️ At Risk / Lost
14049,16,4,5578.72,4,4,5,13,💎 Champions
14050,31,2,746.36,4,3,3,10,💼 Loyal Customers
14051,0,23,15610.39,5,5,5,15,💎 Champions
14052,19,1,225.36,4,1,1,6,🌱 Regular Buyers
14053,123,2,260.25,2,3,2,7,🌱 Regular Buyers
14054,64,1,92.46000000000001,3,1,1,5,⚠️ At Risk / Lost
14055,105,1,725.64,2,1,3,6,🌱 Regular Buyers
14056,0,23,8152.71,5,5,5,15,💎 Champions
14057,23,17,6211.66,4,5,5,14,💎 Champions
14059,266,1,183.6,1,1,1,3,⚠️ At Risk / Lost
14060,4,19,6140.42,5,5,5,15,💎 Champions
14062,9,12,10464.85,5,5,5,15,💎 Champions
14064,28,5,1334.34,4,4,4,12,💎 Champions
14066,266,1,152.55,1,1,1,3,⚠️ At Risk / Lost
14067,63,2,374.7,3,3,2,8,🌱 Regular Buyers
14068,319,1,265.85,1,1,2,4,⚠️ At Risk / Lost
14071,3,8,1437.57,5,5,4,14,💎 Champions
14073,31,1,151.04,4,1,1,6,🌱 Regular Buyers
14075,4,3,942.26,5,3,4,12,💎 Champions
14076,128,1,118.67,2,1,1,4,⚠️ At Risk / Lost
14077,40,5,499.42,3,4,3,10,💼 Loyal Customers
14078,101,6,1049.3700000000001,2,5,4,11,💼 Loyal Customers
14079,124,1,375.1,2,1,2,5,⚠️ At Risk / Lost
14080,32,1,45.599999999999994,4,1,1,6,🌱 Regular Buyers
14081,301,2,921.62,1,3,3,7,🌱 Regular Buyers
14082,364,1,182.25,1,1,1,3,⚠️ At Risk / Lost
14083,3,9,1002.9,5,5,4,14,💎 Champions
14085,1,18,4421.29,5,5,5,15,💎 Champions
14087,2,1,191.47,5,1,1,7,🌱 Regular Buyers
14088,9,13,50491.81,5,5,5,15,💎 Champions
14089,56,1,158.75,3,1,1,5,⚠️ At Risk / Lost
14090,324,1,76.32,1,1,1,3,⚠️ At Risk / Lost
14092,7,14,4076.91,5,5,5,15,💎 Champions
14093,11,1,433.86,5,1,2,8,🌱 Regular Buyers
14096,3,17,65164.79,5,5,5,15,💎 Champions
14098,36,1,147.35,3,1,1,5,⚠️ At Risk / Lost
14099,15,11,3104.17,4,5,5,14,💎 Champions
14100,137,1,191.95,2,1,1,4,⚠️ At Risk / Lost
14101,73,6,5976.79,2,5,5,12,💎 Champions
14102,4,5,1105.88,5,4,4,13,💎 Champions
14104,154,2,216.21,2,3,1,6,🌱 Regular Buyers
14105,238,1,1266.23,1,1,4,6,🌱 Regular Buyers
14107,51,7,2703.23,3,5,5,13,💎 Champions
14108,30,2,597.91,4,3,3,10,💼 Loyal Customers
14109,72,1,144.2,2,1,1,4,⚠️ At Risk / Lost
14110,3,12,5683.15,5,5,5,15,💎 Champions
14111,13,4,692.85,4,4,3,11,💼 Loyal Customers
14112,22,7,2915.15,4,5,5,14,💎 Champions
14113,3,4,1840.42,5,4,4,13,💎 Champions
14114,273,2,386.53,1,3,2,6,🌱 Regular Buyers
14116,19,5,1382.74,4,4,4,12,💎 Champions
14117,143,1,90.0,2,1,1,4,⚠️ At Risk / Lost
14121,3,4,2780.15,5,4,5,14,💎 Champions
14124,83,1,419.58,2,1,2,5,⚠️ At Risk / Lost
14125,10,3,2720.63,5,3,5,13,💎 Champions
14126,7,3,706.13,5,3,3,11,💼 Loyal Customers
14127,122,3,709.71,2,3,3,8,🌱 Regular Buyers
14128,60,2,637.5,3,3,3,9,💼 Loyal Customers
14129,1,5,1123.86,5,4,4,13,💎 Champions
14130,318,1,480.91,1,1,2,4,⚠️ At Risk / Lost
14132,1,11,3586.0299999999997,5,5,5,15,💎 Champions
14133,129,3,605.64,2,3,3,8,🌱 Regular Buyers
14135,1,15,4690.31,5,5,5,15,💎 Champions
14138,1,2,965.88,5,3,4,12,💎 Champions
14139,45,1,415.82,3,1,2,6,🌱 Regular Buyers
14140,3,2,935.05,5,3,4,12,💎 Champions
14141,2,4,915.13,5,4,3,12,💎 Champions
14142,372,1,311.81,1,1,2,4,⚠️ At Risk / Lost
14143,133,1,115.8,2,1,1,4,⚠️ At Risk / Lost
14145,46,4,3742.2,3,4,5,12,💎 Champions
14146,8,5,4191.0,5,4,5,14,💎 Champions
14147,77,2,483.4,2,3,2,7,🌱 Regular Buyers
14148,233,1,157.2,1,1,1,3,⚠️ At Risk / Lost
14149,220,1,446.62,1,1,2,4,⚠️ At Risk / Lost
14150,35,2,658.64,3,3,3,9,💼 Loyal Customers
14152,74,2,621.29,2,3,3,8,🌱 Regular Buyers
14154,238,2,1345.62,1,3,4,8,🌱 Regular Buyers
14155,265,1,118.75,1,1,1,3,⚠️ At Risk / Lost
14156,9,55,117210.08,5,5,5,15,💎 Champions
14157,19,2,424.89,4,3,2,9,💼 Loyal Customers
14158,39,1,507.65999999999997,3,1,3,7,🌱 Regular Buyers
14159,19,11,4630.35,4,5,5,14,💎 Champions
14161,215,3,1097.62,1,3,4,8,🌱 Regular Buyers
14162,173,2,289.36,2,3,2,7,🌱 Regular Buyers
14163,86,4,2445.91,2,4,5,11,💼 Loyal Customers
14164,70,2,1631.77,3,3,4,10,💼 Loyal Customers
14165,275,1,120.44,1,1,1,3,⚠️ At Risk / Lost
14167,38,4,562.59,3,4,3,10,💼 Loyal Customers
14171,97,1,363.79,2,1,2,5,⚠️ At Risk / Lost
14173,10,4,450.84,5,4,2,11,💼 Loyal Customers
14174,32,1,134.46,4,1,1,6,🌱 Regular Buyers
14175,59,3,3222.3,3,3,5,11,💼 Loyal Customers
14176,296,4,576.9,1,4,3,8,🌱 Regular Buyers
14177,85,4,549.46,2,4,3,9,💼 Loyal Customers
14178,8,7,1600.26,5,5,4,14,💎 Champions
14179,40,2,701.57,3,3,3,9,💼 Loyal Customers
14180,10,25,4748.5199999999995,5,5,5,15,💎 Champions
14184,66,1,452.89,3,1,2,6,🌱 Regular Buyers
14185,330,1,197.65,1,1,1,3,⚠️ At Risk / Lost
14188,30,6,2054.36,4,5,4,13,💎 Champions
14189,1,15,4654.08,5,5,5,15,💎 Champions
14191,1,13,4684.76,5,5,5,15,💎 Champions
14193,67,2,853.39,3,3,3,9,💼 Loyal Customers
14194,4,21,11349.52,5,5,5,15,💎 Champions
14195,201,2,1012.0,1,3,4,8,🌱 Regular Buyers
14196,106,1,335.52,2,1,2,5,⚠️ At Risk / Lost
14198,17,4,701.4,4,4,3,11,💼 Loyal Customers
14199,217,1,185.39999999999998,1,1,1,3,⚠️ At Risk / Lost
14201,59,7,747.4399999999999,3,5,3,11,💼 Loyal Customers
14204,1,1,150.61,5,1,1,7,🌱 Regular Buyers
14205,16,2,466.7,4,3,2,9,💼 Loyal Customers
14206,238,1,328.15999999999997,1,1,2,4,⚠️ At Risk / Lost
14208,94,1,151.74,2,1,1,4,⚠️ At Risk / Lost
14209,10,6,2073.43,5,5,5,15,💎 Champions
14210,105,6,1905.84,2,5,4,11,💼 Loyal Customers
14211,52,9,2241.1,3,5,5,13,💎 Champions
14212,89,1,1070.48,2,1,4,7,🌱 Regular Buyers
14214,30,5,1004.38,4,4,4,12,💎 Champions
14215,11,6,1789.72,5,5,4,14,💎 Champions
14216,2,4,1839.3,5,4,4,13,💎 Champions
14217,1,17,2004.98,5,5,4,14,💎 Champions
14218,42,1,169.48,3,1,1,5,⚠️ At Risk / Lost
14219,3,1,89.94,5,1,1,7,🌱 Regular Buyers
14220,246,2,632.4,1,3,3,7,🌱 Regular Buyers
14221,41,9,3432.8,3,5,5,13,💎 Champions
14222,176,1,683.17,2,1,3,6,🌱 Regular Buyers
14223,91,3,991.13,2,3,4,9,💼 Loyal Customers
14224,109,4,1009.73,2,4,4,10,💼 Loyal Customers
14226,28,5,2214.79,4,4,5,13,💎 Champions
14227,25,10,3350.96,4,5,5,14,💎 Champions
14229,51,3,1547.2,3,3,4,10,💼 Loyal Customers
14231,183,3,925.71,1,3,3,7,🌱 Regular Buyers
14232,42,5,2048.07,3,4,4,11,💼 Loyal Customers
14233,48,4,1462.72,3,4,4,11,💼 Loyal Customers
14234,21,4,754.12,4,4,3,11,💼 Loyal Customers
14235,74,5,3144.86,2,4,5,11,💼 Loyal Customers
14236,80,2,490.86,2,3,3,8,🌱 Regular Buyers
14237,372,1,161.0,1,1,1,3,⚠️ At Risk / Lost
14238,325,1,146.85,1,1,1,3,⚠️ At Risk / Lost
14239,42,11,2380.85,3,5,5,13,💎 Champions
14240,29,2,890.34,4,3,3,10,💼 Loyal Customers
14241,183,1,213.7,1,1,1,3,⚠️ At Risk / Lost
14242,234,2,280.55,1,3,2,6,🌱 Regular Buyers
14243,8,10,2588.77,5,5,5,15,💎 Champions
14245,219,2,1693.45,1,3,4,8,🌱 Regular Buyers
14246,110,3,1474.06,2,3,4,9,💼 Loyal Customers
14247,277,1,136.77,1,1,1,3,⚠️ At Risk / Lost
14248,317,1,302.58,1,1,2,4,⚠️ At Risk / Lost
14250,6,3,1904.05,5,3,4,12,💎 Champions
14251,1,5,2879.7,5,4,5,14,💎 Champions
14256,259,2,969.06,1,3,4,8,🌱 Regular Buyers
14257,63,5,3099.72,3,4,5,12,💎 Champions
14258,8,9,12669.98,5,5,5,15,💎 Champions
14259,141,1,120.0,2,1,1,4,⚠️ At Risk / Lost
14261,50,2,1163.45,3,3,4,10,💼 Loyal Customers
14262,7,8,2618.23,5,5,5,15,💎 Champions
14264,154,2,333.97,2,3,2,7,🌱 Regular Buyers
14265,108,2,530.18,2,3,3,8,🌱 Regular Buyers
14267,162,3,1516.24,2,3,4,9,💼 Loyal Customers
14270,331,1,492.65,1,1,3,5,⚠️ At Risk / Lost
14271,225,1,112.32,1,1,1,3,⚠️ At Risk / Lost
14272,73,2,437.96,2,3,2,7,🌱 Regular Buyers
14273,50,4,559.97,3,4,3,10,💼 Loyal Customers
14276,98,3,1119.74,2,3,4,9,💼 Loyal Customers
14277,14,3,4188.0,4,3,5,12,💎 Champions
14280,196,1,134.04,1,1,1,3,⚠️ At Risk / Lost
14282,2,15,3701.44,5,5,5,15,💎 Champions
14284,30,2,595.25,4,3,3,10,💼 Loyal Customers
14285,20,4,1910.01,4,4,4,12,💎 Champions
14286,23,3,4628.75,4,3,5,12,💎 Champions
14287,7,3,176.63,5,3,1,9,💼 Loyal Customers
14288,212,1,426.59999999999997,1,1,2,4,⚠️ At Risk / Lost
14289,8,6,911.26,5,5,3,13,💎 Champions
14290,10,5,2314.65,5,4,5,14,💎 Champions
14291,1,11,3883.25,5,5,5,15,💎 Champions
14292,7,9,4871.93,5,5,5,15,💎 Champions
14293,2,4,1046.56,5,4,4,13,💎 Champions
14295,39,1,166.2,3,1,1,5,⚠️ At Risk / Lost
14297,17,4,1305.33,4,4,4,12,💎 Champions
14298,7,44,51527.3,5,5,5,15,💎 Champions
14299,7,9,3965.62,5,5,5,15,💎 Champions
14300,18,1,43.2,4,1,1,6,🌱 Regular Buyers
14301,116,1,640.14,2,1,3,6,🌱 Regular Buyers
14304,222,1,383.45,1,1,2,4,⚠️ At Risk / Lost
14305,70,3,1858.96,3,3,4,10,💼 Loyal Customers
14306,50,2,2093.32,3,3,5,11,💼 Loyal Customers
14307,88,6,2995.72,2,5,5,12,💎 Champions
14309,7,9,2352.53,5,5,5,15,💎 Champions
14311,242,1,310.26,1,1,2,4,⚠️ At Risk / Lost
14312,46,6,1611.59,3,5,4,12,💎 Champions
14314,106,1,120.0,2,1,1,4,⚠️ At Risk / Lost
14315,44,6,2481.13,3,5,5,13,💎 Champions
14317,64,1,508.58,3,1,3,7,🌱 Regular Buyers
14320,206,2,477.78999999999996,1,3,2,6,🌱 Regular Buyers
14321,10,5,1530.75,5,4,4,13,💎 Champions
14323,114,2,605.06,2,3,3,8,🌱 Regular Buyers
14326,241,1,183.85,1,1,1,3,⚠️ At Risk / Lost
14327,162,1,311.65,2,1,2,5,⚠️ At Risk / Lost
14329,16,7,4975.24,4,5,5,14,💎 Champions
14331,123,2,462.65999999999997,2,3,2,7,🌱 Regular Buyers
14332,22,3,840.21,4,3,3,10,💼 Loyal Customers
14333,67,1,415.2,3,1,2,6,🌱 Regular Buyers
14334,16,8,2552.21,4,5,5,14,💎 Champions
14335,15,2,454.86,4,3,2,9,💼 Loyal Customers
14336,16,4,1614.91,4,4,4,12,💎 Champions
14338,160,2,588.22,2,3,3,8,🌱 Regular Buyers
14339,242,1,309.52,1,1,2,4,⚠️ At Risk / Lost
14340,218,1,134.7,1,1,1,3,⚠️ At Risk / Lost
14341,44,8,2166.98,3,5,5,13,💎 Champions
14342,20,4,668.56,4,4,3,11,💼 Loyal Customers
14344,126,8,889.93,2,5,3,10,💼 Loyal Customers
14345,38,1,108.98,3,1,1,5,⚠️ At Risk / Lost
14346,120,2,1021.58,2,3,4,9,💼 Loyal Customers
14348,259,1,409.57,1,1,2,4,⚠️ At Risk / Lost
14349,9,1,133.5,5,1,1,7,🌱 Regular Buyers
14350,273,1,282.93,1,1,2,4,⚠️ At Risk / Lost
14351,164,1,51.0,2,1,1,4,⚠️ At Risk / Lost
14352,156,4,1078.96,2,4,4,10,💼 Loyal Customers
14353,214,1,90.6,1,1,1,3,⚠️ At Risk / Lost
14354,5,2,163.62,5,3,1,9,💼 Loyal Customers
14355,365,1,174.4,1,1,1,3,⚠️ At Risk / Lost
14356,79,2,701.23,2,3,3,8,🌱 Regular Buyers
14357,42,1,225.12,3,1,1,5,⚠️ At Risk / Lost
14359,18,3,912.18,4,3,3,10,💼 Loyal Customers
14360,31,4,2118.03,4,4,5,13,💎 Champions
14362,21,1,151.5,4,1,1,6,🌱 Regular Buyers
14364,108,8,3717.35,2,5,5,12,💎 Champions
14367,7,16,9227.82,5,5,5,15,💎 Champions
14368,319,1,155.0,1,1,1,3,⚠️ At Risk / Lost
14371,294,1,100.5,1,1,1,3,⚠️ At Risk / Lost
14373,357,1,76.55,1,1,1,3,⚠️ At Risk / Lost
14375,184,1,235.56,1,1,1,3,⚠️ At Risk / Lost
14377,190,2,617.05,1,3,3,7,🌱 Regular Buyers
14379,43,2,348.1,3,3,2,8,🌱 Regular Buyers
14381,51,1,202.68,3,1,1,5,⚠️ At Risk / Lost
14382,25,1,615.49,4,1,3,8,🌱 Regular Buyers
14383,37,3,1247.69,3,3,4,10,💼 Loyal Customers
14385,8,3,202.11,5,3,1,9,💼 Loyal Customers
14386,296,1,142.4,1,1,1,3,⚠️ At Risk / Lost
14387,32,3,1727.6,4,3,4,11,💼 Loyal Customers
14388,9,8,3212.84,5,5,5,15,💎 Champions
14389,64,2,1043.46,3,3,4,10,💼 Loyal Customers
14390,9,9,4642.57,5,5,5,15,💎 Champions
14393,217,1,67.95,1,1,1,3,⚠️ At Risk / Lost
14395,1,9,3479.91,5,5,5,15,💎 Champions
14396,64,2,487.99,3,3,3,9,💼 Loyal Customers
14397,2,19,2612.96,5,5,5,15,💎 Champions
14400,148,1,574.7,2,1,3,6,🌱 Regular Buyers
14401,3,13,4051.48,5,5,5,15,💎 Champions
14403,129,4,1475.81,2,4,4,10,💼 Loyal Customers
14404,33,6,1449.32,3,5,4,12,💎 Champions
14406,118,1,156.75,2,1,1,4,⚠️ At Risk / Lost
14407,106,6,2157.73,2,5,5,12,💎 Champions
14408,10,7,2599.03,5,5,5,15,💎 Champions
14409,70,6,2059.45,3,5,5,13,💎 Champions
14410,91,9,1100.27,2,5,4,11,💼 Loyal Customers
14411,310,1,1063.0,1,1,4,6,🌱 Regular Buyers
14412,42,2,770.03,3,3,3,9,💼 Loyal Customers
14413,361,1,121.05,1,1,1,3,⚠️ At Risk / Lost
14414,91,7,1496.98,2,5,4,11,💼 Loyal Customers
14415,0,13,5855.57,5,5,5,15,💎 Champions
14416,21,2,490.22,4,3,3,10,💼 Loyal Customers
14418,3,3,1937.25,5,3,4,12,💎 Champions
14419,10,6,1051.79,5,5,4,14,💎 Champions
14420,98,1,387.52,2,1,2,5,⚠️ At Risk / Lost
14421,56,2,813.11,3,3,3,9,💼 Loyal Customers
14422,0,6,4263.64,5,5,5,15,💎 Champions
14423,217,1,265.2,1,1,2,4,⚠️ At Risk / Lost
14424,17,1,322.08,4,1,2,7,🌱 Regular Buyers
14426,23,10,4481.67,4,5,5,14,💎 Champions
14427,49,2,363.34000000000003,3,3,2,8,🌱 Regular Buyers
14428,6,5,1224.06,5,4,4,13,💎 Champions
14431,302,1,470.36,1,1,2,4,⚠️ At Risk / Lost
14432,9,6,2248.5,5,5,5,15,💎 Champions
14434,21,6,1372.8,4,5,4,13,💎 Champions
14436,98,1,89.06,2,1,1,4,⚠️ At Risk / Lost
14437,365,1,63.0,1,1,1,3,⚠️ At Risk / Lost
14438,305,1,131.9,1,1,1,3,⚠️ At Risk / Lost
14439,319,1,2661.24,1,1,5,7,🌱 Regular Buyers
14440,7,5,2357.68,5,4,5,14,💎 Champions
14441,0,4,1712.89,5,4,4,13,💎 Champions
14442,204,2,1589.82,1,3,4,8,🌱 Regular Buyers
14443,53,4,1420.2,3,4,4,11,💼 Loyal Customers
14446,0,4,1010.35,5,4,4,13,💎 Champions
14447,18,5,1163.23,4,4,4,12,💎 Champions
14448,8,2,375.34999999999997,5,3,2,10,💼 Loyal Customers
14449,18,4,885.8,4,4,3,11,💼 Loyal Customers
14450,180,3,483.25,1,3,2,6,🌱 Regular Buyers
14451,59,2,643.9,3,3,3,9,💼 Loyal Customers
14452,10,2,259.05,5,3,2,10,💼 Loyal Customers
14453,189,1,119.93,1,1,1,3,⚠️ At Risk / Lost
14456,4,9,3017.28,5,5,5,15,💎 Champions
14457,310,1,113.64,1,1,1,3,⚠️ At Risk / Lost
14459,154,1,1837.92,2,1,4,7,🌱 Regular Buyers
14460,109,3,434.34,2,3,2,7,🌱 Regular Buyers
14461,147,3,2103.06,2,3,5,10,💼 Loyal Customers
14462,65,11,1980.57,3,5,4,12,💎 Champions
14463,97,3,529.62,2,3,3,8,🌱 Regular Buyers
14465,246,3,1038.44,1,3,4,8,🌱 Regular Buyers
14466,28,7,2272.4,4,5,5,14,💎 Champions
14467,17,4,596.26,4,4,3,11,💼 Loyal Customers
14470,11,2,461.19,5,3,2,10,💼 Loyal Customers
14472,103,8,1852.67,2,5,4,11,💼 Loyal Customers
14473,73,2,234.34,2,3,1,6,🌱 Regular Buyers
14474,45,1,547.66,3,1,3,7,🌱 Regular Buyers
14475,71,3,925.85,3,3,3,9,💼 Loyal Customers
14476,256,1,193.0,1,1,1,3,⚠️ At Risk / Lost
14477,19,4,1309.6,4,4,4,12,💎 Champions
14479,253,2,316.25,1,3,2,6,🌱 Regular Buyers
14480,10,1,279.05,5,1,2,8,🌱 Regular Buyers
14481,164,2,636.51,2,3,3,8,🌱 Regular Buyers
14482,17,6,2022.81,4,5,4,13,💎 Champions
14483,281,1,137.1,1,1,1,3,⚠️ At Risk / Lost
14484,49,1,321.92,3,1,2,6,🌱 Regular Buyers
14485,38,1,162.8,3,1,1,5,⚠️ At Risk / Lost
14487,26,6,1165.48,4,5,4,13,💎 Champions
14488,67,1,1064.28,3,1,4,8,🌱 Regular Buyers
14489,206,1,463.38,1,1,2,4,⚠️ At Risk / Lost
14491,174,2,340.93,2,3,2,7,🌱 Regular Buyers
14493,6,5,2383.24,5,4,5,14,💎 Champions
14494,25,1,139.56,4,1,1,6,🌱 Regular Buyers
14495,50,2,123.80000000000001,3,3,1,7,🌱 Regular Buyers
14496,311,2,538.8100000000001,1,3,3,7,🌱 Regular Buyers
14497,308,1,475.37,1,1,2,4,⚠️ At Risk / Lost
14498,42,5,1957.32,3,4,4,11,💼 Loyal Customers
14499,25,3,808.44,4,3,3,10,💼 Loyal Customers
14500,87,3,356.85,2,3,2,7,🌱 Regular Buyers
14501,183,2,251.20999999999998,1,3,2,6,🌱 Regular Buyers
14502,19,11,2429.83,4,5,5,14,💎 Champions
14503,2,6,3543.26,5,5,5,15,💎 Champions
14504,46,4,673.26,3,4,3,10,💼 Loyal Customers
14505,16,8,5859.43,4,5,5,14,💎 Champions
14506,16,5,1960.65,4,4,4,12,💎 Champions
14507,23,6,1367.88,4,5,4,13,💎 Champions
14508,21,2,268.05,4,3,2,9,💼 Loyal Customers
14511,10,5,1314.81,5,4,4,13,💎 Champions
14512,187,2,275.28,1,3,2,6,🌱 Regular Buyers
14513,100,3,455.59000000000003,2,3,2,7,🌱 Regular Buyers
14514,60,3,990.2,3,3,4,10,💼 Loyal Customers
14515,17,6,2076.89,4,5,5,14,💎 Champions
14517,32,2,330.45,4,3,2,9,💼 Loyal Customers
14518,63,1,174.37,3,1,1,5,⚠️ At Risk / Lost
14520,1,2,270.6,5,3,2,10,💼 Loyal Customers
14522,23,4,974.54,4,4,4,12,💎 Champions
14523,107,1,241.08999999999997,2,1,1,4,⚠️ At Risk / Lost
14524,31,9,1843.83,4,5,4,13,💎 Champions
14525,19,9,4215.9,4,5,5,14,💎 Champions
14527,2,55,8507.13,5,5,5,15,💎 Champions
14528,36,1,364.22,3,1,2,6,🌱 Regular Buyers
14529,59,3,578.61,3,3,3,9,💼 Loyal Customers
14530,25,6,2862.11,4,5,5,14,💎 Champions
14532,235,4,932.85,1,4,3,8,🌱 Regular Buyers
14533,24,7,1949.72,4,5,4,13,💎 Champions
14534,2,18,4397.3,5,5,5,15,💎 Champions
14535,59,3,2854.84,3,3,5,11,💼 Loyal Customers
14536,259,1,170.95,1,1,1,3,⚠️ At Risk / Lost
14537,57,1,355.56,3,1,2,6,🌱 Regular Buyers
14538,64,2,388.25,3,3,2,8,🌱 Regular Buyers
14539,15,2,537.48,4,3,3,10,💼 Loyal Customers
14540,9,3,952.66,5,3,4,12,💎 Champions
14541,58,8,1453.35,3,5,4,12,💎 Champions
14542,185,1,103.25,1,1,1,3,⚠️ At Risk / Lost
14543,28,16,3599.73,4,5,5,14,💎 Champions
14544,23,2,2004.3,4,3,4,11,💼 Loyal Customers
14546,4,5,2573.93,5,4,5,14,💎 Champions
14547,3,8,3974.75,5,5,5,15,💎 Champions
14548,150,2,652.8,2,3,3,8,🌱 Regular Buyers
14549,310,1,289.24,1,1,2,4,⚠️ At Risk / Lost
14550,10,2,757.37,5,3,3,11,💼 Loyal Customers
14551,17,2,186.23,4,3,1,8,🌱 Regular Buyers
14552,151,1,164.22,2,1,1,4,⚠️ At Risk / Lost
14553,18,5,859.27,4,4,3,11,💼 Loyal Customers
14554,9,4,2279.49,5,4,5,14,💎 Champions
14555,56,2,312.54,3,3,2,8,🌱 Regular Buyers
14557,84,1,788.38,2,1,3,6,🌱 Regular Buyers
14560,6,22,2237.77,5,5,5,15,💎 Champions
14561,75,3,1080.76,2,3,4,9,💼 Loyal Customers
14562,3,18,5006.77,5,5,5,15,💎 Champions
14565,95,4,3099.12,2,4,5,11,💼 Loyal Customers
14566,110,1,1432.0,2,1,4,7,🌱 Regular Buyers
14567,56,2,1530.36,3,3,4,10,💼 Loyal Customers
14569,0,1,227.39000000000001,5,1,1,7,🌱 Regular Buyers
14570,280,2,218.06,1,3,1,5,⚠️ At Risk / Lost
14572,2,7,2804.54,5,5,5,15,💎 Champions
14573,179,9,1639.82,1,5,4,10,💼 Loyal Customers
14576,371,1,35.4,1,1,1,3,⚠️ At Risk / Lost
14577,12,4,859.71,5,4,3,12,💎 Champions
14578,2,1,168.63,5,1,1,7,🌱 Regular Buyers
14581,16,1,138.6,4,1,1,6,🌱 Regular Buyers
14582,40,1,114.10999999999999,3,1,1,5,⚠️ At Risk / Lost
14583,5,5,986.96,5,4,4,13,💎 Champions
14584,168,4,1033.06,2,4,4,10,💼 Loyal Customers
14585,49,1,157.05,3,1,1,5,⚠️ At Risk / Lost
14586,276,1,237.35999999999999,1,1,1,3,⚠️ At Risk / Lost
14587,18,9,1580.29,4,5,4,13,💎 Champions
14589,371,1,39.75,1,1,1,3,⚠️ At Risk / Lost
14591,14,4,1320.21,4,4,4,12,💎 Champions
14592,34,3,557.94,3,3,3,9,💼 Loyal Customers
14593,21,3,617.15,4,3,3,10,💼 Loyal Customers
14594,6,2,363.33,5,3,2,10,💼 Loyal Customers
14595,19,6,1740.6,4,5,4,13,💎 Champions
14597,10,2,866.24,5,3,3,11,💼 Loyal Customers
14598,43,1,221.97,3,1,1,5,⚠️ At Risk / Lost
14600,305,1,393.33,1,1,2,4,⚠️ At Risk / Lost
14601,10,1,213.96,5,1,1,7,🌱 Regular Buyers
14603,274,1,660.0,1,1,3,5,⚠️ At Risk / Lost
14606,0,93,12076.15,5,5,5,15,💎 Champions
14607,15,14,16209.5,4,5,5,14,💎 Champions
14608,3,4,1785.15,5,4,4,13,💎 Champions
14609,71,4,601.56,3,4,3,10,💼 Loyal Customers
14616,242,3,406.08000000000004,1,3,2,6,🌱 Regular Buyers
14618,8,3,553.44,5,3,3,11,💼 Loyal Customers
14619,245,1,394.44,1,1,2,4,⚠️ At Risk / Lost
14620,205,2,412.78000000000003,1,3,2,6,🌱 Regular Buyers
14621,0,5,1788.36,5,4,4,13,💎 Champions
14622,184,1,320.58,1,1,2,4,⚠️ At Risk / Lost
14623,31,5,886.7,4,4,3,11,💼 Loyal Customers
14624,56,2,225.85,3,3,1,7,🌱 Regular Buyers
14625,195,2,899.63,1,3,3,7,🌱 Regular Buyers
14626,23,4,2791.27,4,4,5,13,💎 Champions
14628,90,2,671.96,2,3,3,8,🌱 Regular Buyers
14629,3,2,955.26,5,3,4,12,💎 Champions
14631,50,3,1006.98,3,3,4,10,💼 Loyal Customers
14632,262,1,114.56,1,1,1,3,⚠️ At Risk / Lost
14633,265,1,344.9,1,1,2,4,⚠️ At Risk / Lost
14636,35,2,609.85,3,3,3,9,💼 Loyal Customers
14638,50,1,443.6,3,1,2,6,🌱 Regular Buyers
14639,51,6,2984.49,3,5,5,13,💎 Champions
14640,23,6,2107.38,4,5,5,14,💎 Champions
14641,21,1,110.46000000000001,4,1,1,6,🌱 Regular Buyers
14642,58,1,96.11999999999999,3,1,1,5,⚠️ At Risk / Lost
14643,169,2,693.81,2,3,3,8,🌱 Regular Buyers
14644,67,2,830.76,3,3,3,9,💼 Loyal Customers
14645,156,2,597.09,2,3,3,8,🌱 Regular Buyers
14646,1,73,280206.02,5,5,5,15,💎 Champions
14647,200,1,236.04,1,1,1,3,⚠️ At Risk / Lost
14649,4,4,1402.59,5,4,4,13,💎 Champions
14651,66,2,653.75,3,3,3,9,💼 Loyal Customers
14652,76,1,114.17999999999999,2,1,1,4,⚠️ At Risk / Lost
14653,0,7,1926.65,5,5,4,14,💎 Champions
14655,7,4,1932.23,5,4,4,13,💎 Champions
14656,168,2,291.05,2,3,2,7,🌱 Regular Buyers
14657,17,4,848.22,4,4,3,11,💼 Loyal Customers
14658,4,2,247.15,5,3,1,9,💼 Loyal Customers
14659,8,9,2529.93,5,5,5,15,💎 Champions
14660,86,2,285.74,2,3,2,7,🌱 Regular Buyers
14661,26,1,107.95,4,1,1,6,🌱 Regular Buyers
14662,28,4,741.37,4,4,3,11,💼 Loyal Customers
14664,19,2,636.24,4,3,3,10,💼 Loyal Customers
14665,60,5,1835.7,3,4,4,11,💼 Loyal Customers
14666,23,1,195.25,4,1,1,6,🌱 Regular Buyers
14667,10,25,9175.04,5,5,5,15,💎 Champions
14669,241,3,1259.24,1,3,4,8,🌱 Regular Buyers
14670,279,2,392.86,1,3,2,6,🌱 Regular Buyers
14672,234,2,765.55,1,3,3,7,🌱 Regular Buyers
14673,2,5,1736.4,5,4,4,13,💎 Champions
14675,15,1,596.36,4,1,3,8,🌱 Regular Buyers
14676,30,6,2548.24,4,5,5,14,💎 Champions
14680,24,16,28754.11,4,5,5,14,💎 Champions
14681,70,3,498.95,3,3,3,9,💼 Loyal Customers
14682,187,2,52.0,1,3,1,5,⚠️ At Risk / Lost
14684,25,5,1201.51,4,4,4,12,💎 Champions
14687,106,1,628.38,2,1,3,6,🌱 Regular Buyers
14688,7,21,5579.1,5,5,5,15,💎 Champions
14689,208,1,112.8,1,1,1,3,⚠️ At Risk / Lost
14690,43,2,355.05,3,3,2,8,🌱 Regular Buyers
14691,30,5,2114.33,4,4,5,13,💎 Champions
14692,136,4,591.55,2,4,3,9,💼 Loyal Customers
14693,264,1,172.9,1,1,1,3,⚠️ At Risk / Lost
14696,3,7,2078.95,5,5,5,15,💎 Champions
14697,217,2,188.61,1,3,1,5,⚠️ At Risk / Lost
14698,1,5,1217.27,5,4,4,13,💎 Champions
14699,213,1,109.13,1,1,1,3,⚠️ At Risk / Lost
14700,31,3,2195.1,4,3,5,12,💎 Champions
14701,10,9,2526.09,5,5,5,15,💎 Champions
14702,0,17,3251.79,5,5,5,15,💎 Champions
14703,14,1,318.17,4,1,2,7,🌱 Regular Buyers
14704,10,9,1493.96,5,5,4,14,💎 Champions
14705,198,1,179.0,1,1,1,3,⚠️ At Risk / Lost
14708,2,3,1126.3700000000001,5,3,4,12,💎 Champions
14709,14,13,4921.04,4,5,5,14,💎 Champions
14710,13,4,599.48,4,4,3,11,💼 Loyal Customers
14711,9,11,2839.62,5,5,5,15,💎 Champions
14712,28,3,917.0699999999999,4,3,3,10,💼 Loyal Customers
14713,8,11,2662.2,5,5,5,15,💎 Champions
14714,23,1,160.19,4,1,1,6,🌱 Regular Buyers
14715,24,4,867.38,4,4,3,11,💼 Loyal Customers
14716,42,2,307.51,3,3,2,8,🌱 Regular Buyers
14719,1,5,1581.84,5,4,4,13,💎 Champions
14720,5,3,663.81,5,3,3,11,💼 Loyal Customers
14722,146,1,180.42,2,1,1,4,⚠️ At Risk / Lost
14723,9,6,1122.36,5,5,4,14,💎 Champions
14725,24,1,655.58,4,1,3,8,🌱 Regular Buyers
14727,273,1,268.58,1,1,2,4,⚠️ At Risk / Lost
14729,373,1,313.49,1,1,2,4,⚠️ At Risk / Lost
14730,0,8,1897.57,5,5,4,14,💎 Champions
14731,46,3,380.02,3,3,2,8,🌱 Regular Buyers
14732,7,8,2702.4900000000002,5,5,5,15,💎 Champions
14733,15,12,9585.91,4,5,5,14,💎 Champions
14735,3,32,6065.69,5,5,5,15,💎 Champions
14737,3,3,1164.55,5,3,4,12,💎 Champions
14738,42,7,1314.45,3,5,4,12,💎 Champions
14739,3,7,3902.28,5,5,5,15,💎 Champions
14740,196,3,1448.21,1,3,4,8,🌱 Regular Buyers
14741,11,6,1400.34,5,5,4,14,💎 Champions
14744,15,7,1099.98,4,5,4,13,💎 Champions
14745,112,5,1220.26,2,4,4,10,💼 Loyal Customers
14747,248,1,328.2,1,1,2,4,⚠️ At Risk / Lost
14748,28,5,1415.75,4,4,4,12,💎 Champions
14752,43,1,389.64,3,1,2,6,🌱 Regular Buyers
14753,86,1,563.15,2,1,3,6,🌱 Regular Buyers
14754,44,2,638.05,3,3,3,9,💼 Loyal Customers
14755,9,11,5010.28,5,5,5,15,💎 Champions
14756,14,1,738.96,4,1,3,8,🌱 Regular Buyers
14757,74,1,420.5,2,1,2,5,⚠️ At Risk / Lost
14758,144,4,1484.06,2,4,4,10,💼 Loyal Customers
14759,4,3,1625.97,5,3,4,12,💎 Champions
14760,296,1,89.2,1,1,1,3,⚠️ At Risk / Lost
14761,58,2,255.89999999999998,3,3,2,8,🌱 Regular Buyers
14762,263,1,300.52,1,1,2,4,⚠️ At Risk / Lost
14764,46,1,278.3,3,1,2,6,🌱 Regular Buyers
14765,28,3,254.11,4,3,2,9,💼 Loyal Customers
14766,7,6,2473.37,5,5,5,15,💎 Champions
14768,16,2,192.6,4,3,1,8,🌱 Regular Buyers
14769,2,8,10416.98,5,5,5,15,💎 Champions
14770,231,2,876.42,1,3,3,7,🌱 Regular Buyers
14772,111,1,139.26,2,1,1,4,⚠️ At Risk / Lost
14775,57,3,1011.9,3,3,4,10,💼 Loyal Customers
14776,50,11,2538.2999999999997,3,5,5,13,💎 Champions
14778,126,2,730.86,2,3,3,8,🌱 Regular Buyers
14779,280,3,386.15,1,3,2,6,🌱 Regular Buyers
14780,54,2,447.68,3,3,2,8,🌱 Regular Buyers
14782,319,1,200.1,1,1,1,3,⚠️ At Risk / Lost
14784,25,2,289.99,4,3,2,9,💼 Loyal Customers
14785,9,2,77.4,5,3,1,9,💼 Loyal Customers
14788,6,2,679.44,5,3,3,11,💼 Loyal Customers
14789,28,1,197.64,4,1,1,6,🌱 Regular Buyers
14790,16,4,745.06,4,4,3,11,💼 Loyal Customers
14792,63,1,6.2,3,1,1,5,⚠️ At Risk / Lost
14793,20,1,228.99,4,1,1,6,🌱 Regular Buyers
14794,2,7,1319.91,5,5,4,14,💎 Champions
14795,165,1,131.45000000000002,2,1,1,4,⚠️ At Risk / Lost
14796,0,17,7975.49,5,5,5,15,💎 Champions
14798,52,3,173.74,3,3,1,7,🌱 Regular Buyers
14799,50,1,157.7,3,1,1,5,⚠️ At Risk / Lost
14800,47,12,4331.79,3,5,5,13,💎 Champions
14801,60,1,189.34,3,1,1,5,⚠️ At Risk / Lost
14803,161,3,845.5500000000001,2,3,3,8,🌱 Regular Buyers
14804,8,1,353.27,5,1,2,8,🌱 Regular Buyers
14805,14,4,546.4,4,4,3,11,💼 Loyal Customers
14806,74,1,193.39,2,1,1,4,⚠️ At Risk / Lost
14808,39,8,2718.6,3,5,5,13,💎 Champions
14810,40,11,2085.33,3,5,5,13,💎 Champions
14813,369,2,152.88,1,3,1,5,⚠️ At Risk / Lost
14815,36,2,778.5,3,3,3,9,💼 Loyal Customers
14816,196,1,271.85,1,1,2,4,⚠️ At Risk / Lost
14817,199,2,1110.34,1,3,4,8,🌱 Regular Buyers
14818,73,3,657.8,2,3,3,8,🌱 Regular Buyers
14819,63,2,272.07,3,3,2,8,🌱 Regular Buyers
14820,20,4,507.29,4,4,3,11,💼 Loyal Customers
14821,366,1,48.8,1,1,1,3,⚠️ At Risk / Lost
14823,179,3,321.43,1,3,2,6,🌱 Regular Buyers
14824,9,4,1127.71,5,4,4,13,💎 Champions
14825,3,12,2221.01,5,5,5,15,💎 Champions
14828,196,3,2139.76,1,3,5,9,💼 Loyal Customers
14829,28,4,697.55,4,4,3,11,💼 Loyal Customers
14830,52,1,188.88,3,1,1,5,⚠️ At Risk / Lost
14834,17,6,1720.3,4,5,4,13,💎 Champions
14836,9,3,102.45,5,3,1,9,💼 Loyal Customers
14837,89,4,1649.5,2,4,4,10,💼 Loyal Customers
14840,267,1,62.85,1,1,1,3,⚠️ At Risk / Lost
14841,52,6,3295.7599999999998,3,5,5,13,💎 Champions
14842,43,4,2824.69,3,4,5,12,💎 Champions
14844,63,4,3189.81,3,4,5,12,💎 Champions
14847,148,1,309.4,2,1,2,5,⚠️ At Risk / Lost
14849,21,25,7930.54,4,5,5,14,💎 Champions
14850,311,1,325.75,1,1,2,4,⚠️ At Risk / Lost
14851,22,2,511.35,4,3,3,10,💼 Loyal Customers
14852,57,6,2836.69,3,5,5,13,💎 Champions
14853,23,2,475.8,4,3,2,9,💼 Loyal Customers
14854,77,7,2740.0299999999997,2,5,5,12,💎 Champions
14855,118,2,645.65,2,3,3,8,🌱 Regular Buyers
14856,35,3,1290.53,3,3,4,10,💼 Loyal Customers
14857,59,2,1173.1200000000001,3,3,4,10,💼 Loyal Customers
14859,12,4,1353.74,5,4,4,13,💎 Champions
14860,18,1,170.32,4,1,1,6,🌱 Regular Buyers
14861,51,1,125.78999999999999,3,1,1,5,⚠️ At Risk / Lost
14862,25,2,841.1999999999999,4,3,3,10,💼 Loyal Customers
14863,28,1,266.76,4,1,2,7,🌱 Regular Buyers
14865,6,2,52.2,5,3,1,9,💼 Loyal Customers
14866,10,12,14389.9,5,5,5,15,💎 Champions
14867,185,3,710.28,1,3,3,7,🌱 Regular Buyers
14868,2,8,2953.59,5,5,5,15,💎 Champions
14869,8,2,721.45,5,3,3,11,💼 Loyal Customers
14870,261,1,327.25,1,1,2,4,⚠️ At Risk / Lost
14871,2,4,501.28000000000003,5,4,3,12,💎 Champions
14873,209,1,519.68,1,1,3,5,⚠️ At Risk / Lost
14875,107,2,1465.32,2,3,4,9,💼 Loyal Customers
14878,12,9,1476.09,5,5,4,14,💎 Champions
14880,76,3,690.59,2,3,3,8,🌱 Regular Buyers
14881,19,1,255.4,4,1,2,7,🌱 Regular Buyers
14882,26,2,589.7,4,3,3,10,💼 Loyal Customers
14883,18,6,761.59,4,5,3,12,💎 Champions
14885,131,1,765.3199999999999,2,1,3,6,🌱 Regular Buyers
14886,252,1,364.8,1,1,2,4,⚠️ At Risk / Lost
14887,78,1,1862.0,2,1,4,7,🌱 Regular Buyers
14888,206,1,369.2,1,1,2,4,⚠️ At Risk / Lost
14889,335,1,135.9,1,1,1,3,⚠️ At Risk / Lost
14890,253,1,125.65,1,1,1,3,⚠️ At Risk / Lost
14891,147,2,554.38,2,3,3,8,🌱 Regular Buyers
14893,9,2,1237.85,5,3,4,12,💎 Champions
14894,84,1,655.75,2,1,3,6,🌱 Regular Buyers
14895,7,20,11138.71,5,5,5,15,💎 Champions
14896,204,2,468.77,1,3,2,6,🌱 Regular Buyers
14897,7,4,1366.38,5,4,4,13,💎 Champions
14898,22,6,1269.31,4,5,4,13,💎 Champions
14901,10,9,1421.29,5,5,4,14,💎 Champions
14902,25,1,332.66,4,1,2,7,🌱 Regular Buyers
14903,20,5,2795.33,4,4,5,13,💎 Champions
14904,1,2,1025.44,5,3,4,12,💎 Champions
14905,157,2,616.15,2,3,3,8,🌱 Regular Buyers
14907,2,7,3501.1,5,5,5,15,💎 Champions
14908,73,1,277.8,2,1,2,5,⚠️ At Risk / Lost
14910,2,4,434.35,5,4,2,11,💼 Loyal Customers
14911,0,201,143711.17,5,5,5,15,💎 Champions
14912,16,2,867.85,4,3,3,10,💼 Loyal Customers
14913,35,4,1227.43,3,4,4,11,💼 Loyal Customers
14915,90,2,307.48,2,3,2,7,🌱 Regular Buyers
14916,70,4,1268.98,3,4,4,11,💼 Loyal Customers
14918,115,2,1610.15,2,3,4,9,💼 Loyal Customers
14920,212,2,977.77,1,3,4,8,🌱 Regular Buyers
14921,29,2,1316.07,4,3,4,11,💼 Loyal Customers
14923,50,1,749.1,3,1,3,7,🌱 Regular Buyers
14924,245,1,310.05,1,1,2,4,⚠️ At Risk / Lost
14929,31,1,223.88,4,1,1,6,🌱 Regular Buyers
14930,108,3,2362.96,2,3,5,10,💼 Loyal Customers
14931,4,5,1257.68,5,4,4,13,💎 Champions
14932,365,1,363.53,1,1,2,4,⚠️ At Risk / Lost
14934,81,2,1890.94,2,3,4,9,💼 Loyal Customers
14935,296,1,1784.71,1,1,4,6,🌱 Regular Buyers
14936,33,8,8137.0199999999995,3,5,5,13,💎 Champions
14937,56,3,1621.88,3,3,4,10,💼 Loyal Customers
14944,29,12,5900.25,4,5,5,14,💎 Champions
14946,13,1,100.9,4,1,1,6,🌱 Regular Buyers
14947,71,2,290.82,3,3,2,8,🌱 Regular Buyers
14948,22,6,1101.97,4,5,4,13,💎 Champions
14950,18,1,371.2,4,1,2,7,🌱 Regular Buyers
14951,78,1,311.69,2,1,2,5,⚠️ At Risk / Lost
14952,59,11,8099.49,3,5,5,13,💎 Champions
14953,24,1,285.67,4,1,2,7,🌱 Regular Buyers
14954,11,1,294.85,5,1,2,8,🌱 Regular Buyers
14957,252,1,58.49,1,1,1,3,⚠️ At Risk / Lost
14958,146,3,483.73,2,3,2,7,🌱 Regular Buyers
14959,63,4,695.42,3,4,3,10,💼 Loyal Customers
14960,7,2,221.26999999999998,5,3,1,9,💼 Loyal Customers
14961,10,9,7044.68,5,5,5,15,💎 Champions
14962,270,1,126.7,1,1,1,3,⚠️ At Risk / Lost
14963,9,5,1472.34,5,4,4,13,💎 Champions
14964,246,1,206.21,1,1,1,3,⚠️ At Risk / Lost
14965,95,2,596.09,2,3,3,8,🌱 Regular Buyers
14966,14,1,183.01999999999998,4,1,1,6,🌱 Regular Buyers
14967,49,1,463.8,3,1,2,6,🌱 Regular Buyers
14968,29,1,147.59,4,1,1,6,🌱 Regular Buyers
14970,67,4,1592.06,3,4,4,11,💼 Loyal Customers
14971,34,3,1097.98,3,3,4,10,💼 Loyal Customers
14972,127,1,114.77,2,1,1,4,⚠️ At Risk / Lost
14973,106,3,1314.45,2,3,4,9,💼 Loyal Customers
14974,36,1,89.94,3,1,1,5,⚠️ At Risk / Lost
14975,56,1,279.94,3,1,2,6,🌱 Regular Buyers
14976,56,7,790.86,3,5,3,11,💼 Loyal Customers
14978,71,5,1921.3700000000001,3,4,4,11,💼 Loyal Customers
14981,245,1,102.12,1,1,1,3,⚠️ At Risk / Lost
14984,18,2,202.37,4,3,1,8,🌱 Regular Buyers
14985,197,2,292.01,1,3,2,6,🌱 Regular Buyers
14987,15,2,326.4,4,3,2,9,💼 Loyal Customers
14988,211,1,334.54,1,1,2,4,⚠️ At Risk / Lost
14995,38,2,231.98,3,3,1,7,🌱 Regular Buyers
14997,45,3,546.2,3,3,3,9,💼 Loyal Customers
14998,169,2,414.87,2,3,2,7,🌱 Regular Buyers
15000,47,1,490.52,3,1,3,7,🌱 Regular Buyers
15002,115,4,1641.76,2,4,4,10,💼 Loyal Customers
15004,146,1,1220.77,2,1,4,7,🌱 Regular Buyers
15005,15,28,6295.37,4,5,5,14,💎 Champions
15006,50,1,480.38,3,1,2,6,🌱 Regular Buyers
15007,158,1,156.91,2,1,1,4,⚠️ At Risk / Lost
15009,11,3,1259.43,5,3,4,12,💎 Champions
15010,35,1,308.94,3,1,2,6,🌱 Regular Buyers
15012,53,2,405.04,3,3,2,8,🌱 Regular Buyers
15014,42,2,257.67,3,3,2,8,🌱 Regular Buyers
15016,172,1,170.04,2,1,1,4,⚠️ At Risk / Lost
15017,33,1,125.58,3,1,1,5,⚠️ At Risk / Lost
15018,38,3,496.21,3,3,3,9,💼 Loyal Customers
15019,266,1,252.81,1,1,2,4,⚠️ At Risk / Lost
15021,8,9,1871.77,5,5,4,14,💎 Champions
15022,11,4,852.39,5,4,3,12,💎 Champions
15023,2,11,6720.41,5,5,5,15,💎 Champions
15024,9,10,1636.43,5,5,4,14,💎 Champions
15025,32,1,361.96,4,1,2,7,🌱 Regular Buyers
15026,79,3,469.0,2,3,2,7,🌱 Regular Buyers
15027,30,4,1066.15,4,4,4,12,💎 Champions
15028,7,4,627.13,5,4,3,12,💎 Champions
15030,71,2,518.28,3,3,3,9,💼 Loyal Customers
15031,3,4,653.19,5,4,3,12,💎 Champions
15032,255,3,4959.1,1,3,5,9,💼 Loyal Customers
15033,4,10,2557.18,5,5,5,15,💎 Champions
15034,15,8,4274.16,4,5,5,14,💎 Champions
15035,89,1,252.73,2,1,2,5,⚠️ At Risk / Lost
15036,71,3,429.56,3,3,2,8,🌱 Regular Buyers
15038,58,6,685.74,3,5,3,11,💼 Loyal Customers
15039,9,47,19766.59,5,5,5,15,💎 Champions
15041,169,1,179.93,2,1,1,4,⚠️ At Risk / Lost
15042,198,1,135.93,1,1,1,3,⚠️ At Risk / Lost
15043,30,1,537.0,4,1,3,8,🌱 Regular Buyers
15044,18,17,7634.7300000000005,4,5,5,14,💎 Champions
15045,151,2,735.66,2,3,3,8,🌱 Regular Buyers
15046,8,15,5090.42,5,5,5,15,💎 Champions
15047,269,1,343.62,1,1,2,4,⚠️ At Risk / Lost
15048,64,4,381.0,3,4,2,9,💼 Loyal Customers
15049,273,1,121.17000000000002,1,1,1,3,⚠️ At Risk / Lost
15050,24,3,1737.69,4,3,4,11,💼 Loyal Customers
15051,22,3,1383.36,4,3,4,11,💼 Loyal Customers
15052,318,1,207.73000000000002,1,1,1,3,⚠️ At Risk / Lost
15053,4,3,693.95,5,3,3,11,💼 Loyal Customers
15054,11,2,302.1,5,3,2,10,💼 Loyal Customers
15057,274,2,1489.5,1,3,4,8,🌱 Regular Buyers
15058,24,11,2102.54,4,5,5,14,💎 Champions
15059,40,9,1337.72,3,5,4,12,💎 Champions
15060,7,4,294.25,5,4,2,11,💼 Loyal Customers
15061,3,48,54534.14,5,5,5,15,💎 Champions
15062,70,4,987.86,3,4,4,11,💼 Loyal Customers
15063,212,1,370.79999999999995,1,1,2,4,⚠️ At Risk / Lost
15065,37,4,3158.13,3,4,5,12,💎 Champions
15066,52,1,893.59,3,1,3,7,🌱 Regular Buyers
15067,77,3,1744.76,2,3,4,9,💼 Loyal Customers
15068,45,2,553.36,3,3,3,9,💼 Loyal Customers
15069,178,1,1109.53,2,1,4,7,🌱 Regular Buyers
15070,372,1,106.2,1,1,1,3,⚠️ At Risk / Lost
15071,93,2,982.07,2,3,4,9,💼 Loyal Customers
15073,9,3,1043.41,5,3,4,12,💎 Champions
15074,104,1,735.67,2,1,3,6,🌱 Regular Buyers
15075,77,1,773.03,2,1,3,6,🌱 Regular Buyers
15076,172,1,880.85,2,1,3,6,🌱 Regular Buyers
15078,6,32,9743.11,5,5,5,15,💎 Champions
15079,212,4,895.61,1,4,3,8,🌱 Regular Buyers
15081,21,5,504.79999999999995,4,4,3,11,💼 Loyal Customers
15083,256,1,88.2,1,1,1,3,⚠️ At Risk / Lost
15087,281,1,306.94,1,1,2,4,⚠️ At Risk / Lost
15088,20,2,1160.07,4,3,4,11,💼 Loyal Customers
15089,9,6,2420.84,5,5,5,15,💎 Champions
15090,307,1,381.32,1,1,2,4,⚠️ At Risk / Lost
15091,67,1,480.71,3,1,2,6,🌱 Regular Buyers
15092,214,2,457.81,1,3,2,6,🌱 Regular Buyers
15093,17,6,4597.0199999999995,4,5,5,14,💎 Champions
15095,103,4,1370.6,2,4,4,10,💼 Loyal Customers
15096,42,1,219.39,3,1,1,5,⚠️ At Risk / Lost
15097,3,1,248.07999999999998,5,1,1,7,🌱 Regular Buyers
15098,181,3,39916.5,1,3,5,9,💼 Loyal Customers
15099,83,1,410.48,2,1,2,5,⚠️ At Risk / Lost
15100,333,3,876.0,1,3,3,7,🌱 Regular Buyers
15101,8,2,317.53,5,3,2,10,💼 Loyal Customers
15103,30,2,703.36,4,3,3,10,💼 Loyal Customers
15104,196,2,993.54,1,3,4,8,🌱 Regular Buyers
15105,17,7,2298.93,4,5,5,14,💎 Champions
15106,17,5,1422.52,4,4,4,12,💎 Champions
15107,310,6,319.5,1,5,2,8,🌱 Regular Buyers
15108,141,4,1300.25,2,4,4,10,💼 Loyal Customers
15109,245,1,484.95,1,1,2,4,⚠️ At Risk / Lost
15110,23,4,996.1,4,4,4,12,💎 Champions
15111,28,3,1567.48,4,3,4,11,💼 Loyal Customers
15113,9,3,3509.43,5,3,5,13,💎 Champions
15114,29,10,2760.56,4,5,5,14,💎 Champions
15115,17,1,340.11,4,1,2,7,🌱 Regular Buyers
15116,17,4,1352.75,4,4,4,12,💎 Champions
15117,14,5,1551.78,4,4,4,12,💎 Champions
15118,133,1,244.8,2,1,1,4,⚠️ At Risk / Lost
15119,245,1,266.4,1,1,2,4,⚠️ At Risk / Lost
15120,133,1,358.82,2,1,2,5,⚠️ At Risk / Lost
15121,49,2,457.72,3,3,2,8,🌱 Regular Buyers
15122,113,3,1633.78,2,3,4,9,💼 Loyal Customers
15123,6,2,2199.31,5,3,5,13,💎 Champions
15124,22,2,184.19,4,3,1,8,🌱 Regular Buyers
15125,24,15,11528.48,4,5,5,14,💎 Champions
15127,65,1,406.53,3,1,2,6,🌱 Regular Buyers
15128,59,4,1471.0,3,4,4,11,💼 Loyal Customers
15129,49,11,3447.4,3,5,5,13,💎 Champions
15130,169,1,330.11,2,1,2,5,⚠️ At Risk / Lost
15132,17,5,977.9300000000001,4,4,4,12,💎 Champions
15133,127,3,982.42,2,3,4,9,💼 Loyal Customers
15134,14,8,1387.99,4,5,4,13,💎 Champions
15135,238,1,139.05,1,1,1,3,⚠️ At Risk / Lost
15136,2,4,1286.7,5,4,4,13,💎 Champions
15139,239,2,178.95999999999998,1,3,1,5,⚠️ At Risk / Lost
15140,51,7,2354.25,3,5,5,13,💎 Champions
15142,45,1,498.74,3,1,3,7,🌱 Regular Buyers
15143,225,1,259.45,1,1,2,4,⚠️ At Risk / Lost
15144,7,17,6580.44,5,5,5,15,💎 Champions
15145,3,4,1194.73,5,4,4,13,💎 Champions
15146,164,2,1327.1599999999999,2,3,4,9,💼 Loyal Customers
15147,239,1,623.5,1,1,3,5,⚠️ At Risk / Lost
15148,10,1,301.29,5,1,2,8,🌱 Regular Buyers
15149,133,1,520.8,2,1,3,6,🌱 Regular Buyers
15150,16,10,5291.33,4,5,5,14,💎 Champions
15152,9,13,4745.69,5,5,5,15,💎 Champions
15153,30,1,329.25,4,1,2,7,🌱 Regular Buyers
15154,74,1,254.28,2,1,2,5,⚠️ At Risk / Lost
15156,0,3,961.49,5,3,4,12,💎 Champions
15157,3,3,1936.07,5,3,4,12,💎 Champions
15158,44,1,401.40000000000003,3,1,2,6,🌱 Regular Buyers
15159,1,30,18641.01,5,5,5,15,💎 Champions
15160,356,1,158.16,1,1,1,3,⚠️ At Risk / Lost
15163,17,2,304.47,4,3,2,9,💼 Loyal Customers
15164,68,3,824.58,3,3,3,9,💼 Loyal Customers
15165,372,1,487.75,1,1,3,5,⚠️ At Risk / Lost
15167,320,1,158.8,1,1,1,3,⚠️ At Risk / Lost
15168,25,1,106.56,4,1,1,6,🌱 Regular Buyers
15171,330,1,1289.5,1,1,4,6,🌱 Regular Buyers
15172,8,5,1624.05,5,4,4,13,💎 Champions
15174,322,1,135.75,1,1,1,3,⚠️ At Risk / Lost
15175,71,1,224.14,3,1,1,5,⚠️ At Risk / Lost
15178,259,1,40.5,1,1,1,3,⚠️ At Risk / Lost
15179,17,5,2206.95,4,4,5,13,💎 Champions
15180,366,1,87.5,1,1,1,3,⚠️ At Risk / Lost
15181,65,3,689.48,3,3,3,9,💼 Loyal Customers
15182,153,2,622.85,2,3,3,8,🌱 Regular Buyers
15184,28,2,402.2,4,3,2,9,💼 Loyal Customers
15185,69,1,310.62,3,1,2,6,🌱 Regular Buyers
15186,13,2,411.41,4,3,2,9,💼 Loyal Customers
15187,1,16,4777.18,5,5,5,15,💎 Champions
15189,0,41,16225.39,5,5,5,15,💎 Champions
15192,119,3,1044.32,2,3,4,9,💼 Loyal Customers
15193,60,1,499.32,3,1,3,7,🌱 Regular Buyers
15194,2,15,7616.53,5,5,5,15,💎 Champions
15195,2,1,3861.0,5,1,5,11,💼 Loyal Customers
15197,10,3,1079.61,5,3,4,12,💎 Champions
15198,91,2,193.64,2,3,1,6,🌱 Regular Buyers
15199,58,4,1268.7,3,4,4,11,💼 Loyal Customers
15201,86,5,1236.54,2,4,4,10,💼 Loyal Customers
15203,25,6,1827.8,4,5,4,13,💎 Champions
15204,356,1,316.58,1,1,2,4,⚠️ At Risk / Lost
15205,84,2,653.24,2,3,3,8,🌱 Regular Buyers
15206,9,4,420.3,5,4,2,11,💼 Loyal Customers
15208,0,5,870.12,5,4,3,12,💎 Champions
15210,224,1,331.18,1,1,2,4,⚠️ At Risk / Lost
15211,59,2,894.41,3,3,3,9,💼 Loyal Customers
15212,240,1,101.8,1,1,1,3,⚠️ At Risk / Lost
15213,318,2,328.34999999999997,1,3,2,6,🌱 Regular Buyers
15214,1,8,1661.44,5,5,4,14,💎 Champions
15215,46,3,734.94,3,3,3,9,💼 Loyal Customers
15216,87,1,96.6,2,1,1,4,⚠️ At Risk / Lost
15218,10,11,5756.889999999999,5,5,5,15,💎 Champions
15219,175,1,305.75,2,1,2,5,⚠️ At Risk / Lost
15220,51,6,1778.96,3,5,4,12,💎 Champions
15221,365,1,403.25,1,1,2,4,⚠️ At Risk / Lost
15222,318,1,585.0,1,1,3,5,⚠️ At Risk / Lost
15223,225,2,755.75,1,3,3,7,🌱 Regular Buyers
15224,357,2,322.08,1,3,2,6,🌱 Regular Buyers
15225,233,1,409.4,1,1,2,4,⚠️ At Risk / Lost
15226,310,1,154.41,1,1,1,3,⚠️ At Risk / Lost
15227,36,5,1219.4,3,4,4,11,💼 Loyal Customers
15228,65,4,3386.71,3,4,5,12,💎 Champions
15230,238,2,429.6,1,3,2,6,🌱 Regular Buyers
15232,112,2,612.06,2,3,3,8,🌱 Regular Buyers
15234,276,1,197.0,1,1,1,3,⚠️ At Risk / Lost
15235,217,12,2247.51,1,5,5,11,💼 Loyal Customers
15236,298,1,321.05,1,1,2,4,⚠️ At Risk / Lost
15237,1,4,1412.32,5,4,4,13,💎 Champions
15238,28,3,1071.99,4,3,4,11,💼 Loyal Customers
15239,9,2,780.59,5,3,3,11,💼 Loyal Customers
15240,44,5,1706.57,3,4,4,11,💼 Loyal Customers
15241,66,8,1756.44,3,5,4,12,💎 Champions
15243,73,1,316.68,2,1,2,5,⚠️ At Risk / Lost
15244,64,2,631.57,3,3,3,9,💼 Loyal Customers
15245,133,3,2515.84,2,3,5,10,💼 Loyal Customers
15246,237,2,514.15,1,3,3,7,🌱 Regular Buyers
15247,121,1,356.0,2,1,2,5,⚠️ At Risk / Lost
15249,31,13,6688.46,4,5,5,14,💎 Champions
15251,8,11,10484.99,5,5,5,15,💎 Champions
15252,35,2,740.78,3,3,3,9,💼 Loyal Customers
15253,15,5,918.2,4,4,3,11,💼 Loyal Customers
15254,126,1,300.36,2,1,2,5,⚠️ At Risk / Lost
15255,66,1,890.85,3,1,3,7,🌱 Regular Buyers
15256,148,1,98.45,2,1,1,4,⚠️ At Risk / Lost
15257,282,1,317.15,1,1,2,4,⚠️ At Risk / Lost
15258,168,2,623.16,2,3,3,8,🌱 Regular Buyers
15260,99,7,1810.77,2,5,4,11,💼 Loyal Customers
15261,134,1,254.82,2,1,2,5,⚠️ At Risk / Lost
15262,323,1,178.95,1,1,1,3,⚠️ At Risk / Lost
15263,106,1,156.51,2,1,1,4,⚠️ At Risk / Lost
15264,63,1,393.74,3,1,2,6,🌱 Regular Buyers
15265,150,2,1506.12,2,3,4,9,💼 Loyal Customers
15266,337,1,119.3,1,1,1,3,⚠️ At Risk / Lost
15267,21,5,1717.36,4,4,4,12,💎 Champions
15269,23,1,408.8,4,1,2,7,🌱 Regular Buyers
15270,15,7,2379.49,4,5,5,14,💎 Champions
15271,6,15,2493.34,5,5,5,15,💎 Champions
15272,56,2,721.94,3,3,3,9,💼 Loyal Customers
15274,3,2,716.5699999999999,5,3,3,11,💼 Loyal Customers
15275,37,1,615.14,3,1,3,7,🌱 Regular Buyers
15276,65,1,128.63,3,1,1,5,⚠️ At Risk / Lost
15277,46,1,255.9,3,1,2,6,🌱 Regular Buyers
15279,354,1,290.51,1,1,2,4,⚠️ At Risk / Lost
15280,171,1,113.11999999999999,2,1,1,4,⚠️ At Risk / Lost
15281,58,9,2332.15,3,5,5,13,💎 Champions
15286,49,1,240.55,3,1,1,5,⚠️ At Risk / Lost
15287,21,2,486.69,4,3,2,9,💼 Loyal Customers
15288,42,5,2306.52,3,4,5,12,💎 Champions
15289,28,3,939.78,4,3,4,11,💼 Loyal Customers
15290,4,18,7943.22,5,5,5,15,💎 Champions
15291,25,15,4668.3,4,5,5,14,💎 Champions
15292,200,1,178.39,1,1,1,3,⚠️ At Risk / Lost
15296,50,6,3672.86,3,5,5,13,💎 Champions
15297,9,3,641.94,5,3,3,11,💼 Loyal Customers
15298,1,12,4799.9,5,5,5,15,💎 Champions
15299,66,7,4507.01,3,5,5,13,💎 Champions
15300,63,1,496.44,3,1,3,7,🌱 Regular Buyers
15301,50,12,5049.95,3,5,5,13,💎 Champions
15303,289,1,574.02,1,1,3,5,⚠️ At Risk / Lost
15304,60,8,694.4,3,5,3,11,💼 Loyal Customers
15306,63,3,1174.35,3,3,4,10,💼 Loyal Customers
15307,95,1,205.29999999999998,2,1,1,4,⚠️ At Risk / Lost
15308,273,1,310.47,1,1,2,4,⚠️ At Risk / Lost
15311,0,91,60632.75,5,5,5,15,💎 Champions
15312,74,4,924.85,2,4,3,9,💼 Loyal Customers
15313,109,1,52.0,2,1,1,4,⚠️ At Risk / Lost
15314,198,1,327.96999999999997,1,1,2,4,⚠️ At Risk / Lost
15315,63,2,570.5,3,3,3,9,💼 Loyal Customers
15316,326,1,165.0,1,1,1,3,⚠️ At Risk / Lost
15318,3,1,312.62,5,1,2,8,🌱 Regular Buyers
15319,283,1,204.5,1,1,1,3,⚠️ At Risk / Lost
15320,43,1,267.13,3,1,2,6,🌱 Regular Buyers
15321,70,3,2748.31,3,3,5,11,💼 Loyal Customers
15322,85,1,679.68,2,1,3,6,🌱 Regular Buyers
15325,103,1,161.74,2,1,1,4,⚠️ At Risk / Lost
15326,333,1,311.71,1,1,2,4,⚠️ At Risk / Lost
15327,52,1,208.75,3,1,1,5,⚠️ At Risk / Lost
15329,38,3,1049.7,3,3,4,10,💼 Loyal Customers
15330,31,2,714.9599999999999,4,3,3,10,💼 Loyal Customers
15332,365,4,1661.06,1,4,4,9,💼 Loyal Customers
15333,207,1,1028.56,1,1,4,6,🌱 Regular Buyers
15334,156,3,350.82,2,3,2,7,🌱 Regular Buyers
15335,53,1,170.22,3,1,1,5,⚠️ At Risk / Lost
15339,65,2,574.07,3,3,3,9,💼 Loyal Customers
15341,80,1,2020.52,2,1,4,7,🌱 Regular Buyers
15342,129,1,406.09,2,1,2,5,⚠️ At Risk / Lost
15343,86,1,364.5,2,1,2,5,⚠️ At Risk / Lost
15344,0,3,563.94,5,3,3,11,💼 Loyal Customers
15345,45,1,393.53999999999996,3,1,2,6,🌱 Regular Buyers
15346,332,1,252.42000000000002,1,1,2,4,⚠️ At Risk / Lost
15347,365,1,201.6,1,1,1,3,⚠️ At Risk / Lost
15348,71,1,158.04,3,1,1,5,⚠️ At Risk / Lost
15349,157,2,463.91,2,3,2,7,🌱 Regular Buyers
15350,372,1,115.65,1,1,1,3,⚠️ At Risk / Lost
15351,11,7,1934.66,5,5,4,14,💎 Champions
15353,254,2,770.12,1,3,3,7,🌱 Regular Buyers
15355,28,2,277.05,4,3,2,9,💼 Loyal Customers
15356,30,10,2718.03,4,5,5,14,💎 Champions
15358,4,22,8347.2,5,5,5,15,💎 Champions
15360,39,1,427.93,3,1,2,6,🌱 Regular Buyers
15361,361,1,418.92,1,1,2,4,⚠️ At Risk / Lost
15363,372,1,326.0,1,1,2,4,⚠️ At Risk / Lost
15364,95,2,913.19,2,3,3,8,🌱 Regular Buyers
15365,25,7,2314.32,4,5,5,14,💎 Champions
15366,74,2,602.51,2,3,3,8,🌱 Regular Buyers
15367,56,4,1877.59,3,4,4,11,💼 Loyal Customers
15368,20,1,446.94,4,1,2,7,🌱 Regular Buyers
15370,40,7,2386.05,3,5,5,13,💎 Champions
15372,136,1,2007.4,2,1,4,7,🌱 Regular Buyers
15373,7,12,2415.91,5,5,5,15,💎 Champions
15374,128,1,168.0,2,1,1,4,⚠️ At Risk / Lost
15376,39,3,1221.56,3,3,4,10,💼 Loyal Customers
15379,168,7,3703.29,2,5,5,12,💎 Champions
15380,8,5,1690.26,5,4,4,13,💎 Champions
15381,213,2,596.85,1,3,3,7,🌱 Regular Buyers
15382,14,6,5955.71,4,5,5,14,💎 Champions
15384,169,2,642.41,2,3,3,8,🌱 Regular Buyers
15385,39,1,316.88,3,1,2,6,🌱 Regular Buyers
15386,185,1,394.14,1,1,2,4,⚠️ At Risk / Lost
15388,269,1,140.54,1,1,1,3,⚠️ At Risk / Lost
15389,171,1,500.0,2,1,3,6,🌱 Regular Buyers
15392,4,4,1535.53,5,4,4,13,💎 Champions
15393,15,2,231.86,4,3,1,8,🌱 Regular Buyers
15394,9,4,2183.54,5,4,5,14,💎 Champions
15395,325,1,107.45,1,1,1,3,⚠️ At Risk / Lost
15396,112,1,288.18,2,1,2,5,⚠️ At Risk / Lost
15397,289,1,94.0,1,1,1,3,⚠️ At Risk / Lost
15398,15,2,1345.53,4,3,4,11,💼 Loyal Customers
15399,0,3,815.77,5,3,3,11,💼 Loyal Customers
15400,91,5,716.2,2,4,3,9,💼 Loyal Customers
15402,148,2,626.77,2,3,3,8,🌱 Regular Buyers
15405,188,1,349.1,1,1,2,4,⚠️ At Risk / Lost
15406,30,2,510.71,4,3,3,10,💼 Loyal Customers
15407,33,4,1046.74,3,4,4,11,💼 Loyal Customers
15408,263,1,267.18,1,1,2,4,⚠️ At Risk / Lost
15410,83,8,3450.84,2,5,5,12,💎 Champions
15411,25,4,1348.93,4,4,4,12,💎 Champions
15412,170,1,190.53,2,1,1,4,⚠️ At Risk / Lost
15414,9,3,774.9,5,3,3,11,💼 Loyal Customers
15415,312,1,559.61,1,1,3,5,⚠️ At Risk / Lost
15416,64,4,3984.32,3,4,5,12,💎 Champions
15417,84,1,508.8,2,1,3,6,🌱 Regular Buyers
15419,24,1,135.85999999999999,4,1,1,6,🌱 Regular Buyers
15421,58,4,950.36,3,4,4,11,💼 Loyal Customers
15422,322,2,97.7,1,3,1,5,⚠️ At Risk / Lost
15423,37,1,43.5,3,1,1,5,⚠️ At Risk / Lost
15424,253,2,383.34,1,3,2,6,🌱 Regular Buyers
15426,18,5,1404.07,4,4,4,12,💎 Champions
15427,32,3,1430.54,4,3,4,11,💼 Loyal Customers
15428,14,1,93.78,4,1,1,6,🌱 Regular Buyers
15429,26,2,397.35,4,3,2,9,💼 Loyal Customers
15432,22,1,171.19,4,1,1,6,🌱 Regular Buyers
15433,213,2,533.3,1,3,3,7,🌱 Regular Buyers
15434,7,5,1041.48,5,4,4,13,💎 Champions
15435,21,1,149.29,4,1,1,6,🌱 Regular Buyers
15436,11,3,1067.75,5,3,4,12,💎 Champions
15437,261,1,200.16,1,1,1,3,⚠️ At Risk / Lost
15438,130,1,156.58,2,1,1,4,⚠️ At Risk / Lost
15440,54,3,383.68,3,3,2,8,🌱 Regular Buyers
15442,248,1,594.0,1,1,3,5,⚠️ At Risk / Lost
15443,1,7,3213.59,5,5,5,15,💎 Champions
15444,8,2,1411.21,5,3,4,12,💎 Champions
15445,263,1,113.5,1,1,1,3,⚠️ At Risk / Lost
15447,330,1,155.17000000000002,1,1,1,3,⚠️ At Risk / Lost
15448,312,1,494.64,1,1,3,5,⚠️ At Risk / Lost
15449,25,3,974.52,4,3,4,11,💼 Loyal Customers
15450,29,1,429.84,4,1,2,7,🌱 Regular Buyers
15452,29,3,528.48,4,3,3,10,💼 Loyal Customers
15453,1,7,1371.77,5,5,4,14,💎 Champions
15454,361,1,179.1,1,1,1,3,⚠️ At Risk / Lost
15456,282,3,434.59,1,3,2,6,🌱 Regular Buyers
15457,261,1,237.07,1,1,1,3,⚠️ At Risk / Lost
15458,24,1,161.64,4,1,1,6,🌱 Regular Buyers
15460,353,1,214.26,1,1,1,3,⚠️ At Risk / Lost
15462,93,3,234.6,2,3,1,6,🌱 Regular Buyers
15463,28,1,126.14,4,1,1,6,🌱 Regular Buyers
15464,337,1,1044.65,1,1,4,6,🌱 Regular Buyers
15465,19,18,7354.62,4,5,5,14,💎 Champions
15466,84,1,334.53,2,1,2,5,⚠️ At Risk / Lost
15467,8,3,524.88,5,3,3,11,💼 Loyal Customers
15468,50,2,467.51,3,3,2,8,🌱 Regular Buyers
15469,49,2,538.55,3,3,3,9,💼 Loyal Customers
15471,1,1,454.48,5,1,2,8,🌱 Regular Buyers
15472,112,1,371.56,2,1,2,5,⚠️ At Risk / Lost
15473,13,7,1771.2,4,5,4,13,💎 Champions
15475,76,1,454.11,2,1,2,5,⚠️ At Risk / Lost
15478,39,2,1399.92,3,3,4,10,💼 Loyal Customers
15480,115,1,905.5,2,1,3,6,🌱 Regular Buyers
15482,15,12,10879.76,4,5,5,14,💎 Champions
15483,160,4,225.26,2,4,1,7,🌱 Regular Buyers
15484,0,4,3590.41,5,4,5,14,💎 Champions
15485,29,3,2564.5,4,3,5,12,💎 Champions
15488,92,1,91.32,2,1,1,4,⚠️ At Risk / Lost
15489,22,3,1134.28,4,3,4,11,💼 Loyal Customers
15491,94,6,3100.09,2,5,5,12,💎 Champions
15492,27,2,659.46,4,3,3,10,💼 Loyal Customers
15493,32,5,1953.41,4,4,4,12,💎 Champions
15494,20,2,1280.58,4,3,4,11,💼 Loyal Customers
15497,17,2,1262.2,4,3,4,11,💼 Loyal Customers
15498,2,27,13316.4,5,5,5,15,💎 Champions
15500,7,4,1131.56,5,4,4,13,💎 Champions
15502,15,12,10384.93,4,5,5,14,💎 Champions
15503,362,1,141.04,1,1,1,3,⚠️ At Risk / Lost
15504,80,1,52.83,2,1,1,4,⚠️ At Risk / Lost
15505,52,5,3610.96,3,4,5,12,💎 Champions
15506,22,3,972.08,4,3,4,11,💼 Loyal Customers
15507,171,1,475.86,2,1,2,5,⚠️ At Risk / Lost
15508,188,6,1000.27,1,5,4,10,💼 Loyal Customers
15510,330,1,250.0,1,1,2,4,⚠️ At Risk / Lost
15511,11,5,900.53,5,4,3,12,💎 Champions
15512,155,2,121.0,2,3,1,6,🌱 Regular Buyers
15513,32,19,14758.22,4,5,5,14,💎 Champions
15514,11,11,4023.7200000000003,5,5,5,15,💎 Champions
15516,44,3,62.43,3,3,1,7,🌱 Regular Buyers
15517,232,1,267.03,1,1,2,4,⚠️ At Risk / Lost
15518,63,8,1921.55,3,5,4,12,💎 Champions
15520,1,1,343.5,5,1,2,8,🌱 Regular Buyers
15521,39,8,3000.2,3,5,5,13,💎 Champions
15522,32,2,397.99,4,3,2,9,💼 Loyal Customers
15523,83,1,412.01,2,1,2,5,⚠️ At Risk / Lost
15524,24,1,440.0,4,1,2,7,🌱 Regular Buyers
15525,1,3,734.37,5,3,3,11,💼 Loyal Customers
15526,32,2,148.44,4,3,1,8,🌱 Regular Buyers
15527,18,8,2428.53,4,5,5,14,💎 Champions
15528,253,1,229.33,1,1,1,3,⚠️ At Risk / Lost
15529,22,11,3962.6,4,5,5,14,💎 Champions
15530,21,4,1497.31,4,4,4,12,💎 Champions
15531,7,2,1972.39,5,3,4,12,💎 Champions
15532,24,4,1564.73,4,4,4,12,💎 Champions
15533,18,3,807.57,4,3,3,10,💼 Loyal Customers
15535,172,4,502.9,2,4,3,9,💼 Loyal Customers
15537,162,1,110.92,2,1,1,4,⚠️ At Risk / Lost
15539,6,1,538.46,5,1,3,9,💼 Loyal Customers
15540,10,1,213.3,5,1,1,7,🌱 Regular Buyers
15541,113,1,85.13,2,1,1,4,⚠️ At Risk / Lost
15543,287,1,127.86,1,1,1,3,⚠️ At Risk / Lost
15544,8,9,3546.71,5,5,5,15,💎 Champions
15545,53,2,288.97,3,3,2,8,🌱 Regular Buyers
15547,6,14,4910.6,5,5,5,15,💎 Champions
15549,76,3,1681.46,2,3,4,9,💼 Loyal Customers
15550,3,4,575.63,5,4,3,12,💎 Champions
15551,36,1,436.06,3,1,2,6,🌱 Regular Buyers
15552,216,1,90.12,1,1,1,3,⚠️ At Risk / Lost
15553,59,1,428.93,3,1,2,6,🌱 Regular Buyers
15554,277,1,217.2,1,1,1,3,⚠️ At Risk / Lost
15555,11,16,4794.86,5,5,5,15,💎 Champions
15556,23,1,279.77,4,1,2,7,🌱 Regular Buyers
15557,28,1,468.90999999999997,4,1,2,7,🌱 Regular Buyers
15561,11,4,800.59,5,4,3,12,💎 Champions
15562,351,1,134.55,1,1,1,3,⚠️ At Risk / Lost
15563,21,4,1400.44,4,4,4,12,💎 Champions
15565,49,2,173.16,3,3,1,7,🌱 Regular Buyers
15567,18,1,186.01,4,1,1,6,🌱 Regular Buyers
15568,2,3,758.29,5,3,3,11,💼 Loyal Customers
15569,103,5,1375.71,2,4,4,10,💼 Loyal Customers
15570,6,12,4148.82,5,5,5,15,💎 Champions
15571,11,4,650.43,5,4,3,12,💎 Champions
15572,4,7,2533.42,5,5,5,15,💎 Champions
15573,31,2,591.19,4,3,3,10,💼 Loyal Customers
15574,177,4,675.64,2,4,3,9,💼 Loyal Customers
15576,37,1,921.37,3,1,3,7,🌱 Regular Buyers
15577,150,3,258.88,2,3,2,7,🌱 Regular Buyers
15578,161,1,127.10000000000001,2,1,1,4,⚠️ At Risk / Lost
15579,68,2,327.6,3,3,2,8,🌱 Regular Buyers
15581,120,13,3675.77,2,5,5,12,💎 Champions
15582,24,3,682.91,4,3,3,10,💼 Loyal Customers
15584,23,4,720.86,4,4,3,11,💼 Loyal Customers
15585,176,1,455.3,2,1,2,5,⚠️ At Risk / Lost
15587,49,4,913.6800000000001,3,4,3,10,💼 Loyal Customers
15589,255,3,478.53,1,3,2,6,🌱 Regular Buyers
15592,46,1,388.58,3,1,2,6,🌱 Regular Buyers
15593,70,1,199.8,3,1,1,5,⚠️ At Risk / Lost
15594,15,5,1771.78,4,4,4,12,💎 Champions
15596,100,5,1406.59,2,4,4,10,💼 Loyal Customers
15597,34,1,324.57,3,1,2,6,🌱 Regular Buyers
15598,52,1,240.68,3,1,1,5,⚠️ At Risk / Lost
15599,26,2,761.74,4,3,3,10,💼 Loyal Customers
15601,10,14,6776.56,5,5,5,15,💎 Champions
15602,7,9,1297.87,5,5,4,14,💎 Champions
15603,78,1,48.480000000000004,2,1,1,4,⚠️ At Risk / Lost
15604,51,1,216.39,3,1,1,5,⚠️ At Risk / Lost
15605,35,5,1198.23,3,4,4,11,💼 Loyal Customers
15606,60,9,2920.16,3,5,5,13,💎 Champions
15607,336,1,104.75999999999999,1,1,1,3,⚠️ At Risk / Lost
15608,27,4,1093.68,4,4,4,12,💎 Champions
15609,183,1,298.48,1,1,2,4,⚠️ At Risk / Lost
15610,51,1,112.46000000000001,3,1,1,5,⚠️ At Risk / Lost
15611,9,13,1591.45,5,5,4,14,💎 Champions
15612,35,2,195.15,3,3,1,7,🌱 Regular Buyers
15615,9,23,10399.74,5,5,5,15,💎 Champions
15618,32,4,776.85,4,4,3,11,💼 Loyal Customers
15619,10,1,336.4,5,1,2,8,🌱 Regular Buyers
15620,56,3,1553.18,3,3,4,10,💼 Loyal Customers
15621,3,4,1293.03,5,4,4,13,💎 Champions
15622,42,9,3709.56,3,5,5,13,💎 Champions
15623,140,1,301.03,2,1,2,5,⚠️ At Risk / Lost
15624,116,4,588.13,2,4,3,9,💼 Loyal Customers
15625,103,4,1534.26,2,4,4,10,💼 Loyal Customers
15626,74,2,675.8,2,3,3,8,🌱 Regular Buyers
15628,4,9,2870.24,5,5,5,15,💎 Champions
15630,44,2,1186.35,3,3,4,10,💼 Loyal Customers
15632,15,8,3285.31,4,5,5,14,💎 Champions
15634,16,1,243.55,4,1,1,6,🌱 Regular Buyers
15636,89,2,724.76,2,3,3,8,🌱 Regular Buyers
15637,52,1,223.35999999999999,3,1,1,5,⚠️ At Risk / Lost
15639,133,1,425.32,2,1,2,5,⚠️ At Risk / Lost
15640,3,15,12416.11,5,5,5,15,💎 Champions
15641,104,4,1887.2,2,4,4,10,💼 Loyal Customers
15643,191,3,664.0,1,3,3,7,🌱 Regular Buyers
15644,165,4,803.54,2,4,3,9,💼 Loyal Customers
15645,18,1,612.01,4,1,3,8,🌱 Regular Buyers
15646,157,3,447.64,2,3,2,7,🌱 Regular Buyers
15648,203,2,639.5,1,3,3,7,🌱 Regular Buyers
15649,335,2,816.0,1,3,3,7,🌱 Regular Buyers
15651,36,3,646.3,3,3,3,9,💼 Loyal Customers
15652,90,1,337.74,2,1,2,5,⚠️ At Risk / Lost
15653,92,2,877.44,2,3,3,8,🌱 Regular Buyers
15654,8,2,922.53,5,3,3,11,💼 Loyal Customers
15655,242,1,560.67,1,1,3,5,⚠️ At Risk / Lost
15656,44,4,748.5,3,4,3,10,💼 Loyal Customers
15657,22,1,30.0,4,1,1,6,🌱 Regular Buyers
15658,189,5,1024.1,1,4,4,9,💼 Loyal Customers
15659,43,1,306.45,3,1,2,6,🌱 Regular Buyers
15660,24,9,1600.86,4,5,4,13,💎 Champions
15661,316,2,309.8,1,3,2,6,🌱 Regular Buyers
15663,105,1,138.14,2,1,1,4,⚠️ At Risk / Lost
15664,50,1,386.43,3,1,2,6,🌱 Regular Buyers
15665,167,2,2222.21,2,3,5,10,💼 Loyal Customers
15667,39,1,301.32,3,1,2,6,🌱 Regular Buyers
15668,217,1,76.32,1,1,1,3,⚠️ At Risk / Lost
15669,39,4,684.34,3,4,3,10,💼 Loyal Customers
15670,296,1,173.05,1,1,1,3,⚠️ At Risk / Lost
15671,18,7,2657.13,4,5,5,14,💎 Champions
15673,87,4,2726.23,2,4,5,11,💼 Loyal Customers
15674,72,5,2446.6,2,4,5,11,💼 Loyal Customers
15675,80,3,323.69,2,3,2,7,🌱 Regular Buyers
15676,18,3,3435.7599999999998,4,3,5,12,💎 Champions
15677,48,1,657.23,3,1,3,7,🌱 Regular Buyers
15678,52,1,352.7,3,1,2,6,🌱 Regular Buyers
15679,23,4,781.28,4,4,3,11,💼 Loyal Customers
15680,8,3,1333.68,5,3,4,12,💎 Champions
15681,24,5,1426.16,4,4,4,12,💎 Champions
15683,116,1,193.75,2,1,1,4,⚠️ At Risk / Lost
15687,8,9,2993.1,5,5,5,15,💎 Champions
15689,119,2,254.1,2,3,2,7,🌱 Regular Buyers
15690,3,2,239.76,5,3,1,9,💼 Loyal Customers
15691,251,1,136.8,1,1,1,3,⚠️ At Risk / Lost
15692,27,1,191.04,4,1,1,6,🌱 Regular Buyers
15694,0,14,6479.4,5,5,5,15,💎 Champions
15695,266,2,409.98,1,3,2,6,🌱 Regular Buyers
15696,32,8,2711.11,4,5,5,14,💎 Champions
15699,17,1,309.65,4,1,2,7,🌱 Regular Buyers
15700,171,2,696.68,2,3,3,8,🌱 Regular Buyers
15701,1,4,1529.0,5,4,4,13,💎 Champions
15703,264,1,211.5,1,1,1,3,⚠️ At Risk / Lost
15704,139,4,2293.62,2,4,5,11,💼 Loyal Customers
15705,200,1,143.1,1,1,1,3,⚠️ At Risk / Lost
15706,63,4,1060.56,3,4,4,11,💼 Loyal Customers
15707,34,4,916.98,3,4,3,10,💼 Loyal Customers
15708,40,7,3235.25,3,5,5,13,💎 Champions
15709,283,1,133.25,1,1,1,3,⚠️ At Risk / Lost
15712,8,5,1072.36,5,4,4,13,💎 Champions
15713,142,2,356.7,2,3,2,7,🌱 Regular Buyers
15714,11,2,330.03,5,3,2,10,💼 Loyal Customers
15716,145,4,1101.11,2,4,4,10,💼 Loyal Customers
15717,233,1,150.3,1,1,1,3,⚠️ At Risk / Lost
15719,32,13,5030.07,4,5,5,14,💎 Champions
15720,23,1,598.73,4,1,3,8,🌱 Regular Buyers
15721,11,1,471.40000000000003,5,1,2,8,🌱 Regular Buyers
15722,35,5,2211.21,3,4,5,12,💎 Champions
15723,364,1,190.70000000000002,1,1,1,3,⚠️ At Risk / Lost
15724,200,2,218.25,1,3,1,5,⚠️ At Risk / Lost
15725,14,1,415.25,4,1,2,7,🌱 Regular Buyers
15727,16,7,5159.06,4,5,5,14,💎 Champions
15729,212,1,85.0,1,1,1,3,⚠️ At Risk / Lost
15730,65,3,1120.88,3,3,4,10,💼 Loyal Customers
15732,211,2,294.12,1,3,2,6,🌱 Regular Buyers
15733,282,1,162.3,1,1,1,3,⚠️ At Risk / Lost
15734,114,2,1339.45,2,3,4,9,💼 Loyal Customers
15737,14,8,1188.12,4,5,4,13,💎 Champions
15738,18,16,4812.42,4,5,5,14,💎 Champions
15739,65,1,449.12,3,1,2,6,🌱 Regular Buyers
15740,48,1,154.88,3,1,1,5,⚠️ At Risk / Lost
15743,15,4,775.96,4,4,3,11,💼 Loyal Customers
15744,77,1,34.8,2,1,1,4,⚠️ At Risk / Lost
15745,18,4,1094.59,4,4,4,12,💎 Champions
15746,133,1,196.88,2,1,1,4,⚠️ At Risk / Lost
15747,12,3,946.64,5,3,4,12,💎 Champions
15748,39,1,144.35999999999999,3,1,1,5,⚠️ At Risk / Lost
15749,234,3,44534.3,1,3,5,9,💼 Loyal Customers
15750,2,8,2463.05,5,5,5,15,💎 Champions
15752,39,7,2626.6,3,5,5,13,💎 Champions
15753,304,1,79.2,1,1,1,3,⚠️ At Risk / Lost
15754,50,3,458.57,3,3,2,8,🌱 Regular Buyers
15755,9,6,2364.25,5,5,5,15,💎 Champions
15756,60,4,528.01,3,4,3,10,💼 Loyal Customers
15757,65,2,714.42,3,3,3,9,💼 Loyal Customers
15758,24,1,205.25,4,2,1,7,🌱 Regular Buyers
15759,217,3,253.04,1,3,2,6,🌱 Regular Buyers
15762,64,2,583.75,3,3,3,9,💼 Loyal Customers
15763,31,2,1086.92,4,3,4,11,💼 Loyal Customers
15764,87,6,3279.97,2,5,5,12,💎 Champions
15766,63,1,315.06,3,2,2,7,🌱 Regular Buyers
15768,115,3,621.83,2,4,3,9,💼 Loyal Customers
15769,6,26,56252.72,5,5,5,15,💎 Champions
15773,5,1,635.6800000000001,5,2,3,10,💼 Loyal Customers
15774,68,1,270.8,3,2,2,7,🌱 Regular Buyers
15775,244,1,104.9,1,2,1,4,⚠️ At Risk / Lost
15776,132,1,241.62,2,2,1,5,⚠️ At Risk / Lost
15777,240,4,1047.1100000000001,1,4,4,9,💼 Loyal Customers
15780,183,3,475.28000000000003,1,4,2,7,🌱 Regular Buyers
15781,24,3,345.46,4,4,2,10,💼 Loyal Customers
15782,9,3,2614.74,5,4,5,14,💎 Champions
15783,10,1,246.3,5,2,1,8,🌱 Regular Buyers
15785,32,5,2328.97,4,4,5,13,💎 Champions
15786,45,3,4919.0,3,4,5,12,💎 Champions
15787,25,3,933.26,4,4,3,11,💼 Loyal Customers
15789,357,1,351.3,1,2,2,5,⚠️ At Risk / Lost
15790,9,1,218.75,5,2,1,8,🌱 Regular Buyers
15791,43,2,1612.69,3,3,4,10,💼 Loyal Customers
15793,14,3,965.61,4,4,4,12,💎 Champions
15795,149,1,610.01,2,2,3,7,🌱 Regular Buyers
15796,0,8,2708.61,5,5,5,15,💎 Champions
15797,112,4,2207.4,2,4,5,11,💼 Loyal Customers
15799,75,3,884.14,2,4,3,9,💼 Loyal Customers
15800,106,2,696.89,2,3,3,8,🌱 Regular Buyers
15801,45,3,1063.95,3,4,4,11,💼 Loyal Customers
15802,142,1,451.42,2,2,2,6,🌱 Regular Buyers
15803,50,1,415.82,3,2,2,7,🌱 Regular Buyers
15804,0,13,4206.39,5,5,5,15,💎 Champions
15805,22,17,5488.18,4,5,5,14,💎 Champions
15806,45,3,784.58,3,4,3,10,💼 Loyal Customers
15807,49,3,903.9,3,4,3,10,💼 Loyal Customers
15808,305,4,3651.27,1,4,5,10,💼 Loyal Customers
15809,35,5,515.77,3,4,3,10,💼 Loyal Customers
15810,78,4,1391.98,2,4,4,10,💼 Loyal Customers
15811,21,6,2218.62,4,5,5,14,💎 Champions
15812,106,5,1801.14,2,4,4,10,💼 Loyal Customers
15813,207,2,1303.91,1,3,4,8,🌱 Regular Buyers
15814,16,4,1945.33,4,4,4,12,💎 Champions
15815,63,5,2100.6,3,4,5,12,💎 Champions
15819,48,4,1905.45,3,4,4,11,💼 Loyal Customers
15820,319,1,206.98,1,2,1,4,⚠️ At Risk / Lost
15821,43,2,570.96,3,3,3,9,💼 Loyal Customers
15822,2,2,885.47,5,3,3,11,💼 Loyal Customers
15823,371,1,15.0,1,2,1,4,⚠️ At Risk / Lost
15825,171,1,532.94,2,2,3,7,🌱 Regular Buyers
15826,55,3,1654.31,3,4,4,11,💼 Loyal Customers
15827,72,14,1836.09,2,5,4,11,💼 Loyal Customers
15829,98,2,636.14,2,3,3,8,🌱 Regular Buyers
15830,37,1,576.0,3,2,3,8,🌱 Regular Buyers
15831,57,3,794.64,3,4,3,10,💼 Loyal Customers
15832,253,1,836.79,1,2,3,6,🌱 Regular Buyers
15834,69,4,2225.15,3,4,5,12,💎 Champions
15835,43,4,954.09,3,4,4,11,💼 Loyal Customers
15836,49,1,137.37,3,2,1,6,🌱 Regular Buyers
15837,64,1,391.98,3,2,2,7,🌱 Regular Buyers
15838,10,19,33643.08,5,5,5,15,💎 Champions
15839,32,3,1048.49,4,4,4,12,💎 Champions
15840,58,2,355.56,3,3,2,8,🌱 Regular Buyers
15841,72,4,1224.06,2,4,4,10,💼 Loyal Customers
15843,303,1,118.95,1,2,1,4,⚠️ At Risk / Lost
15844,45,1,130.74,3,2,1,6,🌱 Regular Buyers
15845,17,8,3711.77,4,5,5,14,💎 Champions
15847,37,2,389.27,3,3,2,8,🌱 Regular Buyers
15850,18,2,234.88,4,3,1,8,🌱 Regular Buyers
15852,186,2,160.71,1,3,1,5,⚠️ At Risk / Lost
15853,51,1,110.8,3,2,1,6,🌱 Regular Buyers
15854,3,12,2969.12,5,5,5,15,💎 Champions
15855,136,5,712.24,2,4,3,9,💼 Loyal Customers
15856,3,27,16143.64,5,5,5,15,💎 Champions
15857,18,1,297.0,4,2,2,8,🌱 Regular Buyers
15858,15,5,1427.57,4,4,4,12,💎 Champions
15860,40,8,965.16,3,5,4,12,💎 Champions
15861,11,8,3146.92,5,5,5,15,💎 Champions
15862,7,4,832.88,5,4,3,12,💎 Champions
15863,25,2,68.84,4,3,1,8,🌱 Regular Buyers
15864,21,6,1936.32,4,5,4,13,💎 Champions
15865,40,3,895.13,3,4,3,10,💼 Loyal Customers
15866,100,1,211.89,2,2,1,5,⚠️ At Risk / Lost
15867,4,15,3810.14,5,5,5,15,💎 Champions
15869,276,2,149.64,1,3,1,5,⚠️ At Risk / Lost
15870,32,1,351.44,4,2,2,8,🌱 Regular Buyers
15872,14,2,316.25,4,3,2,9,💼 Loyal Customers
15874,63,7,4405.88,3,5,5,13,💎 Champions
15877,1,2,490.33,5,3,3,11,💼 Loyal Customers
15880,368,1,329.03,1,2,2,5,⚠️ At Risk / Lost
15881,311,5,501.39,1,4,3,8,🌱 Regular Buyers
15882,198,4,516.36,1,4,3,8,🌱 Regular Buyers
15883,1,2,396.48,5,3,2,10,💼 Loyal Customers
15885,92,3,379.35,2,4,2,8,🌱 Regular Buyers
15886,59,1,181.09,3,2,1,6,🌱 Regular Buyers
15888,80,1,168.31,2,2,1,5,⚠️ At Risk / Lost
15889,156,2,420.07,2,3,2,7,🌱 Regular Buyers
15891,226,1,511.68,1,2,3,6,🌱 Regular Buyers
15894,252,2,258.25,1,3,2,6,🌱 Regular Buyers
15895,149,1,179.17,2,2,1,5,⚠️ At Risk / Lost
15897,193,2,208.59,1,3,1,5,⚠️ At Risk / Lost
15898,0,5,1383.83,5,4,4,13,💎 Champions
15899,368,1,56.25,1,2,1,4,⚠️ At Risk / Lost
15900,23,1,337.28,4,2,2,8,🌱 Regular Buyers
15901,16,3,351.73,4,4,2,10,💼 Loyal Customers
15903,9,7,5126.76,5,5,5,15,💎 Champions
15904,7,1,164.68,5,2,1,8,🌱 Regular Buyers
15906,19,7,1567.69,4,5,4,13,💎 Champions
15907,3,3,882.72,5,4,3,12,💎 Champions
15909,173,1,191.94,2,2,1,5,⚠️ At Risk / Lost
15910,0,8,1228.88,5,5,4,14,💎 Champions
15912,177,2,264.62,2,3,2,7,🌱 Regular Buyers
15916,15,8,1502.86,4,5,4,13,💎 Champions
15917,247,1,123.1,1,2,1,4,⚠️ At Risk / Lost
15918,190,2,334.23,1,3,2,6,🌱 Regular Buyers
15919,19,2,525.69,4,3,3,10,💼 Loyal Customers
15920,153,4,167.5,2,4,1,7,🌱 Regular Buyers
15921,172,1,323.03000000000003,2,2,2,6,🌱 Regular Buyers
15922,372,1,369.5,1,2,2,5,⚠️ At Risk / Lost
15923,372,1,127.08,1,2,1,4,⚠️ At Risk / Lost
15925,193,1,207.15,1,2,1,4,⚠️ At Risk / Lost
15930,66,1,426.63,3,2,2,7,🌱 Regular Buyers
15932,3,8,2495.87,5,5,5,15,💎 Champions
15933,20,3,1107.46,4,4,4,12,💎 Champions
15935,238,2,416.86,1,3,2,6,🌱 Regular Buyers
15937,63,1,145.35,3,2,1,6,🌱 Regular Buyers
15938,111,5,404.58,2,4,2,8,🌱 Regular Buyers
15939,89,15,6115.01,2,5,5,12,💎 Champions
15940,310,1,35.8,1,2,1,4,⚠️ At Risk / Lost
15942,133,1,337.44,2,2,2,6,🌱 Regular Buyers
15944,276,1,325.1,1,2,2,5,⚠️ At Risk / Lost
15945,364,1,181.0,1,2,1,4,⚠️ At Risk / Lost
15947,82,1,1708.24,2,2,4,8,🌱 Regular Buyers
15948,7,2,955.24,5,3,4,12,💎 Champions
15949,16,2,364.71999999999997,4,3,2,9,💼 Loyal Customers
15950,31,4,1744.71,4,4,4,12,💎 Champions
15951,8,2,708.22,5,3,3,11,💼 Loyal Customers
15952,33,4,781.91,3,4,3,10,💼 Loyal Customers
15953,14,8,1657.28,4,5,4,13,💎 Champions
15955,23,14,4416.26,4,5,5,14,💎 Champions
15957,31,1,428.89,4,2,2,8,🌱 Regular Buyers
15958,73,1,104.35000000000001,2,2,1,5,⚠️ At Risk / Lost
15963,19,2,470.76,4,3,2,9,💼 Loyal Customers
15965,16,4,808.87,4,4,3,11,💼 Loyal Customers
15967,22,2,397.68,4,3,2,9,💼 Loyal Customers
15969,2,3,666.1,5,4,3,12,💎 Champions
15970,303,1,314.09999999999997,1,2,2,5,⚠️ At Risk / Lost
15971,17,12,4199.85,4,5,5,14,💎 Champions
15973,366,1,307.82,1,2,2,5,⚠️ At Risk / Lost
15974,38,7,3442.15,3,5,5,13,💎 Champions
15975,83,1,371.01,2,2,2,6,🌱 Regular Buyers
15976,164,2,427.64,2,3,2,7,🌱 Regular Buyers
15977,16,2,1054.73,4,3,4,11,💼 Loyal Customers
15978,76,1,1098.78,2,2,4,8,🌱 Regular Buyers
15980,88,3,2398.86,2,4,5,11,💼 Loyal Customers
15981,24,8,3408.48,4,5,5,14,💎 Champions
15983,21,4,1465.1200000000001,4,4,4,12,💎 Champions
15984,2,10,2780.63,5,5,5,15,💎 Champions
15985,122,2,1142.42,2,3,4,9,💼 Loyal Customers
15986,29,1,168.12,4,2,1,7,🌱 Regular Buyers
15987,11,7,1432.77,5,5,4,14,💎 Champions
15988,18,1,156.78,4,2,1,7,🌱 Regular Buyers
15990,43,2,792.11,3,3,3,9,💼 Loyal Customers
15992,3,1,41.989999999999995,5,2,1,8,🌱 Regular Buyers
15993,8,7,2777.67,5,5,5,15,💎 Champions
15994,54,1,414.27,3,2,2,7,🌱 Regular Buyers
15996,87,6,1032.58,2,5,4,11,💼 Loyal Customers
15998,36,5,3080.22,3,4,5,12,💎 Champions
16000,2,3,12393.7,5,4,5,14,💎 Champions
16003,29,5,2735.37,4,4,5,13,💎 Champions
16005,11,4,578.71,5,4,3,12,💎 Champions
16006,210,1,101.4,1,2,1,4,⚠️ At Risk / Lost
16007,47,4,1693.81,3,4,4,11,💼 Loyal Customers
16008,23,3,478.78,4,4,2,10,💼 Loyal Customers
16009,21,4,972.11,4,4,4,12,💎 Champions
16010,245,3,392.4,1,4,2,7,🌱 Regular Buyers
16011,7,16,3352.96,5,5,5,15,💎 Champions
16012,34,3,1415.29,3,4,4,11,💼 Loyal Customers
16013,3,47,37130.6,5,5,5,15,💎 Champions
16014,37,3,646.83,3,4,3,10,💼 Loyal Customers
16015,3,3,704.55,5,4,3,12,💎 Champions
16016,2,8,1465.51,5,5,4,14,💎 Champions
16017,46,1,211.88,3,2,1,6,🌱 Regular Buyers
16018,38,2,408.9,3,3,2,8,🌱 Regular Buyers
16019,46,9,3786.24,3,5,5,13,💎 Champions
16020,16,3,851.01,4,4,3,11,💼 Loyal Customers
16022,259,1,602.63,1,2,3,6,🌱 Regular Buyers
16023,45,3,719.81,3,4,3,10,💼 Loyal Customers
16024,11,1,251.03,5,2,2,9,💼 Loyal Customers
16025,29,1,439.65999999999997,4,2,2,8,🌱 Regular Buyers
16026,42,1,236.09,3,2,1,6,🌱 Regular Buyers
16027,91,6,934.62,2,5,4,11,💼 Loyal Customers
16029,38,63,80850.84,3,5,5,13,💎 Champions
16030,309,1,331.24,1,2,2,5,⚠️ At Risk / Lost
16031,91,2,547.9,2,3,3,8,🌱 Regular Buyers
16033,5,20,8778.82,5,5,5,15,💎 Champions
16034,195,3,437.70000000000005,1,4,2,7,🌱 Regular Buyers
16036,86,2,758.9200000000001,2,3,3,8,🌱 Regular Buyers
16037,269,3,855.02,1,4,3,8,🌱 Regular Buyers
16038,7,3,471.78,5,4,2,11,💼 Loyal Customers
16040,64,3,1313.55,3,4,4,11,💼 Loyal Customers
16041,30,3,3166.4,4,4,5,13,💎 Champions
16042,21,5,1177.47,4,4,4,12,💎 Champions
16043,37,4,773.99,3,4,3,10,💼 Loyal Customers
16045,119,4,1340.7,2,4,4,10,💼 Loyal Customers
16048,372,2,256.44,1,3,2,6,🌱 Regular Buyers
16049,39,3,1074.81,3,4,4,11,💼 Loyal Customers
16050,173,1,137.9,2,2,1,5,⚠️ At Risk / Lost
16052,53,1,362.06,3,2,2,7,🌱 Regular Buyers
16053,32,2,1511.95,4,3,4,11,💼 Loyal Customers
16054,144,1,783.9,2,2,3,7,🌱 Regular Buyers
16055,220,1,134.8,1,2,1,4,⚠️ At Risk / Lost
16056,44,1,650.75,3,2,3,8,🌱 Regular Buyers
16057,15,7,2263.12,4,5,5,14,💎 Champions
16059,65,6,1453.16,3,5,4,12,💎 Champions
16062,9,4,1153.62,5,4,4,13,💎 Champions
16063,259,1,335.32,1,2,2,5,⚠️ At Risk / Lost
16065,364,1,367.14,1,2,2,5,⚠️ At Risk / Lost
16066,16,5,1521.04,4,4,4,12,💎 Champions
16070,21,2,852.15,4,3,3,10,💼 Loyal Customers
16071,44,1,326.24,3,2,2,7,🌱 Regular Buyers
16072,287,1,584.3199999999999,1,2,3,6,🌱 Regular Buyers
16073,296,1,122.4,1,2,1,4,⚠️ At Risk / Lost
16076,2,10,2234.73,5,5,5,15,💎 Champions
16078,283,1,79.2,1,2,1,4,⚠️ At Risk / Lost
16079,16,3,1352.0,4,4,4,12,💎 Champions
16080,81,2,217.16,2,3,1,6,🌱 Regular Buyers
16081,55,5,2799.42,3,4,5,12,💎 Champions
16083,100,2,1317.6200000000001,2,3,4,9,💼 Loyal Customers
16084,298,1,436.18,1,2,2,5,⚠️ At Risk / Lost
16085,22,5,981.51,4,4,4,12,💎 Champions
16086,58,5,1121.39,3,4,4,11,💼 Loyal Customers
16091,154,2,315.06,2,3,2,7,🌱 Regular Buyers
16092,114,3,817.86,2,4,3,9,💼 Loyal Customers
16093,106,1,17.0,2,2,1,5,⚠️ At Risk / Lost
16094,11,4,1078.23,5,4,4,13,💎 Champions
16096,263,1,320.62,1,2,2,5,⚠️ At Risk / Lost
16097,239,1,185.04999999999998,1,2,1,4,⚠️ At Risk / Lost
16098,87,7,2005.6299999999999,2,5,4,11,💼 Loyal Customers
16099,49,3,731.9,3,4,3,10,💼 Loyal Customers
16101,70,1,1290.7,3,2,4,9,💼 Loyal Customers
16102,41,3,1842.14,3,4,4,11,💼 Loyal Customers
16103,6,6,1429.64,5,5,4,14,💎 Champions
16104,61,1,298.21000000000004,3,2,2,7,🌱 Regular Buyers
16105,248,1,336.96,1,2,2,5,⚠️ At Risk / Lost
16106,65,1,108.38,3,2,1,6,🌱 Regular Buyers
16107,17,7,3204.16,4,5,5,14,💎 Champions
16108,84,1,842.5,2,2,3,7,🌱 Regular Buyers
16109,218,2,611.88,1,3,3,7,🌱 Regular Buyers
16110,44,3,1320.95,3,4,4,11,💼 Loyal Customers
16112,142,4,195.74,2,4,1,7,🌱 Regular Buyers
16113,182,1,161.38,1,2,1,4,⚠️ At Risk / Lost
16114,170,1,135.75,2,2,1,5,⚠️ At Risk / Lost
16115,9,8,1660.8799999999999,5,5,4,14,💎 Champions
16116,211,1,612.78,1,2,3,6,🌱 Regular Buyers
16117,189,1,232.21,1,2,1,4,⚠️ At Risk / Lost
16119,7,2,423.36,5,3,2,10,💼 Loyal Customers
16120,58,4,1309.14,3,4,4,11,💼 Loyal Customers
16121,56,2,854.66,3,3,3,9,💼 Loyal Customers
16122,72,4,684.42,2,4,3,9,💼 Loyal Customers
16123,51,1,307.78,3,2,2,7,🌱 Regular Buyers
16124,316,1,249.0,1,2,1,4,⚠️ At Risk / Lost
16125,366,1,289.35,1,2,2,5,⚠️ At Risk / Lost
16126,28,4,6287.77,4,4,5,13,💎 Champions
16127,38,1,656.25,3,2,3,8,🌱 Regular Buyers
16128,17,5,1880.22,4,4,4,12,💎 Champions
16131,51,6,3506.54,3,5,5,13,💎 Champions
16133,3,33,14589.039999999999,5,5,5,15,💎 Champions
16134,21,2,618.09,4,3,3,10,💼 Loyal Customers
16135,262,1,517.55,1,2,3,6,🌱 Regular Buyers
16136,59,3,709.38,3,4,3,10,💼 Loyal Customers
16139,18,3,635.41,4,4,3,11,💼 Loyal Customers
16140,65,2,725.1800000000001,3,3,3,9,💼 Loyal Customers
16141,87,1,620.4,2,2,3,7,🌱 Regular Buyers
16142,249,1,535.34,1,2,3,6,🌱 Regular Buyers
16143,2,6,2424.94,5,5,5,15,💎 Champions
16144,246,1,175.2,1,2,1,4,⚠️ At Risk / Lost
16145,8,11,3799.49,5,5,5,15,💎 Champions
16146,156,3,734.13,2,4,3,9,💼 Loyal Customers
16147,133,1,375.0,2,2,2,6,🌱 Regular Buyers
16148,295,1,76.32,1,2,1,4,⚠️ At Risk / Lost
16149,4,2,280.52,5,3,2,10,💼 Loyal Customers
16150,42,5,2053.02,3,4,4,11,💼 Loyal Customers
16152,268,1,1829.04,1,2,4,7,🌱 Regular Buyers
16153,49,5,1824.23,3,4,4,11,💼 Loyal Customers
16156,8,9,3092.04,5,5,5,15,💎 Champions
16157,15,3,656.6899999999999,4,4,3,11,💼 Loyal Customers
16159,281,1,348.2,1,2,2,5,⚠️ At Risk / Lost
16160,64,2,1025.44,3,3,4,10,💼 Loyal Customers
16161,1,19,5533.67,5,5,5,15,💎 Champions
16162,251,1,37.4,1,2,1,4,⚠️ At Risk / Lost
16163,231,2,856.6,1,3,3,7,🌱 Regular Buyers
16164,16,3,822.48,4,4,3,11,💼 Loyal Customers
16168,10,27,3787.6,5,5,5,15,💎 Champions
16169,7,4,1822.97,5,4,4,13,💎 Champions
16170,50,6,1885.05,3,5,4,12,💎 Champions
16171,58,1,73.19999999999999,3,2,1,6,🌱 Regular Buyers
16172,94,5,1140.21,2,4,4,10,💼 Loyal Customers
16173,15,6,1418.32,4,5,4,13,💎 Champions
16174,125,3,1009.55,2,4,4,10,💼 Loyal Customers
16175,93,4,1037.59,2,4,4,10,💼 Loyal Customers
16177,49,1,331.95,3,2,2,7,🌱 Regular Buyers
16178,137,1,197.9,2,2,1,5,⚠️ At Risk / Lost
16179,60,1,215.83,3,2,1,6,🌱 Regular Buyers
16180,99,8,10254.18,2,5,5,12,💎 Champions
16181,72,1,305.54,2,2,2,6,🌱 Regular Buyers
16182,71,4,6617.65,3,4,5,12,💎 Champions
16183,66,1,338.71000000000004,3,2,2,7,🌱 Regular Buyers
16184,63,6,1158.79,3,5,4,12,💎 Champions
16185,16,2,529.41,4,3,3,10,💼 Loyal Customers
16186,22,12,4006.94,4,5,5,14,💎 Champions
16187,31,15,6911.44,4,5,5,14,💎 Champions
16188,44,4,981.86,3,4,4,11,💼 Loyal Customers
16189,15,2,215.48,4,3,1,8,🌱 Regular Buyers
16190,39,1,215.07999999999998,3,2,1,6,🌱 Regular Buyers
16191,2,13,5180.5199999999995,5,5,5,15,💎 Champions
16193,236,1,314.45,1,2,2,5,⚠️ At Risk / Lost
16198,74,1,400.68,2,2,2,6,🌱 Regular Buyers
16200,3,2,1068.8700000000001,5,3,4,12,💎 Champions
16201,2,4,1863.47,5,4,4,13,💎 Champions
16202,360,1,365.27,1,2,2,5,⚠️ At Risk / Lost
16203,58,4,592.9,3,4,3,10,💼 Loyal Customers
16204,22,1,384.18,4,2,2,8,🌱 Regular Buyers
16205,30,4,757.63,4,4,3,11,💼 Loyal Customers
16206,54,4,537.06,3,4,3,10,💼 Loyal Customers
16207,24,1,394.38,4,2,2,8,🌱 Regular Buyers
16208,44,2,664.26,3,3,3,9,💼 Loyal Customers
16209,88,5,2262.62,2,4,5,11,💼 Loyal Customers
16210,1,18,21086.3,5,5,5,15,💎 Champions
16211,88,1,547.02,2,2,3,7,🌱 Regular Buyers
16212,18,2,690.34,4,3,3,10,💼 Loyal Customers
16213,78,1,159.0,2,2,1,5,⚠️ At Risk / Lost
16214,170,3,1062.75,2,4,4,10,💼 Loyal Customers
16215,80,1,242.35,2,2,1,5,⚠️ At Risk / Lost
16216,266,1,914.9300000000001,1,2,3,6,🌱 Regular Buyers
16217,234,2,304.25,1,3,2,6,🌱 Regular Buyers
16218,29,7,3084.68,4,5,5,14,💎 Champions
16221,36,3,860.86,3,4,3,10,💼 Loyal Customers
16222,317,1,773.55,1,2,3,6,🌱 Regular Buyers
16224,56,4,1295.3,3,4,4,11,💼 Loyal Customers
16225,44,5,1096.32,3,4,4,11,💼 Loyal Customers
16226,202,3,255.12,1,4,2,7,🌱 Regular Buyers
16227,224,1,314.22,1,2,2,5,⚠️ At Risk / Lost
16229,86,2,1010.6,2,3,4,9,💼 Loyal Customers
16230,189,2,542.03,1,3,3,7,🌱 Regular Buyers
16232,43,4,990.88,3,4,4,11,💼 Loyal Customers
16233,70,3,536.68,3,4,3,10,💼 Loyal Customers
16235,40,5,867.31,3,4,3,10,💼 Loyal Customers
16236,77,1,432.2,2,2,2,6,🌱 Regular Buyers
16239,56,2,414.2,3,3,2,8,🌱 Regular Buyers
16240,23,2,3718.8,4,3,5,12,💎 Champions
16241,9,13,2590.31,5,5,5,15,💎 Champions
16242,7,7,3579.86,5,5,5,15,💎 Champions
16243,33,2,409.1,3,3,2,8,🌱 Regular Buyers
16244,211,2,1522.75,1,3,4,8,🌱 Regular Buyers
16245,23,3,1413.66,4,4,4,12,💎 Champions
16247,169,1,114.56,2,2,1,5,⚠️ At Risk / Lost
16248,61,1,152.94,3,2,1,6,🌱 Regular Buyers
16249,52,5,1800.07,3,4,4,11,💼 Loyal Customers
16250,260,2,389.44,1,3,2,6,🌱 Regular Buyers
16253,66,2,3683.86,3,3,5,11,💼 Loyal Customers
16255,16,8,2619.91,4,5,5,14,💎 Champions
16256,266,1,752.4300000000001,1,2,3,6,🌱 Regular Buyers
16257,176,1,46.95,2,2,1,5,⚠️ At Risk / Lost
16258,44,5,5203.51,3,4,5,12,💎 Champions
16260,50,1,1035.45,3,2,4,9,💼 Loyal Customers
16261,16,4,728.54,4,4,3,11,💼 Loyal Customers
16265,8,9,5447.0,5,5,5,15,💎 Champions
16266,73,7,861.89,2,5,3,10,💼 Loyal Customers
16268,70,2,667.65,3,3,3,9,💼 Loyal Customers
16270,352,1,1141.24,1,2,4,7,🌱 Regular Buyers
16271,2,5,1404.64,5,4,4,13,💎 Champions
16272,116,1,411.7,2,2,2,6,🌱 Regular Buyers
16274,372,1,351.75,1,2,2,5,⚠️ At Risk / Lost
16275,196,1,559.87,1,2,3,6,🌱 Regular Buyers
16276,176,1,810.5999999999999,2,2,3,7,🌱 Regular Buyers
16278,99,1,566.38,2,2,3,7,🌱 Regular Buyers
16279,20,3,1502.78,4,4,4,12,💎 Champions
16281,71,1,2062.06,3,2,5,10,💼 Loyal Customers
16282,339,1,168.3,1,2,1,4,⚠️ At Risk / Lost
16283,5,5,1570.81,5,4,4,13,💎 Champions
16284,30,2,812.68,4,3,3,10,💼 Loyal Customers
16287,169,1,142.5,2,2,1,5,⚠️ At Risk / Lost
16292,121,1,302.25,2,2,2,6,🌱 Regular Buyers
16293,21,10,2248.99,4,5,5,14,💎 Champions
16295,9,4,1328.55,5,4,4,13,💎 Champions
16297,268,1,301.9,1,2,2,5,⚠️ At Risk / Lost
16298,22,3,598.2,4,4,3,11,💼 Loyal Customers
16302,126,1,233.22,2,2,1,5,⚠️ At Risk / Lost
16303,25,3,5360.63,4,4,5,13,💎 Champions
16305,138,1,361.22,2,2,2,6,🌱 Regular Buyers
16306,213,6,632.27,1,5,3,9,💼 Loyal Customers
16308,37,4,2560.0,3,4,5,12,💎 Champions
16309,105,2,706.57,2,3,3,8,🌱 Regular Buyers
16311,17,2,616.26,4,3,3,10,💼 Loyal Customers
16313,2,2,274.15,5,3,2,10,💼 Loyal Customers
16315,330,1,226.37,1,2,1,4,⚠️ At Risk / Lost
16316,63,8,2938.91,3,5,5,13,💎 Champions
16317,119,3,1341.65,2,4,4,10,💼 Loyal Customers
16318,34,1,328.15,3,2,2,7,🌱 Regular Buyers
16319,217,1,404.40000000000003,1,2,2,5,⚠️ At Risk / Lost
16320,171,2,1038.46,2,3,4,9,💼 Loyal Customers
16321,71,5,373.65,3,4,2,9,💼 Loyal Customers
16322,0,2,326.75,5,3,2,10,💼 Loyal Customers
16323,195,1,207.5,1,2,1,4,⚠️ At Risk / Lost
16324,127,3,408.59,2,4,2,8,🌱 Regular Buyers
16325,46,3,594.24,3,4,3,10,💼 Loyal Customers
16326,5,14,3039.22,5,5,5,15,💎 Champions
16327,13,6,3820.27,4,5,5,14,💎 Champions
16330,17,3,251.91,4,4,2,10,💼 Loyal Customers
16332,27,7,1582.8,4,5,4,13,💎 Champions
16333,7,22,26626.8,5,5,5,15,💎 Champions
16337,36,1,151.05,3,2,1,6,🌱 Regular Buyers
16338,156,1,214.8,2,2,1,5,⚠️ At Risk / Lost
16339,283,1,94.05,1,2,1,4,⚠️ At Risk / Lost
16340,106,1,534.31,2,2,3,7,🌱 Regular Buyers
16341,24,4,1971.87,4,4,4,12,💎 Champions
16342,74,4,322.41,2,4,2,8,🌱 Regular Buyers
16343,15,2,328.58,4,3,2,9,💼 Loyal Customers
16344,157,1,101.10000000000001,2,2,1,5,⚠️ At Risk / Lost
16345,43,1,565.46,3,2,3,8,🌱 Regular Buyers
16347,10,2,847.45,5,3,3,11,💼 Loyal Customers
16348,31,7,1415.65,4,5,4,13,💎 Champions
16349,290,1,53.5,1,2,1,4,⚠️ At Risk / Lost
16350,20,4,1116.47,4,4,4,12,💎 Champions
16351,332,1,153.9,1,2,1,4,⚠️ At Risk / Lost
16352,17,2,494.44,4,3,3,10,💼 Loyal Customers
16353,3,23,6675.71,5,5,5,15,💎 Champions
16354,62,2,395.8,3,3,2,8,🌱 Regular Buyers
16356,197,3,211.77,1,4,1,6,🌱 Regular Buyers
16357,32,3,658.88,4,4,3,11,💼 Loyal Customers
16358,0,4,2027.5,5,4,4,13,💎 Champions
16359,6,9,1750.92,5,5,4,14,💎 Champions
16360,4,6,3450.41,5,5,5,15,💎 Champions
16361,9,4,891.21,5,4,3,12,💎 Champions
16362,31,5,709.99,4,4,3,11,💼 Loyal Customers
16363,52,1,109.36,3,2,1,6,🌱 Regular Buyers
16364,11,2,705.79,5,3,3,11,💼 Loyal Customers
16365,17,9,1540.42,4,5,4,13,💎 Champions
16366,18,1,327.3,4,2,2,8,🌱 Regular Buyers
16367,36,2,800.67,3,3,3,9,💼 Loyal Customers
16368,1,2,479.90999999999997,5,3,2,10,💼 Loyal Customers
16369,17,3,1545.41,4,4,4,12,💎 Champions
16370,81,4,1301.91,2,4,4,10,💼 Loyal Customers
16372,32,2,355.73,4,3,2,9,💼 Loyal Customers
16374,65,2,466.73,3,3,2,8,🌱 Regular Buyers
16376,8,2,974.96,5,3,4,12,💎 Champions
16377,266,1,676.2,1,2,3,6,🌱 Regular Buyers
16378,246,3,362.95,1,4,2,7,🌱 Regular Buyers
16379,3,4,2157.4,5,4,5,14,💎 Champions
16380,60,1,1743.15,3,2,4,9,💼 Loyal Customers
16383,74,2,643.76,2,3,3,8,🌱 Regular Buyers
16384,89,2,584.5,2,3,3,8,🌱 Regular Buyers
16385,59,3,554.86,3,4,3,10,💼 Loyal Customers
16386,28,2,302.57,4,3,2,9,💼 Loyal Customers
16387,322,1,94.36,1,2,1,4,⚠️ At Risk / Lost
16389,52,4,1382.07,3,4,4,11,💼 Loyal Customers
16392,269,1,217.89000000000001,1,2,1,4,⚠️ At Risk / Lost
16393,1,13,3040.96,5,5,5,15,💎 Champions
16394,56,5,1555.34,3,4,4,11,💼 Loyal Customers
16395,60,5,1482.06,3,4,4,11,💼 Loyal Customers
16398,153,2,1705.8,2,3,4,9,💼 Loyal Customers
16399,18,2,408.02,4,3,2,9,💼 Loyal Customers
16400,94,1,303.93,2,2,2,6,🌱 Regular Buyers
16401,0,12,4098.32,5,5,5,15,💎 Champions
16402,264,2,293.45,1,3,2,6,🌱 Regular Buyers
16403,311,1,177.5,1,2,1,4,⚠️ At Risk / Lost
16404,69,1,443.05,3,2,2,7,🌱 Regular Buyers
16405,301,2,167.25,1,3,1,5,⚠️ At Risk / Lost
16406,18,1,154.35,4,2,1,7,🌱 Regular Buyers
16407,12,10,2079.68,5,5,5,15,💎 Champions
16409,35,5,2022.98,3,4,4,11,💼 Loyal Customers
16411,18,2,211.7,4,3,1,8,🌱 Regular Buyers
16412,53,1,135.99,3,2,1,6,🌱 Regular Buyers
16413,56,1,262.2,3,2,2,7,🌱 Regular Buyers
16414,21,2,126.25,4,3,1,8,🌱 Regular Buyers
16415,43,1,200.27,3,2,1,6,🌱 Regular Buyers
16416,26,3,1051.4,4,4,4,12,💎 Champions
16418,44,3,631.12,3,4,3,10,💼 Loyal Customers
16419,112,6,958.71,2,5,4,11,💼 Loyal Customers
16422,16,51,34684.4,4,5,5,14,💎 Champions
16423,24,1,346.12,4,2,2,8,🌱 Regular Buyers
16424,190,1,133.56,1,2,1,4,⚠️ At Risk / Lost
16425,301,1,302.7,1,2,2,5,⚠️ At Risk / Lost
16426,1,10,1863.76,5,5,4,14,💎 Champions
16427,262,2,241.06,1,3,1,5,⚠️ At Risk / Lost
16429,105,1,284.55,2,2,2,6,🌱 Regular Buyers
16430,56,1,300.85,3,2,2,7,🌱 Regular Buyers
16431,212,3,623.28,1,4,3,8,🌱 Regular Buyers
16432,63,1,287.4,3,2,2,7,🌱 Regular Buyers
16433,27,1,184.26,4,2,1,7,🌱 Regular Buyers
16434,28,7,1511.8,4,5,4,13,💎 Champions
16438,5,5,798.35,5,4,3,12,💎 Champions
16440,7,5,3640.67,5,4,5,14,💎 Champions
16441,66,2,381.2,3,3,2,8,🌱 Regular Buyers
16442,1,3,609.3,5,4,3,12,💎 Champions
16444,45,4,654.67,3,4,3,10,💼 Loyal Customers
16445,33,1,230.51,3,2,1,6,🌱 Regular Buyers
16446,0,2,168472.5,5,3,5,13,💎 Champions
16447,135,1,255.91,2,2,2,6,🌱 Regular Buyers
16448,197,1,182.99,1,2,1,4,⚠️ At Risk / Lost
16449,197,2,707.69,1,3,3,7,🌱 Regular Buyers
16450,149,1,311.92,2,2,2,6,🌱 Regular Buyers
16451,87,1,266.96999999999997,2,2,2,6,🌱 Regular Buyers
16454,44,2,6.9,3,3,1,7,🌱 Regular Buyers
16455,63,7,1841.18,3,5,4,12,💎 Champions
16456,98,5,2158.18,2,4,5,11,💼 Loyal Customers
16457,217,1,208.35999999999999,1,2,1,4,⚠️ At Risk / Lost
16458,2,18,3482.7400000000002,5,5,5,15,💎 Champions
16460,27,3,811.23,4,4,3,11,💼 Loyal Customers
16461,177,1,142.92,2,2,1,5,⚠️ At Risk / Lost
16462,73,3,136.0,2,4,1,7,🌱 Regular Buyers
16463,20,4,1422.4,4,4,4,12,💎 Champions
16464,19,3,1298.66,4,4,4,12,💎 Champions
16466,33,7,1595.96,3,5,4,12,💎 Champions
16468,73,1,74.9,2,2,1,5,⚠️ At Risk / Lost
16469,23,4,625.42,4,4,3,11,💼 Loyal Customers
16470,51,4,752.77,3,4,3,10,💼 Loyal Customers
16471,274,1,223.95,1,2,1,4,⚠️ At Risk / Lost
16473,164,3,316.11,2,4,2,8,🌱 Regular Buyers
16474,6,7,1810.65,5,5,4,14,💎 Champions
16475,87,4,544.3,2,4,3,9,💼 Loyal Customers
16477,63,7,2494.46,3,5,5,13,💎 Champions
16478,24,3,331.0,4,4,2,10,💼 Loyal Customers
16479,9,2,300.83,5,3,2,10,💼 Loyal Customers
16480,75,1,769.29,2,2,3,7,🌱 Regular Buyers
16482,15,1,220.62,4,2,1,7,🌱 Regular Buyers
16483,191,1,139.35,1,2,1,4,⚠️ At Risk / Lost
16484,173,2,404.3,2,3,2,7,🌱 Regular Buyers
16485,76,1,363.65,2,2,2,6,🌱 Regular Buyers
16488,32,3,498.8,4,4,3,11,💼 Loyal Customers
16491,46,1,731.5,3,2,3,8,🌱 Regular Buyers
16493,79,4,1351.6299999999999,2,4,4,10,💼 Loyal Customers
16494,296,1,826.53,1,2,3,6,🌱 Regular Buyers
16495,2,3,648.26,5,4,3,12,💎 Champions
16496,8,3,1599.52,5,4,4,13,💎 Champions
16497,49,6,2965.69,3,5,5,13,💎 Champions
16498,160,2,100.97,2,3,1,6,🌱 Regular Buyers
16499,359,2,365.45,1,3,2,6,🌱 Regular Buyers
16500,4,6,400.86,5,5,2,12,💎 Champions
16503,106,4,1431.93,2,4,4,10,💼 Loyal Customers
16504,24,1,465.88,4,2,2,8,🌱 Regular Buyers
16505,31,1,777.6,4,2,3,9,💼 Loyal Customers
16506,19,2,90.3,4,3,1,8,🌱 Regular Buyers
16509,296,1,363.7,1,2,2,5,⚠️ At Risk / Lost
16510,371,1,248.1,1,2,1,4,⚠️ At Risk / Lost
16511,21,3,918.33,4,4,3,11,💼 Loyal Customers
16513,4,4,874.59,5,4,3,12,💎 Champions
16515,51,5,1624.14,3,4,4,11,💼 Loyal Customers
16516,29,1,101.69999999999999,4,2,1,7,🌱 Regular Buyers
16517,276,1,162.7,1,2,1,4,⚠️ At Risk / Lost
16518,60,2,484.32,3,3,2,8,🌱 Regular Buyers
16519,24,2,215.08,4,3,1,8,🌱 Regular Buyers
16520,185,3,1046.57,1,4,4,9,💼 Loyal Customers
16523,1,21,9418.47,5,5,5,15,💎 Champions
16525,1,26,13027.45,5,5,5,15,💎 Champions
16526,171,1,290.36,2,2,2,6,🌱 Regular Buyers
16527,80,1,228.06,2,2,1,5,⚠️ At Risk / Lost
16528,3,1,244.41,5,2,1,8,🌱 Regular Buyers
16529,189,1,455.25,1,2,2,5,⚠️ At Risk / Lost
16531,21,7,1244.59,4,5,4,13,💎 Champions
16532,17,3,6748.8,4,4,5,13,💎 Champions
16533,18,3,1082.81,4,4,4,12,💎 Champions
16535,4,1,593.75,5,2,3,10,💼 Loyal Customers
16536,109,1,548.12,2,2,3,7,🌱 Regular Buyers
16539,2,4,1388.81,5,4,4,13,💎 Champions
16542,53,1,119.62,3,2,1,6,🌱 Regular Buyers
16545,164,1,339.3,2,2,2,6,🌱 Regular Buyers
16546,290,2,787.15,1,3,3,7,🌱 Regular Buyers
16549,9,10,4034.9,5,5,5,15,💎 Champions
16550,108,5,2298.97,2,4,5,11,💼 Loyal Customers
16551,95,3,922.12,2,4,3,9,💼 Loyal Customers
16552,242,2,379.73,1,3,2,6,🌱 Regular Buyers
16553,162,12,5719.82,2,5,5,12,💎 Champions
16554,41,3,837.1,3,4,3,10,💼 Loyal Customers
16555,34,2,285.89,3,3,2,8,🌱 Regular Buyers
16556,66,7,3313.79,3,5,5,13,💎 Champions
16557,23,2,281.85,4,3,2,9,💼 Loyal Customers
16558,0,20,8338.49,5,5,5,15,💎 Champions
16560,26,2,841.41,4,3,3,10,💼 Loyal Customers
16561,5,2,511.12,5,3,3,11,💼 Loyal Customers
16563,53,1,1077.74,3,2,4,9,💼 Loyal Customers
16565,363,1,173.7,1,2,1,4,⚠️ At Risk / Lost
16566,14,5,614.66,4,4,3,11,💼 Loyal Customers
16567,193,2,865.6,1,3,3,7,🌱 Regular Buyers
16569,2,1,124.2,5,2,1,8,🌱 Regular Buyers
16570,14,10,3738.4,4,5,5,14,💎 Champions
16571,26,3,1421.69,4,4,4,12,💎 Champions
16572,126,3,1009.6,2,4,4,10,💼 Loyal Customers
16573,84,2,663.61,2,3,3,8,🌱 Regular Buyers
16574,70,1,451.44,3,2,2,7,🌱 Regular Buyers
16581,182,1,105.84,1,2,1,4,⚠️ At Risk / Lost
16582,112,1,313.62,2,2,2,6,🌱 Regular Buyers
16583,373,1,233.45,1,2,1,4,⚠️ At Risk / Lost
16584,79,2,936.08,2,3,4,9,💼 Loyal Customers
16586,248,1,463.95,1,2,2,5,⚠️ At Risk / Lost
16587,231,1,225.15,1,2,1,4,⚠️ At Risk / Lost
16589,70,3,459.24,3,4,2,9,💼 Loyal Customers
16591,68,1,213.5,3,2,1,6,🌱 Regular Buyers
16592,3,16,4113.68,5,5,5,15,💎 Champions
16593,50,3,330.03,3,4,2,9,💼 Loyal Customers
16594,74,1,181.09,2,2,1,5,⚠️ At Risk / Lost
16595,60,1,360.15999999999997,3,2,2,7,🌱 Regular Buyers
16596,15,2,250.15,4,3,2,9,💼 Loyal Customers
16597,3,1,90.03999999999999,5,2,1,8,🌱 Regular Buyers
16598,285,1,145.04999999999998,1,2,1,4,⚠️ At Risk / Lost
16600,3,6,813.52,5,5,3,13,💎 Champions
16601,40,1,242.7,3,2,1,6,🌱 Regular Buyers
16602,35,1,528.08,3,2,3,8,🌱 Regular Buyers
16603,74,2,482.46999999999997,2,3,2,7,🌱 Regular Buyers
16607,17,14,3347.71,4,5,5,14,💎 Champions
16609,14,7,5493.46,4,5,5,14,💎 Champions
16610,218,1,75.66,1,2,1,4,⚠️ At Risk / Lost
16611,185,1,129.49,1,2,1,4,⚠️ At Risk / Lost
16612,32,4,1187.66,4,4,4,12,💎 Champions
16613,69,1,618.59,3,2,3,8,🌱 Regular Buyers
16614,182,1,506.19,1,2,3,6,🌱 Regular Buyers
16616,14,2,500.42,4,3,3,10,💼 Loyal Customers
16617,235,1,151.85,1,2,1,4,⚠️ At Risk / Lost
16618,30,5,2647.59,4,4,5,13,💎 Champions
16619,263,1,226.21,1,2,1,4,⚠️ At Risk / Lost
16620,3,2,178.96,5,3,1,9,💼 Loyal Customers
16621,51,4,813.48,3,4,3,10,💼 Loyal Customers
16623,245,1,129.45,1,2,1,4,⚠️ At Risk / Lost
16624,80,2,810.5699999999999,2,3,3,8,🌱 Regular Buyers
16625,274,1,333.08,1,2,2,5,⚠️ At Risk / Lost
16626,0,17,4413.1,5,5,5,15,💎 Champions
16627,78,1,322.8,2,2,2,6,🌱 Regular Buyers
16628,29,5,2188.05,4,4,5,13,💎 Champions
16629,73,2,408.63,2,3,2,7,🌱 Regular Buyers
16633,16,6,2883.1,4,5,5,14,💎 Champions
16634,222,2,217.9,1,3,1,5,⚠️ At Risk / Lost
16637,31,4,1154.47,4,4,4,12,💎 Champions
16638,22,10,1680.72,4,5,4,13,💎 Champions
16639,30,3,1257.51,4,4,4,12,💎 Champions
16641,105,1,231.1,2,2,1,5,⚠️ At Risk / Lost
16642,4,2,688.33,5,3,3,11,💼 Loyal Customers
16643,245,1,487.51,1,2,2,5,⚠️ At Risk / Lost
16644,177,2,833.78,2,3,3,8,🌱 Regular Buyers
16647,169,2,214.06,2,3,1,6,🌱 Regular Buyers
16648,42,1,290.66,3,2,2,7,🌱 Regular Buyers
16650,71,1,518.42,3,2,3,8,🌱 Regular Buyers
16652,58,7,6773.97,3,5,5,13,💎 Champions
16653,15,2,1212.66,4,3,4,11,💼 Loyal Customers
16654,140,4,601.27,2,4,3,9,💼 Loyal Customers
16655,17,6,3789.52,4,5,5,14,💎 Champions
16656,21,15,8625.8,4,5,5,14,💎 Champions
16657,9,4,874.43,5,4,3,12,💎 Champions
16658,367,1,123.24,1,2,1,4,⚠️ At Risk / Lost
16659,188,1,39.12,1,2,1,4,⚠️ At Risk / Lost
16660,15,4,1267.65,4,4,4,12,💎 Champions
16665,361,1,135.4,1,2,1,4,⚠️ At Risk / Lost
16666,18,1,118.97999999999999,4,2,1,7,🌱 Regular Buyers
16667,67,2,567.1800000000001,3,3,3,9,💼 Loyal Customers
16668,14,6,306.72,4,5,2,11,💼 Loyal Customers
16669,23,3,1348.88,4,4,4,12,💎 Champions
16670,16,11,4095.9,4,5,5,14,💎 Champions
16671,27,3,1692.27,4,4,4,12,💎 Champions
16672,1,20,8134.94,5,5,5,15,💎 Champions
16674,54,2,304.24,3,3,2,8,🌱 Regular Buyers
16676,33,4,1592.12,3,4,4,11,💼 Loyal Customers
16678,2,12,3109.99,5,5,5,15,💎 Champions
16679,365,1,129.75,1,2,1,4,⚠️ At Risk / Lost
16680,42,1,183.7,3,2,1,6,🌱 Regular Buyers
16681,72,6,1770.34,2,5,4,11,💼 Loyal Customers
16682,4,5,1028.0,5,4,4,13,💎 Champions
16684,3,28,66653.56,5,5,5,15,💎 Champions
16685,60,2,324.24,3,3,2,8,🌱 Regular Buyers
16686,46,7,2959.88,3,5,5,13,💎 Champions
16688,0,4,1260.86,5,4,4,13,💎 Champions
16689,75,2,422.6,2,3,2,7,🌱 Regular Buyers
16690,71,2,225.58,3,3,1,7,🌱 Regular Buyers
16692,255,2,1276.0,1,3,4,8,🌱 Regular Buyers
16693,68,2,477.86,3,3,2,8,🌱 Regular Buyers
16696,134,4,657.9,2,4,3,9,💼 Loyal Customers
16697,240,1,112.75,1,2,1,4,⚠️ At Risk / Lost
16698,226,2,1998.0,1,3,4,8,🌱 Regular Buyers
16700,8,13,5076.55,5,5,5,15,💎 Champions
16701,8,13,5398.3,5,5,5,15,💎 Champions
16705,0,20,14034.99,5,5,5,15,💎 Champions
16706,36,3,531.35,3,4,3,10,💼 Loyal Customers
16708,45,1,656.63,3,2,3,8,🌱 Regular Buyers
16709,84,5,3029.87,2,4,5,11,💼 Loyal Customers
16710,18,10,2467.9900000000002,4,5,5,14,💎 Champions
16711,2,5,1651.03,5,4,4,13,💎 Champions
16712,8,11,3611.31,5,5,5,15,💎 Champions
16713,18,15,6910.78,4,5,5,14,💎 Champions
16714,218,3,1129.06,1,4,4,9,💼 Loyal Customers
16715,77,1,301.72,2,2,2,6,🌱 Regular Buyers
16716,266,2,901.2,1,3,3,7,🌱 Regular Buyers
16717,23,6,3843.08,4,5,5,14,💎 Champions
16718,368,1,606.05,1,2,3,6,🌱 Regular Buyers
16719,14,7,1770.22,4,5,4,13,💎 Champions
16720,25,1,152.95,4,2,1,7,🌱 Regular Buyers
16721,261,1,292.47,1,2,2,5,⚠️ At Risk / Lost
16722,16,13,4730.81,4,5,5,14,💎 Champions
16723,90,2,576.4,2,3,3,8,🌱 Regular Buyers
16725,301,7,758.27,1,5,3,9,💼 Loyal Customers
16726,25,5,1358.74,4,4,4,12,💎 Champions
16727,363,1,256.32,1,2,2,5,⚠️ At Risk / Lost
16728,45,4,1048.28,3,4,4,11,💼 Loyal Customers
16729,37,21,7205.33,3,5,5,13,💎 Champions
16730,51,3,743.11,3,4,3,10,💼 Loyal Customers
16732,31,1,603.75,4,2,3,9,💼 Loyal Customers
16734,51,3,646.76,3,4,3,10,💼 Loyal Customers
16735,78,5,2247.41,2,4,5,11,💼 Loyal Customers
16737,52,1,417.6,3,2,2,7,🌱 Regular Buyers
16738,297,1,3.75,1,2,1,4,⚠️ At Risk / Lost
16739,176,1,323.0,2,2,2,6,🌱 Regular Buyers
16742,46,1,464.9,3,2,2,7,🌱 Regular Buyers
16743,28,7,2213.13,4,5,5,14,💎 Champions
16744,10,7,1291.91,5,5,4,14,💎 Champions
16745,86,17,7180.7,2,5,5,12,💎 Champions
16746,4,18,6680.11,5,5,5,15,💎 Champions
16747,37,2,836.0600000000001,3,3,3,9,💼 Loyal Customers
16748,17,5,1515.9,4,4,4,12,💎 Champions
16750,44,5,623.93,3,4,3,10,💼 Loyal Customers
16751,30,1,1764.72,4,2,4,10,💼 Loyal Customers
16752,372,1,207.5,1,2,1,4,⚠️ At Risk / Lost
16753,57,1,223.92000000000002,3,2,1,6,🌱 Regular Buyers
16754,371,1,2002.4,1,2,4,7,🌱 Regular Buyers
16755,113,3,1475.43,2,4,4,10,💼 Loyal Customers
16756,214,1,239.4,1,2,1,4,⚠️ At Risk / Lost
16757,318,1,106.83,1,2,1,4,⚠️ At Risk / Lost
16758,64,1,369.34,3,2,2,7,🌱 Regular Buyers
16759,7,3,789.79,5,4,3,12,💎 Champions
16761,96,1,316.62,2,2,2,6,🌱 Regular Buyers
16762,19,3,1207.24,4,4,4,12,💎 Champions
16763,198,1,611.85,1,2,3,6,🌱 Regular Buyers
16764,3,13,2790.95,5,5,5,15,💎 Champions
16765,293,1,34.0,1,2,1,4,⚠️ At Risk / Lost
16766,272,2,1145.6,1,3,4,8,🌱 Regular Buyers
16767,30,11,5575.56,4,5,5,14,💎 Champions
16768,47,3,478.09,3,4,2,9,💼 Loyal Customers
16769,259,1,361.54,1,2,2,5,⚠️ At Risk / Lost
16770,57,5,757.1,3,4,3,10,💼 Loyal Customers
16771,32,5,2242.61,4,4,5,13,💎 Champions
16773,56,1,171.59,3,2,1,6,🌱 Regular Buyers
16774,67,4,661.52,3,4,3,10,💼 Loyal Customers
16775,9,11,1691.51,5,5,4,14,💎 Champions
16776,59,1,371.54,3,2,2,7,🌱 Regular Buyers
16777,79,2,222.62,2,3,1,6,🌱 Regular Buyers
16778,73,2,245.94,2,3,1,6,🌱 Regular Buyers
16779,1,22,10611.72,5,5,5,15,💎 Champions
16780,99,2,422.24,2,3,2,7,🌱 Regular Buyers
16781,371,1,311.25,1,2,2,5,⚠️ At Risk / Lost
16782,9,13,2267.95,5,5,5,15,💎 Champions
16784,19,1,107.6,4,2,1,7,🌱 Regular Buyers
16788,122,2,594.39,2,3,3,8,🌱 Regular Buyers
16789,7,1,80.8,5,2,1,8,🌱 Regular Buyers
16790,3,6,1545.62,5,5,4,14,💎 Champions
16791,28,7,1705.78,4,5,4,13,💎 Champions
16792,281,2,110.38,1,3,1,5,⚠️ At Risk / Lost
16793,56,1,243.84,3,2,1,6,🌱 Regular Buyers
16794,0,10,1196.5,5,5,4,14,💎 Champions
16795,364,1,414.88,1,2,2,5,⚠️ At Risk / Lost
16796,88,1,305.62,2,2,2,6,🌱 Regular Buyers
16800,10,1,1162.65,5,2,4,11,💼 Loyal Customers
16801,162,4,1594.23,2,4,4,10,💼 Loyal Customers
16803,64,1,332.3,3,2,2,7,🌱 Regular Buyers
16804,22,3,536.99,4,4,3,11,💼 Loyal Customers
16805,173,2,460.59,2,3,2,7,🌱 Regular Buyers
16806,102,4,762.16,2,4,3,9,💼 Loyal Customers
16807,142,3,1121.59,2,4,4,10,💼 Loyal Customers
16808,98,2,288.42,2,3,2,7,🌱 Regular Buyers
16809,22,5,914.69,4,4,3,11,💼 Loyal Customers
16810,191,1,309.54,1,2,2,5,⚠️ At Risk / Lost
16811,4,2,547.0699999999999,5,3,3,11,💼 Loyal Customers
16812,360,1,479.35,1,2,2,5,⚠️ At Risk / Lost
16813,7,10,1652.18,5,5,4,14,💎 Champions
16814,13,21,6416.7,4,5,5,14,💎 Champions
16816,102,4,417.06,2,4,2,8,🌱 Regular Buyers
16817,2,9,1604.75,5,5,4,14,💎 Champions
16818,10,11,3349.57,5,5,5,15,💎 Champions
16820,95,1,497.61,2,2,3,7,🌱 Regular Buyers
16823,226,1,358.38,1,2,2,5,⚠️ At Risk / Lost
16824,15,2,460.64,4,3,2,9,💼 Loyal Customers
16825,38,2,775.18,3,3,3,9,💼 Loyal Customers
16826,50,1,341.7,3,2,2,7,🌱 Regular Buyers
16828,92,2,128.5,2,3,1,6,🌱 Regular Buyers
16829,156,1,197.22,2,2,1,5,⚠️ At Risk / Lost
16830,38,1,325.91,3,2,2,7,🌱 Regular Buyers
16832,183,3,199.15,1,4,1,6,🌱 Regular Buyers
16833,0,4,1106.53,5,4,4,13,💎 Champions
16834,227,1,413.46,1,2,2,5,⚠️ At Risk / Lost
16835,127,2,180.85,2,3,1,6,🌱 Regular Buyers
16836,39,2,251.87,3,3,2,8,🌱 Regular Buyers
16837,30,11,3170.98,4,5,5,14,💎 Champions
16838,196,2,588.85,1,3,3,7,🌱 Regular Buyers
16839,8,34,16594.35,5,5,5,15,💎 Champions
16841,36,6,1869.82,3,5,4,12,💎 Champions
16842,100,3,1264.19,2,4,4,10,💼 Loyal Customers
16843,42,16,10196.57,3,5,5,13,💎 Champions
16846,49,1,214.32,3,2,1,6,🌱 Regular Buyers
16847,42,1,193.44,3,2,1,6,🌱 Regular Buyers
16848,52,1,281.42,3,2,2,7,🌱 Regular Buyers
16849,186,1,124.57,1,2,1,4,⚠️ At Risk / Lost
16850,333,1,332.40999999999997,1,2,2,5,⚠️ At Risk / Lost
16851,3,3,342.45,5,4,2,11,💼 Loyal Customers
16852,9,2,144.91,5,3,1,9,💼 Loyal Customers
16855,23,2,328.4,4,3,2,9,💼 Loyal Customers
16856,14,1,35.4,4,2,1,7,🌱 Regular Buyers
16858,368,1,375.69,1,2,2,5,⚠️ At Risk / Lost
16859,144,2,747.81,2,3,3,8,🌱 Regular Buyers
16861,59,2,173.76,3,3,1,7,🌱 Regular Buyers
16863,30,2,502.79999999999995,4,3,3,10,💼 Loyal Customers
16866,140,3,207.74,2,4,1,7,🌱 Regular Buyers
16869,22,4,817.12,4,4,3,11,💼 Loyal Customers
16871,21,6,2812.34,4,5,5,14,💎 Champions
16872,76,3,680.02,2,4,3,9,💼 Loyal Customers
16873,4,6,7123.62,5,5,5,15,💎 Champions
16875,66,5,2095.53,3,4,5,12,💎 Champions
16877,11,6,846.62,5,5,3,13,💎 Champions
16878,83,1,13.3,2,2,1,5,⚠️ At Risk / Lost
16880,30,7,1491.43,4,5,4,13,💎 Champions
16881,66,1,432.0,3,2,2,7,🌱 Regular Buyers
16882,66,3,705.12,3,4,3,10,💼 Loyal Customers
16883,186,2,272.48,1,3,2,6,🌱 Regular Buyers
16884,37,2,429.84,3,3,2,8,🌱 Regular Buyers
16885,14,3,450.41,4,4,2,10,💼 Loyal Customers
16887,34,1,192.32999999999998,3,2,1,6,🌱 Regular Buyers
16889,194,3,1578.67,1,4,4,9,💼 Loyal Customers
16891,1,5,742.4300000000001,5,4,3,12,💎 Champions
16892,0,5,518.19,5,4,3,12,💎 Champions
16893,366,1,145.93,1,2,1,4,⚠️ At Risk / Lost
16895,64,1,202.27,3,2,1,6,🌱 Regular Buyers
16897,298,2,289.78,1,3,2,6,🌱 Regular Buyers
16898,25,3,501.03,4,4,3,11,💼 Loyal Customers
16899,7,6,1271.06,5,5,4,14,💎 Champions
16900,16,3,887.11,4,4,3,11,💼 Loyal Customers
16902,115,1,1706.88,2,2,4,8,🌱 Regular Buyers
16903,28,1,363.2,4,2,2,8,🌱 Regular Buyers
16904,3,16,3653.75,5,5,5,15,💎 Champions
16905,4,7,3037.6,5,5,5,15,💎 Champions
16906,81,4,559.59,2,4,3,9,💼 Loyal Customers
16907,28,5,928.76,4,4,3,11,💼 Loyal Customers
16909,71,1,379.14,3,2,2,7,🌱 Regular Buyers
16910,3,8,1508.96,5,5,4,14,💎 Champions
16912,28,11,2555.58,4,5,5,14,💎 Champions
16913,289,1,113.44,1,2,1,4,⚠️ At Risk / Lost
16914,35,1,183.76,3,2,1,6,🌱 Regular Buyers
16915,8,6,621.68,5,5,3,13,💎 Champions
16916,23,2,562.41,4,3,3,10,💼 Loyal Customers
16917,276,1,391.52,1,2,2,5,⚠️ At Risk / Lost
16918,49,6,1068.82,3,5,4,12,💎 Champions
16919,155,11,2592.25,2,5,5,12,💎 Champions
16921,60,1,154.18,3,2,1,6,🌱 Regular Buyers
16923,11,19,7069.08,5,5,5,15,💎 Champions
16924,20,3,829.89,4,4,3,11,💼 Loyal Customers
16926,370,1,230.25,1,2,1,4,⚠️ At Risk / Lost
16927,115,3,543.05,2,4,3,9,💼 Loyal Customers
16928,79,17,2814.7,2,5,5,12,💎 Champions
16929,3,7,1295.39,5,5,4,14,💎 Champions
16930,25,3,378.89,4,4,2,10,💼 Loyal Customers
16931,4,21,4554.87,5,5,5,15,💎 Champions
16932,52,1,150.23000000000002,3,2,1,6,🌱 Regular Buyers
16933,0,2,563.23,5,3,3,11,💼 Loyal Customers
16934,54,2,931.03,3,3,3,9,💼 Loyal Customers
16936,25,1,261.9,4,2,2,8,🌱 Regular Buyers
16938,8,4,2711.68,5,4,5,14,💎 Champions
16940,51,3,3049.88,3,4,5,12,💎 Champions
16942,12,9,1904.99,5,5,4,14,💎 Champions
16943,211,3,816.73,1,4,3,8,🌱 Regular Buyers
16945,21,19,4345.5,4,5,5,14,💎 Champions
16947,235,1,406.48,1,2,2,5,⚠️ At Risk / Lost
16948,138,3,435.02,2,4,2,8,🌱 Regular Buyers
16949,3,6,1286.27,5,5,4,14,💎 Champions
16950,56,3,1178.56,3,4,4,11,💼 Loyal Customers
16951,134,3,1277.75,2,4,4,10,💼 Loyal Customers
16952,108,2,167.60999999999999,2,3,1,6,🌱 Regular Buyers
16953,29,1,20.8,4,2,1,7,🌱 Regular Buyers
16954,0,9,2085.08,5,5,5,15,💎 Champions
16955,184,4,518.67,1,4,3,8,🌱 Regular Buyers
16956,17,1,308.74,4,2,2,8,🌱 Regular Buyers
16957,238,2,416.64,1,3,2,6,🌱 Regular Buyers
16959,86,1,117.35,2,2,1,5,⚠️ At Risk / Lost
16960,38,3,507.05,3,4,3,10,💼 Loyal Customers
16961,115,1,234.17,2,2,1,5,⚠️ At Risk / Lost
16963,186,1,110.55,1,2,1,4,⚠️ At Risk / Lost
16965,226,1,201.19,1,2,1,4,⚠️ At Risk / Lost
16966,7,7,2154.97,5,5,5,15,💎 Champions
16967,188,1,319.02,1,2,2,5,⚠️ At Risk / Lost
16968,3,2,439.43,5,3,2,10,💼 Loyal Customers
16969,38,3,650.41,3,4,3,10,💼 Loyal Customers
16971,37,1,357.21,3,2,2,7,🌱 Regular Buyers
16976,266,1,251.51999999999998,1,2,2,5,⚠️ At Risk / Lost
16978,77,1,344.33,2,2,2,6,🌱 Regular Buyers
16979,3,6,1852.0,5,5,4,14,💎 Champions
16980,254,2,1028.46,1,3,4,8,🌱 Regular Buyers
16982,60,1,384.06,3,2,2,7,🌱 Regular Buyers
16983,12,7,1905.87,5,5,4,14,💎 Champions
16984,87,2,4459.5199999999995,2,3,5,10,💼 Loyal Customers
16985,16,10,5464.12,4,5,5,14,💎 Champions
16986,29,2,1873.2,4,3,4,11,💼 Loyal Customers
16987,2,7,1616.8,5,5,4,14,💎 Champions
16988,4,1,126.12,5,2,1,8,🌱 Regular Buyers
16989,6,6,1133.25,5,5,4,14,💎 Champions
16990,218,1,179.0,1,2,1,4,⚠️ At Risk / Lost
16992,10,5,1614.31,5,4,4,13,💎 Champions
16996,29,6,1456.96,4,5,4,13,💎 Champions
16997,287,3,702.0,1,4,3,8,🌱 Regular Buyers
16998,149,4,295.0,2,4,2,8,🌱 Regular Buyers
16999,22,2,484.82,4,3,2,9,💼 Loyal Customers
17001,0,11,3989.57,5,5,5,15,💎 Champions
17002,85,3,1493.73,2,4,4,10,💼 Loyal Customers
17004,45,2,1312.1399999999999,3,3,4,10,💼 Loyal Customers
17006,4,4,781.78,5,4,3,12,💎 Champions
17007,50,6,889.93,3,5,3,11,💼 Loyal Customers
17010,17,1,195.36,4,2,1,7,🌱 Regular Buyers
17011,29,1,270.9,4,2,2,8,🌱 Regular Buyers
17014,7,3,583.43,5,4,3,12,💎 Champions
17015,28,3,1838.61,4,4,4,12,💎 Champions
17017,2,20,8694.26,5,5,5,15,💎 Champions
17018,40,2,920.1,3,3,3,9,💼 Loyal Customers
17019,10,4,1258.08,5,4,4,13,💎 Champions
17022,30,1,71.0,4,2,1,7,🌱 Regular Buyers
17024,44,3,95.85,3,4,1,8,🌱 Regular Buyers
17025,60,3,357.77,3,4,2,9,💼 Loyal Customers
17026,184,2,154.83,1,3,1,5,⚠️ At Risk / Lost
17027,78,6,877.56,2,5,3,10,💼 Loyal Customers
17029,110,2,716.0,2,3,3,8,🌱 Regular Buyers
17030,63,1,146.87,3,2,1,6,🌱 Regular Buyers
17031,11,2,380.35,5,3,2,10,💼 Loyal Customers
17033,85,3,1030.14,2,4,4,10,💼 Loyal Customers
17034,15,3,745.52,4,4,3,11,💼 Loyal Customers
17035,245,2,433.53,1,3,2,6,🌱 Regular Buyers
17037,87,1,1267.32,2,2,4,8,🌱 Regular Buyers
17038,29,1,112.4,4,2,1,7,🌱 Regular Buyers
17040,137,1,449.73,2,2,2,6,🌱 Regular Buyers
17041,26,3,1071.49,4,4,4,12,💎 Champions
17042,2,5,1036.58,5,4,4,13,💎 Champions
17043,31,4,1735.18,4,4,4,12,💎 Champions
17044,24,1,948.48,4,2,4,10,💼 Loyal Customers
17045,112,3,339.44,2,4,2,8,🌱 Regular Buyers
17046,156,1,642.02,2,2,3,7,🌱 Regular Buyers
17047,84,3,1100.9,2,4,4,10,💼 Loyal Customers
17048,117,3,925.35,2,4,3,9,💼 Loyal Customers
17049,2,9,5655.03,5,5,5,15,💎 Champions
17050,95,6,3185.64,2,5,5,12,💎 Champions
17051,193,1,240.89,1,2,1,4,⚠️ At Risk / Lost
17052,27,1,399.09,4,2,2,8,🌱 Regular Buyers
17053,130,1,498.48,2,2,3,7,🌱 Regular Buyers
17054,27,5,1356.33,4,4,4,12,💎 Champions
17058,81,3,1179.89,2,4,4,10,💼 Loyal Customers
17059,29,5,3080.39,4,4,5,13,💎 Champions
17060,265,1,234.23999999999998,1,2,1,4,⚠️ At Risk / Lost
17061,73,11,5232.23,2,5,5,12,💎 Champions
17062,313,4,533.33,1,4,3,8,🌱 Regular Buyers
17063,20,7,1461.14,4,5,4,13,💎 Champions
17064,58,3,855.45,3,4,3,10,💼 Loyal Customers
17068,11,21,4552.14,5,5,5,15,💎 Champions
17069,27,9,2709.7,4,5,5,14,💎 Champions
17070,113,1,304.24,2,2,2,6,🌱 Regular Buyers
17071,27,9,2429.03,4,5,5,14,💎 Champions
17073,17,4,1446.09,4,4,4,12,💎 Champions
17075,17,4,834.12,4,4,3,11,💼 Loyal Customers
17076,35,3,841.08,3,4,3,10,💼 Loyal Customers
17078,35,2,378.2,3,3,2,8,🌱 Regular Buyers
17079,77,1,118.8,2,2,1,5,⚠️ At Risk / Lost
17080,21,2,287.62,4,3,2,9,💼 Loyal Customers
17081,24,2,288.91,4,3,2,9,💼 Loyal Customers
17082,32,2,2003.85,4,3,4,11,💼 Loyal Customers
17083,108,3,1405.78,2,4,4,10,💼 Loyal Customers
17084,34,2,2747.99,3,3,5,11,💼 Loyal Customers
17085,122,5,1562.4,2,4,4,10,💼 Loyal Customers
17086,6,6,2050.08,5,5,4,14,💎 Champions
17088,27,4,1991.01,4,4,4,12,💎 Champions
17090,3,7,1974.65,5,5,4,14,💎 Champions
17091,2,9,3827.76,5,5,5,15,💎 Champions
17092,49,4,1774.03,3,4,4,11,💼 Loyal Customers
17094,321,1,302.0,1,2,2,5,⚠️ At Risk / Lost
17095,22,3,1324.16,4,4,4,12,💎 Champions
17096,14,4,1022.13,4,4,4,12,💎 Champions
17097,1,8,954.42,5,5,4,14,💎 Champions
17100,17,2,971.74,4,3,4,11,💼 Loyal Customers
17101,9,4,1621.73,5,4,4,13,💎 Champions
17102,261,1,25.5,1,2,1,4,⚠️ At Risk / Lost
17105,158,2,665.78,2,3,3,8,🌱 Regular Buyers
17107,32,6,10797.48,4,5,5,14,💎 Champions
17109,28,6,881.29,4,5,3,12,💎 Champions
17110,164,1,163.29999999999998,2,2,1,5,⚠️ At Risk / Lost
17111,46,1,231.60999999999999,3,2,1,6,🌱 Regular Buyers
17114,5,8,801.12,5,5,3,13,💎 Champions
17115,7,3,837.5,5,4,3,12,💎 Champions
17117,287,1,116.2,1,2,1,4,⚠️ At Risk / Lost
17118,317,1,157.02,1,2,1,4,⚠️ At Risk / Lost
17119,2,2,606.91,5,3,3,11,💼 Loyal Customers
17120,232,1,307.46,1,2,2,5,⚠️ At Risk / Lost
17122,118,1,138.32,2,2,1,5,⚠️ At Risk / Lost
17123,161,1,345.3,2,2,2,6,🌱 Regular Buyers
17124,184,1,294.24,1,2,2,5,⚠️ At Risk / Lost
17125,49,1,230.5,3,2,1,6,🌱 Regular Buyers
17126,151,5,989.45,2,4,4,10,💼 Loyal Customers
17128,334,1,157.09,1,2,1,4,⚠️ At Risk / Lost
17131,4,5,2463.17,5,4,5,14,💎 Champions
17133,15,7,4892.24,4,5,5,14,💎 Champions
17134,106,2,413.2,2,3,2,7,🌱 Regular Buyers
17135,15,7,1139.73,4,5,4,13,💎 Champions
17138,275,1,380.5,1,2,2,5,⚠️ At Risk / Lost
17139,15,12,10650.77,4,5,5,14,💎 Champions
17140,246,1,454.12,1,2,2,5,⚠️ At Risk / Lost
17142,238,1,579.0,1,2,3,6,🌱 Regular Buyers
17144,0,2,984.57,5,3,4,12,💎 Champions
17146,105,3,749.78,2,4,3,9,💼 Loyal Customers
17147,22,4,1714.59,4,4,4,12,💎 Champions
17148,51,1,124.88,3,2,1,6,🌱 Regular Buyers
17152,194,3,1689.5,1,4,4,9,💼 Loyal Customers
17153,23,1,213.78,4,2,1,7,🌱 Regular Buyers
17154,74,1,329.34,2,2,2,6,🌱 Regular Buyers
17155,17,2,251.7,4,3,2,9,💼 Loyal Customers
17157,7,2,319.0,5,3,2,10,💼 Loyal Customers
17158,31,3,1266.97,4,4,4,12,💎 Champions
17159,21,3,1538.88,4,4,4,12,💎 Champions
17160,30,6,3518.03,4,5,5,14,💎 Champions
17162,28,10,1715.46,4,5,4,13,💎 Champions
17163,21,2,293.1,4,3,2,9,💼 Loyal Customers
17164,32,7,2467.35,4,5,5,14,💎 Champions
17165,283,1,158.68,1,2,1,4,⚠️ At Risk / Lost
17166,38,2,206.34,3,3,1,7,🌱 Regular Buyers
17169,57,2,835.78,3,3,3,9,💼 Loyal Customers
17171,288,1,224.91,1,2,1,4,⚠️ At Risk / Lost
17172,78,1,317.76,2,2,2,6,🌱 Regular Buyers
17173,4,8,3766.6,5,5,5,15,💎 Champions
17174,217,1,59.9,1,2,1,4,⚠️ At Risk / Lost
17175,43,4,1443.69,3,4,4,11,💼 Loyal Customers
17176,201,1,306.13,1,2,2,5,⚠️ At Risk / Lost
17179,177,3,711.79,2,4,3,9,💼 Loyal Customers
17180,55,4,783.97,3,4,3,10,💼 Loyal Customers
17181,56,2,239.92,3,3,1,7,🌱 Regular Buyers
17183,7,6,3347.31,5,5,5,15,💎 Champions
17186,46,2,144.0,3,3,1,7,🌱 Regular Buyers
17187,226,1,203.95,1,2,1,4,⚠️ At Risk / Lost
17188,10,7,2474.23,5,5,5,15,💎 Champions
17189,105,2,383.75,2,3,2,7,🌱 Regular Buyers
17190,58,2,444.74,3,3,2,8,🌱 Regular Buyers
17191,27,7,2093.68,4,5,5,14,💎 Champions
17193,35,7,1699.3,3,5,4,12,💎 Champions
17194,273,2,262.62,1,3,2,6,🌱 Regular Buyers
17197,29,1,1013.01,4,2,4,10,💼 Loyal Customers
17198,23,3,692.22,4,4,3,11,💼 Loyal Customers
17201,53,1,289.78000000000003,3,2,2,7,🌱 Regular Buyers
17203,35,6,3560.08,3,5,5,13,💎 Champions
17204,174,4,1564.56,2,4,4,10,💼 Loyal Customers
17205,53,1,384.08,3,2,2,7,🌱 Regular Buyers
17206,52,1,204.24,3,2,1,6,🌱 Regular Buyers
17211,26,8,2317.22,4,5,5,14,💎 Champions
17212,252,1,226.85,1,2,1,4,⚠️ At Risk / Lost
17213,39,7,2781.23,3,5,5,13,💎 Champions
17214,59,6,1059.12,3,5,4,12,💎 Champions
17217,233,1,113.5,1,2,1,4,⚠️ At Risk / Lost
17218,3,10,1951.97,5,5,4,14,💎 Champions
17219,31,1,114.23,4,2,1,7,🌱 Regular Buyers
17220,23,14,3187.55,4,5,5,14,💎 Champions
17221,6,2,334.48,5,3,2,10,💼 Loyal Customers
17222,64,1,328.65,3,2,2,7,🌱 Regular Buyers
17223,309,2,416.89,1,3,2,6,🌱 Regular Buyers
17226,308,1,393.49,1,2,2,5,⚠️ At Risk / Lost
17227,18,6,939.32,4,5,4,13,💎 Champions
17228,15,8,1906.09,4,5,4,13,💎 Champions
17229,95,2,318.76,2,3,2,7,🌱 Regular Buyers
17230,263,8,3638.41,1,5,5,11,💼 Loyal Customers
17231,11,10,3124.72,5,5,5,15,💎 Champions
17232,2,2,417.77,5,3,2,10,💼 Loyal Customers
17233,34,1,190.88,3,2,1,6,🌱 Regular Buyers
17234,182,1,149.89000000000001,1,2,1,4,⚠️ At Risk / Lost
17235,24,2,550.0600000000001,4,3,3,10,💼 Loyal Customers
17236,12,6,916.13,5,5,3,13,💎 Champions
17237,10,2,314.69,5,3,2,10,💼 Loyal Customers
17238,2,17,3719.1,5,5,5,15,💎 Champions
17239,312,1,382.5,1,2,2,5,⚠️ At Risk / Lost
17242,107,2,1135.04,2,3,4,9,💼 Loyal Customers
17243,0,26,8540.05,5,5,5,15,💎 Champions
17244,52,1,954.9,3,2,4,9,💼 Loyal Customers
17245,204,1,171.45000000000002,1,2,1,4,⚠️ At Risk / Lost
17247,14,1,280.09,4,2,2,8,🌱 Regular Buyers
17248,119,1,318.65,2,2,2,6,🌱 Regular Buyers
17250,3,2,381.97,5,3,2,10,💼 Loyal Customers
17251,362,1,269.83,1,2,2,5,⚠️ At Risk / Lost
17252,116,2,348.90999999999997,2,3,2,7,🌱 Regular Buyers
17253,17,1,178.26,4,2,1,7,🌱 Regular Buyers
17254,4,2,271.19,5,3,2,10,💼 Loyal Customers
17255,40,2,291.48,3,3,2,8,🌱 Regular Buyers
17256,106,2,240.0,2,3,1,6,🌱 Regular Buyers
17259,147,2,581.23,2,3,3,8,🌱 Regular Buyers
17262,51,5,1253.3600000000001,3,4,4,11,💼 Loyal Customers
17263,207,1,63.44,1,2,1,4,⚠️ At Risk / Lost
17265,138,2,550.01,2,3,3,8,🌱 Regular Buyers
17266,1,3,296.58,5,4,2,11,💼 Loyal Customers
17267,126,2,317.2,2,3,2,7,🌱 Regular Buyers
17268,107,4,763.64,2,4,3,9,💼 Loyal Customers
17272,41,4,2148.63,3,4,5,12,💎 Champions
17274,34,1,107.82000000000001,3,2,1,6,🌱 Regular Buyers
17277,227,2,1065.35,1,3,4,8,🌱 Regular Buyers
17278,240,1,246.04000000000002,1,2,1,4,⚠️ At Risk / Lost
17279,57,1,187.82999999999998,3,2,1,6,🌱 Regular Buyers
17282,129,3,1685.46,2,4,4,10,💼 Loyal Customers
17284,59,6,1647.48,3,5,4,12,💎 Champions
17286,21,1,151.37,4,2,1,7,🌱 Regular Buyers
17287,25,7,1049.06,4,5,4,13,💎 Champions
17288,8,7,1417.6299999999999,5,5,4,14,💎 Champions
17289,31,3,931.02,4,4,3,11,💼 Loyal Customers
17290,3,2,513.01,5,3,3,11,💼 Loyal Customers
17291,307,1,550.8,1,2,3,6,🌱 Regular Buyers
17293,7,9,1854.06,5,5,4,14,💎 Champions
17295,28,3,547.0,4,4,3,11,💼 Loyal Customers
17297,16,1,128.18,4,2,1,7,🌱 Regular Buyers
17298,100,2,498.42,2,3,3,8,🌱 Regular Buyers
17299,11,4,656.61,5,4,3,12,💎 Champions
17301,20,1,163.24,4,2,1,7,🌱 Regular Buyers
17302,14,5,1135.6299999999999,4,4,4,12,💎 Champions
17303,360,1,250.04,1,2,2,5,⚠️ At Risk / Lost
17306,10,19,8631.31,5,5,5,15,💎 Champions
17309,94,1,82.75,2,2,1,5,⚠️ At Risk / Lost
17311,77,2,1384.85,2,3,4,9,💼 Loyal Customers
17312,138,3,644.3,2,4,3,9,💼 Loyal Customers
17313,30,1,2328.84,4,2,5,11,💼 Loyal Customers
17314,24,8,2527.92,4,5,5,14,💎 Champions
17315,1,38,6281.23,5,5,5,15,💎 Champions
17317,45,3,2600.34,3,4,5,12,💎 Champions
17320,99,3,1200.62,2,4,4,10,💼 Loyal Customers
17321,7,2,657.16,5,3,3,11,💼 Loyal Customers
17323,14,7,906.52,4,5,3,12,💎 Champions
17324,17,4,986.48,4,4,4,12,💎 Champions
17325,279,1,96.8,1,2,1,4,⚠️ At Risk / Lost
17329,13,2,523.11,4,3,3,10,💼 Loyal Customers
17330,22,2,363.9,4,3,2,9,💼 Loyal Customers
17331,123,1,175.2,2,2,1,5,⚠️ At Risk / Lost
17333,85,1,494.25,2,2,3,7,🌱 Regular Buyers
17334,301,2,307.02,1,3,2,6,🌱 Regular Buyers
17337,150,4,1981.06,2,4,4,10,💼 Loyal Customers
17338,16,8,6493.54,4,5,5,14,💎 Champions
17339,93,2,243.35999999999999,2,3,1,6,🌱 Regular Buyers
17340,29,11,12353.29,4,5,5,14,💎 Champions
17341,156,3,682.29,2,4,3,9,💼 Loyal Customers
17343,354,1,193.64000000000001,1,2,1,4,⚠️ At Risk / Lost
17344,45,1,157.62,3,2,1,6,🌱 Regular Buyers
17345,14,4,519.6899999999999,4,4,3,11,💼 Loyal Customers
17346,3,15,2622.88,5,5,5,15,💎 Champions
17347,85,1,228.96,2,2,1,5,⚠️ At Risk / Lost
17348,14,5,1156.6,4,4,4,12,💎 Champions
17349,178,1,98.25,2,2,1,5,⚠️ At Risk / Lost
17350,7,4,1281.32,5,4,4,13,💎 Champions
17351,35,3,587.15,3,4,3,10,💼 Loyal Customers
17353,128,2,1740.0,2,3,4,9,💼 Loyal Customers
17354,50,1,1393.06,3,2,4,9,💼 Loyal Customers
17356,311,1,178.22,1,2,1,4,⚠️ At Risk / Lost
17357,23,2,384.39,4,3,2,9,💼 Loyal Customers
17358,302,2,360.81,1,3,2,6,🌱 Regular Buyers
17359,10,1,127.86,5,2,1,8,🌱 Regular Buyers
17360,16,3,568.24,4,4,3,11,💼 Loyal Customers
17361,48,3,488.2,3,4,3,10,💼 Loyal Customers
17362,238,2,312.23,1,3,2,6,🌱 Regular Buyers
17364,0,11,4462.68,5,5,5,15,💎 Champions
17365,12,8,4767.36,5,5,5,15,💎 Champions
17367,237,1,167.55,1,2,1,4,⚠️ At Risk / Lost
17368,22,8,1878.87,4,5,4,13,💎 Champions
17370,72,4,446.18,2,4,2,8,🌱 Regular Buyers
17371,16,3,418.4,4,4,2,10,💼 Loyal Customers
17372,40,8,1337.18,3,5,4,12,💎 Champions
17373,39,4,646.92,3,4,3,10,💼 Loyal Customers
17374,218,2,495.77,1,3,3,7,🌱 Regular Buyers
17375,198,3,400.1,1,4,2,7,🌱 Regular Buyers
17376,70,2,203.2,3,3,1,7,🌱 Regular Buyers
17377,23,20,4058.32,4,5,5,14,💎 Champions
17379,10,1,389.71999999999997,5,2,2,9,💼 Loyal Customers
17381,8,29,20275.61,5,5,5,15,💎 Champions
17382,64,1,65.4,3,2,1,6,🌱 Regular Buyers
17383,3,1,193.39000000000001,5,2,1,8,🌱 Regular Buyers
17384,18,2,336.4,4,3,2,9,💼 Loyal Customers
17385,14,1,256.11,4,2,2,8,🌱 Regular Buyers
17386,7,6,2686.42,5,5,5,15,💎 Champions
17387,19,2,746.81,4,3,3,10,💼 Loyal Customers
17388,77,4,1259.56,2,4,4,10,💼 Loyal Customers
17389,0,34,31833.68,5,5,5,15,💎 Champions
17391,163,2,508.8,2,3,3,8,🌱 Regular Buyers
17392,306,2,417.27,1,3,2,6,🌱 Regular Buyers
17394,218,1,203.87,1,2,1,4,⚠️ At Risk / Lost
17396,38,8,7330.8,3,5,5,13,💎 Champions
17397,21,2,681.41,4,3,3,10,💼 Loyal Customers
17398,114,3,653.38,2,4,3,9,💼 Loyal Customers
17400,125,5,2097.84,2,4,5,11,💼 Loyal Customers
17402,4,13,2633.85,5,5,5,15,💎 Champions
17403,35,1,263.92,3,2,2,7,🌱 Regular Buyers
17404,3,15,31906.82,5,5,5,15,💎 Champions
17405,0,3,1031.41,5,4,4,13,💎 Champions
17406,332,3,2184.42,1,4,5,10,💼 Loyal Customers
17408,162,1,32.65,2,2,1,5,⚠️ At Risk / Lost
17409,184,2,771.85,1,3,3,7,🌱 Regular Buyers
17410,15,5,1214.72,4,4,4,12,💎 Champions
17411,11,3,778.94,5,4,3,12,💎 Champions
17412,2,7,1258.06,5,5,4,14,💎 Champions
17414,43,2,778.0,3,3,3,9,💼 Loyal Customers
17415,79,1,507.84,2,2,3,7,🌱 Regular Buyers
17416,29,7,6893.42,4,5,5,14,💎 Champions
17418,41,2,463.46,3,3,2,8,🌱 Regular Buyers
17419,10,12,4226.57,5,5,5,15,💎 Champions
17420,49,3,598.83,3,4,3,10,💼 Loyal Customers
17422,15,6,1979.37,4,5,4,13,💎 Champions
17423,45,2,698.41,3,3,3,9,💼 Loyal Customers
17425,18,2,759.17,4,3,3,10,💼 Loyal Customers
17426,7,6,5037.26,5,5,5,15,💎 Champions
17427,71,1,100.8,3,2,1,6,🌱 Regular Buyers
17428,0,28,17256.85,5,5,5,15,💎 Champions
17429,127,3,524.92,2,4,3,9,💼 Loyal Customers
17430,32,2,265.76,4,3,2,9,💼 Loyal Customers
17431,312,1,403.3,1,2,2,5,⚠️ At Risk / Lost
17432,17,2,365.76,4,3,2,9,💼 Loyal Customers
17433,87,1,303.15999999999997,2,2,2,6,🌱 Regular Buyers
17434,1,7,2373.82,5,5,5,15,💎 Champions
17436,1,2,216.3,5,3,1,9,💼 Loyal Customers
17438,253,1,388.45,1,2,2,5,⚠️ At Risk / Lost
17440,156,3,186.42,2,4,1,7,🌱 Regular Buyers
17442,36,6,2248.56,3,5,5,13,💎 Champions
17443,219,1,534.24,1,2,3,6,🌱 Regular Buyers
17444,147,3,2940.04,2,4,5,11,💼 Loyal Customers
17446,176,2,120.89999999999999,2,3,1,6,🌱 Regular Buyers
17447,39,2,541.53,3,3,3,9,💼 Loyal Customers
17449,1,7,2519.21,5,5,5,15,💎 Champions
17450,7,46,194390.79,5,5,5,15,💎 Champions
17451,0,7,1721.4,5,5,4,14,💎 Champions
17453,17,2,486.72,4,3,2,9,💼 Loyal Customers
17454,191,4,517.53,1,4,3,8,🌱 Regular Buyers
17455,203,1,131.7,1,2,1,4,⚠️ At Risk / Lost
17456,364,1,249.85999999999999,1,2,2,5,⚠️ At Risk / Lost
17457,126,5,1737.7,2,4,4,10,💼 Loyal Customers
17458,14,1,316.5,4,2,2,8,🌱 Regular Buyers
17459,42,2,657.3,3,3,3,9,💼 Loyal Customers
17460,93,6,622.43,2,5,3,10,💼 Loyal Customers
17461,22,3,735.8199999999999,4,4,3,11,💼 Loyal Customers
17462,59,2,675.69,3,3,3,9,💼 Loyal Customers
17463,15,5,1875.86,4,4,4,12,💎 Champions
17464,157,1,289.96,2,2,2,6,🌱 Regular Buyers
17466,9,2,763.28,5,3,3,11,💼 Loyal Customers
17468,9,2,137.0,5,3,1,9,💼 Loyal Customers
17469,15,5,1870.97,4,4,4,12,💎 Champions
17470,44,5,1125.07,3,4,4,11,💼 Loyal Customers
17472,190,3,697.54,1,4,3,8,🌱 Regular Buyers
17475,78,1,194.37,2,2,1,5,⚠️ At Risk / Lost
17480,77,1,511.82,2,2,3,7,🌱 Regular Buyers
17481,3,4,1255.59,5,4,4,13,💎 Champions
17483,64,3,414.04,3,4,2,9,💼 Loyal Customers
17486,260,1,396.87,1,2,2,5,⚠️ At Risk / Lost
17489,58,2,376.64,3,3,2,8,🌱 Regular Buyers
17490,0,7,2092.32,5,5,5,15,💎 Champions
17491,0,10,3558.87,5,5,5,15,💎 Champions
17492,247,1,374.57,1,2,2,5,⚠️ At Risk / Lost
17495,7,2,497.56,5,3,3,11,💼 Loyal Customers
17496,358,1,271.05,1,2,2,5,⚠️ At Risk / Lost
17498,75,1,272.21999999999997,2,2,2,6,🌱 Regular Buyers
17499,289,1,622.88,1,2,3,6,🌱 Regular Buyers
17500,16,3,1138.0,4,4,4,12,💎 Champions
17501,220,2,288.6,1,3,2,6,🌱 Regular Buyers
17502,8,4,689.1,5,4,3,12,💎 Champions
17503,2,2,558.96,5,3,3,11,💼 Loyal Customers
17504,205,9,2997.03,1,5,5,11,💼 Loyal Customers
17505,161,2,1145.84,2,3,4,9,💼 Loyal Customers
17506,75,1,302.2,2,2,2,6,🌱 Regular Buyers
17507,261,2,605.58,1,3,3,7,🌱 Regular Buyers
17508,280,1,387.31,1,2,2,5,⚠️ At Risk / Lost
17509,57,8,6083.64,3,5,5,13,💎 Champions
17510,24,1,308.48,4,2,2,8,🌱 Regular Buyers
17511,2,31,91062.38,5,5,5,15,💎 Champions
17512,28,10,2924.99,4,5,5,14,💎 Champions
17513,71,1,513.2,3,2,3,8,🌱 Regular Buyers
17514,127,1,208.65,2,2,1,5,⚠️ At Risk / Lost
17515,30,4,639.02,4,4,3,11,💼 Loyal Customers
17516,14,5,764.88,4,4,3,11,💼 Loyal Customers
17517,308,1,153.94,1,2,1,4,⚠️ At Risk / Lost
17519,16,6,1844.02,4,5,4,13,💎 Champions
17520,53,1,546.81,3,2,3,8,🌱 Regular Buyers
17521,29,3,723.21,4,4,3,11,💼 Loyal Customers
17522,1,5,1070.71,5,4,4,13,💎 Champions
17523,10,4,652.74,5,4,3,12,💎 Champions
17524,360,1,145.0,1,2,1,4,⚠️ At Risk / Lost
17525,359,1,422.7,1,2,2,5,⚠️ At Risk / Lost
17526,4,4,1195.9,5,4,4,13,💎 Champions
17527,53,4,939.37,3,4,4,11,💼 Loyal Customers
17528,0,8,3628.5,5,5,5,15,💎 Champions
17530,0,10,2367.12,5,5,5,15,💎 Champions
17531,189,1,296.7,1,2,2,5,⚠️ At Risk / Lost
17534,53,1,223.36,3,2,1,6,🌱 Regular Buyers
17535,279,1,164.4,1,2,1,4,⚠️ At Risk / Lost
17536,176,1,76.5,2,2,1,5,⚠️ At Risk / Lost
17537,29,2,887.67,4,3,3,10,💼 Loyal Customers
17538,25,1,98.42,4,2,1,7,🌱 Regular Buyers
17540,24,2,578.9,4,3,3,10,💼 Loyal Customers
17542,269,1,170.75,1,2,1,4,⚠️ At Risk / Lost
17545,42,3,642.32,3,4,3,10,💼 Loyal Customers
17548,233,1,103.3,1,2,1,4,⚠️ At Risk / Lost
17549,23,2,148.86,4,3,1,8,🌱 Regular Buyers
17550,196,3,267.16,1,4,2,7,🌱 Regular Buyers
17551,358,1,290.34,1,2,2,5,⚠️ At Risk / Lost
17552,59,4,930.41,3,4,3,10,💼 Loyal Customers
17553,129,1,1487.6,2,2,4,8,🌱 Regular Buyers
17554,0,5,1952.45,5,4,4,13,💎 Champions
17555,19,2,480.31,4,3,2,9,💼 Loyal Customers
17556,205,1,157.9,1,2,1,4,⚠️ At Risk / Lost
17557,13,3,541.46,4,4,3,11,💼 Loyal Customers
17560,94,4,854.95,2,4,3,9,💼 Loyal Customers
17561,18,1,165.12,4,2,1,7,🌱 Regular Buyers
17562,13,7,1122.3799999999999,4,5,4,13,💎 Champions
17564,23,3,454.01,4,4,2,10,💼 Loyal Customers
17566,7,2,869.77,5,3,3,11,💼 Loyal Customers
17567,6,8,4331.48,5,5,5,15,💎 Champions
17569,331,1,344.14,1,2,2,5,⚠️ At Risk / Lost
17571,49,4,1425.67,3,4,4,11,💼 Loyal Customers
17572,70,4,226.75,3,4,1,8,🌱 Regular Buyers
17573,28,3,380.6,4,4,2,10,💼 Loyal Customers
17574,242,1,185.65,1,2,1,4,⚠️ At Risk / Lost
17576,7,19,3564.83,5,5,5,15,💎 Champions
17578,217,1,143.45999999999998,1,2,1,4,⚠️ At Risk / Lost
17579,4,3,448.9,5,4,2,11,💼 Loyal Customers
17580,252,3,215.72,1,4,1,6,🌱 Regular Buyers
17581,0,25,11025.24,5,5,5,15,💎 Champions
17582,235,1,175.27,1,2,1,4,⚠️ At Risk / Lost
17584,6,2,1242.3,5,3,4,12,💎 Champions
17585,108,4,1116.68,2,4,4,10,💼 Loyal Customers
17588,99,3,1240.2,2,4,4,10,💼 Loyal Customers
17589,59,4,2404.17,3,4,5,12,💎 Champions
17590,1,3,1468.02,5,4,4,13,💎 Champions
17591,72,7,2203.67,2,5,5,12,💎 Champions
17593,3,5,3923.86,5,4,5,14,💎 Champions
17594,84,2,993.18,2,3,4,9,💼 Loyal Customers
17595,11,2,386.69,5,3,2,10,💼 Loyal Customers
17596,22,7,2806.69,4,5,5,14,💎 Champions
17597,213,1,2044.37,1,2,4,7,🌱 Regular Buyers
17600,17,1,161.67,4,2,1,7,🌱 Regular Buyers
17601,238,1,116.00999999999999,1,2,1,4,⚠️ At Risk / Lost
17602,1,6,5054.42,5,5,5,15,💎 Champions
17603,77,1,394.72,2,2,2,6,🌱 Regular Buyers
17604,216,2,309.36,1,3,2,6,🌱 Regular Buyers
17608,32,2,191.99,4,3,1,8,🌱 Regular Buyers
17609,40,5,1105.78,3,4,4,11,💼 Loyal Customers
17611,6,15,3961.12,5,5,5,15,💎 Champions
17612,52,6,2048.45,3,5,4,12,💎 Champions
17613,22,14,4544.55,4,5,5,14,💎 Champions
17614,56,1,386.32,3,2,2,7,🌱 Regular Buyers
17615,129,3,329.6,2,4,2,8,🌱 Regular Buyers
17616,173,3,571.1999999999999,2,4,3,9,💼 Loyal Customers
17618,5,3,930.28,5,4,3,12,💎 Champions
17619,311,1,214.37,1,2,1,4,⚠️ At Risk / Lost
17620,59,1,81.44,3,2,1,6,🌱 Regular Buyers
17621,20,3,1379.9,4,4,4,12,💎 Champions
17623,32,1,527.05,4,2,3,9,💼 Loyal Customers
17624,14,2,843.48,4,3,3,10,💼 Loyal Customers
17625,17,4,2020.4,4,4,4,12,💎 Champions
17628,80,1,75.75,2,2,1,5,⚠️ At Risk / Lost
17629,5,8,1814.12,5,5,4,14,💎 Champions
17630,169,2,503.6,2,3,3,8,🌱 Regular Buyers
17631,1,3,528.33,5,4,3,12,💎 Champions
17633,30,4,1324.84,4,4,4,12,💎 Champions
17634,35,9,2358.59,3,5,5,13,💎 Champions
17636,18,1,285.56,4,2,2,8,🌱 Regular Buyers
17637,30,2,547.0600000000001,4,3,3,10,💼 Loyal Customers
17639,275,1,108.5,1,2,1,4,⚠️ At Risk / Lost
17640,86,1,621.66,2,2,3,7,🌱 Regular Buyers
17642,119,2,712.29,2,3,3,8,🌱 Regular Buyers
17643,372,1,101.55,1,2,1,4,⚠️ At Risk / Lost
17644,0,11,2895.64,5,5,5,15,💎 Champions
17646,218,3,1008.39,1,4,4,9,💼 Loyal Customers
17647,64,1,133.06,3,2,1,6,🌱 Regular Buyers
17648,60,4,1797.5,3,4,4,11,💼 Loyal Customers
17649,137,1,868.49,2,2,3,7,🌱 Regular Buyers
17650,20,1,166.07999999999998,4,2,1,7,🌱 Regular Buyers
17651,11,10,3945.0,5,5,5,15,💎 Champions
17652,24,12,4867.72,4,5,5,14,💎 Champions
17653,36,4,1207.56,3,4,4,11,💼 Loyal Customers
17654,276,1,117.55,1,2,1,4,⚠️ At Risk / Lost
17655,10,7,2638.94,5,5,5,15,💎 Champions
17656,72,5,1674.69,2,4,4,10,💼 Loyal Customers
17658,25,2,595.42,4,3,3,10,💼 Loyal Customers
17659,16,12,2999.46,4,5,5,14,💎 Champions
17660,140,1,178.75,2,2,1,5,⚠️ At Risk / Lost
17663,25,7,1802.91,4,5,4,13,💎 Champions
17664,18,2,604.64,4,3,3,10,💼 Loyal Customers
17666,3,2,728.16,5,3,3,11,💼 Loyal Customers
17667,65,5,2055.5099999999998,3,4,4,11,💼 Loyal Customers
17668,0,2,347.75,5,3,2,10,💼 Loyal Customers
17669,42,7,3406.7200000000003,3,5,5,13,💎 Champions
17670,227,1,205.7,1,2,1,4,⚠️ At Risk / Lost
17671,15,4,1572.71,4,4,4,12,💎 Champions
17672,49,2,3178.17,3,3,5,11,💼 Loyal Customers
17673,1,6,1594.97,5,5,4,14,💎 Champions
17674,73,2,551.04,2,3,3,8,🌱 Regular Buyers
17675,0,31,20374.28,5,5,5,15,💎 Champions
17676,3,6,1371.18,5,5,4,14,💎 Champions
17677,1,30,16345.38,5,5,5,15,💎 Champions
17678,263,1,298.11,1,2,2,5,⚠️ At Risk / Lost
17679,52,2,1992.11,3,3,4,10,💼 Loyal Customers
17680,23,1,184.4,4,2,1,7,🌱 Regular Buyers
17682,9,6,2474.33,5,5,5,15,💎 Champions
17684,43,1,239.41,3,2,1,6,🌱 Regular Buyers
17685,16,7,3155.83,4,5,5,14,💎 Champions
17686,6,7,5739.46,5,5,5,15,💎 Champions
17690,29,15,4726.8,4,5,5,14,💎 Champions
17691,357,2,290.4,1,3,2,6,🌱 Regular Buyers
17692,126,4,740.9399999999999,2,4,3,9,💼 Loyal Customers
17693,136,1,200.47,2,2,1,5,⚠️ At Risk / Lost
17694,141,1,283.12,2,2,2,6,🌱 Regular Buyers
17695,131,2,765.34,2,3,3,8,🌱 Regular Buyers
17696,37,8,2285.71,3,5,5,13,💎 Champions
17697,235,1,338.95,1,2,2,5,⚠️ At Risk / Lost
17698,260,1,154.95,1,2,1,4,⚠️ At Risk / Lost
17700,16,4,2534.64,4,4,5,13,💎 Champions
17701,252,1,417.95,1,2,2,5,⚠️ At Risk / Lost
17702,29,4,1824.3700000000001,4,4,4,12,💎 Champions
17703,34,3,798.74,3,4,3,10,💼 Loyal Customers
17704,168,2,885.1899999999999,2,3,3,8,🌱 Regular Buyers
17705,2,9,1823.52,5,5,4,14,💎 Champions
17706,3,17,10504.49,5,5,5,15,💎 Champions
17707,184,2,152.4,1,3,1,5,⚠️ At Risk / Lost
17708,187,2,263.33,1,3,2,6,🌱 Regular Buyers
17709,169,1,137.45,2,2,1,5,⚠️ At Risk / Lost
17711,10,2,385.1,5,3,2,10,💼 Loyal Customers
17712,44,1,522.91,3,2,3,8,🌱 Regular Buyers
17714,320,1,153.0,1,2,1,4,⚠️ At Risk / Lost
17715,200,1,326.4,1,2,2,5,⚠️ At Risk / Lost
17716,22,11,5655.99,4,5,5,14,💎 Champions
17718,231,1,139.35,1,2,1,4,⚠️ At Risk / Lost
17719,37,15,5396.04,3,5,5,13,💎 Champions
17720,25,4,1195.94,4,4,4,12,💎 Champions
17722,95,4,2424.04,2,4,5,11,💼 Loyal Customers
17723,126,6,3276.4,2,5,5,12,💎 Champions
17724,70,3,1033.0,3,4,4,11,💼 Loyal Customers
17725,15,11,3439.08,4,5,5,14,💎 Champions
17727,14,1,1060.25,4,2,4,10,💼 Loyal Customers
17728,3,3,2876.0099999999998,5,4,5,14,💎 Champions
17730,2,13,5298.48,5,5,5,15,💎 Champions
17731,78,4,1240.11,2,4,4,10,💼 Loyal Customers
17732,372,1,303.97,1,2,2,5,⚠️ At Risk / Lost
17733,38,2,692.1899999999999,3,3,3,9,💼 Loyal Customers
17734,53,3,700.63,3,4,3,10,💼 Loyal Customers
17735,1,19,13110.02,5,5,5,15,💎 Champions
17736,8,3,377.44,5,4,2,11,💼 Loyal Customers
17737,8,2,168.24,5,3,1,9,💼 Loyal Customers
17738,18,4,1879.05,4,4,4,12,💎 Champions
17739,11,7,2791.35,5,5,5,15,💎 Champions
17742,112,2,355.11,2,3,2,7,🌱 Regular Buyers
17744,3,6,2322.4,5,5,5,15,💎 Champions
17746,239,1,110.25,1,2,1,4,⚠️ At Risk / Lost
17747,112,1,71.4,2,2,1,5,⚠️ At Risk / Lost
17749,177,2,674.52,2,3,3,8,🌱 Regular Buyers
17750,4,9,1710.45,5,5,4,14,💎 Champions
17752,358,1,80.64,1,2,1,4,⚠️ At Risk / Lost
17754,0,5,1664.65,5,4,4,13,💎 Champions
17757,0,30,5593.39,5,5,5,15,💎 Champions
17758,18,8,3408.2,4,5,5,14,💎 Champions
17759,16,3,819.96,4,4,3,11,💼 Loyal Customers
17760,21,2,287.59000000000003,4,3,2,9,💼 Loyal Customers
17761,32,1,712.78,4,2,3,9,💼 Loyal Customers
17763,262,1,15.0,1,2,1,4,⚠️ At Risk / Lost
17764,50,2,772.55,3,3,3,9,💼 Loyal Customers
17765,158,3,367.63,2,4,2,8,🌱 Regular Buyers
17767,14,1,271.2,4,2,2,8,🌱 Regular Buyers
17768,7,3,2081.9,5,4,5,14,💎 Champions
17769,12,10,3957.43,5,5,5,15,💎 Champions
17770,198,5,1143.27,1,4,4,9,💼 Loyal Customers
17771,56,2,245.81,3,3,1,7,🌱 Regular Buyers
17772,10,2,173.45,5,3,1,9,💼 Loyal Customers
17774,96,4,1213.73,2,4,4,10,💼 Loyal Customers
17775,254,1,56.4,1,2,1,4,⚠️ At Risk / Lost
17777,24,3,647.56,4,4,3,11,💼 Loyal Customers
17779,20,3,650.32,4,4,3,11,💼 Loyal Customers
17781,158,2,188.02,2,3,1,6,🌱 Regular Buyers
17783,71,2,283.47,3,3,2,8,🌱 Regular Buyers
17785,52,1,131.94,3,2,1,6,🌱 Regular Buyers
17786,84,2,266.85,2,3,2,7,🌱 Regular Buyers
17787,152,4,1817.54,2,4,4,10,💼 Loyal Customers
17788,73,2,1117.9,2,3,4,9,💼 Loyal Customers
17789,280,1,225.9,1,2,1,4,⚠️ At Risk / Lost
17790,26,14,1964.3,4,5,4,13,💎 Champions
17791,29,1,106.1,4,2,1,7,🌱 Regular Buyers
17793,24,1,300.34,4,2,2,8,🌱 Regular Buyers
17795,179,2,342.83,1,3,2,6,🌱 Regular Buyers
17796,39,4,690.0,3,4,3,10,💼 Loyal Customers
17797,21,3,780.43,4,4,3,11,💼 Loyal Customers
17799,21,10,3039.17,4,5,5,14,💎 Champions
17800,36,9,1187.21,3,5,4,12,💎 Champions
17802,81,3,1285.04,2,4,4,10,💼 Loyal Customers
17805,73,1,512.31,2,2,3,7,🌱 Regular Buyers
17806,10,1,546.04,5,2,3,10,💼 Loyal Customers
17809,15,12,5411.91,4,5,5,14,💎 Champions
17811,3,39,7761.82,5,5,5,15,💎 Champions
17812,12,4,699.81,5,4,3,12,💎 Champions
17813,13,5,1698.07,4,4,4,12,💎 Champions
17816,36,4,36.56,3,4,1,8,🌱 Regular Buyers
17817,3,3,387.68,5,4,2,11,💼 Loyal Customers
17819,71,7,3704.87,3,5,5,13,💎 Champions
17824,50,1,298.4,3,2,2,7,🌱 Regular Buyers
17827,4,5,1987.33,5,4,4,13,💎 Champions
17828,22,4,1820.09,4,4,4,12,💎 Champions
17829,298,1,889.24,1,2,3,6,🌱 Regular Buyers
17830,1,3,398.7,5,4,2,11,💼 Loyal Customers
17831,32,1,35.4,4,2,1,7,🌱 Regular Buyers
17832,49,1,155.37,3,2,1,6,🌱 Regular Buyers
17835,2,3,342.24,5,4,2,11,💼 Loyal Customers
17836,46,1,110.21,3,2,1,6,🌱 Regular Buyers
17837,41,8,1541.23,3,5,4,12,💎 Champions
17838,26,5,2720.8,4,4,5,13,💎 Champions
17839,41,1,318.15,3,2,2,7,🌱 Regular Buyers
17841,1,124,40519.84,5,5,5,15,💎 Champions
17843,302,1,205.48,1,2,1,4,⚠️ At Risk / Lost
17844,106,1,51.56,2,2,1,5,⚠️ At Risk / Lost
17846,84,1,2033.1,2,2,4,8,🌱 Regular Buyers
17848,80,9,901.2,2,5,3,10,💼 Loyal Customers
17849,217,4,605.8000000000001,1,4,3,8,🌱 Regular Buyers
17850,371,34,5391.21,1,5,5,11,💼 Loyal Customers
17852,11,2,114.34,5,3,1,9,💼 Loyal Customers
17854,184,2,311.26,1,3,2,6,🌱 Regular Buyers
17855,372,1,208.97,1,2,1,4,⚠️ At Risk / Lost
17856,1,4,1418.03,5,4,4,13,💎 Champions
17857,3,23,26879.04,5,5,5,15,💎 Champions
17858,5,12,5140.66,5,5,5,15,💎 Champions
17859,304,1,141.92,1,2,1,4,⚠️ At Risk / Lost
17860,368,1,226.45,1,2,1,4,⚠️ At Risk / Lost
17861,2,8,2097.88,5,5,5,15,💎 Champions
17862,323,1,330.9,1,2,2,5,⚠️ At Risk / Lost
17863,58,6,3160.0,3,5,5,13,💎 Champions
17864,12,3,554.85,5,4,3,12,💎 Champions
17865,30,20,10526.32,4,5,5,14,💎 Champions
17866,142,1,329.65,2,2,2,6,🌱 Regular Buyers
17867,29,6,1157.8700000000001,4,5,4,13,💎 Champions
17869,106,5,428.18,2,4,2,8,🌱 Regular Buyers
17870,1,12,1865.8899999999999,5,5,4,14,💎 Champions
17871,204,1,155.9,1,2,1,4,⚠️ At Risk / Lost
17873,79,5,1848.96,2,4,4,10,💼 Loyal Customers
17874,184,6,683.46,1,5,3,9,💼 Loyal Customers
17877,169,1,237.60999999999999,2,2,1,5,⚠️ At Risk / Lost
17878,43,1,379.45,3,2,2,7,🌱 Regular Buyers
17879,173,1,178.52,2,2,1,5,⚠️ At Risk / Lost
17880,364,1,458.92,1,2,2,5,⚠️ At Risk / Lost
17881,303,1,133.35,1,2,1,4,⚠️ At Risk / Lost
17883,2,4,664.34,5,4,3,12,💎 Champions
17884,3,4,695.07,5,4,3,12,💎 Champions
17885,11,1,156.34,5,2,1,8,🌱 Regular Buyers
17886,31,3,869.28,4,4,3,11,💼 Loyal Customers
17887,128,1,111.35000000000001,2,2,1,5,⚠️ At Risk / Lost
17888,20,8,716.0,4,5,3,12,💎 Champions
17889,211,2,201.37,1,3,1,5,⚠️ At Risk / Lost
17890,322,2,586.89,1,3,3,7,🌱 Regular Buyers
17891,161,1,203.85999999999999,2,2,1,5,⚠️ At Risk / Lost
17892,55,3,244.1,3,4,1,8,🌱 Regular Buyers
17893,224,1,107.21000000000001,1,2,1,4,⚠️ At Risk / Lost
17894,71,8,1118.96,3,5,4,12,💎 Champions
17895,43,1,95.45,3,2,1,6,🌱 Regular Buyers
17896,22,1,256.32,4,2,2,8,🌱 Regular Buyers
17897,172,3,541.8100000000001,2,4,3,9,💼 Loyal Customers
17898,84,2,152.06,2,3,1,6,🌱 Regular Buyers
17899,158,1,154.55,2,2,1,5,⚠️ At Risk / Lost
17900,189,2,112.19999999999999,1,3,1,5,⚠️ At Risk / Lost
17901,28,1,110.38,4,2,1,7,🌱 Regular Buyers
17904,20,1,181.07,4,2,1,7,🌱 Regular Buyers
17905,70,4,798.99,3,4,3,10,💼 Loyal Customers
17906,246,1,72.9,1,2,1,4,⚠️ At Risk / Lost
17908,373,1,232.03,1,2,1,4,⚠️ At Risk / Lost
17911,8,1,366.23,5,2,2,9,💼 Loyal Customers
17912,309,5,310.06,1,4,2,7,🌱 Regular Buyers
17913,58,2,408.65000000000003,3,3,2,8,🌱 Regular Buyers
17914,3,1,329.36,5,2,2,9,💼 Loyal Customers
17917,44,3,335.03,3,4,2,9,💼 Loyal Customers
17919,87,1,1304.04,2,2,4,8,🌱 Regular Buyers
17920,3,17,4119.5,5,5,5,15,💎 Champions
17921,63,4,820.23,3,4,3,10,💼 Loyal Customers
17923,281,1,207.5,1,2,1,4,⚠️ At Risk / Lost
17924,11,7,2962.5,5,5,5,15,💎 Champions
17925,372,1,244.08,1,2,1,4,⚠️ At Risk / Lost
17926,132,2,397.29,2,3,2,7,🌱 Regular Buyers
17928,44,2,212.54,3,3,1,7,🌱 Regular Buyers
17929,10,4,843.0,5,4,3,12,💎 Champions
17930,35,5,1740.48,3,4,4,11,💼 Loyal Customers
17931,133,2,408.36,2,3,2,7,🌱 Regular Buyers
17932,28,3,1331.57,4,4,4,12,💎 Champions
17934,51,2,704.25,3,3,3,9,💼 Loyal Customers
17935,137,2,145.79,2,3,1,6,🌱 Regular Buyers
17936,4,1,380.13,5,2,2,9,💼 Loyal Customers
17937,8,7,4301.22,5,5,5,15,💎 Champions
17939,159,1,99.14,2,2,1,5,⚠️ At Risk / Lost
17940,48,10,4020.04,3,5,5,13,💎 Champions
17941,130,1,304.56,2,2,2,6,🌱 Regular Buyers
17942,7,1,77.5,5,2,1,8,🌱 Regular Buyers
17946,232,2,149.57999999999998,1,3,1,5,⚠️ At Risk / Lost
17947,36,1,176.68,3,2,1,6,🌱 Regular Buyers
17948,146,1,358.56,2,2,2,6,🌱 Regular Buyers
17949,0,45,58510.48,5,5,5,15,💎 Champions
17950,71,3,482.2,3,4,2,9,💼 Loyal Customers
17951,39,3,1008.54,3,4,4,11,💼 Loyal Customers
17954,4,12,2314.13,5,5,5,15,💎 Champions
17955,198,4,557.3,1,4,3,8,🌱 Regular Buyers
17956,248,1,12.75,1,2,1,4,⚠️ At Risk / Lost
17957,65,1,111.67999999999999,3,2,1,6,🌱 Regular Buyers
17958,116,1,508.46000000000004,2,2,3,7,🌱 Regular Buyers
17960,170,1,73.78,2,2,1,5,⚠️ At Risk / Lost
17961,20,39,1296.44,4,5,4,13,💎 Champions
17962,141,1,102.41,2,2,1,5,⚠️ At Risk / Lost
17964,31,2,463.21,4,3,2,9,💼 Loyal Customers
17965,37,14,2599.19,3,5,5,13,💎 Champions
17966,37,5,1098.43,3,4,4,11,💼 Loyal Customers
17967,371,1,112.27,1,2,1,4,⚠️ At Risk / Lost
17968,373,1,265.1,1,2,2,5,⚠️ At Risk / Lost
17969,165,2,228.2,2,3,1,6,🌱 Regular Buyers
17970,210,1,562.79,1,2,3,6,🌱 Regular Buyers
17972,241,1,135.19,1,2,1,4,⚠️ At Risk / Lost
17973,51,1,337.04,3,2,2,7,🌱 Regular Buyers
17974,24,3,703.99,4,4,3,11,💼 Loyal Customers
17975,14,13,4483.26,4,5,5,14,💎 Champions
17976,371,1,321.79,1,2,2,5,⚠️ At Risk / Lost
17977,28,1,288.14,4,2,2,8,🌱 Regular Buyers
17978,364,1,300.92,1,2,2,5,⚠️ At Risk / Lost
17979,35,4,732.41,3,4,3,10,💼 Loyal Customers
17980,165,3,811.45,2,4,3,9,💼 Loyal Customers
17984,144,1,152.68,2,2,1,5,⚠️ At Risk / Lost
17985,21,1,631.35,4,2,3,9,💼 Loyal Customers
17986,55,1,20.8,3,2,1,6,🌱 Regular Buyers
17987,184,1,198.57,1,2,1,4,⚠️ At Risk / Lost
17988,11,7,201.12,5,5,1,11,💼 Loyal Customers
17990,236,3,630.84,1,4,3,8,🌱 Regular Buyers
17991,224,2,93.35,1,3,1,5,⚠️ At Risk / Lost
17994,121,4,674.89,2,4,3,9,💼 Loyal Customers
17995,281,1,76.1,1,2,1,4,⚠️ At Risk / Lost
17997,73,8,1962.46,2,5,4,11,💼 Loyal Customers
17999,36,2,380.39,3,3,2,8,🌱 Regular Buyers
18001,11,2,415.13,5,3,2,10,💼 Loyal Customers
18004,361,1,157.92,1,2,1,4,⚠️ At Risk / Lost
18005,3,2,226.47,5,3,1,9,💼 Loyal Customers
18006,22,1,444.68,4,2,2,8,🌱 Regular Buyers
18008,69,9,2116.19,3,5,5,13,💎 Champions
18009,234,1,247.39,1,2,1,4,⚠️ At Risk / Lost
18010,256,1,174.8,1,2,1,4,⚠️ At Risk / Lost
18011,372,1,102.79,1,2,1,4,⚠️ At Risk / Lost
18013,154,2,187.29,2,3,1,6,🌱 Regular Buyers
18014,27,1,162.22,4,2,1,7,🌱 Regular Buyers
18015,3,1,120.03,5,2,1,8,🌱 Regular Buyers
18016,31,5,1477.66,4,4,4,12,💎 Champions
18017,80,3,523.0,2,4,3,9,💼 Loyal Customers
18018,107,2,122.14,2,3,1,6,🌱 Regular Buyers
18019,51,1,38.45,3,2,1,6,🌱 Regular Buyers
18022,35,1,612.72,3,2,3,8,🌱 Regular Buyers
18024,152,2,389.78,2,3,2,7,🌱 Regular Buyers
18027,98,1,115.31,2,2,1,5,⚠️ At Risk / Lost
18030,3,2,230.64999999999998,5,3,1,9,💼 Loyal Customers
18032,333,1,73.5,1,2,1,4,⚠️ At Risk / Lost
18033,64,1,93.82000000000001,3,2,1,6,🌱 Regular Buyers
18034,21,2,418.68,4,3,2,9,💼 Loyal Customers
18035,35,3,713.89,3,4,3,10,💼 Loyal Customers
18036,31,3,403.12,4,4,2,10,💼 Loyal Customers
18037,153,6,70.02,2,5,1,8,🌱 Regular Buyers
18040,18,2,357.2,4,3,2,9,💼 Loyal Customers
18041,11,21,4097.37,5,5,5,15,💎 Champions
18042,53,1,165.05,3,2,1,6,🌱 Regular Buyers
18043,24,3,529.29,4,4,3,11,💼 Loyal Customers
18044,3,10,2088.6,5,5,5,15,💎 Champions
18045,44,1,178.34,3,2,1,6,🌱 Regular Buyers
18048,202,2,172.29,1,3,1,5,⚠️ At Risk / Lost
18050,358,1,74.4,1,2,1,4,⚠️ At Risk / Lost
18053,70,1,300.02,3,2,2,7,🌱 Regular Buyers
18055,6,10,6761.34,5,5,5,15,💎 Champions
18056,287,1,363.65,1,2,2,5,⚠️ At Risk / Lost
18058,9,1,170.16,5,2,1,8,🌱 Regular Buyers
18059,22,3,306.46,4,4,2,10,💼 Loyal Customers
18061,21,10,2119.41,4,5,5,14,💎 Champions
18062,172,3,720.52,2,4,3,9,💼 Loyal Customers
18064,132,2,814.0,2,3,3,8,🌱 Regular Buyers
18065,5,14,2392.83,5,5,5,15,💎 Champions
18066,74,1,318.0,2,2,2,6,🌱 Regular Buyers
18067,39,1,396.33,3,2,2,7,🌱 Regular Buyers
18068,288,1,101.7,1,2,1,4,⚠️ At Risk / Lost
18069,25,5,2009.24,4,4,4,12,💎 Champions
18071,257,2,453.0,1,3,2,6,🌱 Regular Buyers
18072,185,1,247.44,1,2,1,4,⚠️ At Risk / Lost
18073,113,12,3859.82,2,5,5,12,💎 Champions
18074,373,1,489.6,1,2,3,6,🌱 Regular Buyers
18075,22,10,2611.75,4,5,5,14,💎 Champions
18077,7,11,2584.41,5,5,5,15,💎 Champions
18078,216,2,336.13,1,3,2,6,🌱 Regular Buyers
18079,44,4,3613.15,3,4,5,12,💎 Champions
18080,18,2,1231.5,4,3,4,11,💼 Loyal Customers
18081,35,3,343.45,3,4,2,9,💼 Loyal Customers
18082,25,1,680.84,4,2,3,9,💼 Loyal Customers
18084,15,1,90.48,4,2,1,7,🌱 Regular Buyers
18085,329,2,689.95,1,3,3,7,🌱 Regular Buyers
18086,273,1,101.34,1,2,1,4,⚠️ At Risk / Lost
18087,97,2,4055.7200000000003,2,3,5,10,💼 Loyal Customers
18088,60,1,166.03,3,2,1,6,🌱 Regular Buyers
18092,1,11,9068.26,5,5,5,15,💎 Champions
18093,92,4,2106.52,2,4,5,11,💼 Loyal Customers
18094,81,7,3017.3,2,5,5,12,💎 Champions
18095,312,2,580.05,1,3,3,7,🌱 Regular Buyers
18096,11,3,849.06,5,4,3,12,💎 Champions
18097,7,6,2662.4,5,5,5,15,💎 Champions
18099,126,1,168.31,2,2,1,5,⚠️ At Risk / Lost
18101,10,2,222.4,5,3,1,9,💼 Loyal Customers
18102,0,60,259657.3,5,5,5,15,💎 Champions
18104,36,1,754.64,3,2,3,8,🌱 Regular Buyers
18105,37,1,113.47999999999999,3,2,1,6,🌱 Regular Buyers
18106,329,1,421.9,1,2,2,5,⚠️ At Risk / Lost
18108,253,1,271.0,1,2,2,5,⚠️ At Risk / Lost
18109,1,26,8004.92,5,5,5,15,💎 Champions
18110,19,1,198.8,4,2,1,7,🌱 Regular Buyers
18112,11,2,352.69,5,3,2,10,💼 Loyal Customers
18113,368,1,76.32,1,2,1,4,⚠️ At Risk / Lost
18114,289,1,220.1,1,2,1,4,⚠️ At Risk / Lost
18116,67,8,1403.11,3,5,4,12,💎 Champions
18117,25,1,315.65,4,2,2,8,🌱 Regular Buyers
18118,10,26,5625.08,5,5,5,15,💎 Champions
18119,367,1,180.7,1,2,1,4,⚠️ At Risk / Lost
18120,213,1,111.15,1,2,1,4,⚠️ At Risk / Lost
18121,148,2,653.3,2,3,3,8,🌱 Regular Buyers
18122,7,6,1793.06,5,5,4,14,💎 Champions
18123,23,2,574.4399999999999,4,3,3,10,💼 Loyal Customers
18125,29,4,1131.75,4,4,4,12,💎 Champions
18126,60,1,200.92,3,2,1,6,🌱 Regular Buyers
18127,18,3,347.08,4,4,2,10,💼 Loyal Customers
18129,242,1,112.55,1,2,1,4,⚠️ At Risk / Lost
18130,14,3,1059.39,4,4,4,12,💎 Champions
18133,211,1,931.5,1,2,3,6,🌱 Regular Buyers
18135,28,5,681.91,4,4,3,11,💼 Loyal Customers
18136,62,3,784.3299999999999,3,4,3,10,💼 Loyal Customers
18138,294,1,152.65,1,2,1,4,⚠️ At Risk / Lost
18139,17,6,8438.34,4,5,5,14,💎 Champions
18142,156,2,1019.52,2,3,4,9,💼 Loyal Customers
18143,116,2,1000.16,2,3,4,9,💼 Loyal Customers
18144,7,12,2888.75,5,5,5,15,💎 Champions
18145,12,4,2861.55,5,4,5,14,💎 Champions
18146,140,2,160.35,2,3,1,6,🌱 Regular Buyers
18147,45,2,179.34,3,3,1,7,🌱 Regular Buyers
18149,50,3,612.0799999999999,3,4,3,10,💼 Loyal Customers
18150,31,3,566.58,4,4,3,11,💼 Loyal Customers
18151,134,2,653.35,2,3,3,8,🌱 Regular Buyers
18154,2,2,399.19,5,3,2,10,💼 Loyal Customers
18155,74,3,371.62,2,4,2,8,🌱 Regular Buyers
18156,12,2,675.64,5,3,3,11,💼 Loyal Customers
18158,8,2,453.4,5,3,2,10,💼 Loyal Customers
18159,300,1,530.15,1,2,3,6,🌱 Regular Buyers
18160,56,2,638.06,3,3,3,9,💼 Loyal Customers
18161,14,5,1618.69,4,4,4,12,💎 Champions
18164,36,1,399.65,3,2,2,7,🌱 Regular Buyers
18165,176,1,302.46,2,2,2,6,🌱 Regular Buyers
18167,22,3,1384.86,4,4,4,12,💎 Champions
18168,175,6,1160.04,2,5,4,11,💼 Loyal Customers
18169,60,1,202.65,3,2,1,6,🌱 Regular Buyers
18170,32,3,980.31,4,4,4,12,💎 Champions
18171,58,5,1231.31,3,4,4,11,💼 Loyal Customers
18172,14,20,7561.68,4,5,5,14,💎 Champions
18173,86,4,2106.84,2,4,5,11,💼 Loyal Customers
18174,6,1,104.0,5,2,1,8,🌱 Regular Buyers
18176,357,1,476.35,1,2,2,5,⚠️ At Risk / Lost
18177,30,6,1340.8700000000001,4,5,4,13,💎 Champions
18178,128,4,1590.81,2,4,4,10,💼 Loyal Customers
18179,8,6,1793.17,5,5,4,14,💎 Champions
18180,4,6,1843.75,5,5,4,14,💎 Champions
18181,23,1,366.85,4,2,2,8,🌱 Regular Buyers
18183,226,2,632.07,1,3,3,7,🌱 Regular Buyers
18184,14,1,49.8,4,2,1,7,🌱 Regular Buyers
18185,248,1,304.25,1,2,2,5,⚠️ At Risk / Lost
18188,14,3,2001.04,4,4,4,12,💎 Champions
18189,77,2,1090.24,2,3,4,9,💼 Loyal Customers
18190,191,2,284.46,1,3,2,6,🌱 Regular Buyers
18191,261,1,207.8,1,2,1,4,⚠️ At Risk / Lost
18192,71,1,957.97,3,2,4,9,💼 Loyal Customers
18193,164,1,243.76,2,2,1,5,⚠️ At Risk / Lost
18194,81,1,973.84,2,2,4,8,🌱 Regular Buyers
18196,94,2,686.63,2,3,3,8,🌱 Regular Buyers
18198,3,17,5425.56,5,5,5,15,💎 Champions
18200,105,1,150.35,2,2,1,5,⚠️ At Risk / Lost
18202,199,3,1396.99,1,4,4,9,💼 Loyal Customers
18203,156,1,160.42000000000002,2,2,1,5,⚠️ At Risk / Lost
18204,70,3,1975.35,3,4,4,11,💼 Loyal Customers
18205,35,2,517.36,3,3,3,9,💼 Loyal Customers
18209,28,1,139.1,4,2,1,7,🌱 Regular Buyers
18210,1,6,2621.38,5,5,5,15,💎 Champions
18211,25,5,600.07,4,4,3,11,💼 Loyal Customers
18212,325,1,216.07,1,2,1,4,⚠️ At Risk / Lost
18213,236,1,232.48,1,2,1,4,⚠️ At Risk / Lost
18215,88,1,299.34,2,2,2,6,🌱 Regular Buyers
18216,30,1,481.75,4,2,2,8,🌱 Regular Buyers
18217,28,2,621.75,4,3,3,10,💼 Loyal Customers
18218,210,2,641.92,1,3,3,7,🌱 Regular Buyers
18219,2,10,2069.77,5,5,5,15,💎 Champions
18220,226,1,305.28,1,2,2,5,⚠️ At Risk / Lost
18221,21,5,1041.61,4,4,4,12,💎 Champions
18222,92,1,443.0,2,2,2,6,🌱 Regular Buyers
18223,4,14,6484.54,5,5,5,15,💎 Champions
18224,263,1,158.95,1,2,1,4,⚠️ At Risk / Lost
18225,2,12,5504.96,5,5,5,15,💎 Champions
18226,43,11,5228.05,3,5,5,13,💎 Champions
18227,217,1,93.75,1,2,1,4,⚠️ At Risk / Lost
18228,56,2,779.9,3,3,3,9,💼 Loyal Customers
18229,11,20,7276.9,5,5,5,15,💎 Champions
18230,8,7,2810.2,5,5,5,15,💎 Champions
18231,191,5,2071.77,1,4,5,10,💼 Loyal Customers
18232,81,4,592.97,2,4,3,9,💼 Loyal Customers
18233,325,1,440.0,1,2,2,5,⚠️ At Risk / Lost
18235,71,3,1796.48,3,4,4,11,💼 Loyal Customers
18236,29,6,882.24,4,5,3,12,💎 Champions
18237,2,5,987.1,5,4,4,13,💎 Champions
18239,218,5,1561.61,1,4,4,9,💼 Loyal Customers
18240,45,1,422.58,3,2,2,7,🌱 Regular Buyers
18241,9,17,2073.09,5,5,5,15,💎 Champions
18242,71,4,2232.49,3,4,5,12,💎 Champions
18245,6,7,2567.06,5,5,5,15,💎 Champions
18246,23,2,596.1,4,3,3,10,💼 Loyal Customers
18248,122,2,804.02,2,3,3,8,🌱 Regular Buyers
18249,16,1,95.34,4,2,1,7,🌱 Regular Buyers
18250,309,1,349.27,1,2,2,5,⚠️ At Risk / Lost
18251,86,1,4314.72,2,2,5,9,💼 Loyal Customers
18252,50,2,518.27,3,3,3,9,💼 Loyal Customers
18255,88,1,103.30000000000001,2,2,1,5,⚠️ At Risk / Lost
18257,38,8,2337.63,3,5,5,13,💎 Champions
18259,24,3,2338.6,4,4,5,13,💎 Champions
18260,172,6,2628.35,2,5,5,12,💎 Champions
18261,42,2,324.24,3,3,2,8,🌱 Regular Buyers
18262,139,1,149.48,2,2,1,5,⚠️ At Risk / Lost
18263,25,3,1213.16,4,4,4,12,💎 Champions
18265,71,2,801.51,3,3,3,9,💼 Loyal Customers
18268,133,1,25.5,2,2,1,5,⚠️ At Risk / Lost
18269,365,1,168.6,1,2,1,4,⚠️ At Risk / Lost
18270,37,2,283.15000000000003,3,3,2,8,🌱 Regular Buyers
18272,2,6,3078.58,5,5,5,15,💎 Champions
18273,1,3,204.0,5,4,1,10,💼 Loyal Customers
18274,29,1,175.92,4,2,1,7,🌱 Regular Buyers
18276,43,1,335.86,3,2,2,7,🌱 Regular Buyers
18277,57,1,110.38000000000001,3,2,1,6,🌱 Regular Buyers
18278,73,1,173.9,2,2,1,5,⚠️ At Risk / Lost
18280,277,1,180.6,1,2,1,4,⚠️ At Risk / Lost
18281,180,1,80.82,1,2,1,4,⚠️ At Risk / Lost
18282,7,2,178.05,5,3,1,9,💼 Loyal Customers
18283,3,16,2045.53,5,5,4,14,💎 Champions
18287,42,3,1837.28,3,4,4,11,💼 Loyal Customers
